"_time",accountLast4,amount,currency,endTime,endpointName,endpoints,event,eventTypes,raw,request,response,responseTime,returnCode,returnCodes,routingNumber,routingNumbers,serviceName,startTime,uuid
"2026-05-09T03:11:52.000+0000",5472,14677,USD,"1778296313.049","/v1/ach/debit","/v1/ach/debit,/v1/ach/credit,/v1/ach/status,/v1/ach/verify-account,/v1/ach/settlement,/v1/ach/return",INFO,"INFO,ERROR,EXIT",a0022649d9382043585e002a21666b0f,"{""type"":""debit"",""amount"":14677,""currency"":""USD"",""accountLast4"":""5472"",""routingNumber"":""021000021""}","{""status"":""pending"",""achStatus"":""submitted"",""estimatedSettlementDate"":""2026-05-10""}",1049,R29,"R01,R02,R03,R04,R07,R08,R10,R29",021000021,"021000021,111000025,091000022,026009593,122105155","payments-service",1778296312,"a0022649-d938-2043-585e-002a21666b0f"
"2026-05-06T09:22:47.000+0000",3580,6987,USD,"1778059367.945","/v1/ach/credit","/v1/ach/debit,/v1/ach/credit,/v1/ach/status,/v1/ach/verify-account,/v1/ach/settlement,/v1/ach/return",EXIT,"INFO,ERROR,EXIT",4ec5670d1f065bf5eb681dee820d0e50,"{""type"":""credit"",""amount"":6987,""currency"":""USD"",""destinationAccountLast4"":""3580"",""routingNumber"":""026009593""}","{""status"":""error"",""errorCode"":""ACH-504"",""message"":""gateway_timeout""}",945,R01,"R01,R02,R03,R04,R07,R08,R10,R29",026009593,"021000021,111000025,091000022,026009593,122105155","payments-service",1778059367,"4ec5670d-1f06-5bf5-eb68-1dee820d0e50"
"2026-05-07T06:24:44.000+0000",6008,41203,USD,"1778135084.547","/v1/ach/status","/v1/ach/debit,/v1/ach/credit,/v1/ach/status,/v1/ach/verify-account,/v1/ach/settlement,/v1/ach/return",INFO,"INFO,ERROR,EXIT",214b4e0ad9ad190f27e9b78a9ea4aa44,"{""transferId"":""ACH-752862"",""action"":""status""}","{""status"":""settled"",""achStatus"":""completed"",""settledAt"":""2026-05-07T06:24:44Z""}",547,R04,"R01,R02,R03,R04,R07,R08,R10,R29",026009593,"021000021,111000025,091000022,026009593,122105155","payments-service",1778135084,"214b4e0a-d9ad-190f-27e9-b78a9ea4aa44"
"2026-05-07T23:54:47.000+0000",1328,44716,USD,"1778198087.151","/v1/ach/return","/v1/ach/debit,/v1/ach/credit,/v1/ach/status,/v1/ach/verify-account,/v1/ach/settlement,/v1/ach/return",INFO,"INFO,ERROR,EXIT",5cbf33b38431b1edbdde5e884e0dcdbc,"{""transferId"":""ACH-827678"",""action"":""return""}","{""status"":""unknown""}",151,R29,"R01,R02,R03,R04,R07,R08,R10,R29",026009593,"021000021,111000025,091000022,026009593,122105155","payments-service",1778198087,"5cbf33b3-8431-b1ed-bdde-5e884e0dcdbc"
"2026-05-07T03:45:16.000+0000",3254,19718,USD,"1778125516.494","/v1/ach/status","/v1/ach/debit,/v1/ach/credit,/v1/ach/status,/v1/ach/verify-account,/v1/ach/settlement,/v1/ach/return",EXIT,"INFO,ERROR,EXIT",6e611de1c9f2d065cbc3e60ccbede26d,"{""transferId"":""ACH-958233"",""action"":""status""}","{""status"":""error"",""errorCode"":""ACH-504"",""message"":""gateway_timeout""}",494,R04,"R01,R02,R03,R04,R07,R08,R10,R29",021000021,"021000021,111000025,091000022,026009593,122105155","payments-service",1778125516,"6e611de1-c9f2-d065-cbc3-e60ccbede26d"
"2026-05-06T05:13:03.000+0000",3662,37311,USD,"1778044383.763","/v1/ach/verify-account","/v1/ach/debit,/v1/ach/credit,/v1/ach/status,/v1/ach/verify-account,/v1/ach/settlement,/v1/ach/return",EXIT,"INFO,ERROR,EXIT",2acf3917487c757e4d610494176288b2,"{""accountLast4"":""3662"",""routingNumber"":""111000025""}","{""status"":""error"",""errorCode"":""ACH-504"",""message"":""gateway_timeout""}",763,R08,"R01,R02,R03,R04,R07,R08,R10,R29",111000025,"021000021,111000025,091000022,026009593,122105155","payments-service",1778044383,"2acf3917-487c-757e-4d61-0494176288b2"
"2026-05-11T17:06:27.000+0000",3906,21523,USD,"1778519187.098","/v1/ach/settlement","/v1/ach/debit,/v1/ach/credit,/v1/ach/status,/v1/ach/verify-account,/v1/ach/settlement,/v1/ach/return",EXIT,"INFO,ERROR,EXIT",fa69e0ed0377ccebfec17f7643b90583,"{""transferId"":""ACH-986888"",""action"":""settlement""}","{""status"":""error"",""errorCode"":""ACH-504"",""message"":""gateway_timeout""}",98,R07,"R01,R02,R03,R04,R07,R08,R10,R29",111000025,"021000021,111000025,091000022,026009593,122105155","payments-service",1778519187,"fa69e0ed-0377-cceb-fec1-7f7643b90583"
"2026-05-12T05:06:54.000+0000",9585,10968,USD,"1778562415.168","/v1/ach/return","/v1/ach/debit,/v1/ach/credit,/v1/ach/status,/v1/ach/verify-account,/v1/ach/settlement,/v1/ach/return",EXIT,"INFO,ERROR,EXIT",c15ed1d6343c7279b3f9952864255829,"{""transferId"":""ACH-397269"",""action"":""return""}","{""status"":""error"",""errorCode"":""ACH-504"",""message"":""gateway_timeout""}",1168,R29,"R01,R02,R03,R04,R07,R08,R10,R29",021000021,"021000021,111000025,091000022,026009593,122105155","payments-service",1778562414,"c15ed1d6-343c-7279-b3f9-952864255829"
"2026-05-08T09:31:25.000+0000",8255,41467,USD,"1778232686.1","/v1/ach/credit","/v1/ach/debit,/v1/ach/credit,/v1/ach/status,/v1/ach/verify-account,/v1/ach/settlement,/v1/ach/return",EXIT,"INFO,ERROR,EXIT",d0f6ed9deb72f2470707d2ef3c7201da,"{""type"":""credit"",""amount"":41467,""currency"":""USD"",""destinationAccountLast4"":""8255"",""routingNumber"":""091000022""}","{""status"":""error"",""errorCode"":""ACH-504"",""message"":""gateway_timeout""}",1100,R03,"R01,R02,R03,R04,R07,R08,R10,R29",091000022,"021000021,111000025,091000022,026009593,122105155","payments-service",1778232685,"d0f6ed9d-eb72-f247-0707-d2ef3c7201da"
"2026-05-05T12:26:52.000+0000",8953,23822,USD,"1777984012.101","/v1/ach/debit","/v1/ach/debit,/v1/ach/credit,/v1/ach/status,/v1/ach/verify-account,/v1/ach/settlement,/v1/ach/return",INFO,"INFO,ERROR,EXIT",cd74ce799091e73ad3377e455925e866,"{""type"":""debit"",""amount"":23822,""currency"":""USD"",""accountLast4"":""8953"",""routingNumber"":""021000021""}","{""status"":""pending"",""achStatus"":""submitted"",""estimatedSettlementDate"":""2026-05-06""}",101,R08,"R01,R02,R03,R04,R07,R08,R10,R29",021000021,"021000021,111000025,091000022,026009593,122105155","payments-service",1777984012,"cd74ce79-9091-e73a-d337-7e455925e866"
"2026-05-12T01:44:10.000+0000",5995,23727,USD,"1778550250.177","/v1/ach/credit","/v1/ach/debit,/v1/ach/credit,/v1/ach/status,/v1/ach/verify-account,/v1/ach/settlement,/v1/ach/return",EXIT,"INFO,ERROR,EXIT",cfb1e849032c403041e6c663be39232a,"{""type"":""credit"",""amount"":23727,""currency"":""USD"",""destinationAccountLast4"":""5995"",""routingNumber"":""111000025""}","{""status"":""error"",""errorCode"":""ACH-504"",""message"":""gateway_timeout""}",177,R03,"R01,R02,R03,R04,R07,R08,R10,R29",111000025,"021000021,111000025,091000022,026009593,122105155","payments-service",1778550250,"cfb1e849-032c-4030-41e6-c663be39232a"
"2026-05-09T16:41:55.000+0000",7646,13139,USD,"1778344915.051","/v1/ach/credit","/v1/ach/debit,/v1/ach/credit,/v1/ach/status,/v1/ach/verify-account,/v1/ach/settlement,/v1/ach/return",INFO,"INFO,ERROR,EXIT",5d65edc5004b0d6df4ea1596818ca3e0,"{""type"":""credit"",""amount"":13139,""currency"":""USD"",""destinationAccountLast4"":""7646"",""routingNumber"":""122105155""}","{""status"":""pending"",""achStatus"":""submitted"",""estimatedSettlementDate"":""2026-05-10""}",51,R29,"R01,R02,R03,R04,R07,R08,R10,R29",122105155,"021000021,111000025,091000022,026009593,122105155","payments-service",1778344915,"5d65edc5-004b-0d6d-f4ea-1596818ca3e0"
"2026-05-08T03:39:20.000+0000",4844,46268,USD,"1778211561.116","/v1/ach/return","/v1/ach/debit,/v1/ach/credit,/v1/ach/status,/v1/ach/verify-account,/v1/ach/settlement,/v1/ach/return",EXIT,"INFO,ERROR,EXIT",d7b4ed91252927543b421831a1fb700e,"{""transferId"":""ACH-783116"",""action"":""return""}","{""status"":""error"",""errorCode"":""ACH-504"",""message"":""gateway_timeout""}",1116,R01,"R01,R02,R03,R04,R07,R08,R10,R29",111000025,"021000021,111000025,091000022,026009593,122105155","payments-service",1778211560,"d7b4ed91-2529-2754-3b42-1831a1fb700e"
"2026-05-09T19:19:47.000+0000",7498,35072,USD,"1778354387.684","/v1/ach/debit","/v1/ach/debit,/v1/ach/credit,/v1/ach/status,/v1/ach/verify-account,/v1/ach/settlement,/v1/ach/return",EXIT,"INFO,ERROR,EXIT",7f8ea2e4c54328be126120e3cb0614c2,"{""type"":""debit"",""amount"":35072,""currency"":""USD"",""accountLast4"":""7498"",""routingNumber"":""122105155""}","{""status"":""error"",""errorCode"":""ACH-504"",""message"":""gateway_timeout""}",684,R10,"R01,R02,R03,R04,R07,R08,R10,R29",122105155,"021000021,111000025,091000022,026009593,122105155","payments-service",1778354387,"7f8ea2e4-c543-28be-1261-20e3cb0614c2"
"2026-05-09T18:24:55.000+0000",6754,39052,USD,"1778351095.366","/v1/ach/return","/v1/ach/debit,/v1/ach/credit,/v1/ach/status,/v1/ach/verify-account,/v1/ach/settlement,/v1/ach/return",ERROR,"INFO,ERROR,EXIT",46b784ab7b8f67715c5104caf06ad48c,"{""transferId"":""ACH-948279"",""action"":""return""}","{""status"":""returned"",""achStatus"":""returned"",""returnCode"":""R03"",""reason"":""bank_return""}",366,R03,"R01,R02,R03,R04,R07,R08,R10,R29",111000025,"021000021,111000025,091000022,026009593,122105155","payments-service",1778351095,"46b784ab-7b8f-6771-5c51-04caf06ad48c"
"2026-05-09T18:24:23.000+0000",1062,46426,USD,"1778351063.114","/v1/ach/debit","/v1/ach/debit,/v1/ach/credit,/v1/ach/status,/v1/ach/verify-account,/v1/ach/settlement,/v1/ach/return",ERROR,"INFO,ERROR,EXIT",1e3afde20ce41f1496fddfa3ad7ef8ff,"{""type"":""debit"",""amount"":46426,""currency"":""USD"",""accountLast4"":""1062"",""routingNumber"":""026009593""}","{""status"":""returned"",""achStatus"":""returned"",""returnCode"":""R03"",""reason"":""bank_return""}",114,R03,"R01,R02,R03,R04,R07,R08,R10,R29",026009593,"021000021,111000025,091000022,026009593,122105155","payments-service",1778351063,"1e3afde2-0ce4-1f14-96fd-dfa3ad7ef8ff"
"2026-05-09T10:42:23.000+0000",7657,21490,USD,"1778323344.175","/v1/ach/status","/v1/ach/debit,/v1/ach/credit,/v1/ach/status,/v1/ach/verify-account,/v1/ach/settlement,/v1/ach/return",INFO,"INFO,ERROR,EXIT",baa397edf4fafea47d6508a9090b3225,"{""transferId"":""ACH-164143"",""action"":""status""}","{""status"":""settled"",""achStatus"":""completed"",""settledAt"":""2026-05-09T10:42:23Z""}",1175,R02,"R01,R02,R03,R04,R07,R08,R10,R29",026009593,"021000021,111000025,091000022,026009593,122105155","payments-service",1778323343,"baa397ed-f4fa-fea4-7d65-08a9090b3225"
"2026-05-11T17:37:36.000+0000",5766,25639,USD,"1778521056.338","/v1/ach/debit","/v1/ach/debit,/v1/ach/credit,/v1/ach/status,/v1/ach/verify-account,/v1/ach/settlement,/v1/ach/return",INFO,"INFO,ERROR,EXIT",f19a73660d1270f3d98360737df7b3fd,"{""type"":""debit"",""amount"":25639,""currency"":""USD"",""accountLast4"":""5766"",""routingNumber"":""091000022""}","{""status"":""pending"",""achStatus"":""submitted"",""estimatedSettlementDate"":""2026-05-12""}",338,R07,"R01,R02,R03,R04,R07,R08,R10,R29",091000022,"021000021,111000025,091000022,026009593,122105155","payments-service",1778521056,"f19a7366-0d12-70f3-d983-60737df7b3fd"
"2026-05-11T02:49:06.000+0000",4412,4698,USD,"1778467746.941","/v1/ach/verify-account","/v1/ach/debit,/v1/ach/credit,/v1/ach/status,/v1/ach/verify-account,/v1/ach/settlement,/v1/ach/return",ERROR,"INFO,ERROR,EXIT",c1aef383c3ca96bc0be8f533587a6422,"{""accountLast4"":""4412"",""routingNumber"":""026009593""}","{""status"":""returned"",""achStatus"":""returned"",""returnCode"":""R07"",""reason"":""bank_return""}",941,R07,"R01,R02,R03,R04,R07,R08,R10,R29",026009593,"021000021,111000025,091000022,026009593,122105155","payments-service",1778467746,"c1aef383-c3ca-96bc-0be8-f533587a6422"
"2026-05-06T05:17:47.000+0000",3516,3859,USD,"1778044667.798","/v1/ach/debit","/v1/ach/debit,/v1/ach/credit,/v1/ach/status,/v1/ach/verify-account,/v1/ach/settlement,/v1/ach/return",INFO,"INFO,ERROR,EXIT",138f08574ef218313999b667ab9001b9,"{""type"":""debit"",""amount"":3859,""currency"":""USD"",""accountLast4"":""3516"",""routingNumber"":""122105155""}","{""status"":""pending"",""achStatus"":""submitted"",""estimatedSettlementDate"":""2026-05-07""}",798,R29,"R01,R02,R03,R04,R07,R08,R10,R29",122105155,"021000021,111000025,091000022,026009593,122105155","payments-service",1778044667,"138f0857-4ef2-1831-3999-b667ab9001b9"
"2026-05-05T12:02:31.000+0000",3672,3657,USD,"1777982551.611","/v1/ach/status","/v1/ach/debit,/v1/ach/credit,/v1/ach/status,/v1/ach/verify-account,/v1/ach/settlement,/v1/ach/return",INFO,"INFO,ERROR,EXIT",d702ef92d9db6a669a8e9a1afb107ffa,"{""transferId"":""ACH-259767"",""action"":""status""}","{""status"":""settled"",""achStatus"":""completed"",""settledAt"":""2026-05-05T12:02:31Z""}",611,R03,"R01,R02,R03,R04,R07,R08,R10,R29",122105155,"021000021,111000025,091000022,026009593,122105155","payments-service",1777982551,"d702ef92-d9db-6a66-9a8e-9a1afb107ffa"
"2026-05-11T17:00:30.000+0000",7365,23930,USD,"1778518831.127","/v1/ach/debit","/v1/ach/debit,/v1/ach/credit,/v1/ach/status,/v1/ach/verify-account,/v1/ach/settlement,/v1/ach/return",INFO,"INFO,ERROR,EXIT",0d0c7ceefb94a168725f2035a07b5782,"{""type"":""debit"",""amount"":23930,""currency"":""USD"",""accountLast4"":""7365"",""routingNumber"":""091000022""}","{""status"":""pending"",""achStatus"":""submitted"",""estimatedSettlementDate"":""2026-05-12""}",1127,R03,"R01,R02,R03,R04,R07,R08,R10,R29",091000022,"021000021,111000025,091000022,026009593,122105155","payments-service",1778518830,"0d0c7cee-fb94-a168-725f-2035a07b5782"
"2026-05-08T00:11:26.000+0000",1586,18748,USD,"1778199087.195","/v1/ach/credit","/v1/ach/debit,/v1/ach/credit,/v1/ach/status,/v1/ach/verify-account,/v1/ach/settlement,/v1/ach/return",ERROR,"INFO,ERROR,EXIT",5ddfd02f4f2db1dfd5677fe261972548,"{""type"":""credit"",""amount"":18748,""currency"":""USD"",""destinationAccountLast4"":""1586"",""routingNumber"":""122105155""}","{""status"":""returned"",""achStatus"":""returned"",""returnCode"":""R07"",""reason"":""bank_return""}",1195,R07,"R01,R02,R03,R04,R07,R08,R10,R29",122105155,"021000021,111000025,091000022,026009593,122105155","payments-service",1778199086,"5ddfd02f-4f2d-b1df-d567-7fe261972548"
"2026-05-08T06:12:24.000+0000",3782,41234,USD,"1778220744.748","/v1/ach/credit","/v1/ach/debit,/v1/ach/credit,/v1/ach/status,/v1/ach/verify-account,/v1/ach/settlement,/v1/ach/return",ERROR,"INFO,ERROR,EXIT",1f99a9ab3da24778a519b92a1452c1c9,"{""type"":""credit"",""amount"":41234,""currency"":""USD"",""destinationAccountLast4"":""3782"",""routingNumber"":""111000025""}","{""status"":""returned"",""achStatus"":""returned"",""returnCode"":""R07"",""reason"":""bank_return""}",748,R07,"R01,R02,R03,R04,R07,R08,R10,R29",111000025,"021000021,111000025,091000022,026009593,122105155","payments-service",1778220744,"1f99a9ab-3da2-4778-a519-b92a1452c1c9"
"2026-05-07T17:39:36.000+0000",6138,7155,USD,"1778175576.175","/v1/ach/credit","/v1/ach/debit,/v1/ach/credit,/v1/ach/status,/v1/ach/verify-account,/v1/ach/settlement,/v1/ach/return",EXIT,"INFO,ERROR,EXIT",9249ec9f81eef0dd6227f61d1e3ed376,"{""type"":""credit"",""amount"":7155,""currency"":""USD"",""destinationAccountLast4"":""6138"",""routingNumber"":""091000022""}","{""status"":""error"",""errorCode"":""ACH-504"",""message"":""gateway_timeout""}",175,R02,"R01,R02,R03,R04,R07,R08,R10,R29",091000022,"021000021,111000025,091000022,026009593,122105155","payments-service",1778175576,"9249ec9f-81ee-f0dd-6227-f61d1e3ed376"
"2026-05-10T21:49:07.000+0000",6364,18895,USD,"1778449747.594","/v1/ach/debit","/v1/ach/debit,/v1/ach/credit,/v1/ach/status,/v1/ach/verify-account,/v1/ach/settlement,/v1/ach/return",INFO,"INFO,ERROR,EXIT",4d8e4b3a7493cc6cb1362774fcf33204,"{""type"":""debit"",""amount"":18895,""currency"":""USD"",""accountLast4"":""6364"",""routingNumber"":""122105155""}","{""status"":""pending"",""achStatus"":""submitted"",""estimatedSettlementDate"":""2026-05-11""}",594,R10,"R01,R02,R03,R04,R07,R08,R10,R29",122105155,"021000021,111000025,091000022,026009593,122105155","payments-service",1778449747,"4d8e4b3a-7493-cc6c-b136-2774fcf33204"
"2026-05-05T11:58:17.000+0000",3423,7528,USD,"1777982297.818","/v1/ach/debit","/v1/ach/debit,/v1/ach/credit,/v1/ach/status,/v1/ach/verify-account,/v1/ach/settlement,/v1/ach/return",ERROR,"INFO,ERROR,EXIT",31c152248b04b498408e44598803935f,"{""type"":""debit"",""amount"":7528,""currency"":""USD"",""accountLast4"":""3423"",""routingNumber"":""122105155""}","{""status"":""returned"",""achStatus"":""returned"",""returnCode"":""R01"",""reason"":""bank_return""}",818,R01,"R01,R02,R03,R04,R07,R08,R10,R29",122105155,"021000021,111000025,091000022,026009593,122105155","payments-service",1777982297,"31c15224-8b04-b498-408e-44598803935f"
"2026-05-08T08:41:13.000+0000",7905,32531,USD,"1778229674.187","/v1/ach/verify-account","/v1/ach/debit,/v1/ach/credit,/v1/ach/status,/v1/ach/verify-account,/v1/ach/settlement,/v1/ach/return",EXIT,"INFO,ERROR,EXIT",9aad44c9ad0d5e0a265fd03f2385f10c,"{""accountLast4"":""7905"",""routingNumber"":""091000022""}","{""status"":""error"",""errorCode"":""ACH-504"",""message"":""gateway_timeout""}",1187,R02,"R01,R02,R03,R04,R07,R08,R10,R29",091000022,"021000021,111000025,091000022,026009593,122105155","payments-service",1778229673,"9aad44c9-ad0d-5e0a-265f-d03f2385f10c"
"2026-05-09T07:02:26.000+0000",4729,11432,USD,"1778310146.706","/v1/ach/settlement","/v1/ach/debit,/v1/ach/credit,/v1/ach/status,/v1/ach/verify-account,/v1/ach/settlement,/v1/ach/return",ERROR,"INFO,ERROR,EXIT",35a30caac7420358c22531cbf10267a7,"{""transferId"":""ACH-191821"",""action"":""settlement""}","{""status"":""returned"",""achStatus"":""returned"",""returnCode"":""R01"",""reason"":""bank_return""}",706,R01,"R01,R02,R03,R04,R07,R08,R10,R29",111000025,"021000021,111000025,091000022,026009593,122105155","payments-service",1778310146,"35a30caa-c742-0358-c225-31cbf10267a7"
"2026-05-06T11:18:24.000+0000",2884,39376,USD,"1778066304.923","/v1/ach/return","/v1/ach/debit,/v1/ach/credit,/v1/ach/status,/v1/ach/verify-account,/v1/ach/settlement,/v1/ach/return",EXIT,"INFO,ERROR,EXIT",03db7502ed91d1af94ce8edd054306c2,"{""transferId"":""ACH-445786"",""action"":""return""}","{""status"":""error"",""errorCode"":""ACH-504"",""message"":""gateway_timeout""}",923,R03,"R01,R02,R03,R04,R07,R08,R10,R29",122105155,"021000021,111000025,091000022,026009593,122105155","payments-service",1778066304,"03db7502-ed91-d1af-94ce-8edd054306c2"
"2026-05-10T19:05:40.000+0000",8920,16109,USD,"1778439941.093","/v1/ach/credit","/v1/ach/debit,/v1/ach/credit,/v1/ach/status,/v1/ach/verify-account,/v1/ach/settlement,/v1/ach/return",ERROR,"INFO,ERROR,EXIT",45b13a2b7b0c5c0cdb5885d7d9babd29,"{""type"":""credit"",""amount"":16109,""currency"":""USD"",""destinationAccountLast4"":""8920"",""routingNumber"":""026009593""}","{""status"":""returned"",""achStatus"":""returned"",""returnCode"":""R02"",""reason"":""bank_return""}",1093,R02,"R01,R02,R03,R04,R07,R08,R10,R29",026009593,"021000021,111000025,091000022,026009593,122105155","payments-service",1778439940,"45b13a2b-7b0c-5c0c-db58-85d7d9babd29"
"2026-05-09T10:24:03.000+0000",4932,3395,USD,"1778322243.784","/v1/ach/credit","/v1/ach/debit,/v1/ach/credit,/v1/ach/status,/v1/ach/verify-account,/v1/ach/settlement,/v1/ach/return",EXIT,"INFO,ERROR,EXIT",07141280595cd2c33b8d50726251dc9b,"{""type"":""credit"",""amount"":3395,""currency"":""USD"",""destinationAccountLast4"":""4932"",""routingNumber"":""122105155""}","{""status"":""error"",""errorCode"":""ACH-504"",""message"":""gateway_timeout""}",784,R29,"R01,R02,R03,R04,R07,R08,R10,R29",122105155,"021000021,111000025,091000022,026009593,122105155","payments-service",1778322243,"07141280-595c-d2c3-3b8d-50726251dc9b"
"2026-05-09T10:05:38.000+0000",4089,40650,USD,"1778321138.495","/v1/ach/settlement","/v1/ach/debit,/v1/ach/credit,/v1/ach/status,/v1/ach/verify-account,/v1/ach/settlement,/v1/ach/return",EXIT,"INFO,ERROR,EXIT",05b90e675531a506060a8389faaa933a,"{""transferId"":""ACH-570487"",""action"":""settlement""}","{""status"":""error"",""errorCode"":""ACH-504"",""message"":""gateway_timeout""}",495,R08,"R01,R02,R03,R04,R07,R08,R10,R29",026009593,"021000021,111000025,091000022,026009593,122105155","payments-service",1778321138,"05b90e67-5531-a506-060a-8389faaa933a"
"2026-05-10T09:03:20.000+0000",4567,36574,USD,"1778403800.783","/v1/ach/verify-account","/v1/ach/debit,/v1/ach/credit,/v1/ach/status,/v1/ach/verify-account,/v1/ach/settlement,/v1/ach/return",INFO,"INFO,ERROR,EXIT",be8ea71ab5e4360e11e0542177aa85a6,"{""accountLast4"":""4567"",""routingNumber"":""122105155""}","{""status"":""unknown""}",783,R04,"R01,R02,R03,R04,R07,R08,R10,R29",122105155,"021000021,111000025,091000022,026009593,122105155","payments-service",1778403800,"be8ea71a-b5e4-360e-11e0-542177aa85a6"
"2026-05-06T17:20:12.000+0000",3150,8472,USD,"1778088012.091","/v1/ach/debit","/v1/ach/debit,/v1/ach/credit,/v1/ach/status,/v1/ach/verify-account,/v1/ach/settlement,/v1/ach/return",EXIT,"INFO,ERROR,EXIT",7091a4ea2c6893f840b3d7148dd69d5d,"{""type"":""debit"",""amount"":8472,""currency"":""USD"",""accountLast4"":""3150"",""routingNumber"":""111000025""}","{""status"":""error"",""errorCode"":""ACH-504"",""message"":""gateway_timeout""}",91,R07,"R01,R02,R03,R04,R07,R08,R10,R29",111000025,"021000021,111000025,091000022,026009593,122105155","payments-service",1778088012,"7091a4ea-2c68-93f8-40b3-d7148dd69d5d"
"2026-05-07T10:13:27.000+0000",9809,33217,USD,"1778148807.769","/v1/ach/settlement","/v1/ach/debit,/v1/ach/credit,/v1/ach/status,/v1/ach/verify-account,/v1/ach/settlement,/v1/ach/return",EXIT,"INFO,ERROR,EXIT",8cce5196320cf05650aed664392fbf9b,"{""transferId"":""ACH-773343"",""action"":""settlement""}","{""status"":""error"",""errorCode"":""ACH-504"",""message"":""gateway_timeout""}",769,R07,"R01,R02,R03,R04,R07,R08,R10,R29",091000022,"021000021,111000025,091000022,026009593,122105155","payments-service",1778148807,"8cce5196-320c-f056-50ae-d664392fbf9b"
"2026-05-08T20:27:07.000+0000",2103,4058,USD,"1778272027.365","/v1/ach/verify-account","/v1/ach/debit,/v1/ach/credit,/v1/ach/status,/v1/ach/verify-account,/v1/ach/settlement,/v1/ach/return",EXIT,"INFO,ERROR,EXIT",50b692b1b30a7bfa68a55a7bdcb6d06b,"{""accountLast4"":""2103"",""routingNumber"":""091000022""}","{""status"":""error"",""errorCode"":""ACH-504"",""message"":""gateway_timeout""}",365,R08,"R01,R02,R03,R04,R07,R08,R10,R29",091000022,"021000021,111000025,091000022,026009593,122105155","payments-service",1778272027,"50b692b1-b30a-7bfa-68a5-5a7bdcb6d06b"
"2026-05-09T10:47:58.000+0000",1674,14759,USD,"1778323678.573","/v1/ach/credit","/v1/ach/debit,/v1/ach/credit,/v1/ach/status,/v1/ach/verify-account,/v1/ach/settlement,/v1/ach/return",EXIT,"INFO,ERROR,EXIT",0313e14c297ca015b2374b31ecb6ded1,"{""type"":""credit"",""amount"":14759,""currency"":""USD"",""destinationAccountLast4"":""1674"",""routingNumber"":""111000025""}","{""status"":""error"",""errorCode"":""ACH-504"",""message"":""gateway_timeout""}",573,R07,"R01,R02,R03,R04,R07,R08,R10,R29",111000025,"021000021,111000025,091000022,026009593,122105155","payments-service",1778323678,"0313e14c-297c-a015-b237-4b31ecb6ded1"
"2026-05-06T17:36:06.000+0000",2256,11493,USD,"1778088966.495","/v1/ach/debit","/v1/ach/debit,/v1/ach/credit,/v1/ach/status,/v1/ach/verify-account,/v1/ach/settlement,/v1/ach/return",INFO,"INFO,ERROR,EXIT",98d00f59df73270837c394096ef82c3b,"{""type"":""debit"",""amount"":11493,""currency"":""USD"",""accountLast4"":""2256"",""routingNumber"":""091000022""}","{""status"":""pending"",""achStatus"":""submitted"",""estimatedSettlementDate"":""2026-05-07""}",495,R03,"R01,R02,R03,R04,R07,R08,R10,R29",091000022,"021000021,111000025,091000022,026009593,122105155","payments-service",1778088966,"98d00f59-df73-2708-37c3-94096ef82c3b"
"2026-05-10T09:12:23.000+0000",2772,22727,USD,"1778404344.007","/v1/ach/settlement","/v1/ach/debit,/v1/ach/credit,/v1/ach/status,/v1/ach/verify-account,/v1/ach/settlement,/v1/ach/return",EXIT,"INFO,ERROR,EXIT",aec1ec1b8db7740a19e882314389b8da,"{""transferId"":""ACH-162434"",""action"":""settlement""}","{""status"":""error"",""errorCode"":""ACH-504"",""message"":""gateway_timeout""}",1007,R07,"R01,R02,R03,R04,R07,R08,R10,R29",122105155,"021000021,111000025,091000022,026009593,122105155","payments-service",1778404343,"aec1ec1b-8db7-740a-19e8-82314389b8da"
"2026-05-06T07:28:27.000+0000",2836,5512,USD,"1778052507.937","/v1/ach/status","/v1/ach/debit,/v1/ach/credit,/v1/ach/status,/v1/ach/verify-account,/v1/ach/settlement,/v1/ach/return",INFO,"INFO,ERROR,EXIT",14fe8e67c1f365093407182bbed1d5fa,"{""transferId"":""ACH-370139"",""action"":""status""}","{""status"":""settled"",""achStatus"":""completed"",""settledAt"":""2026-05-06T07:28:27Z""}",937,R08,"R01,R02,R03,R04,R07,R08,R10,R29",026009593,"021000021,111000025,091000022,026009593,122105155","payments-service",1778052507,"14fe8e67-c1f3-6509-3407-182bbed1d5fa"
"2026-05-09T19:38:12.000+0000",2494,16188,USD,"1778355492.096","/v1/ach/status","/v1/ach/debit,/v1/ach/credit,/v1/ach/status,/v1/ach/verify-account,/v1/ach/settlement,/v1/ach/return",ERROR,"INFO,ERROR,EXIT",60f306476989368a505d9f35811344d0,"{""transferId"":""ACH-389773"",""action"":""status""}","{""status"":""returned"",""achStatus"":""returned"",""returnCode"":""R29"",""reason"":""bank_return""}",96,R29,"R01,R02,R03,R04,R07,R08,R10,R29",111000025,"021000021,111000025,091000022,026009593,122105155","payments-service",1778355492,"60f30647-6989-368a-505d-9f35811344d0"
"2026-05-08T17:32:20.000+0000",4126,23905,USD,"1778261540.628","/v1/ach/status","/v1/ach/debit,/v1/ach/credit,/v1/ach/status,/v1/ach/verify-account,/v1/ach/settlement,/v1/ach/return",INFO,"INFO,ERROR,EXIT",136e79470951bcce0eb1acaf96b01c1a,"{""transferId"":""ACH-733860"",""action"":""status""}","{""status"":""settled"",""achStatus"":""completed"",""settledAt"":""2026-05-08T17:32:20Z""}",628,R02,"R01,R02,R03,R04,R07,R08,R10,R29",122105155,"021000021,111000025,091000022,026009593,122105155","payments-service",1778261540,"136e7947-0951-bcce-0eb1-acaf96b01c1a"
"2026-05-09T16:07:51.000+0000",7075,41044,USD,"1778342871.796","/v1/ach/debit","/v1/ach/debit,/v1/ach/credit,/v1/ach/status,/v1/ach/verify-account,/v1/ach/settlement,/v1/ach/return",ERROR,"INFO,ERROR,EXIT",441a32974255ba119e8d154b6c374b67,"{""type"":""debit"",""amount"":41044,""currency"":""USD"",""accountLast4"":""7075"",""routingNumber"":""021000021""}","{""status"":""returned"",""achStatus"":""returned"",""returnCode"":""R01"",""reason"":""bank_return""}",796,R01,"R01,R02,R03,R04,R07,R08,R10,R29",021000021,"021000021,111000025,091000022,026009593,122105155","payments-service",1778342871,"441a3297-4255-ba11-9e8d-154b6c374b67"
"2026-05-07T02:12:41.000+0000",1838,17919,USD,"1778119961.498","/v1/ach/settlement","/v1/ach/debit,/v1/ach/credit,/v1/ach/status,/v1/ach/verify-account,/v1/ach/settlement,/v1/ach/return",ERROR,"INFO,ERROR,EXIT",c453291e67b280379bc58bfd00aa401b,"{""transferId"":""ACH-260380"",""action"":""settlement""}","{""status"":""returned"",""achStatus"":""returned"",""returnCode"":""R02"",""reason"":""bank_return""}",498,R02,"R01,R02,R03,R04,R07,R08,R10,R29",021000021,"021000021,111000025,091000022,026009593,122105155","payments-service",1778119961,"c453291e-67b2-8037-9bc5-8bfd00aa401b"
"2026-05-06T03:20:03.000+0000",6358,47856,USD,"1778037603.864","/v1/ach/settlement","/v1/ach/debit,/v1/ach/credit,/v1/ach/status,/v1/ach/verify-account,/v1/ach/settlement,/v1/ach/return",INFO,"INFO,ERROR,EXIT",abaa22471b66fb69451630fdc24d1b3e,"{""transferId"":""ACH-525058"",""action"":""settlement""}","{""status"":""unknown""}",864,R07,"R01,R02,R03,R04,R07,R08,R10,R29",026009593,"021000021,111000025,091000022,026009593,122105155","payments-service",1778037603,"abaa2247-1b66-fb69-4516-30fdc24d1b3e"
"2026-05-10T20:15:38.000+0000",5915,43584,USD,"1778444139.069","/v1/ach/credit","/v1/ach/debit,/v1/ach/credit,/v1/ach/status,/v1/ach/verify-account,/v1/ach/settlement,/v1/ach/return",EXIT,"INFO,ERROR,EXIT",da0596f58c79418e1d2a5609a82a288b,"{""type"":""credit"",""amount"":43584,""currency"":""USD"",""destinationAccountLast4"":""5915"",""routingNumber"":""091000022""}","{""status"":""error"",""errorCode"":""ACH-504"",""message"":""gateway_timeout""}",1069,R10,"R01,R02,R03,R04,R07,R08,R10,R29",091000022,"021000021,111000025,091000022,026009593,122105155","payments-service",1778444138,"da0596f5-8c79-418e-1d2a-5609a82a288b"
"2026-05-11T18:40:47.000+0000",9438,32652,USD,"1778524847.481","/v1/ach/return","/v1/ach/debit,/v1/ach/credit,/v1/ach/status,/v1/ach/verify-account,/v1/ach/settlement,/v1/ach/return",EXIT,"INFO,ERROR,EXIT",36f209d14b83c4bc34d0eb078a41e9c3,"{""transferId"":""ACH-716151"",""action"":""return""}","{""status"":""error"",""errorCode"":""ACH-504"",""message"":""gateway_timeout""}",481,R07,"R01,R02,R03,R04,R07,R08,R10,R29",021000021,"021000021,111000025,091000022,026009593,122105155","payments-service",1778524847,"36f209d1-4b83-c4bc-34d0-eb078a41e9c3"
"2026-05-11T00:38:12.000+0000",2561,31840,USD,"1778459892.826","/v1/ach/credit","/v1/ach/debit,/v1/ach/credit,/v1/ach/status,/v1/ach/verify-account,/v1/ach/settlement,/v1/ach/return",ERROR,"INFO,ERROR,EXIT",fd903e66da0801c40fbe2adffee7564d,"{""type"":""credit"",""amount"":31840,""currency"":""USD"",""destinationAccountLast4"":""2561"",""routingNumber"":""021000021""}","{""status"":""returned"",""achStatus"":""returned"",""returnCode"":""R08"",""reason"":""bank_return""}",826,R08,"R01,R02,R03,R04,R07,R08,R10,R29",021000021,"021000021,111000025,091000022,026009593,122105155","payments-service",1778459892,"fd903e66-da08-01c4-0fbe-2adffee7564d"
"2026-05-10T21:12:00.000+0000",8545,26879,USD,"1778447520.216","/v1/ach/credit","/v1/ach/debit,/v1/ach/credit,/v1/ach/status,/v1/ach/verify-account,/v1/ach/settlement,/v1/ach/return",INFO,"INFO,ERROR,EXIT",03dcf0890097fde0d125da9ff8d136be,"{""type"":""credit"",""amount"":26879,""currency"":""USD"",""destinationAccountLast4"":""8545"",""routingNumber"":""122105155""}","{""status"":""pending"",""achStatus"":""submitted"",""estimatedSettlementDate"":""2026-05-11""}",216,R07,"R01,R02,R03,R04,R07,R08,R10,R29",122105155,"021000021,111000025,091000022,026009593,122105155","payments-service",1778447520,"03dcf089-0097-fde0-d125-da9ff8d136be"
"2026-05-07T15:43:45.000+0000",4451,10670,USD,"1778168625.539","/v1/ach/verify-account","/v1/ach/debit,/v1/ach/credit,/v1/ach/status,/v1/ach/verify-account,/v1/ach/settlement,/v1/ach/return",EXIT,"INFO,ERROR,EXIT",ef9d3118d15501ae81de0796b582bc7e,"{""accountLast4"":""4451"",""routingNumber"":""091000022""}","{""status"":""error"",""errorCode"":""ACH-504"",""message"":""gateway_timeout""}",539,R10,"R01,R02,R03,R04,R07,R08,R10,R29",091000022,"021000021,111000025,091000022,026009593,122105155","payments-service",1778168625,"ef9d3118-d155-01ae-81de-0796b582bc7e"
"2026-05-09T13:47:38.000+0000",3919,36113,USD,"1778334458.998","/v1/ach/verify-account","/v1/ach/debit,/v1/ach/credit,/v1/ach/status,/v1/ach/verify-account,/v1/ach/settlement,/v1/ach/return",EXIT,"INFO,ERROR,EXIT",46b397abd14274b734b9e127bdce913b,"{""accountLast4"":""3919"",""routingNumber"":""122105155""}","{""status"":""error"",""errorCode"":""ACH-504"",""message"":""gateway_timeout""}",998,R02,"R01,R02,R03,R04,R07,R08,R10,R29",122105155,"021000021,111000025,091000022,026009593,122105155","payments-service",1778334458,"46b397ab-d142-74b7-34b9-e127bdce913b"
"2026-05-05T14:45:36.000+0000",5921,32166,USD,"1777992336.875","/v1/ach/debit","/v1/ach/debit,/v1/ach/credit,/v1/ach/status,/v1/ach/verify-account,/v1/ach/settlement,/v1/ach/return",ERROR,"INFO,ERROR,EXIT",f0e7cd317e8141fc9be0ba275397d5d6,"{""type"":""debit"",""amount"":32166,""currency"":""USD"",""accountLast4"":""5921"",""routingNumber"":""026009593""}","{""status"":""returned"",""achStatus"":""returned"",""returnCode"":""R10"",""reason"":""bank_return""}",875,R10,"R01,R02,R03,R04,R07,R08,R10,R29",026009593,"021000021,111000025,091000022,026009593,122105155","payments-service",1777992336,"f0e7cd31-7e81-41fc-9be0-ba275397d5d6"
"2026-05-11T14:04:47.000+0000",4341,23083,USD,"1778508287.83","/v1/ach/settlement","/v1/ach/debit,/v1/ach/credit,/v1/ach/status,/v1/ach/verify-account,/v1/ach/settlement,/v1/ach/return",INFO,"INFO,ERROR,EXIT",5435f6d92642cc29a6eedd0c980e9a42,"{""transferId"":""ACH-835693"",""action"":""settlement""}","{""status"":""unknown""}",830,R04,"R01,R02,R03,R04,R07,R08,R10,R29",021000021,"021000021,111000025,091000022,026009593,122105155","payments-service",1778508287,"5435f6d9-2642-cc29-a6ee-dd0c980e9a42"
"2026-05-10T07:28:04.000+0000",1206,45719,USD,"1778398085.167","/v1/ach/credit","/v1/ach/debit,/v1/ach/credit,/v1/ach/status,/v1/ach/verify-account,/v1/ach/settlement,/v1/ach/return",ERROR,"INFO,ERROR,EXIT",bd310385bc091b5d1f5ea0b38a06150d,"{""type"":""credit"",""amount"":45719,""currency"":""USD"",""destinationAccountLast4"":""1206"",""routingNumber"":""122105155""}","{""status"":""returned"",""achStatus"":""returned"",""returnCode"":""R04"",""reason"":""bank_return""}",1167,R04,"R01,R02,R03,R04,R07,R08,R10,R29",122105155,"021000021,111000025,091000022,026009593,122105155","payments-service",1778398084,"bd310385-bc09-1b5d-1f5e-a0b38a06150d"
"2026-05-09T17:35:54.000+0000",1539,19785,USD,"1778348154.271","/v1/ach/debit","/v1/ach/debit,/v1/ach/credit,/v1/ach/status,/v1/ach/verify-account,/v1/ach/settlement,/v1/ach/return",INFO,"INFO,ERROR,EXIT",0e23d3557b8242053114e1b47e073afa,"{""type"":""debit"",""amount"":19785,""currency"":""USD"",""accountLast4"":""1539"",""routingNumber"":""111000025""}","{""status"":""pending"",""achStatus"":""submitted"",""estimatedSettlementDate"":""2026-05-10""}",271,R02,"R01,R02,R03,R04,R07,R08,R10,R29",111000025,"021000021,111000025,091000022,026009593,122105155","payments-service",1778348154,"0e23d355-7b82-4205-3114-e1b47e073afa"
"2026-05-12T02:37:15.000+0000",1974,50072,USD,"1778553435.663","/v1/ach/status","/v1/ach/debit,/v1/ach/credit,/v1/ach/status,/v1/ach/verify-account,/v1/ach/settlement,/v1/ach/return",INFO,"INFO,ERROR,EXIT",53a55e57c34e731464c2eb9ba7ddb641,"{""transferId"":""ACH-168549"",""action"":""status""}","{""status"":""settled"",""achStatus"":""completed"",""settledAt"":""2026-05-12T02:37:15Z""}",663,R03,"R01,R02,R03,R04,R07,R08,R10,R29",111000025,"021000021,111000025,091000022,026009593,122105155","payments-service",1778553435,"53a55e57-c34e-7314-64c2-eb9ba7ddb641"
"2026-05-09T21:52:56.000+0000",8638,33399,USD,"1778363576.726","/v1/ach/verify-account","/v1/ach/debit,/v1/ach/credit,/v1/ach/status,/v1/ach/verify-account,/v1/ach/settlement,/v1/ach/return",ERROR,"INFO,ERROR,EXIT",7bbf285ce7bf740bb8c17d99fb7abc6b,"{""accountLast4"":""8638"",""routingNumber"":""026009593""}","{""status"":""returned"",""achStatus"":""returned"",""returnCode"":""R04"",""reason"":""bank_return""}",726,R04,"R01,R02,R03,R04,R07,R08,R10,R29",026009593,"021000021,111000025,091000022,026009593,122105155","payments-service",1778363576,"7bbf285c-e7bf-740b-b8c1-7d99fb7abc6b"
"2026-05-09T04:08:53.000+0000",7802,14644,USD,"1778299733.446","/v1/ach/settlement","/v1/ach/debit,/v1/ach/credit,/v1/ach/status,/v1/ach/verify-account,/v1/ach/settlement,/v1/ach/return",EXIT,"INFO,ERROR,EXIT",3a06210b36a9dfd12ce7c191058fee7a,"{""transferId"":""ACH-327542"",""action"":""settlement""}","{""status"":""error"",""errorCode"":""ACH-504"",""message"":""gateway_timeout""}",446,R10,"R01,R02,R03,R04,R07,R08,R10,R29",021000021,"021000021,111000025,091000022,026009593,122105155","payments-service",1778299733,"3a06210b-36a9-dfd1-2ce7-c191058fee7a"
"2026-05-08T04:54:02.000+0000",2388,6797,USD,"1778216042.703","/v1/ach/status","/v1/ach/debit,/v1/ach/credit,/v1/ach/status,/v1/ach/verify-account,/v1/ach/settlement,/v1/ach/return",ERROR,"INFO,ERROR,EXIT",8553bdda3a45c4fda999a76d2c0b05e5,"{""transferId"":""ACH-559566"",""action"":""status""}","{""status"":""returned"",""achStatus"":""returned"",""returnCode"":""R10"",""reason"":""bank_return""}",703,R10,"R01,R02,R03,R04,R07,R08,R10,R29",111000025,"021000021,111000025,091000022,026009593,122105155","payments-service",1778216042,"8553bdda-3a45-c4fd-a999-a76d2c0b05e5"
"2026-05-07T08:24:01.000+0000",5409,6310,USD,"1778142241.407","/v1/ach/debit","/v1/ach/debit,/v1/ach/credit,/v1/ach/status,/v1/ach/verify-account,/v1/ach/settlement,/v1/ach/return",INFO,"INFO,ERROR,EXIT",9b5a479fd343bd9ff32bf40e352cb541,"{""type"":""debit"",""amount"":6310,""currency"":""USD"",""accountLast4"":""5409"",""routingNumber"":""026009593""}","{""status"":""pending"",""achStatus"":""submitted"",""estimatedSettlementDate"":""2026-05-08""}",407,R29,"R01,R02,R03,R04,R07,R08,R10,R29",026009593,"021000021,111000025,091000022,026009593,122105155","payments-service",1778142241,"9b5a479f-d343-bd9f-f32b-f40e352cb541"
"2026-05-11T04:40:47.000+0000",3838,23852,USD,"1778474447.259","/v1/ach/verify-account","/v1/ach/debit,/v1/ach/credit,/v1/ach/status,/v1/ach/verify-account,/v1/ach/settlement,/v1/ach/return",EXIT,"INFO,ERROR,EXIT",649833f880264f052f2c3e93cd89f35c,"{""accountLast4"":""3838"",""routingNumber"":""026009593""}","{""status"":""error"",""errorCode"":""ACH-504"",""message"":""gateway_timeout""}",259,R04,"R01,R02,R03,R04,R07,R08,R10,R29",026009593,"021000021,111000025,091000022,026009593,122105155","payments-service",1778474447,"649833f8-8026-4f05-2f2c-3e93cd89f35c"
"2026-05-08T06:39:06.000+0000",4407,8930,USD,"1778222346.815","/v1/ach/verify-account","/v1/ach/debit,/v1/ach/credit,/v1/ach/status,/v1/ach/verify-account,/v1/ach/settlement,/v1/ach/return",INFO,"INFO,ERROR,EXIT",8dd3d0effd516b293780f0ce6abe07a7,"{""accountLast4"":""4407"",""routingNumber"":""091000022""}","{""status"":""unknown""}",815,R08,"R01,R02,R03,R04,R07,R08,R10,R29",091000022,"021000021,111000025,091000022,026009593,122105155","payments-service",1778222346,"8dd3d0ef-fd51-6b29-3780-f0ce6abe07a7"
"2026-05-08T09:24:54.000+0000",6617,35637,USD,"1778232294.718","/v1/ach/status","/v1/ach/debit,/v1/ach/credit,/v1/ach/status,/v1/ach/verify-account,/v1/ach/settlement,/v1/ach/return",INFO,"INFO,ERROR,EXIT",9cf2255ba34052ce0a6e6d029c5fc619,"{""transferId"":""ACH-763173"",""action"":""status""}","{""status"":""settled"",""achStatus"":""completed"",""settledAt"":""2026-05-08T09:24:54Z""}",718,R01,"R01,R02,R03,R04,R07,R08,R10,R29",111000025,"021000021,111000025,091000022,026009593,122105155","payments-service",1778232294,"9cf2255b-a340-52ce-0a6e-6d029c5fc619"
"2026-05-12T06:24:12.000+0000",3785,43349,USD,"1778567053.043","/v1/ach/verify-account","/v1/ach/debit,/v1/ach/credit,/v1/ach/status,/v1/ach/verify-account,/v1/ach/settlement,/v1/ach/return",EXIT,"INFO,ERROR,EXIT",e1982368275b97fc4174151084428a94,"{""accountLast4"":""3785"",""routingNumber"":""026009593""}","{""status"":""error"",""errorCode"":""ACH-504"",""message"":""gateway_timeout""}",1043,R01,"R01,R02,R03,R04,R07,R08,R10,R29",026009593,"021000021,111000025,091000022,026009593,122105155","payments-service",1778567052,"e1982368-275b-97fc-4174-151084428a94"
"2026-05-08T11:49:51.000+0000",6992,20909,USD,"1778240992.231","/v1/ach/return","/v1/ach/debit,/v1/ach/credit,/v1/ach/status,/v1/ach/verify-account,/v1/ach/settlement,/v1/ach/return",EXIT,"INFO,ERROR,EXIT",ca7998bc6ae4acd5a1c561402dc19410,"{""transferId"":""ACH-752079"",""action"":""return""}","{""status"":""error"",""errorCode"":""ACH-504"",""message"":""gateway_timeout""}",1231,R10,"R01,R02,R03,R04,R07,R08,R10,R29",111000025,"021000021,111000025,091000022,026009593,122105155","payments-service",1778240991,"ca7998bc-6ae4-acd5-a1c5-61402dc19410"
"2026-05-05T12:38:49.000+0000",6995,18628,USD,"1777984729.075","/v1/ach/status","/v1/ach/debit,/v1/ach/credit,/v1/ach/status,/v1/ach/verify-account,/v1/ach/settlement,/v1/ach/return",EXIT,"INFO,ERROR,EXIT",fe3da249880d806f802f49a28d59491d,"{""transferId"":""ACH-982348"",""action"":""status""}","{""status"":""error"",""errorCode"":""ACH-504"",""message"":""gateway_timeout""}",75,R02,"R01,R02,R03,R04,R07,R08,R10,R29",091000022,"021000021,111000025,091000022,026009593,122105155","payments-service",1777984729,"fe3da249-880d-806f-802f-49a28d59491d"
"2026-05-07T19:40:08.000+0000",7978,12611,USD,"1778182808.274","/v1/ach/settlement","/v1/ach/debit,/v1/ach/credit,/v1/ach/status,/v1/ach/verify-account,/v1/ach/settlement,/v1/ach/return",INFO,"INFO,ERROR,EXIT",1cdabcf32a5988356df4b17771946451,"{""transferId"":""ACH-888920"",""action"":""settlement""}","{""status"":""unknown""}",274,R07,"R01,R02,R03,R04,R07,R08,R10,R29",026009593,"021000021,111000025,091000022,026009593,122105155","payments-service",1778182808,"1cdabcf3-2a59-8835-6df4-b17771946451"
"2026-05-09T15:35:04.000+0000",9537,48694,USD,"1778340904.469","/v1/ach/settlement","/v1/ach/debit,/v1/ach/credit,/v1/ach/status,/v1/ach/verify-account,/v1/ach/settlement,/v1/ach/return",ERROR,"INFO,ERROR,EXIT",3d3e727c148d7a32db693332a40c0bbc,"{""transferId"":""ACH-219210"",""action"":""settlement""}","{""status"":""returned"",""achStatus"":""returned"",""returnCode"":""R02"",""reason"":""bank_return""}",469,R02,"R01,R02,R03,R04,R07,R08,R10,R29",021000021,"021000021,111000025,091000022,026009593,122105155","payments-service",1778340904,"3d3e727c-148d-7a32-db69-3332a40c0bbc"
"2026-05-09T00:42:51.000+0000",6276,1561,USD,"1778287371.795","/v1/ach/debit","/v1/ach/debit,/v1/ach/credit,/v1/ach/status,/v1/ach/verify-account,/v1/ach/settlement,/v1/ach/return",ERROR,"INFO,ERROR,EXIT",6bc2b7ae537223a52f32b21db1b0e373,"{""type"":""debit"",""amount"":1561,""currency"":""USD"",""accountLast4"":""6276"",""routingNumber"":""111000025""}","{""status"":""returned"",""achStatus"":""returned"",""returnCode"":""R01"",""reason"":""bank_return""}",795,R01,"R01,R02,R03,R04,R07,R08,R10,R29",111000025,"021000021,111000025,091000022,026009593,122105155","payments-service",1778287371,"6bc2b7ae-5372-23a5-2f32-b21db1b0e373"
"2026-05-06T19:21:28.000+0000",6712,3836,USD,"1778095288.658","/v1/ach/credit","/v1/ach/debit,/v1/ach/credit,/v1/ach/status,/v1/ach/verify-account,/v1/ach/settlement,/v1/ach/return",INFO,"INFO,ERROR,EXIT",0023ef679f3a5d743d5c06462ce9451e,"{""type"":""credit"",""amount"":3836,""currency"":""USD"",""destinationAccountLast4"":""6712"",""routingNumber"":""111000025""}","{""status"":""pending"",""achStatus"":""submitted"",""estimatedSettlementDate"":""2026-05-07""}",658,R29,"R01,R02,R03,R04,R07,R08,R10,R29",111000025,"021000021,111000025,091000022,026009593,122105155","payments-service",1778095288,"0023ef67-9f3a-5d74-3d5c-06462ce9451e"
"2026-05-12T00:30:40.000+0000",3905,38231,USD,"1778545840.055","/v1/ach/settlement","/v1/ach/debit,/v1/ach/credit,/v1/ach/status,/v1/ach/verify-account,/v1/ach/settlement,/v1/ach/return",EXIT,"INFO,ERROR,EXIT",33130fb8f32cc09cab18fa8ffff6038c,"{""transferId"":""ACH-156495"",""action"":""settlement""}","{""status"":""error"",""errorCode"":""ACH-504"",""message"":""gateway_timeout""}",55,R29,"R01,R02,R03,R04,R07,R08,R10,R29",111000025,"021000021,111000025,091000022,026009593,122105155","payments-service",1778545840,"33130fb8-f32c-c09c-ab18-fa8ffff6038c"
"2026-05-06T00:53:46.000+0000",6505,13116,USD,"1778028826.178","/v1/ach/debit","/v1/ach/debit,/v1/ach/credit,/v1/ach/status,/v1/ach/verify-account,/v1/ach/settlement,/v1/ach/return",ERROR,"INFO,ERROR,EXIT",b744cad674b4997790dbbdc4b8bd638e,"{""type"":""debit"",""amount"":13116,""currency"":""USD"",""accountLast4"":""6505"",""routingNumber"":""122105155""}","{""status"":""returned"",""achStatus"":""returned"",""returnCode"":""R10"",""reason"":""bank_return""}",178,R10,"R01,R02,R03,R04,R07,R08,R10,R29",122105155,"021000021,111000025,091000022,026009593,122105155","payments-service",1778028826,"b744cad6-74b4-9977-90db-bdc4b8bd638e"
"2026-05-10T03:02:56.000+0000",1947,2500,USD,"1778382176.486","/v1/ach/return","/v1/ach/debit,/v1/ach/credit,/v1/ach/status,/v1/ach/verify-account,/v1/ach/settlement,/v1/ach/return",INFO,"INFO,ERROR,EXIT",2ea950855cc8a12fe231ac5ea454a44a,"{""transferId"":""ACH-651542"",""action"":""return""}","{""status"":""unknown""}",486,R01,"R01,R02,R03,R04,R07,R08,R10,R29",021000021,"021000021,111000025,091000022,026009593,122105155","payments-service",1778382176,"2ea95085-5cc8-a12f-e231-ac5ea454a44a"
"2026-05-05T20:18:36.000+0000",5310,42647,USD,"1778012317.053","/v1/ach/status","/v1/ach/debit,/v1/ach/credit,/v1/ach/status,/v1/ach/verify-account,/v1/ach/settlement,/v1/ach/return",INFO,"INFO,ERROR,EXIT",7e22be4a35b367d55b22ef72d0a7dc8e,"{""transferId"":""ACH-531825"",""action"":""status""}","{""status"":""settled"",""achStatus"":""completed"",""settledAt"":""2026-05-05T20:18:36Z""}",1053,R03,"R01,R02,R03,R04,R07,R08,R10,R29",111000025,"021000021,111000025,091000022,026009593,122105155","payments-service",1778012316,"7e22be4a-35b3-67d5-5b22-ef72d0a7dc8e"
"2026-05-07T17:29:57.000+0000",3994,44774,USD,"1778174998.023","/v1/ach/status","/v1/ach/debit,/v1/ach/credit,/v1/ach/status,/v1/ach/verify-account,/v1/ach/settlement,/v1/ach/return",INFO,"INFO,ERROR,EXIT",3d5cad34dbde292d71225c815d81b57b,"{""transferId"":""ACH-207188"",""action"":""status""}","{""status"":""settled"",""achStatus"":""completed"",""settledAt"":""2026-05-07T17:29:57Z""}",1023,R29,"R01,R02,R03,R04,R07,R08,R10,R29",111000025,"021000021,111000025,091000022,026009593,122105155","payments-service",1778174997,"3d5cad34-dbde-292d-7122-5c815d81b57b"
"2026-05-08T10:01:27.000+0000",9706,19763,USD,"1778234487.065","/v1/ach/status","/v1/ach/debit,/v1/ach/credit,/v1/ach/status,/v1/ach/verify-account,/v1/ach/settlement,/v1/ach/return",EXIT,"INFO,ERROR,EXIT",192b9cfa32e758778a5a3532650c2055,"{""transferId"":""ACH-592668"",""action"":""status""}","{""status"":""error"",""errorCode"":""ACH-504"",""message"":""gateway_timeout""}",65,R07,"R01,R02,R03,R04,R07,R08,R10,R29",122105155,"021000021,111000025,091000022,026009593,122105155","payments-service",1778234487,"192b9cfa-32e7-5877-8a5a-3532650c2055"
"2026-05-11T00:24:20.000+0000",7685,5714,USD,"1778459060.443","/v1/ach/settlement","/v1/ach/debit,/v1/ach/credit,/v1/ach/status,/v1/ach/verify-account,/v1/ach/settlement,/v1/ach/return",INFO,"INFO,ERROR,EXIT",058bc1801ebecdf6ef4f43a4401d4188,"{""transferId"":""ACH-185399"",""action"":""settlement""}","{""status"":""unknown""}",443,R10,"R01,R02,R03,R04,R07,R08,R10,R29",026009593,"021000021,111000025,091000022,026009593,122105155","payments-service",1778459060,"058bc180-1ebe-cdf6-ef4f-43a4401d4188"
"2026-05-06T11:47:03.000+0000",6944,50346,USD,"1778068023.407","/v1/ach/verify-account","/v1/ach/debit,/v1/ach/credit,/v1/ach/status,/v1/ach/verify-account,/v1/ach/settlement,/v1/ach/return",EXIT,"INFO,ERROR,EXIT",2646f2abee56afb832c0d2a7d36147ed,"{""accountLast4"":""6944"",""routingNumber"":""122105155""}","{""status"":""error"",""errorCode"":""ACH-504"",""message"":""gateway_timeout""}",407,R03,"R01,R02,R03,R04,R07,R08,R10,R29",122105155,"021000021,111000025,091000022,026009593,122105155","payments-service",1778068023,"2646f2ab-ee56-afb8-32c0-d2a7d36147ed"
"2026-05-07T01:45:41.000+0000",5323,18465,USD,"1778118341.513","/v1/ach/debit","/v1/ach/debit,/v1/ach/credit,/v1/ach/status,/v1/ach/verify-account,/v1/ach/settlement,/v1/ach/return",EXIT,"INFO,ERROR,EXIT",abb16c4173ad1fb973dc605921d45e8b,"{""type"":""debit"",""amount"":18465,""currency"":""USD"",""accountLast4"":""5323"",""routingNumber"":""026009593""}","{""status"":""error"",""errorCode"":""ACH-504"",""message"":""gateway_timeout""}",513,R07,"R01,R02,R03,R04,R07,R08,R10,R29",026009593,"021000021,111000025,091000022,026009593,122105155","payments-service",1778118341,"abb16c41-73ad-1fb9-73dc-605921d45e8b"
"2026-05-11T13:34:56.000+0000",3367,3972,USD,"1778506496.634","/v1/ach/debit","/v1/ach/debit,/v1/ach/credit,/v1/ach/status,/v1/ach/verify-account,/v1/ach/settlement,/v1/ach/return",INFO,"INFO,ERROR,EXIT",37a49173072968d76f51649e567a4422,"{""type"":""debit"",""amount"":3972,""currency"":""USD"",""accountLast4"":""3367"",""routingNumber"":""026009593""}","{""status"":""pending"",""achStatus"":""submitted"",""estimatedSettlementDate"":""2026-05-12""}",634,R04,"R01,R02,R03,R04,R07,R08,R10,R29",026009593,"021000021,111000025,091000022,026009593,122105155","payments-service",1778506496,"37a49173-0729-68d7-6f51-649e567a4422"
"2026-05-05T08:29:16.000+0000",2107,8241,USD,"1777969756.338","/v1/ach/return","/v1/ach/debit,/v1/ach/credit,/v1/ach/status,/v1/ach/verify-account,/v1/ach/settlement,/v1/ach/return",INFO,"INFO,ERROR,EXIT",c23704e66ac0ec25b657d437c08dc86e,"{""transferId"":""ACH-476660"",""action"":""return""}","{""status"":""unknown""}",338,R01,"R01,R02,R03,R04,R07,R08,R10,R29",026009593,"021000021,111000025,091000022,026009593,122105155","payments-service",1777969756,"c23704e6-6ac0-ec25-b657-d437c08dc86e"
"2026-05-05T18:19:17.000+0000",6936,37636,USD,"1778005158.17","/v1/ach/return","/v1/ach/debit,/v1/ach/credit,/v1/ach/status,/v1/ach/verify-account,/v1/ach/settlement,/v1/ach/return",ERROR,"INFO,ERROR,EXIT",eb8e0210fc2919b848d9879b3cf91122,"{""transferId"":""ACH-600951"",""action"":""return""}","{""status"":""returned"",""achStatus"":""returned"",""returnCode"":""R07"",""reason"":""bank_return""}",1170,R07,"R01,R02,R03,R04,R07,R08,R10,R29",091000022,"021000021,111000025,091000022,026009593,122105155","payments-service",1778005157,"eb8e0210-fc29-19b8-48d9-879b3cf91122"
"2026-05-11T09:31:57.000+0000",9797,22069,USD,"1778491917.413","/v1/ach/status","/v1/ach/debit,/v1/ach/credit,/v1/ach/status,/v1/ach/verify-account,/v1/ach/settlement,/v1/ach/return",EXIT,"INFO,ERROR,EXIT",6e9189611644d81441423d0a6aed9c01,"{""transferId"":""ACH-844151"",""action"":""status""}","{""status"":""error"",""errorCode"":""ACH-504"",""message"":""gateway_timeout""}",413,R01,"R01,R02,R03,R04,R07,R08,R10,R29",021000021,"021000021,111000025,091000022,026009593,122105155","payments-service",1778491917,"6e918961-1644-d814-4142-3d0a6aed9c01"
"2026-05-06T22:36:28.000+0000",6945,1852,USD,"1778106988.44","/v1/ach/status","/v1/ach/debit,/v1/ach/credit,/v1/ach/status,/v1/ach/verify-account,/v1/ach/settlement,/v1/ach/return",INFO,"INFO,ERROR,EXIT",13d34ca7ba896585cbc84590aef4ee54,"{""transferId"":""ACH-820540"",""action"":""status""}","{""status"":""settled"",""achStatus"":""completed"",""settledAt"":""2026-05-06T22:36:28Z""}",440,R02,"R01,R02,R03,R04,R07,R08,R10,R29",122105155,"021000021,111000025,091000022,026009593,122105155","payments-service",1778106988,"13d34ca7-ba89-6585-cbc8-4590aef4ee54"
"2026-05-07T16:23:09.000+0000",2582,25496,USD,"1778170989.842","/v1/ach/return","/v1/ach/debit,/v1/ach/credit,/v1/ach/status,/v1/ach/verify-account,/v1/ach/settlement,/v1/ach/return",ERROR,"INFO,ERROR,EXIT",fb68cf739f32f31bbd4349e8f55e2e23,"{""transferId"":""ACH-525085"",""action"":""return""}","{""status"":""returned"",""achStatus"":""returned"",""returnCode"":""R08"",""reason"":""bank_return""}",842,R08,"R01,R02,R03,R04,R07,R08,R10,R29",122105155,"021000021,111000025,091000022,026009593,122105155","payments-service",1778170989,"fb68cf73-9f32-f31b-bd43-49e8f55e2e23"
"2026-05-12T02:37:39.000+0000",9718,49847,USD,"1778553459.944","/v1/ach/return","/v1/ach/debit,/v1/ach/credit,/v1/ach/status,/v1/ach/verify-account,/v1/ach/settlement,/v1/ach/return",EXIT,"INFO,ERROR,EXIT",3dafbedf5ae1da59670e8bea2c2899ae,"{""transferId"":""ACH-321008"",""action"":""return""}","{""status"":""error"",""errorCode"":""ACH-504"",""message"":""gateway_timeout""}",944,R29,"R01,R02,R03,R04,R07,R08,R10,R29",026009593,"021000021,111000025,091000022,026009593,122105155","payments-service",1778553459,"3dafbedf-5ae1-da59-670e-8bea2c2899ae"
"2026-05-05T16:44:17.000+0000",4576,22473,USD,"1777999457.426","/v1/ach/credit","/v1/ach/debit,/v1/ach/credit,/v1/ach/status,/v1/ach/verify-account,/v1/ach/settlement,/v1/ach/return",EXIT,"INFO,ERROR,EXIT",3863489c836ec6034877872f79cc4a2b,"{""type"":""credit"",""amount"":22473,""currency"":""USD"",""destinationAccountLast4"":""4576"",""routingNumber"":""111000025""}","{""status"":""error"",""errorCode"":""ACH-504"",""message"":""gateway_timeout""}",426,R07,"R01,R02,R03,R04,R07,R08,R10,R29",111000025,"021000021,111000025,091000022,026009593,122105155","payments-service",1777999457,"3863489c-836e-c603-4877-872f79cc4a2b"
"2026-05-11T18:28:10.000+0000",7015,12815,USD,"1778524090.795","/v1/ach/debit","/v1/ach/debit,/v1/ach/credit,/v1/ach/status,/v1/ach/verify-account,/v1/ach/settlement,/v1/ach/return",ERROR,"INFO,ERROR,EXIT",68c96901bb0989b120cad1f5efd2902d,"{""type"":""debit"",""amount"":12815,""currency"":""USD"",""accountLast4"":""7015"",""routingNumber"":""122105155""}","{""status"":""returned"",""achStatus"":""returned"",""returnCode"":""R01"",""reason"":""bank_return""}",795,R01,"R01,R02,R03,R04,R07,R08,R10,R29",122105155,"021000021,111000025,091000022,026009593,122105155","payments-service",1778524090,"68c96901-bb09-89b1-20ca-d1f5efd2902d"
"2026-05-05T20:39:42.000+0000",4393,7115,USD,"1778013582.836","/v1/ach/status","/v1/ach/debit,/v1/ach/credit,/v1/ach/status,/v1/ach/verify-account,/v1/ach/settlement,/v1/ach/return",INFO,"INFO,ERROR,EXIT",a5bf2106eaf484c7d0297ea75e56dc75,"{""transferId"":""ACH-875460"",""action"":""status""}","{""status"":""settled"",""achStatus"":""completed"",""settledAt"":""2026-05-05T20:39:42Z""}",836,R08,"R01,R02,R03,R04,R07,R08,R10,R29",091000022,"021000021,111000025,091000022,026009593,122105155","payments-service",1778013582,"a5bf2106-eaf4-84c7-d029-7ea75e56dc75"
"2026-05-10T15:14:36.000+0000",7512,20419,USD,"1778426076.423","/v1/ach/settlement","/v1/ach/debit,/v1/ach/credit,/v1/ach/status,/v1/ach/verify-account,/v1/ach/settlement,/v1/ach/return",EXIT,"INFO,ERROR,EXIT",2bfbf55cf87c0159cad3f5940ba71516,"{""transferId"":""ACH-689143"",""action"":""settlement""}","{""status"":""error"",""errorCode"":""ACH-504"",""message"":""gateway_timeout""}",423,R04,"R01,R02,R03,R04,R07,R08,R10,R29",021000021,"021000021,111000025,091000022,026009593,122105155","payments-service",1778426076,"2bfbf55c-f87c-0159-cad3-f5940ba71516"
"2026-05-08T09:40:49.000+0000",1861,25915,USD,"1778233249.591","/v1/ach/settlement","/v1/ach/debit,/v1/ach/credit,/v1/ach/status,/v1/ach/verify-account,/v1/ach/settlement,/v1/ach/return",EXIT,"INFO,ERROR,EXIT",ad35a939a57dc00de384a49a96b3e8f2,"{""transferId"":""ACH-160240"",""action"":""settlement""}","{""status"":""error"",""errorCode"":""ACH-504"",""message"":""gateway_timeout""}",591,R02,"R01,R02,R03,R04,R07,R08,R10,R29",111000025,"021000021,111000025,091000022,026009593,122105155","payments-service",1778233249,"ad35a939-a57d-c00d-e384-a49a96b3e8f2"
"2026-05-10T22:51:35.000+0000",4361,1869,USD,"1778453495.735","/v1/ach/credit","/v1/ach/debit,/v1/ach/credit,/v1/ach/status,/v1/ach/verify-account,/v1/ach/settlement,/v1/ach/return",INFO,"INFO,ERROR,EXIT",cf96c4a6d781d5e083ade7de67438323,"{""type"":""credit"",""amount"":1869,""currency"":""USD"",""destinationAccountLast4"":""4361"",""routingNumber"":""021000021""}","{""status"":""pending"",""achStatus"":""submitted"",""estimatedSettlementDate"":""2026-05-11""}",735,R04,"R01,R02,R03,R04,R07,R08,R10,R29",021000021,"021000021,111000025,091000022,026009593,122105155","payments-service",1778453495,"cf96c4a6-d781-d5e0-83ad-e7de67438323"
"2026-05-07T17:20:05.000+0000",4969,21343,USD,"1778174405.171","/v1/ach/status","/v1/ach/debit,/v1/ach/credit,/v1/ach/status,/v1/ach/verify-account,/v1/ach/settlement,/v1/ach/return",EXIT,"INFO,ERROR,EXIT",c2a3bf4d7969f8dcabb325d50ba42d1b,"{""transferId"":""ACH-476627"",""action"":""status""}","{""status"":""error"",""errorCode"":""ACH-504"",""message"":""gateway_timeout""}",171,R02,"R01,R02,R03,R04,R07,R08,R10,R29",111000025,"021000021,111000025,091000022,026009593,122105155","payments-service",1778174405,"c2a3bf4d-7969-f8dc-abb3-25d50ba42d1b"
"2026-05-10T13:00:02.000+0000",6895,18441,USD,"1778418002.234","/v1/ach/settlement","/v1/ach/debit,/v1/ach/credit,/v1/ach/status,/v1/ach/verify-account,/v1/ach/settlement,/v1/ach/return",ERROR,"INFO,ERROR,EXIT",f9e0ffd6346818a0c046dfb62cdf3604,"{""transferId"":""ACH-991042"",""action"":""settlement""}","{""status"":""returned"",""achStatus"":""returned"",""returnCode"":""R03"",""reason"":""bank_return""}",234,R03,"R01,R02,R03,R04,R07,R08,R10,R29",122105155,"021000021,111000025,091000022,026009593,122105155","payments-service",1778418002,"f9e0ffd6-3468-18a0-c046-dfb62cdf3604"
"2026-05-08T08:12:46.000+0000",4940,31359,USD,"1778227966.952","/v1/ach/debit","/v1/ach/debit,/v1/ach/credit,/v1/ach/status,/v1/ach/verify-account,/v1/ach/settlement,/v1/ach/return",ERROR,"INFO,ERROR,EXIT",406dea7cb75fced4ee810d056520a2d8,"{""type"":""debit"",""amount"":31359,""currency"":""USD"",""accountLast4"":""4940"",""routingNumber"":""021000021""}","{""status"":""returned"",""achStatus"":""returned"",""returnCode"":""R29"",""reason"":""bank_return""}",952,R29,"R01,R02,R03,R04,R07,R08,R10,R29",021000021,"021000021,111000025,091000022,026009593,122105155","payments-service",1778227966,"406dea7c-b75f-ced4-ee81-0d056520a2d8"
"2026-05-12T02:38:50.000+0000",2765,35442,USD,"1778553530.746","/v1/ach/verify-account","/v1/ach/debit,/v1/ach/credit,/v1/ach/status,/v1/ach/verify-account,/v1/ach/settlement,/v1/ach/return",INFO,"INFO,ERROR,EXIT",54dc4479f6e444757425acb411a366a0,"{""accountLast4"":""2765"",""routingNumber"":""091000022""}","{""status"":""unknown""}",746,R29,"R01,R02,R03,R04,R07,R08,R10,R29",091000022,"021000021,111000025,091000022,026009593,122105155","payments-service",1778553530,"54dc4479-f6e4-4475-7425-acb411a366a0"
"2026-05-09T01:59:15.000+0000",9668,1690,USD,"1778291955.154","/v1/ach/debit","/v1/ach/debit,/v1/ach/credit,/v1/ach/status,/v1/ach/verify-account,/v1/ach/settlement,/v1/ach/return",EXIT,"INFO,ERROR,EXIT",fe9f5bb6ff47d3455f558f98f599410a,"{""type"":""debit"",""amount"":1690,""currency"":""USD"",""accountLast4"":""9668"",""routingNumber"":""111000025""}","{""status"":""error"",""errorCode"":""ACH-504"",""message"":""gateway_timeout""}",154,R07,"R01,R02,R03,R04,R07,R08,R10,R29",111000025,"021000021,111000025,091000022,026009593,122105155","payments-service",1778291955,"fe9f5bb6-ff47-d345-5f55-8f98f599410a"
"2026-05-06T06:54:36.000+0000",4466,14290,USD,"1778050476.995","/v1/ach/verify-account","/v1/ach/debit,/v1/ach/credit,/v1/ach/status,/v1/ach/verify-account,/v1/ach/settlement,/v1/ach/return",ERROR,"INFO,ERROR,EXIT",53735114b5eaffbfe11db9c058ca7dcd,"{""accountLast4"":""4466"",""routingNumber"":""091000022""}","{""status"":""returned"",""achStatus"":""returned"",""returnCode"":""R10"",""reason"":""bank_return""}",995,R10,"R01,R02,R03,R04,R07,R08,R10,R29",091000022,"021000021,111000025,091000022,026009593,122105155","payments-service",1778050476,"53735114-b5ea-ffbf-e11d-b9c058ca7dcd"
"2026-05-11T05:12:25.000+0000",3791,8908,USD,"1778476346.157","/v1/ach/credit","/v1/ach/debit,/v1/ach/credit,/v1/ach/status,/v1/ach/verify-account,/v1/ach/settlement,/v1/ach/return",ERROR,"INFO,ERROR,EXIT",76feffccb7ed45d500e3e795ae5353ea,"{""type"":""credit"",""amount"":8908,""currency"":""USD"",""destinationAccountLast4"":""3791"",""routingNumber"":""091000022""}","{""status"":""returned"",""achStatus"":""returned"",""returnCode"":""R02"",""reason"":""bank_return""}",1157,R02,"R01,R02,R03,R04,R07,R08,R10,R29",091000022,"021000021,111000025,091000022,026009593,122105155","payments-service",1778476345,"76feffcc-b7ed-45d5-00e3-e795ae5353ea"
"2026-05-08T11:03:44.000+0000",4141,9003,USD,"1778238224.326","/v1/ach/settlement","/v1/ach/debit,/v1/ach/credit,/v1/ach/status,/v1/ach/verify-account,/v1/ach/settlement,/v1/ach/return",INFO,"INFO,ERROR,EXIT",ee5c4a4f70c2dddec086baa2ea3b3b11,"{""transferId"":""ACH-768282"",""action"":""settlement""}","{""status"":""unknown""}",326,R10,"R01,R02,R03,R04,R07,R08,R10,R29",111000025,"021000021,111000025,091000022,026009593,122105155","payments-service",1778238224,"ee5c4a4f-70c2-ddde-c086-baa2ea3b3b11"
"2026-05-11T06:22:38.000+0000",2848,49092,USD,"1778480558.438","/v1/ach/credit","/v1/ach/debit,/v1/ach/credit,/v1/ach/status,/v1/ach/verify-account,/v1/ach/settlement,/v1/ach/return",EXIT,"INFO,ERROR,EXIT",302b33d6e0f36071a068bfe1ee472a7e,"{""type"":""credit"",""amount"":49092,""currency"":""USD"",""destinationAccountLast4"":""2848"",""routingNumber"":""091000022""}","{""status"":""error"",""errorCode"":""ACH-504"",""message"":""gateway_timeout""}",438,R01,"R01,R02,R03,R04,R07,R08,R10,R29",091000022,"021000021,111000025,091000022,026009593,122105155","payments-service",1778480558,"302b33d6-e0f3-6071-a068-bfe1ee472a7e"
"2026-05-12T05:39:47.000+0000",5451,35644,USD,"1778564388.024","/v1/ach/settlement","/v1/ach/debit,/v1/ach/credit,/v1/ach/status,/v1/ach/verify-account,/v1/ach/settlement,/v1/ach/return",ERROR,"INFO,ERROR,EXIT",2ff3093c53e89814d2a8c58f6c866dbb,"{""transferId"":""ACH-269980"",""action"":""settlement""}","{""status"":""returned"",""achStatus"":""returned"",""returnCode"":""R04"",""reason"":""bank_return""}",1024,R04,"R01,R02,R03,R04,R07,R08,R10,R29",021000021,"021000021,111000025,091000022,026009593,122105155","payments-service",1778564387,"2ff3093c-53e8-9814-d2a8-c58f6c866dbb"
"2026-05-08T07:01:02.000+0000",3524,17327,USD,"1778223663.102","/v1/ach/debit","/v1/ach/debit,/v1/ach/credit,/v1/ach/status,/v1/ach/verify-account,/v1/ach/settlement,/v1/ach/return",INFO,"INFO,ERROR,EXIT",9613fab4ef6e345a7dcc3facbbf61968,"{""type"":""debit"",""amount"":17327,""currency"":""USD"",""accountLast4"":""3524"",""routingNumber"":""021000021""}","{""status"":""pending"",""achStatus"":""submitted"",""estimatedSettlementDate"":""2026-05-09""}",1102,R04,"R01,R02,R03,R04,R07,R08,R10,R29",021000021,"021000021,111000025,091000022,026009593,122105155","payments-service",1778223662,"9613fab4-ef6e-345a-7dcc-3facbbf61968"
"2026-05-08T16:08:05.000+0000",5044,26827,USD,"1778256485.942","/v1/ach/status","/v1/ach/debit,/v1/ach/credit,/v1/ach/status,/v1/ach/verify-account,/v1/ach/settlement,/v1/ach/return",INFO,"INFO,ERROR,EXIT",26cf71adbf1984ff09553082cb4b05aa,"{""transferId"":""ACH-865566"",""action"":""status""}","{""status"":""settled"",""achStatus"":""completed"",""settledAt"":""2026-05-08T16:08:05Z""}",942,R07,"R01,R02,R03,R04,R07,R08,R10,R29",021000021,"021000021,111000025,091000022,026009593,122105155","payments-service",1778256485,"26cf71ad-bf19-84ff-0955-3082cb4b05aa"
"2026-05-10T21:46:49.000+0000",1912,30280,USD,"1778449609.203","/v1/ach/debit","/v1/ach/debit,/v1/ach/credit,/v1/ach/status,/v1/ach/verify-account,/v1/ach/settlement,/v1/ach/return",ERROR,"INFO,ERROR,EXIT",a8f74255102909cac8043729e08b6e1e,"{""type"":""debit"",""amount"":30280,""currency"":""USD"",""accountLast4"":""1912"",""routingNumber"":""021000021""}","{""status"":""returned"",""achStatus"":""returned"",""returnCode"":""R07"",""reason"":""bank_return""}",203,R07,"R01,R02,R03,R04,R07,R08,R10,R29",021000021,"021000021,111000025,091000022,026009593,122105155","payments-service",1778449609,"a8f74255-1029-09ca-c804-3729e08b6e1e"
"2026-05-06T09:20:18.000+0000",5988,44091,USD,"1778059218.625","/v1/ach/credit","/v1/ach/debit,/v1/ach/credit,/v1/ach/status,/v1/ach/verify-account,/v1/ach/settlement,/v1/ach/return",ERROR,"INFO,ERROR,EXIT",c2313c4287920efa71cbcc77c6700adb,"{""type"":""credit"",""amount"":44091,""currency"":""USD"",""destinationAccountLast4"":""5988"",""routingNumber"":""026009593""}","{""status"":""returned"",""achStatus"":""returned"",""returnCode"":""R01"",""reason"":""bank_return""}",625,R01,"R01,R02,R03,R04,R07,R08,R10,R29",026009593,"021000021,111000025,091000022,026009593,122105155","payments-service",1778059218,"c2313c42-8792-0efa-71cb-cc77c6700adb"
"2026-05-08T12:27:21.000+0000",9591,23618,USD,"1778243242.225","/v1/ach/verify-account","/v1/ach/debit,/v1/ach/credit,/v1/ach/status,/v1/ach/verify-account,/v1/ach/settlement,/v1/ach/return",EXIT,"INFO,ERROR,EXIT",dbde1fda1b32822ba7aa7b253c4048a6,"{""accountLast4"":""9591"",""routingNumber"":""026009593""}","{""status"":""error"",""errorCode"":""ACH-504"",""message"":""gateway_timeout""}",1225,R07,"R01,R02,R03,R04,R07,R08,R10,R29",026009593,"021000021,111000025,091000022,026009593,122105155","payments-service",1778243241,"dbde1fda-1b32-822b-a7aa-7b253c4048a6"
"2026-05-09T07:49:05.000+0000",4317,33515,USD,"1778312945.209","/v1/ach/debit","/v1/ach/debit,/v1/ach/credit,/v1/ach/status,/v1/ach/verify-account,/v1/ach/settlement,/v1/ach/return",INFO,"INFO,ERROR,EXIT",c6e40d36c1f2ffc6fe949350e97c9636,"{""type"":""debit"",""amount"":33515,""currency"":""USD"",""accountLast4"":""4317"",""routingNumber"":""122105155""}","{""status"":""pending"",""achStatus"":""submitted"",""estimatedSettlementDate"":""2026-05-10""}",209,R04,"R01,R02,R03,R04,R07,R08,R10,R29",122105155,"021000021,111000025,091000022,026009593,122105155","payments-service",1778312945,"c6e40d36-c1f2-ffc6-fe94-9350e97c9636"
"2026-05-06T09:37:21.000+0000",1475,43269,USD,"1778060241.161","/v1/ach/credit","/v1/ach/debit,/v1/ach/credit,/v1/ach/status,/v1/ach/verify-account,/v1/ach/settlement,/v1/ach/return",INFO,"INFO,ERROR,EXIT",8853d19305f661089f58ace99c02a987,"{""type"":""credit"",""amount"":43269,""currency"":""USD"",""destinationAccountLast4"":""1475"",""routingNumber"":""021000021""}","{""status"":""pending"",""achStatus"":""submitted"",""estimatedSettlementDate"":""2026-05-07""}",161,R03,"R01,R02,R03,R04,R07,R08,R10,R29",021000021,"021000021,111000025,091000022,026009593,122105155","payments-service",1778060241,"8853d193-05f6-6108-9f58-ace99c02a987"
"2026-05-11T20:44:27.000+0000",5293,27945,USD,"1778532267.983","/v1/ach/debit","/v1/ach/debit,/v1/ach/credit,/v1/ach/status,/v1/ach/verify-account,/v1/ach/settlement,/v1/ach/return",INFO,"INFO,ERROR,EXIT",d52f069cbb502de1ae015bf8e07ba673,"{""type"":""debit"",""amount"":27945,""currency"":""USD"",""accountLast4"":""5293"",""routingNumber"":""111000025""}","{""status"":""pending"",""achStatus"":""submitted"",""estimatedSettlementDate"":""2026-05-12""}",983,R08,"R01,R02,R03,R04,R07,R08,R10,R29",111000025,"021000021,111000025,091000022,026009593,122105155","payments-service",1778532267,"d52f069c-bb50-2de1-ae01-5bf8e07ba673"
"2026-05-10T16:53:30.000+0000",2371,21898,USD,"1778432011.162","/v1/ach/status","/v1/ach/debit,/v1/ach/credit,/v1/ach/status,/v1/ach/verify-account,/v1/ach/settlement,/v1/ach/return",EXIT,"INFO,ERROR,EXIT",d78532b52d3cc38fa4ef759d3bbb6cd3,"{""transferId"":""ACH-479074"",""action"":""status""}","{""status"":""error"",""errorCode"":""ACH-504"",""message"":""gateway_timeout""}",1162,R08,"R01,R02,R03,R04,R07,R08,R10,R29",111000025,"021000021,111000025,091000022,026009593,122105155","payments-service",1778432010,"d78532b5-2d3c-c38f-a4ef-759d3bbb6cd3"
"2026-05-08T06:42:39.000+0000",1993,29319,USD,"1778222559.612","/v1/ach/debit","/v1/ach/debit,/v1/ach/credit,/v1/ach/status,/v1/ach/verify-account,/v1/ach/settlement,/v1/ach/return",ERROR,"INFO,ERROR,EXIT",15382cbca93b7cc142279b0d9f67857c,"{""type"":""debit"",""amount"":29319,""currency"":""USD"",""accountLast4"":""1993"",""routingNumber"":""021000021""}","{""status"":""returned"",""achStatus"":""returned"",""returnCode"":""R07"",""reason"":""bank_return""}",612,R07,"R01,R02,R03,R04,R07,R08,R10,R29",021000021,"021000021,111000025,091000022,026009593,122105155","payments-service",1778222559,"15382cbc-a93b-7cc1-4227-9b0d9f67857c"
"2026-05-08T21:29:21.000+0000",6865,3215,USD,"1778275761.391","/v1/ach/settlement","/v1/ach/debit,/v1/ach/credit,/v1/ach/status,/v1/ach/verify-account,/v1/ach/settlement,/v1/ach/return",ERROR,"INFO,ERROR,EXIT",bf16ed5cf06041726dc9ae845b939f60,"{""transferId"":""ACH-897058"",""action"":""settlement""}","{""status"":""returned"",""achStatus"":""returned"",""returnCode"":""R03"",""reason"":""bank_return""}",391,R03,"R01,R02,R03,R04,R07,R08,R10,R29",122105155,"021000021,111000025,091000022,026009593,122105155","payments-service",1778275761,"bf16ed5c-f060-4172-6dc9-ae845b939f60"
"2026-05-06T13:17:22.000+0000",6235,42382,USD,"1778073442.551","/v1/ach/verify-account","/v1/ach/debit,/v1/ach/credit,/v1/ach/status,/v1/ach/verify-account,/v1/ach/settlement,/v1/ach/return",INFO,"INFO,ERROR,EXIT",78bb2fb34c530482d4eeb72b78bb5ece,"{""accountLast4"":""6235"",""routingNumber"":""111000025""}","{""status"":""unknown""}",551,R08,"R01,R02,R03,R04,R07,R08,R10,R29",111000025,"021000021,111000025,091000022,026009593,122105155","payments-service",1778073442,"78bb2fb3-4c53-0482-d4ee-b72b78bb5ece"
"2026-05-10T03:21:41.000+0000",7598,16185,USD,"1778383301.103","/v1/ach/verify-account","/v1/ach/debit,/v1/ach/credit,/v1/ach/status,/v1/ach/verify-account,/v1/ach/settlement,/v1/ach/return",ERROR,"INFO,ERROR,EXIT",c8ca5621ba15665dbd610784ef1d3652,"{""accountLast4"":""7598"",""routingNumber"":""111000025""}","{""status"":""returned"",""achStatus"":""returned"",""returnCode"":""R02"",""reason"":""bank_return""}",103,R02,"R01,R02,R03,R04,R07,R08,R10,R29",111000025,"021000021,111000025,091000022,026009593,122105155","payments-service",1778383301,"c8ca5621-ba15-665d-bd61-0784ef1d3652"
"2026-05-05T11:42:41.000+0000",3037,43453,USD,"1777981361.964","/v1/ach/verify-account","/v1/ach/debit,/v1/ach/credit,/v1/ach/status,/v1/ach/verify-account,/v1/ach/settlement,/v1/ach/return",INFO,"INFO,ERROR,EXIT",a6ef6928389bf089902a72dd65a7e50e,"{""accountLast4"":""3037"",""routingNumber"":""026009593""}","{""status"":""unknown""}",964,R08,"R01,R02,R03,R04,R07,R08,R10,R29",026009593,"021000021,111000025,091000022,026009593,122105155","payments-service",1777981361,"a6ef6928-389b-f089-902a-72dd65a7e50e"
"2026-05-10T22:40:30.000+0000",9679,48342,USD,"1778452830.166","/v1/ach/debit","/v1/ach/debit,/v1/ach/credit,/v1/ach/status,/v1/ach/verify-account,/v1/ach/settlement,/v1/ach/return",ERROR,"INFO,ERROR,EXIT",41062afd918ceb7c901c707c4e10be51,"{""type"":""debit"",""amount"":48342,""currency"":""USD"",""accountLast4"":""9679"",""routingNumber"":""026009593""}","{""status"":""returned"",""achStatus"":""returned"",""returnCode"":""R04"",""reason"":""bank_return""}",166,R04,"R01,R02,R03,R04,R07,R08,R10,R29",026009593,"021000021,111000025,091000022,026009593,122105155","payments-service",1778452830,"41062afd-918c-eb7c-901c-707c4e10be51"
"2026-05-11T22:25:54.000+0000",5123,3840,USD,"1778538354.779","/v1/ach/settlement","/v1/ach/debit,/v1/ach/credit,/v1/ach/status,/v1/ach/verify-account,/v1/ach/settlement,/v1/ach/return",ERROR,"INFO,ERROR,EXIT",a7c3e4ca58ccf94c5dc1d56e6e3701a9,"{""transferId"":""ACH-290894"",""action"":""settlement""}","{""status"":""returned"",""achStatus"":""returned"",""returnCode"":""R03"",""reason"":""bank_return""}",779,R03,"R01,R02,R03,R04,R07,R08,R10,R29",026009593,"021000021,111000025,091000022,026009593,122105155","payments-service",1778538354,"a7c3e4ca-58cc-f94c-5dc1-d56e6e3701a9"
"2026-05-07T06:48:12.000+0000",8267,25355,USD,"1778136493.158","/v1/ach/settlement","/v1/ach/debit,/v1/ach/credit,/v1/ach/status,/v1/ach/verify-account,/v1/ach/settlement,/v1/ach/return",ERROR,"INFO,ERROR,EXIT",20f8451c5dabf389f197ac77f8309aaa,"{""transferId"":""ACH-347163"",""action"":""settlement""}","{""status"":""returned"",""achStatus"":""returned"",""returnCode"":""R01"",""reason"":""bank_return""}",1158,R01,"R01,R02,R03,R04,R07,R08,R10,R29",122105155,"021000021,111000025,091000022,026009593,122105155","payments-service",1778136492,"20f8451c-5dab-f389-f197-ac77f8309aaa"
"2026-05-09T16:42:42.000+0000",7202,40986,USD,"1778344962.788","/v1/ach/settlement","/v1/ach/debit,/v1/ach/credit,/v1/ach/status,/v1/ach/verify-account,/v1/ach/settlement,/v1/ach/return",EXIT,"INFO,ERROR,EXIT",614fcbbde2ca524a9610f4832a36ade2,"{""transferId"":""ACH-777992"",""action"":""settlement""}","{""status"":""error"",""errorCode"":""ACH-504"",""message"":""gateway_timeout""}",788,R08,"R01,R02,R03,R04,R07,R08,R10,R29",021000021,"021000021,111000025,091000022,026009593,122105155","payments-service",1778344962,"614fcbbd-e2ca-524a-9610-f4832a36ade2"
"2026-05-11T08:28:48.000+0000",3975,3461,USD,"1778488128.335","/v1/ach/settlement","/v1/ach/debit,/v1/ach/credit,/v1/ach/status,/v1/ach/verify-account,/v1/ach/settlement,/v1/ach/return",INFO,"INFO,ERROR,EXIT",4fbd128a5c4b3688ba235df207a92a3a,"{""transferId"":""ACH-110942"",""action"":""settlement""}","{""status"":""unknown""}",335,R02,"R01,R02,R03,R04,R07,R08,R10,R29",111000025,"021000021,111000025,091000022,026009593,122105155","payments-service",1778488128,"4fbd128a-5c4b-3688-ba23-5df207a92a3a"
"2026-05-06T10:03:50.000+0000",3075,15137,USD,"1778061830.046","/v1/ach/debit","/v1/ach/debit,/v1/ach/credit,/v1/ach/status,/v1/ach/verify-account,/v1/ach/settlement,/v1/ach/return",ERROR,"INFO,ERROR,EXIT",b72fd20095ca64fc13372ce9c5c0e625,"{""type"":""debit"",""amount"":15137,""currency"":""USD"",""accountLast4"":""3075"",""routingNumber"":""021000021""}","{""status"":""returned"",""achStatus"":""returned"",""returnCode"":""R07"",""reason"":""bank_return""}",46,R07,"R01,R02,R03,R04,R07,R08,R10,R29",021000021,"021000021,111000025,091000022,026009593,122105155","payments-service",1778061830,"b72fd200-95ca-64fc-1337-2ce9c5c0e625"
"2026-05-08T02:59:12.000+0000",4377,16039,USD,"1778209152.921","/v1/ach/debit","/v1/ach/debit,/v1/ach/credit,/v1/ach/status,/v1/ach/verify-account,/v1/ach/settlement,/v1/ach/return",EXIT,"INFO,ERROR,EXIT",9b8ee12a911ea0a837b2f7a5671585b8,"{""type"":""debit"",""amount"":16039,""currency"":""USD"",""accountLast4"":""4377"",""routingNumber"":""111000025""}","{""status"":""error"",""errorCode"":""ACH-504"",""message"":""gateway_timeout""}",921,R04,"R01,R02,R03,R04,R07,R08,R10,R29",111000025,"021000021,111000025,091000022,026009593,122105155","payments-service",1778209152,"9b8ee12a-911e-a0a8-37b2-f7a5671585b8"
"2026-05-07T04:43:24.000+0000",5554,10808,USD,"1778129005.208","/v1/ach/debit","/v1/ach/debit,/v1/ach/credit,/v1/ach/status,/v1/ach/verify-account,/v1/ach/settlement,/v1/ach/return",INFO,"INFO,ERROR,EXIT",811110c65c0472fdac44013a66e7d03a,"{""type"":""debit"",""amount"":10808,""currency"":""USD"",""accountLast4"":""5554"",""routingNumber"":""091000022""}","{""status"":""pending"",""achStatus"":""submitted"",""estimatedSettlementDate"":""2026-05-08""}",1208,R04,"R01,R02,R03,R04,R07,R08,R10,R29",091000022,"021000021,111000025,091000022,026009593,122105155","payments-service",1778129004,"811110c6-5c04-72fd-ac44-013a66e7d03a"
"2026-05-08T22:04:50.000+0000",9199,4991,USD,"1778277890.848","/v1/ach/debit","/v1/ach/debit,/v1/ach/credit,/v1/ach/status,/v1/ach/verify-account,/v1/ach/settlement,/v1/ach/return",INFO,"INFO,ERROR,EXIT",d1bb389e2f558c8dc4764839bed3d88f,"{""type"":""debit"",""amount"":4991,""currency"":""USD"",""accountLast4"":""9199"",""routingNumber"":""026009593""}","{""status"":""pending"",""achStatus"":""submitted"",""estimatedSettlementDate"":""2026-05-09""}",848,R07,"R01,R02,R03,R04,R07,R08,R10,R29",026009593,"021000021,111000025,091000022,026009593,122105155","payments-service",1778277890,"d1bb389e-2f55-8c8d-c476-4839bed3d88f"
"2026-05-06T10:37:30.000+0000",6105,15142,USD,"1778063851.047","/v1/ach/return","/v1/ach/debit,/v1/ach/credit,/v1/ach/status,/v1/ach/verify-account,/v1/ach/settlement,/v1/ach/return",EXIT,"INFO,ERROR,EXIT",e5b45f59f38a6f5b7956676162e43e2e,"{""transferId"":""ACH-516665"",""action"":""return""}","{""status"":""error"",""errorCode"":""ACH-504"",""message"":""gateway_timeout""}",1047,R02,"R01,R02,R03,R04,R07,R08,R10,R29",026009593,"021000021,111000025,091000022,026009593,122105155","payments-service",1778063850,"e5b45f59-f38a-6f5b-7956-676162e43e2e"
"2026-05-06T16:38:57.000+0000",6257,9283,USD,"1778085537.663","/v1/ach/debit","/v1/ach/debit,/v1/ach/credit,/v1/ach/status,/v1/ach/verify-account,/v1/ach/settlement,/v1/ach/return",EXIT,"INFO,ERROR,EXIT",228036b394c87bd7728faffcec8dc213,"{""type"":""debit"",""amount"":9283,""currency"":""USD"",""accountLast4"":""6257"",""routingNumber"":""021000021""}","{""status"":""error"",""errorCode"":""ACH-504"",""message"":""gateway_timeout""}",663,R10,"R01,R02,R03,R04,R07,R08,R10,R29",021000021,"021000021,111000025,091000022,026009593,122105155","payments-service",1778085537,"228036b3-94c8-7bd7-728f-affcec8dc213"
"2026-05-06T00:19:02.000+0000",8720,3870,USD,"1778026742.489","/v1/ach/debit","/v1/ach/debit,/v1/ach/credit,/v1/ach/status,/v1/ach/verify-account,/v1/ach/settlement,/v1/ach/return",EXIT,"INFO,ERROR,EXIT",e41bacce1ff21d0d79c5ec288238652d,"{""type"":""debit"",""amount"":3870,""currency"":""USD"",""accountLast4"":""8720"",""routingNumber"":""021000021""}","{""status"":""error"",""errorCode"":""ACH-504"",""message"":""gateway_timeout""}",489,R08,"R01,R02,R03,R04,R07,R08,R10,R29",021000021,"021000021,111000025,091000022,026009593,122105155","payments-service",1778026742,"e41bacce-1ff2-1d0d-79c5-ec288238652d"
"2026-05-10T17:04:45.000+0000",8210,39912,USD,"1778432686.049","/v1/ach/credit","/v1/ach/debit,/v1/ach/credit,/v1/ach/status,/v1/ach/verify-account,/v1/ach/settlement,/v1/ach/return",ERROR,"INFO,ERROR,EXIT",3b8725532d4296deb5c158f8557b15fa,"{""type"":""credit"",""amount"":39912,""currency"":""USD"",""destinationAccountLast4"":""8210"",""routingNumber"":""091000022""}","{""status"":""returned"",""achStatus"":""returned"",""returnCode"":""R03"",""reason"":""bank_return""}",1049,R03,"R01,R02,R03,R04,R07,R08,R10,R29",091000022,"021000021,111000025,091000022,026009593,122105155","payments-service",1778432685,"3b872553-2d42-96de-b5c1-58f8557b15fa"
"2026-05-08T00:35:42.000+0000",4903,18326,USD,"1778200543.124","/v1/ach/debit","/v1/ach/debit,/v1/ach/credit,/v1/ach/status,/v1/ach/verify-account,/v1/ach/settlement,/v1/ach/return",ERROR,"INFO,ERROR,EXIT",1593495c217973fa78a233723fb356c3,"{""type"":""debit"",""amount"":18326,""currency"":""USD"",""accountLast4"":""4903"",""routingNumber"":""026009593""}","{""status"":""returned"",""achStatus"":""returned"",""returnCode"":""R10"",""reason"":""bank_return""}",1124,R10,"R01,R02,R03,R04,R07,R08,R10,R29",026009593,"021000021,111000025,091000022,026009593,122105155","payments-service",1778200542,"1593495c-2179-73fa-78a2-33723fb356c3"
"2026-05-06T14:43:08.000+0000",7756,38664,USD,"1778078588.722","/v1/ach/settlement","/v1/ach/debit,/v1/ach/credit,/v1/ach/status,/v1/ach/verify-account,/v1/ach/settlement,/v1/ach/return",EXIT,"INFO,ERROR,EXIT",e567dee3b693ddd0352446174469544e,"{""transferId"":""ACH-691771"",""action"":""settlement""}","{""status"":""error"",""errorCode"":""ACH-504"",""message"":""gateway_timeout""}",722,R03,"R01,R02,R03,R04,R07,R08,R10,R29",021000021,"021000021,111000025,091000022,026009593,122105155","payments-service",1778078588,"e567dee3-b693-ddd0-3524-46174469544e"
"2026-05-05T17:07:26.000+0000",7056,16937,USD,"1778000846.662","/v1/ach/settlement","/v1/ach/debit,/v1/ach/credit,/v1/ach/status,/v1/ach/verify-account,/v1/ach/settlement,/v1/ach/return",INFO,"INFO,ERROR,EXIT",dfd0fa5ce7402371b76574954ee8b771,"{""transferId"":""ACH-126478"",""action"":""settlement""}","{""status"":""unknown""}",662,R07,"R01,R02,R03,R04,R07,R08,R10,R29",091000022,"021000021,111000025,091000022,026009593,122105155","payments-service",1778000846,"dfd0fa5c-e740-2371-b765-74954ee8b771"
"2026-05-07T14:03:49.000+0000",8801,8485,USD,"1778162629.098","/v1/ach/debit","/v1/ach/debit,/v1/ach/credit,/v1/ach/status,/v1/ach/verify-account,/v1/ach/settlement,/v1/ach/return",INFO,"INFO,ERROR,EXIT",6cfe40296979e89c6cf11e938e9ad258,"{""type"":""debit"",""amount"":8485,""currency"":""USD"",""accountLast4"":""8801"",""routingNumber"":""026009593""}","{""status"":""pending"",""achStatus"":""submitted"",""estimatedSettlementDate"":""2026-05-08""}",98,R10,"R01,R02,R03,R04,R07,R08,R10,R29",026009593,"021000021,111000025,091000022,026009593,122105155","payments-service",1778162629,"6cfe4029-6979-e89c-6cf1-1e938e9ad258"
"2026-05-10T16:31:43.000+0000",9075,4749,USD,"1778430704.007","/v1/ach/verify-account","/v1/ach/debit,/v1/ach/credit,/v1/ach/status,/v1/ach/verify-account,/v1/ach/settlement,/v1/ach/return",INFO,"INFO,ERROR,EXIT",7501455d59d241e77793c92a11b2ac0c,"{""accountLast4"":""9075"",""routingNumber"":""111000025""}","{""status"":""unknown""}",1007,R08,"R01,R02,R03,R04,R07,R08,R10,R29",111000025,"021000021,111000025,091000022,026009593,122105155","payments-service",1778430703,"7501455d-59d2-41e7-7793-c92a11b2ac0c"
"2026-05-08T05:24:49.000+0000",3256,13089,USD,"1778217890.077","/v1/ach/status","/v1/ach/debit,/v1/ach/credit,/v1/ach/status,/v1/ach/verify-account,/v1/ach/settlement,/v1/ach/return",EXIT,"INFO,ERROR,EXIT",63c52886e4fd5f691ac2ffa124d30668,"{""transferId"":""ACH-866326"",""action"":""status""}","{""status"":""error"",""errorCode"":""ACH-504"",""message"":""gateway_timeout""}",1077,R01,"R01,R02,R03,R04,R07,R08,R10,R29",111000025,"021000021,111000025,091000022,026009593,122105155","payments-service",1778217889,"63c52886-e4fd-5f69-1ac2-ffa124d30668"
"2026-05-05T10:46:09.000+0000",9168,46080,USD,"1777977969.112","/v1/ach/verify-account","/v1/ach/debit,/v1/ach/credit,/v1/ach/status,/v1/ach/verify-account,/v1/ach/settlement,/v1/ach/return",INFO,"INFO,ERROR,EXIT",459e06763c9d476647809cd92b2c15c6,"{""accountLast4"":""9168"",""routingNumber"":""111000025""}","{""status"":""unknown""}",112,R02,"R01,R02,R03,R04,R07,R08,R10,R29",111000025,"021000021,111000025,091000022,026009593,122105155","payments-service",1777977969,"459e0676-3c9d-4766-4780-9cd92b2c15c6"
"2026-05-08T14:24:46.000+0000",3669,26709,USD,"1778250286.062","/v1/ach/settlement","/v1/ach/debit,/v1/ach/credit,/v1/ach/status,/v1/ach/verify-account,/v1/ach/settlement,/v1/ach/return",ERROR,"INFO,ERROR,EXIT",9e2e038368af4edfb5c6e455d2c28a3a,"{""transferId"":""ACH-111661"",""action"":""settlement""}","{""status"":""returned"",""achStatus"":""returned"",""returnCode"":""R08"",""reason"":""bank_return""}",62,R08,"R01,R02,R03,R04,R07,R08,R10,R29",091000022,"021000021,111000025,091000022,026009593,122105155","payments-service",1778250286,"9e2e0383-68af-4edf-b5c6-e455d2c28a3a"
"2026-05-11T22:49:16.000+0000",7168,9792,USD,"1778539756.986","/v1/ach/credit","/v1/ach/debit,/v1/ach/credit,/v1/ach/status,/v1/ach/verify-account,/v1/ach/settlement,/v1/ach/return",EXIT,"INFO,ERROR,EXIT",ab22588d1e543992b4630020ad458e69,"{""type"":""credit"",""amount"":9792,""currency"":""USD"",""destinationAccountLast4"":""7168"",""routingNumber"":""026009593""}","{""status"":""error"",""errorCode"":""ACH-504"",""message"":""gateway_timeout""}",986,R08,"R01,R02,R03,R04,R07,R08,R10,R29",026009593,"021000021,111000025,091000022,026009593,122105155","payments-service",1778539756,"ab22588d-1e54-3992-b463-0020ad458e69"
"2026-05-06T20:27:22.000+0000",3642,13910,USD,"1778099242.358","/v1/ach/settlement","/v1/ach/debit,/v1/ach/credit,/v1/ach/status,/v1/ach/verify-account,/v1/ach/settlement,/v1/ach/return",ERROR,"INFO,ERROR,EXIT",cf9207fd864080e0b89e0e3114fb30f0,"{""transferId"":""ACH-149727"",""action"":""settlement""}","{""status"":""returned"",""achStatus"":""returned"",""returnCode"":""R04"",""reason"":""bank_return""}",358,R04,"R01,R02,R03,R04,R07,R08,R10,R29",021000021,"021000021,111000025,091000022,026009593,122105155","payments-service",1778099242,"cf9207fd-8640-80e0-b89e-0e3114fb30f0"
"2026-05-11T10:36:20.000+0000",3131,48258,USD,"1778495780.532","/v1/ach/verify-account","/v1/ach/debit,/v1/ach/credit,/v1/ach/status,/v1/ach/verify-account,/v1/ach/settlement,/v1/ach/return",INFO,"INFO,ERROR,EXIT",fbc9b7e063c9ac6e0dab9b441c342c2c,"{""accountLast4"":""3131"",""routingNumber"":""026009593""}","{""status"":""unknown""}",532,R02,"R01,R02,R03,R04,R07,R08,R10,R29",026009593,"021000021,111000025,091000022,026009593,122105155","payments-service",1778495780,"fbc9b7e0-63c9-ac6e-0dab-9b441c342c2c"
"2026-05-11T00:02:07.000+0000",7844,14797,USD,"1778457727.542","/v1/ach/credit","/v1/ach/debit,/v1/ach/credit,/v1/ach/status,/v1/ach/verify-account,/v1/ach/settlement,/v1/ach/return",EXIT,"INFO,ERROR,EXIT",ac0d7d5f17d03db855fbc39517282b83,"{""type"":""credit"",""amount"":14797,""currency"":""USD"",""destinationAccountLast4"":""7844"",""routingNumber"":""091000022""}","{""status"":""error"",""errorCode"":""ACH-504"",""message"":""gateway_timeout""}",542,R04,"R01,R02,R03,R04,R07,R08,R10,R29",091000022,"021000021,111000025,091000022,026009593,122105155","payments-service",1778457727,"ac0d7d5f-17d0-3db8-55fb-c39517282b83"
"2026-05-11T18:16:17.000+0000",6114,3291,USD,"1778523377.193","/v1/ach/return","/v1/ach/debit,/v1/ach/credit,/v1/ach/status,/v1/ach/verify-account,/v1/ach/settlement,/v1/ach/return",ERROR,"INFO,ERROR,EXIT",687357beca8e4d29f0b0efae5d9286e2,"{""transferId"":""ACH-411021"",""action"":""return""}","{""status"":""returned"",""achStatus"":""returned"",""returnCode"":""R29"",""reason"":""bank_return""}",193,R29,"R01,R02,R03,R04,R07,R08,R10,R29",026009593,"021000021,111000025,091000022,026009593,122105155","payments-service",1778523377,"687357be-ca8e-4d29-f0b0-efae5d9286e2"
"2026-05-12T03:50:27.000+0000",9751,8190,USD,"1778557827.543","/v1/ach/status","/v1/ach/debit,/v1/ach/credit,/v1/ach/status,/v1/ach/verify-account,/v1/ach/settlement,/v1/ach/return",ERROR,"INFO,ERROR,EXIT",db2bd58b4a018229c3342fc350f09905,"{""transferId"":""ACH-620416"",""action"":""status""}","{""status"":""returned"",""achStatus"":""returned"",""returnCode"":""R01"",""reason"":""bank_return""}",543,R01,"R01,R02,R03,R04,R07,R08,R10,R29",026009593,"021000021,111000025,091000022,026009593,122105155","payments-service",1778557827,"db2bd58b-4a01-8229-c334-2fc350f09905"
"2026-05-05T14:07:24.000+0000",3435,29182,USD,"1777990044.61","/v1/ach/verify-account","/v1/ach/debit,/v1/ach/credit,/v1/ach/status,/v1/ach/verify-account,/v1/ach/settlement,/v1/ach/return",ERROR,"INFO,ERROR,EXIT",f06d34a8dbcea42feda4ce9c4a163765,"{""accountLast4"":""3435"",""routingNumber"":""021000021""}","{""status"":""returned"",""achStatus"":""returned"",""returnCode"":""R08"",""reason"":""bank_return""}",610,R08,"R01,R02,R03,R04,R07,R08,R10,R29",021000021,"021000021,111000025,091000022,026009593,122105155","payments-service",1777990044,"f06d34a8-dbce-a42f-eda4-ce9c4a163765"
"2026-05-12T03:40:43.000+0000",8416,26494,USD,"1778557243.864","/v1/ach/debit","/v1/ach/debit,/v1/ach/credit,/v1/ach/status,/v1/ach/verify-account,/v1/ach/settlement,/v1/ach/return",EXIT,"INFO,ERROR,EXIT",5d71c129079d58b3e3d39e94a6462bb5,"{""type"":""debit"",""amount"":26494,""currency"":""USD"",""accountLast4"":""8416"",""routingNumber"":""122105155""}","{""status"":""error"",""errorCode"":""ACH-504"",""message"":""gateway_timeout""}",864,R02,"R01,R02,R03,R04,R07,R08,R10,R29",122105155,"021000021,111000025,091000022,026009593,122105155","payments-service",1778557243,"5d71c129-079d-58b3-e3d3-9e94a6462bb5"
"2026-05-11T15:21:33.000+0000",7792,32352,USD,"1778512893.72","/v1/ach/settlement","/v1/ach/debit,/v1/ach/credit,/v1/ach/status,/v1/ach/verify-account,/v1/ach/settlement,/v1/ach/return",ERROR,"INFO,ERROR,EXIT",09b117f58a421a57b3aeeabccbf722ae,"{""transferId"":""ACH-199505"",""action"":""settlement""}","{""status"":""returned"",""achStatus"":""returned"",""returnCode"":""R29"",""reason"":""bank_return""}",720,R29,"R01,R02,R03,R04,R07,R08,R10,R29",111000025,"021000021,111000025,091000022,026009593,122105155","payments-service",1778512893,"09b117f5-8a42-1a57-b3ae-eabccbf722ae"
"2026-05-11T21:20:45.000+0000",3378,20302,USD,"1778534446.239","/v1/ach/verify-account","/v1/ach/debit,/v1/ach/credit,/v1/ach/status,/v1/ach/verify-account,/v1/ach/settlement,/v1/ach/return",EXIT,"INFO,ERROR,EXIT",1ee9d2a58028ef08d0b7e19d75815d11,"{""accountLast4"":""3378"",""routingNumber"":""122105155""}","{""status"":""error"",""errorCode"":""ACH-504"",""message"":""gateway_timeout""}",1239,R04,"R01,R02,R03,R04,R07,R08,R10,R29",122105155,"021000021,111000025,091000022,026009593,122105155","payments-service",1778534445,"1ee9d2a5-8028-ef08-d0b7-e19d75815d11"
"2026-05-09T13:21:45.000+0000",1066,43810,USD,"1778332905.227","/v1/ach/verify-account","/v1/ach/debit,/v1/ach/credit,/v1/ach/status,/v1/ach/verify-account,/v1/ach/settlement,/v1/ach/return",EXIT,"INFO,ERROR,EXIT",7128210fbb3584a7f91d5f5cfb2d3870,"{""accountLast4"":""1066"",""routingNumber"":""091000022""}","{""status"":""error"",""errorCode"":""ACH-504"",""message"":""gateway_timeout""}",227,R08,"R01,R02,R03,R04,R07,R08,R10,R29",091000022,"021000021,111000025,091000022,026009593,122105155","payments-service",1778332905,"7128210f-bb35-84a7-f91d-5f5cfb2d3870"
"2026-05-09T12:10:32.000+0000",7948,31100,USD,"1778328632.243","/v1/ach/status","/v1/ach/debit,/v1/ach/credit,/v1/ach/status,/v1/ach/verify-account,/v1/ach/settlement,/v1/ach/return",ERROR,"INFO,ERROR,EXIT",dbda2505da07180f6ee268aa3e67bdee,"{""transferId"":""ACH-321219"",""action"":""status""}","{""status"":""returned"",""achStatus"":""returned"",""returnCode"":""R03"",""reason"":""bank_return""}",243,R03,"R01,R02,R03,R04,R07,R08,R10,R29",111000025,"021000021,111000025,091000022,026009593,122105155","payments-service",1778328632,"dbda2505-da07-180f-6ee2-68aa3e67bdee"
"2026-05-08T15:53:02.000+0000",2650,45683,USD,"1778255583.213","/v1/ach/credit","/v1/ach/debit,/v1/ach/credit,/v1/ach/status,/v1/ach/verify-account,/v1/ach/settlement,/v1/ach/return",EXIT,"INFO,ERROR,EXIT",3a7c45560bdfe233a79ea552e84df313,"{""type"":""credit"",""amount"":45683,""currency"":""USD"",""destinationAccountLast4"":""2650"",""routingNumber"":""111000025""}","{""status"":""error"",""errorCode"":""ACH-504"",""message"":""gateway_timeout""}",1213,R04,"R01,R02,R03,R04,R07,R08,R10,R29",111000025,"021000021,111000025,091000022,026009593,122105155","payments-service",1778255582,"3a7c4556-0bdf-e233-a79e-a552e84df313"
"2026-05-09T17:08:07.000+0000",7623,10131,USD,"1778346487.102","/v1/ach/verify-account","/v1/ach/debit,/v1/ach/credit,/v1/ach/status,/v1/ach/verify-account,/v1/ach/settlement,/v1/ach/return",ERROR,"INFO,ERROR,EXIT",e6dc52bc236c58deb9a292d5553c4981,"{""accountLast4"":""7623"",""routingNumber"":""026009593""}","{""status"":""returned"",""achStatus"":""returned"",""returnCode"":""R02"",""reason"":""bank_return""}",102,R02,"R01,R02,R03,R04,R07,R08,R10,R29",026009593,"021000021,111000025,091000022,026009593,122105155","payments-service",1778346487,"e6dc52bc-236c-58de-b9a2-92d5553c4981"
"2026-05-06T00:06:41.000+0000",7419,37334,USD,"1778026001.833","/v1/ach/verify-account","/v1/ach/debit,/v1/ach/credit,/v1/ach/status,/v1/ach/verify-account,/v1/ach/settlement,/v1/ach/return",EXIT,"INFO,ERROR,EXIT",db95a242f0834497e2f024c23b58b13e,"{""accountLast4"":""7419"",""routingNumber"":""111000025""}","{""status"":""error"",""errorCode"":""ACH-504"",""message"":""gateway_timeout""}",833,R29,"R01,R02,R03,R04,R07,R08,R10,R29",111000025,"021000021,111000025,091000022,026009593,122105155","payments-service",1778026001,"db95a242-f083-4497-e2f0-24c23b58b13e"
"2026-05-06T17:21:49.000+0000",1821,4350,USD,"1778088110.15","/v1/ach/status","/v1/ach/debit,/v1/ach/credit,/v1/ach/status,/v1/ach/verify-account,/v1/ach/settlement,/v1/ach/return",EXIT,"INFO,ERROR,EXIT",6dbcd204a46b216ee8620e7733e20094,"{""transferId"":""ACH-357442"",""action"":""status""}","{""status"":""error"",""errorCode"":""ACH-504"",""message"":""gateway_timeout""}",1150,R04,"R01,R02,R03,R04,R07,R08,R10,R29",122105155,"021000021,111000025,091000022,026009593,122105155","payments-service",1778088109,"6dbcd204-a46b-216e-e862-0e7733e20094"
"2026-05-07T18:06:27.000+0000",8933,14058,USD,"1778177188.198","/v1/ach/settlement","/v1/ach/debit,/v1/ach/credit,/v1/ach/status,/v1/ach/verify-account,/v1/ach/settlement,/v1/ach/return",ERROR,"INFO,ERROR,EXIT",6a8a2e793cdeeff300236ab92c0571fb,"{""transferId"":""ACH-842261"",""action"":""settlement""}","{""status"":""returned"",""achStatus"":""returned"",""returnCode"":""R07"",""reason"":""bank_return""}",1198,R07,"R01,R02,R03,R04,R07,R08,R10,R29",122105155,"021000021,111000025,091000022,026009593,122105155","payments-service",1778177187,"6a8a2e79-3cde-eff3-0023-6ab92c0571fb"
"2026-05-08T14:11:36.000+0000",2757,13978,USD,"1778249496.298","/v1/ach/settlement","/v1/ach/debit,/v1/ach/credit,/v1/ach/status,/v1/ach/verify-account,/v1/ach/settlement,/v1/ach/return",INFO,"INFO,ERROR,EXIT",f92399bee6ef89cfecc06034efb75fe9,"{""transferId"":""ACH-148968"",""action"":""settlement""}","{""status"":""unknown""}",298,R10,"R01,R02,R03,R04,R07,R08,R10,R29",122105155,"021000021,111000025,091000022,026009593,122105155","payments-service",1778249496,"f92399be-e6ef-89cf-ecc0-6034efb75fe9"
"2026-05-06T18:41:29.000+0000",1046,17100,USD,"1778092889.783","/v1/ach/return","/v1/ach/debit,/v1/ach/credit,/v1/ach/status,/v1/ach/verify-account,/v1/ach/settlement,/v1/ach/return",EXIT,"INFO,ERROR,EXIT",db9cdfe57da13d28bd31e80a8b6a1502,"{""transferId"":""ACH-580074"",""action"":""return""}","{""status"":""error"",""errorCode"":""ACH-504"",""message"":""gateway_timeout""}",783,R03,"R01,R02,R03,R04,R07,R08,R10,R29",122105155,"021000021,111000025,091000022,026009593,122105155","payments-service",1778092889,"db9cdfe5-7da1-3d28-bd31-e80a8b6a1502"
"2026-05-06T03:30:25.000+0000",2027,20159,USD,"1778038226.111","/v1/ach/return","/v1/ach/debit,/v1/ach/credit,/v1/ach/status,/v1/ach/verify-account,/v1/ach/settlement,/v1/ach/return",INFO,"INFO,ERROR,EXIT",1bbf8cbdca6ae15067f0291f465dffbe,"{""transferId"":""ACH-158946"",""action"":""return""}","{""status"":""unknown""}",1111,R07,"R01,R02,R03,R04,R07,R08,R10,R29",091000022,"021000021,111000025,091000022,026009593,122105155","payments-service",1778038225,"1bbf8cbd-ca6a-e150-67f0-291f465dffbe"
"2026-05-06T10:48:32.000+0000",3308,43809,USD,"1778064512.188","/v1/ach/settlement","/v1/ach/debit,/v1/ach/credit,/v1/ach/status,/v1/ach/verify-account,/v1/ach/settlement,/v1/ach/return",EXIT,"INFO,ERROR,EXIT",16092b75e2b367e28a15556d4b2210dc,"{""transferId"":""ACH-944901"",""action"":""settlement""}","{""status"":""error"",""errorCode"":""ACH-504"",""message"":""gateway_timeout""}",188,R10,"R01,R02,R03,R04,R07,R08,R10,R29",021000021,"021000021,111000025,091000022,026009593,122105155","payments-service",1778064512,"16092b75-e2b3-67e2-8a15-556d4b2210dc"
"2026-05-07T19:54:05.000+0000",4134,20893,USD,"1778183646.091","/v1/ach/debit","/v1/ach/debit,/v1/ach/credit,/v1/ach/status,/v1/ach/verify-account,/v1/ach/settlement,/v1/ach/return",INFO,"INFO,ERROR,EXIT",0bec400e90228246911b8e6a82ec43a1,"{""type"":""debit"",""amount"":20893,""currency"":""USD"",""accountLast4"":""4134"",""routingNumber"":""021000021""}","{""status"":""pending"",""achStatus"":""submitted"",""estimatedSettlementDate"":""2026-05-08""}",1091,R07,"R01,R02,R03,R04,R07,R08,R10,R29",021000021,"021000021,111000025,091000022,026009593,122105155","payments-service",1778183645,"0bec400e-9022-8246-911b-8e6a82ec43a1"
"2026-05-07T12:34:35.000+0000",7841,5530,USD,"1778157275.402","/v1/ach/status","/v1/ach/debit,/v1/ach/credit,/v1/ach/status,/v1/ach/verify-account,/v1/ach/settlement,/v1/ach/return",EXIT,"INFO,ERROR,EXIT",3196ccfda163804ed92390324fdb209e,"{""transferId"":""ACH-726533"",""action"":""status""}","{""status"":""error"",""errorCode"":""ACH-504"",""message"":""gateway_timeout""}",402,R04,"R01,R02,R03,R04,R07,R08,R10,R29",122105155,"021000021,111000025,091000022,026009593,122105155","payments-service",1778157275,"3196ccfd-a163-804e-d923-90324fdb209e"
"2026-05-08T23:02:54.000+0000",3577,32445,USD,"1778281374.352","/v1/ach/verify-account","/v1/ach/debit,/v1/ach/credit,/v1/ach/status,/v1/ach/verify-account,/v1/ach/settlement,/v1/ach/return",EXIT,"INFO,ERROR,EXIT",e3ec87b94a501414bc1da93acab6fa5e,"{""accountLast4"":""3577"",""routingNumber"":""026009593""}","{""status"":""error"",""errorCode"":""ACH-504"",""message"":""gateway_timeout""}",352,R02,"R01,R02,R03,R04,R07,R08,R10,R29",026009593,"021000021,111000025,091000022,026009593,122105155","payments-service",1778281374,"e3ec87b9-4a50-1414-bc1d-a93acab6fa5e"
"2026-05-06T18:43:34.000+0000",1263,37690,USD,"1778093015.177","/v1/ach/status","/v1/ach/debit,/v1/ach/credit,/v1/ach/status,/v1/ach/verify-account,/v1/ach/settlement,/v1/ach/return",ERROR,"INFO,ERROR,EXIT",efab25ad1cbba59748445070ef057066,"{""transferId"":""ACH-336373"",""action"":""status""}","{""status"":""returned"",""achStatus"":""returned"",""returnCode"":""R29"",""reason"":""bank_return""}",1177,R29,"R01,R02,R03,R04,R07,R08,R10,R29",026009593,"021000021,111000025,091000022,026009593,122105155","payments-service",1778093014,"efab25ad-1cbb-a597-4844-5070ef057066"
"2026-05-10T03:42:12.000+0000",3104,3703,USD,"1778384532.998","/v1/ach/status","/v1/ach/debit,/v1/ach/credit,/v1/ach/status,/v1/ach/verify-account,/v1/ach/settlement,/v1/ach/return",ERROR,"INFO,ERROR,EXIT",e1df1a0a5c63af4bcfe54b6c7187aaef,"{""transferId"":""ACH-859642"",""action"":""status""}","{""status"":""returned"",""achStatus"":""returned"",""returnCode"":""R08"",""reason"":""bank_return""}",998,R08,"R01,R02,R03,R04,R07,R08,R10,R29",122105155,"021000021,111000025,091000022,026009593,122105155","payments-service",1778384532,"e1df1a0a-5c63-af4b-cfe5-4b6c7187aaef"
"2026-05-07T20:26:10.000+0000",1205,10520,USD,"1778185570.616","/v1/ach/status","/v1/ach/debit,/v1/ach/credit,/v1/ach/status,/v1/ach/verify-account,/v1/ach/settlement,/v1/ach/return",EXIT,"INFO,ERROR,EXIT",1db100eac13dfda9d97cafdcb3f36242,"{""transferId"":""ACH-665741"",""action"":""status""}","{""status"":""error"",""errorCode"":""ACH-504"",""message"":""gateway_timeout""}",616,R01,"R01,R02,R03,R04,R07,R08,R10,R29",021000021,"021000021,111000025,091000022,026009593,122105155","payments-service",1778185570,"1db100ea-c13d-fda9-d97c-afdcb3f36242"
"2026-05-06T21:40:13.000+0000",4019,48885,USD,"1778103614.177","/v1/ach/verify-account","/v1/ach/debit,/v1/ach/credit,/v1/ach/status,/v1/ach/verify-account,/v1/ach/settlement,/v1/ach/return",ERROR,"INFO,ERROR,EXIT",b80d69bd43d30708d26bb014366a8d0f,"{""accountLast4"":""4019"",""routingNumber"":""026009593""}","{""status"":""returned"",""achStatus"":""returned"",""returnCode"":""R03"",""reason"":""bank_return""}",1177,R03,"R01,R02,R03,R04,R07,R08,R10,R29",026009593,"021000021,111000025,091000022,026009593,122105155","payments-service",1778103613,"b80d69bd-43d3-0708-d26b-b014366a8d0f"
"2026-05-11T03:16:25.000+0000",1741,13765,USD,"1778469385.808","/v1/ach/status","/v1/ach/debit,/v1/ach/credit,/v1/ach/status,/v1/ach/verify-account,/v1/ach/settlement,/v1/ach/return",INFO,"INFO,ERROR,EXIT",62f2899c48093393968f72ca7d7b0753,"{""transferId"":""ACH-335331"",""action"":""status""}","{""status"":""settled"",""achStatus"":""completed"",""settledAt"":""2026-05-11T03:16:25Z""}",808,R29,"R01,R02,R03,R04,R07,R08,R10,R29",026009593,"021000021,111000025,091000022,026009593,122105155","payments-service",1778469385,"62f2899c-4809-3393-968f-72ca7d7b0753"
"2026-05-09T15:32:28.000+0000",8512,9184,USD,"1778340748.153","/v1/ach/return","/v1/ach/debit,/v1/ach/credit,/v1/ach/status,/v1/ach/verify-account,/v1/ach/settlement,/v1/ach/return",EXIT,"INFO,ERROR,EXIT",61e1084cbb042df677d21eeaf3cfcdd0,"{""transferId"":""ACH-343028"",""action"":""return""}","{""status"":""error"",""errorCode"":""ACH-504"",""message"":""gateway_timeout""}",153,R04,"R01,R02,R03,R04,R07,R08,R10,R29",122105155,"021000021,111000025,091000022,026009593,122105155","payments-service",1778340748,"61e1084c-bb04-2df6-77d2-1eeaf3cfcdd0"
"2026-05-08T23:47:29.000+0000",9553,9286,USD,"1778284049.22","/v1/ach/credit","/v1/ach/debit,/v1/ach/credit,/v1/ach/status,/v1/ach/verify-account,/v1/ach/settlement,/v1/ach/return",INFO,"INFO,ERROR,EXIT",f54d83b89f465d2a3d0270a4e635eaf7,"{""type"":""credit"",""amount"":9286,""currency"":""USD"",""destinationAccountLast4"":""9553"",""routingNumber"":""021000021""}","{""status"":""pending"",""achStatus"":""submitted"",""estimatedSettlementDate"":""2026-05-09""}",220,R01,"R01,R02,R03,R04,R07,R08,R10,R29",021000021,"021000021,111000025,091000022,026009593,122105155","payments-service",1778284049,"f54d83b8-9f46-5d2a-3d02-70a4e635eaf7"
"2026-05-08T04:56:33.000+0000",8976,33578,USD,"1778216193.691","/v1/ach/credit","/v1/ach/debit,/v1/ach/credit,/v1/ach/status,/v1/ach/verify-account,/v1/ach/settlement,/v1/ach/return",INFO,"INFO,ERROR,EXIT",d85d9338171912b24fce4200b89585b6,"{""type"":""credit"",""amount"":33578,""currency"":""USD"",""destinationAccountLast4"":""8976"",""routingNumber"":""026009593""}","{""status"":""pending"",""achStatus"":""submitted"",""estimatedSettlementDate"":""2026-05-09""}",691,R10,"R01,R02,R03,R04,R07,R08,R10,R29",026009593,"021000021,111000025,091000022,026009593,122105155","payments-service",1778216193,"d85d9338-1719-12b2-4fce-4200b89585b6"
"2026-05-09T04:38:27.000+0000",8105,25671,USD,"1778301507.417","/v1/ach/settlement","/v1/ach/debit,/v1/ach/credit,/v1/ach/status,/v1/ach/verify-account,/v1/ach/settlement,/v1/ach/return",EXIT,"INFO,ERROR,EXIT",23cd1f0837880c7d08ce2fe8f63956d9,"{""transferId"":""ACH-321264"",""action"":""settlement""}","{""status"":""error"",""errorCode"":""ACH-504"",""message"":""gateway_timeout""}",417,R03,"R01,R02,R03,R04,R07,R08,R10,R29",111000025,"021000021,111000025,091000022,026009593,122105155","payments-service",1778301507,"23cd1f08-3788-0c7d-08ce-2fe8f63956d9"
"2026-05-09T15:19:18.000+0000",8731,45626,USD,"1778339959.2","/v1/ach/credit","/v1/ach/debit,/v1/ach/credit,/v1/ach/status,/v1/ach/verify-account,/v1/ach/settlement,/v1/ach/return",ERROR,"INFO,ERROR,EXIT",220a2019e00135b90f30c9fdc6aee8ba,"{""type"":""credit"",""amount"":45626,""currency"":""USD"",""destinationAccountLast4"":""8731"",""routingNumber"":""111000025""}","{""status"":""returned"",""achStatus"":""returned"",""returnCode"":""R03"",""reason"":""bank_return""}",1200,R03,"R01,R02,R03,R04,R07,R08,R10,R29",111000025,"021000021,111000025,091000022,026009593,122105155","payments-service",1778339958,"220a2019-e001-35b9-0f30-c9fdc6aee8ba"
"2026-05-12T00:30:11.000+0000",9437,7238,USD,"1778545811.126","/v1/ach/debit","/v1/ach/debit,/v1/ach/credit,/v1/ach/status,/v1/ach/verify-account,/v1/ach/settlement,/v1/ach/return",ERROR,"INFO,ERROR,EXIT",e2680ccf11e00b7f44332a4cb4f103fa,"{""type"":""debit"",""amount"":7238,""currency"":""USD"",""accountLast4"":""9437"",""routingNumber"":""122105155""}","{""status"":""returned"",""achStatus"":""returned"",""returnCode"":""R29"",""reason"":""bank_return""}",126,R29,"R01,R02,R03,R04,R07,R08,R10,R29",122105155,"021000021,111000025,091000022,026009593,122105155","payments-service",1778545811,"e2680ccf-11e0-0b7f-4433-2a4cb4f103fa"
"2026-05-10T04:05:06.000+0000",8884,14770,USD,"1778385906.427","/v1/ach/status","/v1/ach/debit,/v1/ach/credit,/v1/ach/status,/v1/ach/verify-account,/v1/ach/settlement,/v1/ach/return",ERROR,"INFO,ERROR,EXIT",5b8cc8c67a323d7b1dbc1702ae5317d3,"{""transferId"":""ACH-661314"",""action"":""status""}","{""status"":""returned"",""achStatus"":""returned"",""returnCode"":""R02"",""reason"":""bank_return""}",427,R02,"R01,R02,R03,R04,R07,R08,R10,R29",111000025,"021000021,111000025,091000022,026009593,122105155","payments-service",1778385906,"5b8cc8c6-7a32-3d7b-1dbc-1702ae5317d3"
"2026-05-10T09:04:18.000+0000",7662,27792,USD,"1778403859.224","/v1/ach/settlement","/v1/ach/debit,/v1/ach/credit,/v1/ach/status,/v1/ach/verify-account,/v1/ach/settlement,/v1/ach/return",EXIT,"INFO,ERROR,EXIT",6692f672b35b845c4d2eb09a921ed1dc,"{""transferId"":""ACH-348977"",""action"":""settlement""}","{""status"":""error"",""errorCode"":""ACH-504"",""message"":""gateway_timeout""}",1224,R04,"R01,R02,R03,R04,R07,R08,R10,R29",111000025,"021000021,111000025,091000022,026009593,122105155","payments-service",1778403858,"6692f672-b35b-845c-4d2e-b09a921ed1dc"
"2026-05-10T00:57:02.000+0000",3222,4430,USD,"1778374622.196","/v1/ach/return","/v1/ach/debit,/v1/ach/credit,/v1/ach/status,/v1/ach/verify-account,/v1/ach/settlement,/v1/ach/return",EXIT,"INFO,ERROR,EXIT",16e6e9a51914453428e87696a7bbc54d,"{""transferId"":""ACH-938925"",""action"":""return""}","{""status"":""error"",""errorCode"":""ACH-504"",""message"":""gateway_timeout""}",196,R10,"R01,R02,R03,R04,R07,R08,R10,R29",122105155,"021000021,111000025,091000022,026009593,122105155","payments-service",1778374622,"16e6e9a5-1914-4534-28e8-7696a7bbc54d"
"2026-05-10T11:21:35.000+0000",5676,16504,USD,"1778412095.668","/v1/ach/return","/v1/ach/debit,/v1/ach/credit,/v1/ach/status,/v1/ach/verify-account,/v1/ach/settlement,/v1/ach/return",EXIT,"INFO,ERROR,EXIT",e2c73df97431e4bc0b9541cd3718ca46,"{""transferId"":""ACH-199867"",""action"":""return""}","{""status"":""error"",""errorCode"":""ACH-504"",""message"":""gateway_timeout""}",668,R01,"R01,R02,R03,R04,R07,R08,R10,R29",026009593,"021000021,111000025,091000022,026009593,122105155","payments-service",1778412095,"e2c73df9-7431-e4bc-0b95-41cd3718ca46"
"2026-05-10T13:14:43.000+0000",6778,35271,USD,"1778418883.845","/v1/ach/credit","/v1/ach/debit,/v1/ach/credit,/v1/ach/status,/v1/ach/verify-account,/v1/ach/settlement,/v1/ach/return",INFO,"INFO,ERROR,EXIT",a9d89cb7ced04546e7679972af47616f,"{""type"":""credit"",""amount"":35271,""currency"":""USD"",""destinationAccountLast4"":""6778"",""routingNumber"":""111000025""}","{""status"":""pending"",""achStatus"":""submitted"",""estimatedSettlementDate"":""2026-05-11""}",845,R03,"R01,R02,R03,R04,R07,R08,R10,R29",111000025,"021000021,111000025,091000022,026009593,122105155","payments-service",1778418883,"a9d89cb7-ced0-4546-e767-9972af47616f"
"2026-05-10T14:44:10.000+0000",6335,10881,USD,"1778424251.084","/v1/ach/settlement","/v1/ach/debit,/v1/ach/credit,/v1/ach/status,/v1/ach/verify-account,/v1/ach/settlement,/v1/ach/return",ERROR,"INFO,ERROR,EXIT",92742499457477a57b71cc2c4c6ba604,"{""transferId"":""ACH-805082"",""action"":""settlement""}","{""status"":""returned"",""achStatus"":""returned"",""returnCode"":""R07"",""reason"":""bank_return""}",1084,R07,"R01,R02,R03,R04,R07,R08,R10,R29",111000025,"021000021,111000025,091000022,026009593,122105155","payments-service",1778424250,"92742499-4574-77a5-7b71-cc2c4c6ba604"
"2026-05-09T07:01:04.000+0000",6524,33177,USD,"1778310064.451","/v1/ach/settlement","/v1/ach/debit,/v1/ach/credit,/v1/ach/status,/v1/ach/verify-account,/v1/ach/settlement,/v1/ach/return",EXIT,"INFO,ERROR,EXIT",9ebf70b59b17cbb24205ab9d2585ee81,"{""transferId"":""ACH-852881"",""action"":""settlement""}","{""status"":""error"",""errorCode"":""ACH-504"",""message"":""gateway_timeout""}",451,R29,"R01,R02,R03,R04,R07,R08,R10,R29",091000022,"021000021,111000025,091000022,026009593,122105155","payments-service",1778310064,"9ebf70b5-9b17-cbb2-4205-ab9d2585ee81"
"2026-05-06T22:12:52.000+0000",6554,8007,USD,"1778105572.217","/v1/ach/status","/v1/ach/debit,/v1/ach/credit,/v1/ach/status,/v1/ach/verify-account,/v1/ach/settlement,/v1/ach/return",EXIT,"INFO,ERROR,EXIT",e1ef24459b9b0572f56183cedbac2405,"{""transferId"":""ACH-861231"",""action"":""status""}","{""status"":""error"",""errorCode"":""ACH-504"",""message"":""gateway_timeout""}",217,R08,"R01,R02,R03,R04,R07,R08,R10,R29",026009593,"021000021,111000025,091000022,026009593,122105155","payments-service",1778105572,"e1ef2445-9b9b-0572-f561-83cedbac2405"
"2026-05-09T21:55:22.000+0000",4180,33279,USD,"1778363722.806","/v1/ach/debit","/v1/ach/debit,/v1/ach/credit,/v1/ach/status,/v1/ach/verify-account,/v1/ach/settlement,/v1/ach/return",INFO,"INFO,ERROR,EXIT",78b66b299ca53cc73426754e565efdfe,"{""type"":""debit"",""amount"":33279,""currency"":""USD"",""accountLast4"":""4180"",""routingNumber"":""021000021""}","{""status"":""pending"",""achStatus"":""submitted"",""estimatedSettlementDate"":""2026-05-10""}",806,R10,"R01,R02,R03,R04,R07,R08,R10,R29",021000021,"021000021,111000025,091000022,026009593,122105155","payments-service",1778363722,"78b66b29-9ca5-3cc7-3426-754e565efdfe"
"2026-05-08T23:57:00.000+0000",1193,16606,USD,"1778284620.846","/v1/ach/debit","/v1/ach/debit,/v1/ach/credit,/v1/ach/status,/v1/ach/verify-account,/v1/ach/settlement,/v1/ach/return",EXIT,"INFO,ERROR,EXIT",aee98e464c571569d50cafeccbcb41c5,"{""type"":""debit"",""amount"":16606,""currency"":""USD"",""accountLast4"":""1193"",""routingNumber"":""111000025""}","{""status"":""error"",""errorCode"":""ACH-504"",""message"":""gateway_timeout""}",846,R29,"R01,R02,R03,R04,R07,R08,R10,R29",111000025,"021000021,111000025,091000022,026009593,122105155","payments-service",1778284620,"aee98e46-4c57-1569-d50c-afeccbcb41c5"
"2026-05-09T10:15:10.000+0000",9744,30385,USD,"1778321711.223","/v1/ach/return","/v1/ach/debit,/v1/ach/credit,/v1/ach/status,/v1/ach/verify-account,/v1/ach/settlement,/v1/ach/return",EXIT,"INFO,ERROR,EXIT",411472dc9ad2592379ee019c6c133f35,"{""transferId"":""ACH-241375"",""action"":""return""}","{""status"":""error"",""errorCode"":""ACH-504"",""message"":""gateway_timeout""}",1223,R01,"R01,R02,R03,R04,R07,R08,R10,R29",122105155,"021000021,111000025,091000022,026009593,122105155","payments-service",1778321710,"411472dc-9ad2-5923-79ee-019c6c133f35"
"2026-05-06T16:21:11.000+0000",8827,18183,USD,"1778084472.099","/v1/ach/debit","/v1/ach/debit,/v1/ach/credit,/v1/ach/status,/v1/ach/verify-account,/v1/ach/settlement,/v1/ach/return",INFO,"INFO,ERROR,EXIT",ea0c4d0c8dc0d6bdfd03e1c709843f24,"{""type"":""debit"",""amount"":18183,""currency"":""USD"",""accountLast4"":""8827"",""routingNumber"":""026009593""}","{""status"":""pending"",""achStatus"":""submitted"",""estimatedSettlementDate"":""2026-05-07""}",1099,R02,"R01,R02,R03,R04,R07,R08,R10,R29",026009593,"021000021,111000025,091000022,026009593,122105155","payments-service",1778084471,"ea0c4d0c-8dc0-d6bd-fd03-e1c709843f24"
"2026-05-08T16:09:03.000+0000",8838,46802,USD,"1778256544.206","/v1/ach/settlement","/v1/ach/debit,/v1/ach/credit,/v1/ach/status,/v1/ach/verify-account,/v1/ach/settlement,/v1/ach/return",ERROR,"INFO,ERROR,EXIT",79d23aef07f3a02a720e6dacab441111,"{""transferId"":""ACH-944848"",""action"":""settlement""}","{""status"":""returned"",""achStatus"":""returned"",""returnCode"":""R01"",""reason"":""bank_return""}",1206,R01,"R01,R02,R03,R04,R07,R08,R10,R29",122105155,"021000021,111000025,091000022,026009593,122105155","payments-service",1778256543,"79d23aef-07f3-a02a-720e-6dacab441111"
"2026-05-08T21:53:33.000+0000",5563,37534,USD,"1778277213.645","/v1/ach/status","/v1/ach/debit,/v1/ach/credit,/v1/ach/status,/v1/ach/verify-account,/v1/ach/settlement,/v1/ach/return",EXIT,"INFO,ERROR,EXIT",0bc01ad6c85c8798c122496c794d04ef,"{""transferId"":""ACH-727734"",""action"":""status""}","{""status"":""error"",""errorCode"":""ACH-504"",""message"":""gateway_timeout""}",645,R03,"R01,R02,R03,R04,R07,R08,R10,R29",026009593,"021000021,111000025,091000022,026009593,122105155","payments-service",1778277213,"0bc01ad6-c85c-8798-c122-496c794d04ef"
"2026-05-06T02:08:17.000+0000",5507,9732,USD,"1778033298.209","/v1/ach/debit","/v1/ach/debit,/v1/ach/credit,/v1/ach/status,/v1/ach/verify-account,/v1/ach/settlement,/v1/ach/return",INFO,"INFO,ERROR,EXIT",83d49c5a2322f4d49f18b00e1ead29a6,"{""type"":""debit"",""amount"":9732,""currency"":""USD"",""accountLast4"":""5507"",""routingNumber"":""026009593""}","{""status"":""pending"",""achStatus"":""submitted"",""estimatedSettlementDate"":""2026-05-07""}",1209,R04,"R01,R02,R03,R04,R07,R08,R10,R29",026009593,"021000021,111000025,091000022,026009593,122105155","payments-service",1778033297,"83d49c5a-2322-f4d4-9f18-b00e1ead29a6"
"2026-05-06T03:15:03.000+0000",6934,4074,USD,"1778037303.243","/v1/ach/settlement","/v1/ach/debit,/v1/ach/credit,/v1/ach/status,/v1/ach/verify-account,/v1/ach/settlement,/v1/ach/return",EXIT,"INFO,ERROR,EXIT",51fb4b563715e9698e8d7e810f6b7b59,"{""transferId"":""ACH-300117"",""action"":""settlement""}","{""status"":""error"",""errorCode"":""ACH-504"",""message"":""gateway_timeout""}",243,R08,"R01,R02,R03,R04,R07,R08,R10,R29",122105155,"021000021,111000025,091000022,026009593,122105155","payments-service",1778037303,"51fb4b56-3715-e969-8e8d-7e810f6b7b59"
"2026-05-07T22:45:44.000+0000",4996,21417,USD,"1778193944.319","/v1/ach/debit","/v1/ach/debit,/v1/ach/credit,/v1/ach/status,/v1/ach/verify-account,/v1/ach/settlement,/v1/ach/return",INFO,"INFO,ERROR,EXIT",2bea2fc7077bf0a5d067dfb1e9bac2bd,"{""type"":""debit"",""amount"":21417,""currency"":""USD"",""accountLast4"":""4996"",""routingNumber"":""111000025""}","{""status"":""pending"",""achStatus"":""submitted"",""estimatedSettlementDate"":""2026-05-08""}",319,R02,"R01,R02,R03,R04,R07,R08,R10,R29",111000025,"021000021,111000025,091000022,026009593,122105155","payments-service",1778193944,"2bea2fc7-077b-f0a5-d067-dfb1e9bac2bd"
"2026-05-10T17:16:40.000+0000",3503,29132,USD,"1778433400.302","/v1/ach/status","/v1/ach/debit,/v1/ach/credit,/v1/ach/status,/v1/ach/verify-account,/v1/ach/settlement,/v1/ach/return",EXIT,"INFO,ERROR,EXIT",01f7afb11ed5e81899aa189a0042eab6,"{""transferId"":""ACH-136401"",""action"":""status""}","{""status"":""error"",""errorCode"":""ACH-504"",""message"":""gateway_timeout""}",302,R29,"R01,R02,R03,R04,R07,R08,R10,R29",122105155,"021000021,111000025,091000022,026009593,122105155","payments-service",1778433400,"01f7afb1-1ed5-e818-99aa-189a0042eab6"
"2026-05-11T12:07:09.000+0000",2851,40725,USD,"1778501230.232","/v1/ach/debit","/v1/ach/debit,/v1/ach/credit,/v1/ach/status,/v1/ach/verify-account,/v1/ach/settlement,/v1/ach/return",EXIT,"INFO,ERROR,EXIT",7fc5cbd4f945562abf36ac64d0abde9c,"{""type"":""debit"",""amount"":40725,""currency"":""USD"",""accountLast4"":""2851"",""routingNumber"":""021000021""}","{""status"":""error"",""errorCode"":""ACH-504"",""message"":""gateway_timeout""}",1232,R03,"R01,R02,R03,R04,R07,R08,R10,R29",021000021,"021000021,111000025,091000022,026009593,122105155","payments-service",1778501229,"7fc5cbd4-f945-562a-bf36-ac64d0abde9c"
"2026-05-06T02:38:10.000+0000",7199,21816,USD,"1778035091.238","/v1/ach/debit","/v1/ach/debit,/v1/ach/credit,/v1/ach/status,/v1/ach/verify-account,/v1/ach/settlement,/v1/ach/return",EXIT,"INFO,ERROR,EXIT",d2a7cf5aecdaa1bba2f8360d21f8f128,"{""type"":""debit"",""amount"":21816,""currency"":""USD"",""accountLast4"":""7199"",""routingNumber"":""111000025""}","{""status"":""error"",""errorCode"":""ACH-504"",""message"":""gateway_timeout""}",1238,R08,"R01,R02,R03,R04,R07,R08,R10,R29",111000025,"021000021,111000025,091000022,026009593,122105155","payments-service",1778035090,"d2a7cf5a-ecda-a1bb-a2f8-360d21f8f128"
"2026-05-08T16:56:36.000+0000",2610,28252,USD,"1778259396.147","/v1/ach/verify-account","/v1/ach/debit,/v1/ach/credit,/v1/ach/status,/v1/ach/verify-account,/v1/ach/settlement,/v1/ach/return",ERROR,"INFO,ERROR,EXIT",5a87ffcc34b8959259d3d7df30ce7af5,"{""accountLast4"":""2610"",""routingNumber"":""111000025""}","{""status"":""returned"",""achStatus"":""returned"",""returnCode"":""R03"",""reason"":""bank_return""}",147,R03,"R01,R02,R03,R04,R07,R08,R10,R29",111000025,"021000021,111000025,091000022,026009593,122105155","payments-service",1778259396,"5a87ffcc-34b8-9592-59d3-d7df30ce7af5"
"2026-05-07T00:32:42.000+0000",2145,26051,USD,"1778113962.145","/v1/ach/debit","/v1/ach/debit,/v1/ach/credit,/v1/ach/status,/v1/ach/verify-account,/v1/ach/settlement,/v1/ach/return",EXIT,"INFO,ERROR,EXIT",805b4620d10f6fd080197c14c79f2858,"{""type"":""debit"",""amount"":26051,""currency"":""USD"",""accountLast4"":""2145"",""routingNumber"":""091000022""}","{""status"":""error"",""errorCode"":""ACH-504"",""message"":""gateway_timeout""}",145,R02,"R01,R02,R03,R04,R07,R08,R10,R29",091000022,"021000021,111000025,091000022,026009593,122105155","payments-service",1778113962,"805b4620-d10f-6fd0-8019-7c14c79f2858"
"2026-05-05T17:03:26.000+0000",7248,18352,USD,"1778000606.965","/v1/ach/settlement","/v1/ach/debit,/v1/ach/credit,/v1/ach/status,/v1/ach/verify-account,/v1/ach/settlement,/v1/ach/return",INFO,"INFO,ERROR,EXIT",6723c12066cb007ce90d2c76d9b67b21,"{""transferId"":""ACH-478643"",""action"":""settlement""}","{""status"":""unknown""}",965,R29,"R01,R02,R03,R04,R07,R08,R10,R29",021000021,"021000021,111000025,091000022,026009593,122105155","payments-service",1778000606,"6723c120-66cb-007c-e90d-2c76d9b67b21"
"2026-05-08T11:37:32.000+0000",2415,18272,USD,"1778240252.268","/v1/ach/settlement","/v1/ach/debit,/v1/ach/credit,/v1/ach/status,/v1/ach/verify-account,/v1/ach/settlement,/v1/ach/return",INFO,"INFO,ERROR,EXIT",e6202cdac36304173b14ce767f51ef78,"{""transferId"":""ACH-673579"",""action"":""settlement""}","{""status"":""unknown""}",268,R01,"R01,R02,R03,R04,R07,R08,R10,R29",091000022,"021000021,111000025,091000022,026009593,122105155","payments-service",1778240252,"e6202cda-c363-0417-3b14-ce767f51ef78"
"2026-05-09T16:23:17.000+0000",4778,38920,USD,"1778343797.589","/v1/ach/credit","/v1/ach/debit,/v1/ach/credit,/v1/ach/status,/v1/ach/verify-account,/v1/ach/settlement,/v1/ach/return",EXIT,"INFO,ERROR,EXIT",3913882d31913361cc85e1449e1ea286,"{""type"":""credit"",""amount"":38920,""currency"":""USD"",""destinationAccountLast4"":""4778"",""routingNumber"":""091000022""}","{""status"":""error"",""errorCode"":""ACH-504"",""message"":""gateway_timeout""}",589,R03,"R01,R02,R03,R04,R07,R08,R10,R29",091000022,"021000021,111000025,091000022,026009593,122105155","payments-service",1778343797,"3913882d-3191-3361-cc85-e1449e1ea286"
"2026-05-08T01:40:48.000+0000",6906,29657,USD,"1778204449.092","/v1/ach/status","/v1/ach/debit,/v1/ach/credit,/v1/ach/status,/v1/ach/verify-account,/v1/ach/settlement,/v1/ach/return",INFO,"INFO,ERROR,EXIT",fafd852b175fd9b39f98f1bb6c3ec360,"{""transferId"":""ACH-204479"",""action"":""status""}","{""status"":""settled"",""achStatus"":""completed"",""settledAt"":""2026-05-08T01:40:48Z""}",1092,R07,"R01,R02,R03,R04,R07,R08,R10,R29",091000022,"021000021,111000025,091000022,026009593,122105155","payments-service",1778204448,"fafd852b-175f-d9b3-9f98-f1bb6c3ec360"
"2026-05-06T07:46:21.000+0000",9110,44903,USD,"1778053581.328","/v1/ach/return","/v1/ach/debit,/v1/ach/credit,/v1/ach/status,/v1/ach/verify-account,/v1/ach/settlement,/v1/ach/return",INFO,"INFO,ERROR,EXIT",7c3af0bab0e244fee679f76f342f4300,"{""transferId"":""ACH-392654"",""action"":""return""}","{""status"":""unknown""}",328,R04,"R01,R02,R03,R04,R07,R08,R10,R29",091000022,"021000021,111000025,091000022,026009593,122105155","payments-service",1778053581,"7c3af0ba-b0e2-44fe-e679-f76f342f4300"
"2026-05-08T07:28:05.000+0000",6977,13304,USD,"1778225285.241","/v1/ach/settlement","/v1/ach/debit,/v1/ach/credit,/v1/ach/status,/v1/ach/verify-account,/v1/ach/settlement,/v1/ach/return",ERROR,"INFO,ERROR,EXIT",36c55c8faa73e475c4cca5503721cdb6,"{""transferId"":""ACH-267829"",""action"":""settlement""}","{""status"":""returned"",""achStatus"":""returned"",""returnCode"":""R08"",""reason"":""bank_return""}",241,R08,"R01,R02,R03,R04,R07,R08,R10,R29",111000025,"021000021,111000025,091000022,026009593,122105155","payments-service",1778225285,"36c55c8f-aa73-e475-c4cc-a5503721cdb6"
"2026-05-07T13:42:48.000+0000",8758,21614,USD,"1778161368.636","/v1/ach/status","/v1/ach/debit,/v1/ach/credit,/v1/ach/status,/v1/ach/verify-account,/v1/ach/settlement,/v1/ach/return",INFO,"INFO,ERROR,EXIT",608c07cdf65cc34b1fa47f6615cb9734,"{""transferId"":""ACH-719407"",""action"":""status""}","{""status"":""settled"",""achStatus"":""completed"",""settledAt"":""2026-05-07T13:42:48Z""}",636,R04,"R01,R02,R03,R04,R07,R08,R10,R29",026009593,"021000021,111000025,091000022,026009593,122105155","payments-service",1778161368,"608c07cd-f65c-c34b-1fa4-7f6615cb9734"
"2026-05-09T18:49:28.000+0000",1418,40370,USD,"1778352568.416","/v1/ach/verify-account","/v1/ach/debit,/v1/ach/credit,/v1/ach/status,/v1/ach/verify-account,/v1/ach/settlement,/v1/ach/return",EXIT,"INFO,ERROR,EXIT",b8a01e8920fcc103835da8ae8009cd7c,"{""accountLast4"":""1418"",""routingNumber"":""091000022""}","{""status"":""error"",""errorCode"":""ACH-504"",""message"":""gateway_timeout""}",416,R03,"R01,R02,R03,R04,R07,R08,R10,R29",091000022,"021000021,111000025,091000022,026009593,122105155","payments-service",1778352568,"b8a01e89-20fc-c103-835d-a8ae8009cd7c"
"2026-05-06T08:54:17.000+0000",8185,21215,USD,"1778057657.173","/v1/ach/status","/v1/ach/debit,/v1/ach/credit,/v1/ach/status,/v1/ach/verify-account,/v1/ach/settlement,/v1/ach/return",EXIT,"INFO,ERROR,EXIT",5c94242970691b8440fc6727783806dc,"{""transferId"":""ACH-347247"",""action"":""status""}","{""status"":""error"",""errorCode"":""ACH-504"",""message"":""gateway_timeout""}",173,R04,"R01,R02,R03,R04,R07,R08,R10,R29",111000025,"021000021,111000025,091000022,026009593,122105155","payments-service",1778057657,"5c942429-7069-1b84-40fc-6727783806dc"
"2026-05-09T12:17:29.000+0000",9089,28167,USD,"1778329049.751","/v1/ach/debit","/v1/ach/debit,/v1/ach/credit,/v1/ach/status,/v1/ach/verify-account,/v1/ach/settlement,/v1/ach/return",ERROR,"INFO,ERROR,EXIT",f2d1098576ba0bb974cf5d1be67eaa27,"{""type"":""debit"",""amount"":28167,""currency"":""USD"",""accountLast4"":""9089"",""routingNumber"":""091000022""}","{""status"":""returned"",""achStatus"":""returned"",""returnCode"":""R01"",""reason"":""bank_return""}",751,R01,"R01,R02,R03,R04,R07,R08,R10,R29",091000022,"021000021,111000025,091000022,026009593,122105155","payments-service",1778329049,"f2d10985-76ba-0bb9-74cf-5d1be67eaa27"
"2026-05-09T22:57:15.000+0000",2867,19401,USD,"1778367436.203","/v1/ach/debit","/v1/ach/debit,/v1/ach/credit,/v1/ach/status,/v1/ach/verify-account,/v1/ach/settlement,/v1/ach/return",INFO,"INFO,ERROR,EXIT",c353356b43c4361cee3a583abef3a2e1,"{""type"":""debit"",""amount"":19401,""currency"":""USD"",""accountLast4"":""2867"",""routingNumber"":""026009593""}","{""status"":""pending"",""achStatus"":""submitted"",""estimatedSettlementDate"":""2026-05-10""}",1203,R01,"R01,R02,R03,R04,R07,R08,R10,R29",026009593,"021000021,111000025,091000022,026009593,122105155","payments-service",1778367435,"c353356b-43c4-361c-ee3a-583abef3a2e1"
"2026-05-06T20:56:56.000+0000",5329,41512,USD,"1778101017.127","/v1/ach/settlement","/v1/ach/debit,/v1/ach/credit,/v1/ach/status,/v1/ach/verify-account,/v1/ach/settlement,/v1/ach/return",EXIT,"INFO,ERROR,EXIT",1b4a3333241ccc5904ff7cfc57465c5d,"{""transferId"":""ACH-856993"",""action"":""settlement""}","{""status"":""error"",""errorCode"":""ACH-504"",""message"":""gateway_timeout""}",1127,R07,"R01,R02,R03,R04,R07,R08,R10,R29",026009593,"021000021,111000025,091000022,026009593,122105155","payments-service",1778101016,"1b4a3333-241c-cc59-04ff-7cfc57465c5d"
"2026-05-09T04:21:41.000+0000",3840,1249,USD,"1778300501.897","/v1/ach/debit","/v1/ach/debit,/v1/ach/credit,/v1/ach/status,/v1/ach/verify-account,/v1/ach/settlement,/v1/ach/return",ERROR,"INFO,ERROR,EXIT",41010bc09e1a21570b26fbadb3960051,"{""type"":""debit"",""amount"":1249,""currency"":""USD"",""accountLast4"":""3840"",""routingNumber"":""122105155""}","{""status"":""returned"",""achStatus"":""returned"",""returnCode"":""R29"",""reason"":""bank_return""}",897,R29,"R01,R02,R03,R04,R07,R08,R10,R29",122105155,"021000021,111000025,091000022,026009593,122105155","payments-service",1778300501,"41010bc0-9e1a-2157-0b26-fbadb3960051"
"2026-05-09T03:41:01.000+0000",2514,45267,USD,"1778298061.511","/v1/ach/return","/v1/ach/debit,/v1/ach/credit,/v1/ach/status,/v1/ach/verify-account,/v1/ach/settlement,/v1/ach/return",EXIT,"INFO,ERROR,EXIT",c8bf78e3b6466a7df6e592c23ad7c53b,"{""transferId"":""ACH-217077"",""action"":""return""}","{""status"":""error"",""errorCode"":""ACH-504"",""message"":""gateway_timeout""}",511,R29,"R01,R02,R03,R04,R07,R08,R10,R29",122105155,"021000021,111000025,091000022,026009593,122105155","payments-service",1778298061,"c8bf78e3-b646-6a7d-f6e5-92c23ad7c53b"
"2026-05-05T12:55:41.000+0000",4574,16844,USD,"1777985741.364","/v1/ach/debit","/v1/ach/debit,/v1/ach/credit,/v1/ach/status,/v1/ach/verify-account,/v1/ach/settlement,/v1/ach/return",INFO,"INFO,ERROR,EXIT",989ed6817a6c00b62d90c872ee0728cb,"{""type"":""debit"",""amount"":16844,""currency"":""USD"",""accountLast4"":""4574"",""routingNumber"":""026009593""}","{""status"":""pending"",""achStatus"":""submitted"",""estimatedSettlementDate"":""2026-05-06""}",364,R07,"R01,R02,R03,R04,R07,R08,R10,R29",026009593,"021000021,111000025,091000022,026009593,122105155","payments-service",1777985741,"989ed681-7a6c-00b6-2d90-c872ee0728cb"
"2026-05-09T05:59:46.000+0000",1264,49839,USD,"1778306386.33","/v1/ach/return","/v1/ach/debit,/v1/ach/credit,/v1/ach/status,/v1/ach/verify-account,/v1/ach/settlement,/v1/ach/return",ERROR,"INFO,ERROR,EXIT",f9ae3a042a2bdd55bad03c16ea82649e,"{""transferId"":""ACH-807998"",""action"":""return""}","{""status"":""returned"",""achStatus"":""returned"",""returnCode"":""R04"",""reason"":""bank_return""}",330,R04,"R01,R02,R03,R04,R07,R08,R10,R29",122105155,"021000021,111000025,091000022,026009593,122105155","payments-service",1778306386,"f9ae3a04-2a2b-dd55-bad0-3c16ea82649e"
"2026-05-09T17:15:52.000+0000",6069,20964,USD,"1778346952.947","/v1/ach/debit","/v1/ach/debit,/v1/ach/credit,/v1/ach/status,/v1/ach/verify-account,/v1/ach/settlement,/v1/ach/return",EXIT,"INFO,ERROR,EXIT",8c78b5c38e2b3b0b76ee7033e2545fc5,"{""type"":""debit"",""amount"":20964,""currency"":""USD"",""accountLast4"":""6069"",""routingNumber"":""111000025""}","{""status"":""error"",""errorCode"":""ACH-504"",""message"":""gateway_timeout""}",947,R01,"R01,R02,R03,R04,R07,R08,R10,R29",111000025,"021000021,111000025,091000022,026009593,122105155","payments-service",1778346952,"8c78b5c3-8e2b-3b0b-76ee-7033e2545fc5"
"2026-05-06T03:56:09.000+0000",7457,34037,USD,"1778039769.843","/v1/ach/status","/v1/ach/debit,/v1/ach/credit,/v1/ach/status,/v1/ach/verify-account,/v1/ach/settlement,/v1/ach/return",EXIT,"INFO,ERROR,EXIT",69af9bca3b5fee60168963061d6670fb,"{""transferId"":""ACH-714143"",""action"":""status""}","{""status"":""error"",""errorCode"":""ACH-504"",""message"":""gateway_timeout""}",843,R03,"R01,R02,R03,R04,R07,R08,R10,R29",122105155,"021000021,111000025,091000022,026009593,122105155","payments-service",1778039769,"69af9bca-3b5f-ee60-1689-63061d6670fb"
"2026-05-09T01:53:02.000+0000",2706,6293,USD,"1778291582.22","/v1/ach/return","/v1/ach/debit,/v1/ach/credit,/v1/ach/status,/v1/ach/verify-account,/v1/ach/settlement,/v1/ach/return",EXIT,"INFO,ERROR,EXIT",17baec4b0aedbdf69671e9f8f05560c0,"{""transferId"":""ACH-877899"",""action"":""return""}","{""status"":""error"",""errorCode"":""ACH-504"",""message"":""gateway_timeout""}",220,R07,"R01,R02,R03,R04,R07,R08,R10,R29",021000021,"021000021,111000025,091000022,026009593,122105155","payments-service",1778291582,"17baec4b-0aed-bdf6-9671-e9f8f05560c0"
"2026-05-10T16:36:00.000+0000",7790,28664,USD,"1778430961.047","/v1/ach/settlement","/v1/ach/debit,/v1/ach/credit,/v1/ach/status,/v1/ach/verify-account,/v1/ach/settlement,/v1/ach/return",ERROR,"INFO,ERROR,EXIT",3ef34eaaea3fa2490dcc31db2d160901,"{""transferId"":""ACH-533327"",""action"":""settlement""}","{""status"":""returned"",""achStatus"":""returned"",""returnCode"":""R03"",""reason"":""bank_return""}",1047,R03,"R01,R02,R03,R04,R07,R08,R10,R29",122105155,"021000021,111000025,091000022,026009593,122105155","payments-service",1778430960,"3ef34eaa-ea3f-a249-0dcc-31db2d160901"
"2026-05-09T09:09:00.000+0000",5658,47735,USD,"1778317740.86","/v1/ach/verify-account","/v1/ach/debit,/v1/ach/credit,/v1/ach/status,/v1/ach/verify-account,/v1/ach/settlement,/v1/ach/return",INFO,"INFO,ERROR,EXIT",d68ca47d1a2e0dd2568e8186c1d53c29,"{""accountLast4"":""5658"",""routingNumber"":""091000022""}","{""status"":""unknown""}",860,R01,"R01,R02,R03,R04,R07,R08,R10,R29",091000022,"021000021,111000025,091000022,026009593,122105155","payments-service",1778317740,"d68ca47d-1a2e-0dd2-568e-8186c1d53c29"
"2026-05-09T22:57:35.000+0000",5156,16568,USD,"1778367456.161","/v1/ach/status","/v1/ach/debit,/v1/ach/credit,/v1/ach/status,/v1/ach/verify-account,/v1/ach/settlement,/v1/ach/return",EXIT,"INFO,ERROR,EXIT",79e531b61f32fc8ca05c9fe27a34bcf3,"{""transferId"":""ACH-834698"",""action"":""status""}","{""status"":""error"",""errorCode"":""ACH-504"",""message"":""gateway_timeout""}",1161,R04,"R01,R02,R03,R04,R07,R08,R10,R29",091000022,"021000021,111000025,091000022,026009593,122105155","payments-service",1778367455,"79e531b6-1f32-fc8c-a05c-9fe27a34bcf3"
"2026-05-11T02:34:30.000+0000",6145,13794,USD,"1778466871.134","/v1/ach/verify-account","/v1/ach/debit,/v1/ach/credit,/v1/ach/status,/v1/ach/verify-account,/v1/ach/settlement,/v1/ach/return",ERROR,"INFO,ERROR,EXIT",e8deeaa69c5ed4ebdc5f7111556e7a40,"{""accountLast4"":""6145"",""routingNumber"":""021000021""}","{""status"":""returned"",""achStatus"":""returned"",""returnCode"":""R03"",""reason"":""bank_return""}",1134,R03,"R01,R02,R03,R04,R07,R08,R10,R29",021000021,"021000021,111000025,091000022,026009593,122105155","payments-service",1778466870,"e8deeaa6-9c5e-d4eb-dc5f-7111556e7a40"
"2026-05-10T19:15:48.000+0000",5139,20200,USD,"1778440548.66","/v1/ach/return","/v1/ach/debit,/v1/ach/credit,/v1/ach/status,/v1/ach/verify-account,/v1/ach/settlement,/v1/ach/return",INFO,"INFO,ERROR,EXIT",a8d49bdbddc6d6dc19d507ed2abafcd3,"{""transferId"":""ACH-674799"",""action"":""return""}","{""status"":""unknown""}",660,R08,"R01,R02,R03,R04,R07,R08,R10,R29",111000025,"021000021,111000025,091000022,026009593,122105155","payments-service",1778440548,"a8d49bdb-ddc6-d6dc-19d5-07ed2abafcd3"
"2026-05-06T19:26:25.000+0000",1284,6391,USD,"1778095585.402","/v1/ach/settlement","/v1/ach/debit,/v1/ach/credit,/v1/ach/status,/v1/ach/verify-account,/v1/ach/settlement,/v1/ach/return",EXIT,"INFO,ERROR,EXIT",62d9cfdad7fa13e1460702952d03931e,"{""transferId"":""ACH-223760"",""action"":""settlement""}","{""status"":""error"",""errorCode"":""ACH-504"",""message"":""gateway_timeout""}",402,R08,"R01,R02,R03,R04,R07,R08,R10,R29",021000021,"021000021,111000025,091000022,026009593,122105155","payments-service",1778095585,"62d9cfda-d7fa-13e1-4607-02952d03931e"
"2026-05-11T06:18:20.000+0000",9995,25893,USD,"1778480300.745","/v1/ach/credit","/v1/ach/debit,/v1/ach/credit,/v1/ach/status,/v1/ach/verify-account,/v1/ach/settlement,/v1/ach/return",ERROR,"INFO,ERROR,EXIT",5c321035709526280373915cce72effc,"{""type"":""credit"",""amount"":25893,""currency"":""USD"",""destinationAccountLast4"":""9995"",""routingNumber"":""021000021""}","{""status"":""returned"",""achStatus"":""returned"",""returnCode"":""R01"",""reason"":""bank_return""}",745,R01,"R01,R02,R03,R04,R07,R08,R10,R29",021000021,"021000021,111000025,091000022,026009593,122105155","payments-service",1778480300,"5c321035-7095-2628-0373-915cce72effc"
"2026-05-08T13:04:41.000+0000",2916,17245,USD,"1778245481.827","/v1/ach/debit","/v1/ach/debit,/v1/ach/credit,/v1/ach/status,/v1/ach/verify-account,/v1/ach/settlement,/v1/ach/return",INFO,"INFO,ERROR,EXIT",40e50273eb70804ec28940799a13075a,"{""type"":""debit"",""amount"":17245,""currency"":""USD"",""accountLast4"":""2916"",""routingNumber"":""091000022""}","{""status"":""pending"",""achStatus"":""submitted"",""estimatedSettlementDate"":""2026-05-09""}",827,R04,"R01,R02,R03,R04,R07,R08,R10,R29",091000022,"021000021,111000025,091000022,026009593,122105155","payments-service",1778245481,"40e50273-eb70-804e-c289-40799a13075a"
"2026-05-05T11:22:49.000+0000",9291,40321,USD,"1777980169.339","/v1/ach/status","/v1/ach/debit,/v1/ach/credit,/v1/ach/status,/v1/ach/verify-account,/v1/ach/settlement,/v1/ach/return",INFO,"INFO,ERROR,EXIT",c33a686d0efa9968843ab39ea88a82c4,"{""transferId"":""ACH-544764"",""action"":""status""}","{""status"":""settled"",""achStatus"":""completed"",""settledAt"":""2026-05-05T11:22:49Z""}",339,R08,"R01,R02,R03,R04,R07,R08,R10,R29",111000025,"021000021,111000025,091000022,026009593,122105155","payments-service",1777980169,"c33a686d-0efa-9968-843a-b39ea88a82c4"
"2026-05-10T03:35:09.000+0000",6698,33973,USD,"1778384110.239","/v1/ach/status","/v1/ach/debit,/v1/ach/credit,/v1/ach/status,/v1/ach/verify-account,/v1/ach/settlement,/v1/ach/return",ERROR,"INFO,ERROR,EXIT",65fd59d2f2bf7d6809e47e3662fd86a0,"{""transferId"":""ACH-493543"",""action"":""status""}","{""status"":""returned"",""achStatus"":""returned"",""returnCode"":""R03"",""reason"":""bank_return""}",1239,R03,"R01,R02,R03,R04,R07,R08,R10,R29",111000025,"021000021,111000025,091000022,026009593,122105155","payments-service",1778384109,"65fd59d2-f2bf-7d68-09e4-7e3662fd86a0"
"2026-05-12T06:26:50.000+0000",7394,22735,USD,"1778567211.065","/v1/ach/verify-account","/v1/ach/debit,/v1/ach/credit,/v1/ach/status,/v1/ach/verify-account,/v1/ach/settlement,/v1/ach/return",ERROR,"INFO,ERROR,EXIT",fd40db72259ea2c9cceedb7522824e5b,"{""accountLast4"":""7394"",""routingNumber"":""111000025""}","{""status"":""returned"",""achStatus"":""returned"",""returnCode"":""R04"",""reason"":""bank_return""}",1065,R04,"R01,R02,R03,R04,R07,R08,R10,R29",111000025,"021000021,111000025,091000022,026009593,122105155","payments-service",1778567210,"fd40db72-259e-a2c9-ccee-db7522824e5b"
"2026-05-05T07:59:42.000+0000",2951,1224,USD,"1777967982.392","/v1/ach/return","/v1/ach/debit,/v1/ach/credit,/v1/ach/status,/v1/ach/verify-account,/v1/ach/settlement,/v1/ach/return",INFO,"INFO,ERROR,EXIT",c088321749c684d062bbde0de5cf6c78,"{""transferId"":""ACH-147991"",""action"":""return""}","{""status"":""unknown""}",392,R04,"R01,R02,R03,R04,R07,R08,R10,R29",091000022,"021000021,111000025,091000022,026009593,122105155","payments-service",1777967982,"c0883217-49c6-84d0-62bb-de0de5cf6c78"
"2026-05-09T05:12:28.000+0000",6330,36125,USD,"1778303548.594","/v1/ach/debit","/v1/ach/debit,/v1/ach/credit,/v1/ach/status,/v1/ach/verify-account,/v1/ach/settlement,/v1/ach/return",ERROR,"INFO,ERROR,EXIT",05c328ccc419d4e60cb8a4120e7703c0,"{""type"":""debit"",""amount"":36125,""currency"":""USD"",""accountLast4"":""6330"",""routingNumber"":""122105155""}","{""status"":""returned"",""achStatus"":""returned"",""returnCode"":""R01"",""reason"":""bank_return""}",594,R01,"R01,R02,R03,R04,R07,R08,R10,R29",122105155,"021000021,111000025,091000022,026009593,122105155","payments-service",1778303548,"05c328cc-c419-d4e6-0cb8-a4120e7703c0"
"2026-05-08T22:47:12.000+0000",8274,31481,USD,"1778280432.379","/v1/ach/status","/v1/ach/debit,/v1/ach/credit,/v1/ach/status,/v1/ach/verify-account,/v1/ach/settlement,/v1/ach/return",ERROR,"INFO,ERROR,EXIT",eb8c1fd9ea6e49ff924393bc5efc27a5,"{""transferId"":""ACH-923569"",""action"":""status""}","{""status"":""returned"",""achStatus"":""returned"",""returnCode"":""R03"",""reason"":""bank_return""}",379,R03,"R01,R02,R03,R04,R07,R08,R10,R29",026009593,"021000021,111000025,091000022,026009593,122105155","payments-service",1778280432,"eb8c1fd9-ea6e-49ff-9243-93bc5efc27a5"
"2026-05-08T03:31:20.000+0000",8355,5286,USD,"1778211080.246","/v1/ach/settlement","/v1/ach/debit,/v1/ach/credit,/v1/ach/status,/v1/ach/verify-account,/v1/ach/settlement,/v1/ach/return",EXIT,"INFO,ERROR,EXIT",7c5d96daf2ced3b80b2ebff630f39831,"{""transferId"":""ACH-786548"",""action"":""settlement""}","{""status"":""error"",""errorCode"":""ACH-504"",""message"":""gateway_timeout""}",246,R01,"R01,R02,R03,R04,R07,R08,R10,R29",091000022,"021000021,111000025,091000022,026009593,122105155","payments-service",1778211080,"7c5d96da-f2ce-d3b8-0b2e-bff630f39831"
"2026-05-10T12:05:31.000+0000",6848,27948,USD,"1778414731.324","/v1/ach/verify-account","/v1/ach/debit,/v1/ach/credit,/v1/ach/status,/v1/ach/verify-account,/v1/ach/settlement,/v1/ach/return",EXIT,"INFO,ERROR,EXIT",0c98de585f71c290c8bb23f910c0579e,"{""accountLast4"":""6848"",""routingNumber"":""021000021""}","{""status"":""error"",""errorCode"":""ACH-504"",""message"":""gateway_timeout""}",324,R01,"R01,R02,R03,R04,R07,R08,R10,R29",021000021,"021000021,111000025,091000022,026009593,122105155","payments-service",1778414731,"0c98de58-5f71-c290-c8bb-23f910c0579e"
"2026-05-05T12:37:04.000+0000",7474,35222,USD,"1777984624.472","/v1/ach/return","/v1/ach/debit,/v1/ach/credit,/v1/ach/status,/v1/ach/verify-account,/v1/ach/settlement,/v1/ach/return",INFO,"INFO,ERROR,EXIT",a191da73af7a0756e3e1fd6d15d9d8cd,"{""transferId"":""ACH-999563"",""action"":""return""}","{""status"":""unknown""}",472,R29,"R01,R02,R03,R04,R07,R08,R10,R29",026009593,"021000021,111000025,091000022,026009593,122105155","payments-service",1777984624,"a191da73-af7a-0756-e3e1-fd6d15d9d8cd"
"2026-05-05T08:51:39.000+0000",4474,33856,USD,"1777971100.093","/v1/ach/debit","/v1/ach/debit,/v1/ach/credit,/v1/ach/status,/v1/ach/verify-account,/v1/ach/settlement,/v1/ach/return",ERROR,"INFO,ERROR,EXIT",21ec7154943491e6a2f6762ae914a142,"{""type"":""debit"",""amount"":33856,""currency"":""USD"",""accountLast4"":""4474"",""routingNumber"":""021000021""}","{""status"":""returned"",""achStatus"":""returned"",""returnCode"":""R29"",""reason"":""bank_return""}",1093,R29,"R01,R02,R03,R04,R07,R08,R10,R29",021000021,"021000021,111000025,091000022,026009593,122105155","payments-service",1777971099,"21ec7154-9434-91e6-a2f6-762ae914a142"
"2026-05-06T13:24:33.000+0000",1660,9311,USD,"1778073873.302","/v1/ach/credit","/v1/ach/debit,/v1/ach/credit,/v1/ach/status,/v1/ach/verify-account,/v1/ach/settlement,/v1/ach/return",INFO,"INFO,ERROR,EXIT",f3cb5388aae914b7c177c7c0f71ceedc,"{""type"":""credit"",""amount"":9311,""currency"":""USD"",""destinationAccountLast4"":""1660"",""routingNumber"":""091000022""}","{""status"":""pending"",""achStatus"":""submitted"",""estimatedSettlementDate"":""2026-05-07""}",302,R08,"R01,R02,R03,R04,R07,R08,R10,R29",091000022,"021000021,111000025,091000022,026009593,122105155","payments-service",1778073873,"f3cb5388-aae9-14b7-c177-c7c0f71ceedc"
"2026-05-05T11:45:51.000+0000",1260,45179,USD,"1777981552.148","/v1/ach/status","/v1/ach/debit,/v1/ach/credit,/v1/ach/status,/v1/ach/verify-account,/v1/ach/settlement,/v1/ach/return",EXIT,"INFO,ERROR,EXIT",3143d555105f44071e1758d4496998ed,"{""transferId"":""ACH-880043"",""action"":""status""}","{""status"":""error"",""errorCode"":""ACH-504"",""message"":""gateway_timeout""}",1148,R04,"R01,R02,R03,R04,R07,R08,R10,R29",091000022,"021000021,111000025,091000022,026009593,122105155","payments-service",1777981551,"3143d555-105f-4407-1e17-58d4496998ed"
"2026-05-12T03:13:04.000+0000",9691,32765,USD,"1778555584.582","/v1/ach/verify-account","/v1/ach/debit,/v1/ach/credit,/v1/ach/status,/v1/ach/verify-account,/v1/ach/settlement,/v1/ach/return",ERROR,"INFO,ERROR,EXIT",3ce59d60efc9b07cbdda67d3f476b961,"{""accountLast4"":""9691"",""routingNumber"":""021000021""}","{""status"":""returned"",""achStatus"":""returned"",""returnCode"":""R07"",""reason"":""bank_return""}",582,R07,"R01,R02,R03,R04,R07,R08,R10,R29",021000021,"021000021,111000025,091000022,026009593,122105155","payments-service",1778555584,"3ce59d60-efc9-b07c-bdda-67d3f476b961"
"2026-05-07T16:38:39.000+0000",4097,10275,USD,"1778171920.148","/v1/ach/status","/v1/ach/debit,/v1/ach/credit,/v1/ach/status,/v1/ach/verify-account,/v1/ach/settlement,/v1/ach/return",EXIT,"INFO,ERROR,EXIT",303df45bcd1e162b374bf2bd2c4936b2,"{""transferId"":""ACH-676764"",""action"":""status""}","{""status"":""error"",""errorCode"":""ACH-504"",""message"":""gateway_timeout""}",1148,R04,"R01,R02,R03,R04,R07,R08,R10,R29",021000021,"021000021,111000025,091000022,026009593,122105155","payments-service",1778171919,"303df45b-cd1e-162b-374b-f2bd2c4936b2"
"2026-05-05T20:22:36.000+0000",5003,7327,USD,"1778012556.817","/v1/ach/settlement","/v1/ach/debit,/v1/ach/credit,/v1/ach/status,/v1/ach/verify-account,/v1/ach/settlement,/v1/ach/return",EXIT,"INFO,ERROR,EXIT",5ea2c4ed6e5a4ae5be9dae865b1abc92,"{""transferId"":""ACH-358608"",""action"":""settlement""}","{""status"":""error"",""errorCode"":""ACH-504"",""message"":""gateway_timeout""}",817,R04,"R01,R02,R03,R04,R07,R08,R10,R29",091000022,"021000021,111000025,091000022,026009593,122105155","payments-service",1778012556,"5ea2c4ed-6e5a-4ae5-be9d-ae865b1abc92"
"2026-05-11T17:57:31.000+0000",3877,43467,USD,"1778522252.042","/v1/ach/verify-account","/v1/ach/debit,/v1/ach/credit,/v1/ach/status,/v1/ach/verify-account,/v1/ach/settlement,/v1/ach/return",INFO,"INFO,ERROR,EXIT",ffa5383706139c379a4470743df975a9,"{""accountLast4"":""3877"",""routingNumber"":""091000022""}","{""status"":""unknown""}",1042,R03,"R01,R02,R03,R04,R07,R08,R10,R29",091000022,"021000021,111000025,091000022,026009593,122105155","payments-service",1778522251,"ffa53837-0613-9c37-9a44-70743df975a9"
"2026-05-09T00:08:43.000+0000",7187,39256,USD,"1778285323.814","/v1/ach/settlement","/v1/ach/debit,/v1/ach/credit,/v1/ach/status,/v1/ach/verify-account,/v1/ach/settlement,/v1/ach/return",EXIT,"INFO,ERROR,EXIT",f7bf858c96b16e42969c2d07178ec909,"{""transferId"":""ACH-952671"",""action"":""settlement""}","{""status"":""error"",""errorCode"":""ACH-504"",""message"":""gateway_timeout""}",814,R01,"R01,R02,R03,R04,R07,R08,R10,R29",122105155,"021000021,111000025,091000022,026009593,122105155","payments-service",1778285323,"f7bf858c-96b1-6e42-969c-2d07178ec909"
"2026-05-09T16:14:01.000+0000",1528,20937,USD,"1778343242.115","/v1/ach/credit","/v1/ach/debit,/v1/ach/credit,/v1/ach/status,/v1/ach/verify-account,/v1/ach/settlement,/v1/ach/return",EXIT,"INFO,ERROR,EXIT",a533b3472045b660ff551d0f699630db,"{""type"":""credit"",""amount"":20937,""currency"":""USD"",""destinationAccountLast4"":""1528"",""routingNumber"":""021000021""}","{""status"":""error"",""errorCode"":""ACH-504"",""message"":""gateway_timeout""}",1115,R10,"R01,R02,R03,R04,R07,R08,R10,R29",021000021,"021000021,111000025,091000022,026009593,122105155","payments-service",1778343241,"a533b347-2045-b660-ff55-1d0f699630db"
"2026-05-05T09:47:56.000+0000",7052,43400,USD,"1777974476.484","/v1/ach/debit","/v1/ach/debit,/v1/ach/credit,/v1/ach/status,/v1/ach/verify-account,/v1/ach/settlement,/v1/ach/return",INFO,"INFO,ERROR,EXIT",33d6c266375b153267df44aefb9d8ac4,"{""type"":""debit"",""amount"":43400,""currency"":""USD"",""accountLast4"":""7052"",""routingNumber"":""111000025""}","{""status"":""pending"",""achStatus"":""submitted"",""estimatedSettlementDate"":""2026-05-06""}",484,R04,"R01,R02,R03,R04,R07,R08,R10,R29",111000025,"021000021,111000025,091000022,026009593,122105155","payments-service",1777974476,"33d6c266-375b-1532-67df-44aefb9d8ac4"
"2026-05-05T17:53:54.000+0000",5914,28156,USD,"1778003634.763","/v1/ach/verify-account","/v1/ach/debit,/v1/ach/credit,/v1/ach/status,/v1/ach/verify-account,/v1/ach/settlement,/v1/ach/return",ERROR,"INFO,ERROR,EXIT",0151fec4975c305c17ac6e8a82afc573,"{""accountLast4"":""5914"",""routingNumber"":""111000025""}","{""status"":""returned"",""achStatus"":""returned"",""returnCode"":""R08"",""reason"":""bank_return""}",763,R08,"R01,R02,R03,R04,R07,R08,R10,R29",111000025,"021000021,111000025,091000022,026009593,122105155","payments-service",1778003634,"0151fec4-975c-305c-17ac-6e8a82afc573"
"2026-05-07T10:17:52.000+0000",6900,31459,USD,"1778149072.988","/v1/ach/verify-account","/v1/ach/debit,/v1/ach/credit,/v1/ach/status,/v1/ach/verify-account,/v1/ach/settlement,/v1/ach/return",INFO,"INFO,ERROR,EXIT",1fe8ca2022d3b93d686121391377ca8b,"{""accountLast4"":""6900"",""routingNumber"":""021000021""}","{""status"":""unknown""}",988,R10,"R01,R02,R03,R04,R07,R08,R10,R29",021000021,"021000021,111000025,091000022,026009593,122105155","payments-service",1778149072,"1fe8ca20-22d3-b93d-6861-21391377ca8b"
"2026-05-09T02:04:25.000+0000",8199,46341,USD,"1778292266.064","/v1/ach/status","/v1/ach/debit,/v1/ach/credit,/v1/ach/status,/v1/ach/verify-account,/v1/ach/settlement,/v1/ach/return",ERROR,"INFO,ERROR,EXIT",66230b5b542644e2b1143df57ba02cc2,"{""transferId"":""ACH-564551"",""action"":""status""}","{""status"":""returned"",""achStatus"":""returned"",""returnCode"":""R08"",""reason"":""bank_return""}",1064,R08,"R01,R02,R03,R04,R07,R08,R10,R29",111000025,"021000021,111000025,091000022,026009593,122105155","payments-service",1778292265,"66230b5b-5426-44e2-b114-3df57ba02cc2"
"2026-05-08T01:56:26.000+0000",6312,15329,USD,"1778205386.521","/v1/ach/return","/v1/ach/debit,/v1/ach/credit,/v1/ach/status,/v1/ach/verify-account,/v1/ach/settlement,/v1/ach/return",EXIT,"INFO,ERROR,EXIT",bf554aa25df77b64629e9d1bbc0e7cb0,"{""transferId"":""ACH-220735"",""action"":""return""}","{""status"":""error"",""errorCode"":""ACH-504"",""message"":""gateway_timeout""}",521,R01,"R01,R02,R03,R04,R07,R08,R10,R29",122105155,"021000021,111000025,091000022,026009593,122105155","payments-service",1778205386,"bf554aa2-5df7-7b64-629e-9d1bbc0e7cb0"
"2026-05-08T16:03:22.000+0000",8662,7866,USD,"1778256203.108","/v1/ach/settlement","/v1/ach/debit,/v1/ach/credit,/v1/ach/status,/v1/ach/verify-account,/v1/ach/settlement,/v1/ach/return",INFO,"INFO,ERROR,EXIT",0f18da35e8d762405b7f215e0ea7f7be,"{""transferId"":""ACH-304749"",""action"":""settlement""}","{""status"":""unknown""}",1108,R01,"R01,R02,R03,R04,R07,R08,R10,R29",091000022,"021000021,111000025,091000022,026009593,122105155","payments-service",1778256202,"0f18da35-e8d7-6240-5b7f-215e0ea7f7be"
"2026-05-07T06:08:50.000+0000",6773,40379,USD,"1778134130.95","/v1/ach/debit","/v1/ach/debit,/v1/ach/credit,/v1/ach/status,/v1/ach/verify-account,/v1/ach/settlement,/v1/ach/return",INFO,"INFO,ERROR,EXIT",ee222da7870a4057d860313209c000e3,"{""type"":""debit"",""amount"":40379,""currency"":""USD"",""accountLast4"":""6773"",""routingNumber"":""021000021""}","{""status"":""pending"",""achStatus"":""submitted"",""estimatedSettlementDate"":""2026-05-08""}",950,R01,"R01,R02,R03,R04,R07,R08,R10,R29",021000021,"021000021,111000025,091000022,026009593,122105155","payments-service",1778134130,"ee222da7-870a-4057-d860-313209c000e3"
"2026-05-11T18:49:50.000+0000",5246,43077,USD,"1778525390.093","/v1/ach/status","/v1/ach/debit,/v1/ach/credit,/v1/ach/status,/v1/ach/verify-account,/v1/ach/settlement,/v1/ach/return",ERROR,"INFO,ERROR,EXIT",5fbbada1a476fe1673200c29462d78db,"{""transferId"":""ACH-551343"",""action"":""status""}","{""status"":""returned"",""achStatus"":""returned"",""returnCode"":""R03"",""reason"":""bank_return""}",93,R03,"R01,R02,R03,R04,R07,R08,R10,R29",091000022,"021000021,111000025,091000022,026009593,122105155","payments-service",1778525390,"5fbbada1-a476-fe16-7320-0c29462d78db"
"2026-05-12T00:01:35.000+0000",7911,44710,USD,"1778544095.725","/v1/ach/return","/v1/ach/debit,/v1/ach/credit,/v1/ach/status,/v1/ach/verify-account,/v1/ach/settlement,/v1/ach/return",INFO,"INFO,ERROR,EXIT",b6419ac9dd6b7c9cd7fb0a28bf2e5152,"{""transferId"":""ACH-611703"",""action"":""return""}","{""status"":""unknown""}",725,R10,"R01,R02,R03,R04,R07,R08,R10,R29",026009593,"021000021,111000025,091000022,026009593,122105155","payments-service",1778544095,"b6419ac9-dd6b-7c9c-d7fb-0a28bf2e5152"
"2026-05-09T18:59:02.000+0000",3798,9856,USD,"1778353142.586","/v1/ach/settlement","/v1/ach/debit,/v1/ach/credit,/v1/ach/status,/v1/ach/verify-account,/v1/ach/settlement,/v1/ach/return",INFO,"INFO,ERROR,EXIT",046ae231c746cfc52e4e493f2d6f66ef,"{""transferId"":""ACH-257291"",""action"":""settlement""}","{""status"":""unknown""}",586,R01,"R01,R02,R03,R04,R07,R08,R10,R29",111000025,"021000021,111000025,091000022,026009593,122105155","payments-service",1778353142,"046ae231-c746-cfc5-2e4e-493f2d6f66ef"
"2026-05-07T18:16:53.000+0000",7765,28349,USD,"1778177813.947","/v1/ach/return","/v1/ach/debit,/v1/ach/credit,/v1/ach/status,/v1/ach/verify-account,/v1/ach/settlement,/v1/ach/return",EXIT,"INFO,ERROR,EXIT",5d2a5ec668f452290ce85462b49c770b,"{""transferId"":""ACH-488926"",""action"":""return""}","{""status"":""error"",""errorCode"":""ACH-504"",""message"":""gateway_timeout""}",947,R10,"R01,R02,R03,R04,R07,R08,R10,R29",021000021,"021000021,111000025,091000022,026009593,122105155","payments-service",1778177813,"5d2a5ec6-68f4-5229-0ce8-5462b49c770b"
"2026-05-12T01:07:49.000+0000",8880,34484,USD,"1778548069.903","/v1/ach/status","/v1/ach/debit,/v1/ach/credit,/v1/ach/status,/v1/ach/verify-account,/v1/ach/settlement,/v1/ach/return",INFO,"INFO,ERROR,EXIT",9e17a2fa8fdc645986c1433f15c31bc9,"{""transferId"":""ACH-664779"",""action"":""status""}","{""status"":""settled"",""achStatus"":""completed"",""settledAt"":""2026-05-12T01:07:49Z""}",903,R10,"R01,R02,R03,R04,R07,R08,R10,R29",122105155,"021000021,111000025,091000022,026009593,122105155","payments-service",1778548069,"9e17a2fa-8fdc-6459-86c1-433f15c31bc9"
"2026-05-10T03:52:25.000+0000",2891,713,USD,"1778385145.758","/v1/ach/return","/v1/ach/debit,/v1/ach/credit,/v1/ach/status,/v1/ach/verify-account,/v1/ach/settlement,/v1/ach/return",EXIT,"INFO,ERROR,EXIT",52e5d4bf8ee2df1bc00cb287c1497c82,"{""transferId"":""ACH-900375"",""action"":""return""}","{""status"":""error"",""errorCode"":""ACH-504"",""message"":""gateway_timeout""}",758,R03,"R01,R02,R03,R04,R07,R08,R10,R29",021000021,"021000021,111000025,091000022,026009593,122105155","payments-service",1778385145,"52e5d4bf-8ee2-df1b-c00c-b287c1497c82"
"2026-05-08T12:54:46.000+0000",6436,41596,USD,"1778244886.728","/v1/ach/settlement","/v1/ach/debit,/v1/ach/credit,/v1/ach/status,/v1/ach/verify-account,/v1/ach/settlement,/v1/ach/return",EXIT,"INFO,ERROR,EXIT",cdceac57347ddb53621a55a45647f2bf,"{""transferId"":""ACH-834135"",""action"":""settlement""}","{""status"":""error"",""errorCode"":""ACH-504"",""message"":""gateway_timeout""}",728,R04,"R01,R02,R03,R04,R07,R08,R10,R29",091000022,"021000021,111000025,091000022,026009593,122105155","payments-service",1778244886,"cdceac57-347d-db53-621a-55a45647f2bf"
"2026-05-10T05:06:49.000+0000",9013,47642,USD,"1778389610.217","/v1/ach/settlement","/v1/ach/debit,/v1/ach/credit,/v1/ach/status,/v1/ach/verify-account,/v1/ach/settlement,/v1/ach/return",EXIT,"INFO,ERROR,EXIT",943f335fd594d8c278cbaf18df3c91b0,"{""transferId"":""ACH-332938"",""action"":""settlement""}","{""status"":""error"",""errorCode"":""ACH-504"",""message"":""gateway_timeout""}",1217,R01,"R01,R02,R03,R04,R07,R08,R10,R29",026009593,"021000021,111000025,091000022,026009593,122105155","payments-service",1778389609,"943f335f-d594-d8c2-78cb-af18df3c91b0"
"2026-05-08T23:57:52.000+0000",3535,6848,USD,"1778284672.958","/v1/ach/credit","/v1/ach/debit,/v1/ach/credit,/v1/ach/status,/v1/ach/verify-account,/v1/ach/settlement,/v1/ach/return",ERROR,"INFO,ERROR,EXIT",9e18ed23857e7c02bab216e8fbb618e1,"{""type"":""credit"",""amount"":6848,""currency"":""USD"",""destinationAccountLast4"":""3535"",""routingNumber"":""091000022""}","{""status"":""returned"",""achStatus"":""returned"",""returnCode"":""R02"",""reason"":""bank_return""}",958,R02,"R01,R02,R03,R04,R07,R08,R10,R29",091000022,"021000021,111000025,091000022,026009593,122105155","payments-service",1778284672,"9e18ed23-857e-7c02-bab2-16e8fbb618e1"
"2026-05-09T14:58:51.000+0000",3478,16938,USD,"1778338731.508","/v1/ach/settlement","/v1/ach/debit,/v1/ach/credit,/v1/ach/status,/v1/ach/verify-account,/v1/ach/settlement,/v1/ach/return",EXIT,"INFO,ERROR,EXIT",4f3c03d5293f70a2d286a5faa3f80838,"{""transferId"":""ACH-529015"",""action"":""settlement""}","{""status"":""error"",""errorCode"":""ACH-504"",""message"":""gateway_timeout""}",508,R07,"R01,R02,R03,R04,R07,R08,R10,R29",021000021,"021000021,111000025,091000022,026009593,122105155","payments-service",1778338731,"4f3c03d5-293f-70a2-d286-a5faa3f80838"
"2026-05-11T21:17:16.000+0000",4538,20181,USD,"1778534237.028","/v1/ach/debit","/v1/ach/debit,/v1/ach/credit,/v1/ach/status,/v1/ach/verify-account,/v1/ach/settlement,/v1/ach/return",ERROR,"INFO,ERROR,EXIT",bd9af4f8e9f01e00b1c0f333a8b6c3f7,"{""type"":""debit"",""amount"":20181,""currency"":""USD"",""accountLast4"":""4538"",""routingNumber"":""026009593""}","{""status"":""returned"",""achStatus"":""returned"",""returnCode"":""R29"",""reason"":""bank_return""}",1028,R29,"R01,R02,R03,R04,R07,R08,R10,R29",026009593,"021000021,111000025,091000022,026009593,122105155","payments-service",1778534236,"bd9af4f8-e9f0-1e00-b1c0-f333a8b6c3f7"
"2026-05-10T13:27:07.000+0000",4959,39554,USD,"1778419627.943","/v1/ach/settlement","/v1/ach/debit,/v1/ach/credit,/v1/ach/status,/v1/ach/verify-account,/v1/ach/settlement,/v1/ach/return",ERROR,"INFO,ERROR,EXIT",d614cdfd7a05792727e7f8f58981dce8,"{""transferId"":""ACH-888803"",""action"":""settlement""}","{""status"":""returned"",""achStatus"":""returned"",""returnCode"":""R10"",""reason"":""bank_return""}",943,R10,"R01,R02,R03,R04,R07,R08,R10,R29",091000022,"021000021,111000025,091000022,026009593,122105155","payments-service",1778419627,"d614cdfd-7a05-7927-27e7-f8f58981dce8"
"2026-05-10T11:24:46.000+0000",5344,41729,USD,"1778412286.653","/v1/ach/verify-account","/v1/ach/debit,/v1/ach/credit,/v1/ach/status,/v1/ach/verify-account,/v1/ach/settlement,/v1/ach/return",INFO,"INFO,ERROR,EXIT",086795e4eeed7f524ac2b3fe6e647ace,"{""accountLast4"":""5344"",""routingNumber"":""111000025""}","{""status"":""unknown""}",653,R01,"R01,R02,R03,R04,R07,R08,R10,R29",111000025,"021000021,111000025,091000022,026009593,122105155","payments-service",1778412286,"086795e4-eeed-7f52-4ac2-b3fe6e647ace"
"2026-05-08T11:10:08.000+0000",7490,31769,USD,"1778238608.891","/v1/ach/settlement","/v1/ach/debit,/v1/ach/credit,/v1/ach/status,/v1/ach/verify-account,/v1/ach/settlement,/v1/ach/return",ERROR,"INFO,ERROR,EXIT",b6c3383af62ecc619a812029b35e1cd5,"{""transferId"":""ACH-429916"",""action"":""settlement""}","{""status"":""returned"",""achStatus"":""returned"",""returnCode"":""R02"",""reason"":""bank_return""}",891,R02,"R01,R02,R03,R04,R07,R08,R10,R29",122105155,"021000021,111000025,091000022,026009593,122105155","payments-service",1778238608,"b6c3383a-f62e-cc61-9a81-2029b35e1cd5"
"2026-05-08T08:12:02.000+0000",9602,6640,USD,"1778227922.315","/v1/ach/verify-account","/v1/ach/debit,/v1/ach/credit,/v1/ach/status,/v1/ach/verify-account,/v1/ach/settlement,/v1/ach/return",EXIT,"INFO,ERROR,EXIT",326cc0a0a6f97a8344d9beda7fe510df,"{""accountLast4"":""9602"",""routingNumber"":""091000022""}","{""status"":""error"",""errorCode"":""ACH-504"",""message"":""gateway_timeout""}",315,R02,"R01,R02,R03,R04,R07,R08,R10,R29",091000022,"021000021,111000025,091000022,026009593,122105155","payments-service",1778227922,"326cc0a0-a6f9-7a83-44d9-beda7fe510df"
"2026-05-11T07:00:13.000+0000",1603,7741,USD,"1778482814.139","/v1/ach/status","/v1/ach/debit,/v1/ach/credit,/v1/ach/status,/v1/ach/verify-account,/v1/ach/settlement,/v1/ach/return",INFO,"INFO,ERROR,EXIT",56f6d447624c76be384a22288aca7e0a,"{""transferId"":""ACH-601421"",""action"":""status""}","{""status"":""settled"",""achStatus"":""completed"",""settledAt"":""2026-05-11T07:00:13Z""}",1139,R02,"R01,R02,R03,R04,R07,R08,R10,R29",026009593,"021000021,111000025,091000022,026009593,122105155","payments-service",1778482813,"56f6d447-624c-76be-384a-22288aca7e0a"
"2026-05-08T10:41:52.000+0000",5619,37420,USD,"1778236912.095","/v1/ach/settlement","/v1/ach/debit,/v1/ach/credit,/v1/ach/status,/v1/ach/verify-account,/v1/ach/settlement,/v1/ach/return",INFO,"INFO,ERROR,EXIT",2259967b9b9513dd89cec9525b093450,"{""transferId"":""ACH-406057"",""action"":""settlement""}","{""status"":""unknown""}",95,R04,"R01,R02,R03,R04,R07,R08,R10,R29",111000025,"021000021,111000025,091000022,026009593,122105155","payments-service",1778236912,"2259967b-9b95-13dd-89ce-c9525b093450"
"2026-05-09T10:00:07.000+0000",8926,30089,USD,"1778320807.598","/v1/ach/verify-account","/v1/ach/debit,/v1/ach/credit,/v1/ach/status,/v1/ach/verify-account,/v1/ach/settlement,/v1/ach/return",ERROR,"INFO,ERROR,EXIT",addb387f947d00cfb1718695b5e7ab1d,"{""accountLast4"":""8926"",""routingNumber"":""021000021""}","{""status"":""returned"",""achStatus"":""returned"",""returnCode"":""R10"",""reason"":""bank_return""}",598,R10,"R01,R02,R03,R04,R07,R08,R10,R29",021000021,"021000021,111000025,091000022,026009593,122105155","payments-service",1778320807,"addb387f-947d-00cf-b171-8695b5e7ab1d"
"2026-05-05T12:23:36.000+0000",5352,50041,USD,"1777983816.656","/v1/ach/debit","/v1/ach/debit,/v1/ach/credit,/v1/ach/status,/v1/ach/verify-account,/v1/ach/settlement,/v1/ach/return",EXIT,"INFO,ERROR,EXIT",41d0b3ea242c25ccf5c37196ab6a8c93,"{""type"":""debit"",""amount"":50041,""currency"":""USD"",""accountLast4"":""5352"",""routingNumber"":""091000022""}","{""status"":""error"",""errorCode"":""ACH-504"",""message"":""gateway_timeout""}",656,R01,"R01,R02,R03,R04,R07,R08,R10,R29",091000022,"021000021,111000025,091000022,026009593,122105155","payments-service",1777983816,"41d0b3ea-242c-25cc-f5c3-7196ab6a8c93"
"2026-05-08T02:48:00.000+0000",1160,18883,USD,"1778208480.569","/v1/ach/return","/v1/ach/debit,/v1/ach/credit,/v1/ach/status,/v1/ach/verify-account,/v1/ach/settlement,/v1/ach/return",INFO,"INFO,ERROR,EXIT",16e0a16fe2b6585d9521ca90d7a0367f,"{""transferId"":""ACH-681647"",""action"":""return""}","{""status"":""unknown""}",569,R29,"R01,R02,R03,R04,R07,R08,R10,R29",111000025,"021000021,111000025,091000022,026009593,122105155","payments-service",1778208480,"16e0a16f-e2b6-585d-9521-ca90d7a0367f"
"2026-05-11T00:41:32.000+0000",7063,582,USD,"1778460092.786","/v1/ach/verify-account","/v1/ach/debit,/v1/ach/credit,/v1/ach/status,/v1/ach/verify-account,/v1/ach/settlement,/v1/ach/return",ERROR,"INFO,ERROR,EXIT",fc813890c1841a8b56a7c15f67ae423c,"{""accountLast4"":""7063"",""routingNumber"":""122105155""}","{""status"":""returned"",""achStatus"":""returned"",""returnCode"":""R01"",""reason"":""bank_return""}",786,R01,"R01,R02,R03,R04,R07,R08,R10,R29",122105155,"021000021,111000025,091000022,026009593,122105155","payments-service",1778460092,"fc813890-c184-1a8b-56a7-c15f67ae423c"
"2026-05-07T23:21:02.000+0000",8599,23540,USD,"1778196063.044","/v1/ach/verify-account","/v1/ach/debit,/v1/ach/credit,/v1/ach/status,/v1/ach/verify-account,/v1/ach/settlement,/v1/ach/return",INFO,"INFO,ERROR,EXIT",9e059aead82598c7f6cb6e32962c62d6,"{""accountLast4"":""8599"",""routingNumber"":""111000025""}","{""status"":""unknown""}",1044,R02,"R01,R02,R03,R04,R07,R08,R10,R29",111000025,"021000021,111000025,091000022,026009593,122105155","payments-service",1778196062,"9e059aea-d825-98c7-f6cb-6e32962c62d6"
"2026-05-08T07:58:15.000+0000",4026,25877,USD,"1778227096.039","/v1/ach/status","/v1/ach/debit,/v1/ach/credit,/v1/ach/status,/v1/ach/verify-account,/v1/ach/settlement,/v1/ach/return",INFO,"INFO,ERROR,EXIT",f272edb44a0220ab68f1cb8acdc0a811,"{""transferId"":""ACH-970189"",""action"":""status""}","{""status"":""settled"",""achStatus"":""completed"",""settledAt"":""2026-05-08T07:58:15Z""}",1039,R07,"R01,R02,R03,R04,R07,R08,R10,R29",021000021,"021000021,111000025,091000022,026009593,122105155","payments-service",1778227095,"f272edb4-4a02-20ab-68f1-cb8acdc0a811"
"2026-05-08T10:48:51.000+0000",9669,19643,USD,"1778237331.292","/v1/ach/settlement","/v1/ach/debit,/v1/ach/credit,/v1/ach/status,/v1/ach/verify-account,/v1/ach/settlement,/v1/ach/return",INFO,"INFO,ERROR,EXIT",fbea8328d404efc9f5b244c64c85d174,"{""transferId"":""ACH-934466"",""action"":""settlement""}","{""status"":""unknown""}",292,R04,"R01,R02,R03,R04,R07,R08,R10,R29",021000021,"021000021,111000025,091000022,026009593,122105155","payments-service",1778237331,"fbea8328-d404-efc9-f5b2-44c64c85d174"
"2026-05-09T04:27:25.000+0000",4754,7838,USD,"1778300845.955","/v1/ach/settlement","/v1/ach/debit,/v1/ach/credit,/v1/ach/status,/v1/ach/verify-account,/v1/ach/settlement,/v1/ach/return",ERROR,"INFO,ERROR,EXIT",9108bdff5056091a54e14b9d3489ef5e,"{""transferId"":""ACH-719699"",""action"":""settlement""}","{""status"":""returned"",""achStatus"":""returned"",""returnCode"":""R08"",""reason"":""bank_return""}",955,R08,"R01,R02,R03,R04,R07,R08,R10,R29",111000025,"021000021,111000025,091000022,026009593,122105155","payments-service",1778300845,"9108bdff-5056-091a-54e1-4b9d3489ef5e"
"2026-05-11T16:20:42.000+0000",4625,34847,USD,"1778516443.131","/v1/ach/status","/v1/ach/debit,/v1/ach/credit,/v1/ach/status,/v1/ach/verify-account,/v1/ach/settlement,/v1/ach/return",INFO,"INFO,ERROR,EXIT",05126400eae87adc06b9429fba023de8,"{""transferId"":""ACH-799749"",""action"":""status""}","{""status"":""settled"",""achStatus"":""completed"",""settledAt"":""2026-05-11T16:20:42Z""}",1131,R03,"R01,R02,R03,R04,R07,R08,R10,R29",122105155,"021000021,111000025,091000022,026009593,122105155","payments-service",1778516442,"05126400-eae8-7adc-06b9-429fba023de8"
"2026-05-09T21:01:16.000+0000",6348,11015,USD,"1778360476.415","/v1/ach/status","/v1/ach/debit,/v1/ach/credit,/v1/ach/status,/v1/ach/verify-account,/v1/ach/settlement,/v1/ach/return",ERROR,"INFO,ERROR,EXIT",cf3d30fbbcc91cba01f0715fc766d4d1,"{""transferId"":""ACH-815588"",""action"":""status""}","{""status"":""returned"",""achStatus"":""returned"",""returnCode"":""R10"",""reason"":""bank_return""}",415,R10,"R01,R02,R03,R04,R07,R08,R10,R29",021000021,"021000021,111000025,091000022,026009593,122105155","payments-service",1778360476,"cf3d30fb-bcc9-1cba-01f0-715fc766d4d1"
"2026-05-07T16:54:02.000+0000",9060,17026,USD,"1778172842.873","/v1/ach/debit","/v1/ach/debit,/v1/ach/credit,/v1/ach/status,/v1/ach/verify-account,/v1/ach/settlement,/v1/ach/return",INFO,"INFO,ERROR,EXIT",2f9ee14db48f9a140c8639d289d293e0,"{""type"":""debit"",""amount"":17026,""currency"":""USD"",""accountLast4"":""9060"",""routingNumber"":""122105155""}","{""status"":""pending"",""achStatus"":""submitted"",""estimatedSettlementDate"":""2026-05-08""}",873,R29,"R01,R02,R03,R04,R07,R08,R10,R29",122105155,"021000021,111000025,091000022,026009593,122105155","payments-service",1778172842,"2f9ee14d-b48f-9a14-0c86-39d289d293e0"
"2026-05-11T14:01:07.000+0000",5778,23565,USD,"1778508068.13","/v1/ach/verify-account","/v1/ach/debit,/v1/ach/credit,/v1/ach/status,/v1/ach/verify-account,/v1/ach/settlement,/v1/ach/return",EXIT,"INFO,ERROR,EXIT",4c7cf105871274fbc7149905e4a3a3d8,"{""accountLast4"":""5778"",""routingNumber"":""111000025""}","{""status"":""error"",""errorCode"":""ACH-504"",""message"":""gateway_timeout""}",1130,R08,"R01,R02,R03,R04,R07,R08,R10,R29",111000025,"021000021,111000025,091000022,026009593,122105155","payments-service",1778508067,"4c7cf105-8712-74fb-c714-9905e4a3a3d8"
"2026-05-08T01:09:57.000+0000",1082,45177,USD,"1778202597.092","/v1/ach/settlement","/v1/ach/debit,/v1/ach/credit,/v1/ach/status,/v1/ach/verify-account,/v1/ach/settlement,/v1/ach/return",ERROR,"INFO,ERROR,EXIT",1ac35f9015c3f4780d0cc67c902d164b,"{""transferId"":""ACH-369628"",""action"":""settlement""}","{""status"":""returned"",""achStatus"":""returned"",""returnCode"":""R10"",""reason"":""bank_return""}",92,R10,"R01,R02,R03,R04,R07,R08,R10,R29",021000021,"021000021,111000025,091000022,026009593,122105155","payments-service",1778202597,"1ac35f90-15c3-f478-0d0c-c67c902d164b"
"2026-05-11T00:44:36.000+0000",7909,49861,USD,"1778460276.84","/v1/ach/settlement","/v1/ach/debit,/v1/ach/credit,/v1/ach/status,/v1/ach/verify-account,/v1/ach/settlement,/v1/ach/return",ERROR,"INFO,ERROR,EXIT",82972320241dc2af65fb7cb9e488f60a,"{""transferId"":""ACH-689018"",""action"":""settlement""}","{""status"":""returned"",""achStatus"":""returned"",""returnCode"":""R02"",""reason"":""bank_return""}",840,R02,"R01,R02,R03,R04,R07,R08,R10,R29",091000022,"021000021,111000025,091000022,026009593,122105155","payments-service",1778460276,"82972320-241d-c2af-65fb-7cb9e488f60a"
"2026-05-09T01:56:52.000+0000",8138,13390,USD,"1778291813.15","/v1/ach/return","/v1/ach/debit,/v1/ach/credit,/v1/ach/status,/v1/ach/verify-account,/v1/ach/settlement,/v1/ach/return",EXIT,"INFO,ERROR,EXIT",1f9a2b127d4bc72402d32b199af2fa35,"{""transferId"":""ACH-366468"",""action"":""return""}","{""status"":""error"",""errorCode"":""ACH-504"",""message"":""gateway_timeout""}",1150,R03,"R01,R02,R03,R04,R07,R08,R10,R29",122105155,"021000021,111000025,091000022,026009593,122105155","payments-service",1778291812,"1f9a2b12-7d4b-c724-02d3-2b199af2fa35"
"2026-05-05T19:04:55.000+0000",4688,24452,USD,"1778007895.447","/v1/ach/status","/v1/ach/debit,/v1/ach/credit,/v1/ach/status,/v1/ach/verify-account,/v1/ach/settlement,/v1/ach/return",ERROR,"INFO,ERROR,EXIT",6271c113cfa66e9d8aaf1fe099439c9c,"{""transferId"":""ACH-718310"",""action"":""status""}","{""status"":""returned"",""achStatus"":""returned"",""returnCode"":""R29"",""reason"":""bank_return""}",447,R29,"R01,R02,R03,R04,R07,R08,R10,R29",091000022,"021000021,111000025,091000022,026009593,122105155","payments-service",1778007895,"6271c113-cfa6-6e9d-8aaf-1fe099439c9c"
"2026-05-06T22:53:23.000+0000",1077,16418,USD,"1778108003.355","/v1/ach/return","/v1/ach/debit,/v1/ach/credit,/v1/ach/status,/v1/ach/verify-account,/v1/ach/settlement,/v1/ach/return",ERROR,"INFO,ERROR,EXIT",8274d7c1422ab850bfcca4ed2a90de8c,"{""transferId"":""ACH-901411"",""action"":""return""}","{""status"":""returned"",""achStatus"":""returned"",""returnCode"":""R07"",""reason"":""bank_return""}",355,R07,"R01,R02,R03,R04,R07,R08,R10,R29",122105155,"021000021,111000025,091000022,026009593,122105155","payments-service",1778108003,"8274d7c1-422a-b850-bfcc-a4ed2a90de8c"
"2026-05-09T10:06:39.000+0000",9439,16448,USD,"1778321199.267","/v1/ach/credit","/v1/ach/debit,/v1/ach/credit,/v1/ach/status,/v1/ach/verify-account,/v1/ach/settlement,/v1/ach/return",INFO,"INFO,ERROR,EXIT",7d5c6cd39c7a394e5a9813d771eb900c,"{""type"":""credit"",""amount"":16448,""currency"":""USD"",""destinationAccountLast4"":""9439"",""routingNumber"":""026009593""}","{""status"":""pending"",""achStatus"":""submitted"",""estimatedSettlementDate"":""2026-05-10""}",267,R04,"R01,R02,R03,R04,R07,R08,R10,R29",026009593,"021000021,111000025,091000022,026009593,122105155","payments-service",1778321199,"7d5c6cd3-9c7a-394e-5a98-13d771eb900c"
"2026-05-11T20:49:52.000+0000",8196,50267,USD,"1778532592.442","/v1/ach/debit","/v1/ach/debit,/v1/ach/credit,/v1/ach/status,/v1/ach/verify-account,/v1/ach/settlement,/v1/ach/return",INFO,"INFO,ERROR,EXIT",6b14929874926be8ba912137f8e274ea,"{""type"":""debit"",""amount"":50267,""currency"":""USD"",""accountLast4"":""8196"",""routingNumber"":""021000021""}","{""status"":""pending"",""achStatus"":""submitted"",""estimatedSettlementDate"":""2026-05-12""}",442,R01,"R01,R02,R03,R04,R07,R08,R10,R29",021000021,"021000021,111000025,091000022,026009593,122105155","payments-service",1778532592,"6b149298-7492-6be8-ba91-2137f8e274ea"
"2026-05-06T12:31:14.000+0000",9496,10018,USD,"1778070674.314","/v1/ach/status","/v1/ach/debit,/v1/ach/credit,/v1/ach/status,/v1/ach/verify-account,/v1/ach/settlement,/v1/ach/return",INFO,"INFO,ERROR,EXIT",0560789bf7f7cfe68fe9c8a633a35b96,"{""transferId"":""ACH-548542"",""action"":""status""}","{""status"":""settled"",""achStatus"":""completed"",""settledAt"":""2026-05-06T12:31:14Z""}",314,R29,"R01,R02,R03,R04,R07,R08,R10,R29",091000022,"021000021,111000025,091000022,026009593,122105155","payments-service",1778070674,"0560789b-f7f7-cfe6-8fe9-c8a633a35b96"
"2026-05-10T02:21:51.000+0000",2420,47038,USD,"1778379711.282","/v1/ach/credit","/v1/ach/debit,/v1/ach/credit,/v1/ach/status,/v1/ach/verify-account,/v1/ach/settlement,/v1/ach/return",EXIT,"INFO,ERROR,EXIT",ac7467378f5d5c8a9e5ba627286448b2,"{""type"":""credit"",""amount"":47038,""currency"":""USD"",""destinationAccountLast4"":""2420"",""routingNumber"":""091000022""}","{""status"":""error"",""errorCode"":""ACH-504"",""message"":""gateway_timeout""}",282,R01,"R01,R02,R03,R04,R07,R08,R10,R29",091000022,"021000021,111000025,091000022,026009593,122105155","payments-service",1778379711,"ac746737-8f5d-5c8a-9e5b-a627286448b2"
"2026-05-06T06:28:37.000+0000",9717,19367,USD,"1778048917.098","/v1/ach/return","/v1/ach/debit,/v1/ach/credit,/v1/ach/status,/v1/ach/verify-account,/v1/ach/settlement,/v1/ach/return",ERROR,"INFO,ERROR,EXIT",20fbbe79601f56e442fe2b1a8f8e26c3,"{""transferId"":""ACH-599060"",""action"":""return""}","{""status"":""returned"",""achStatus"":""returned"",""returnCode"":""R07"",""reason"":""bank_return""}",98,R07,"R01,R02,R03,R04,R07,R08,R10,R29",021000021,"021000021,111000025,091000022,026009593,122105155","payments-service",1778048917,"20fbbe79-601f-56e4-42fe-2b1a8f8e26c3"
"2026-05-11T13:12:33.000+0000",4894,42512,USD,"1778505154.095","/v1/ach/status","/v1/ach/debit,/v1/ach/credit,/v1/ach/status,/v1/ach/verify-account,/v1/ach/settlement,/v1/ach/return",INFO,"INFO,ERROR,EXIT",4d0c3f478c5129c3380dcf6ae62894ca,"{""transferId"":""ACH-468653"",""action"":""status""}","{""status"":""settled"",""achStatus"":""completed"",""settledAt"":""2026-05-11T13:12:33Z""}",1095,R01,"R01,R02,R03,R04,R07,R08,R10,R29",111000025,"021000021,111000025,091000022,026009593,122105155","payments-service",1778505153,"4d0c3f47-8c51-29c3-380d-cf6ae62894ca"
"2026-05-06T22:34:27.000+0000",5443,16388,USD,"1778106867.352","/v1/ach/settlement","/v1/ach/debit,/v1/ach/credit,/v1/ach/status,/v1/ach/verify-account,/v1/ach/settlement,/v1/ach/return",ERROR,"INFO,ERROR,EXIT",c10f60bcb6af601485e2fbfe94903695,"{""transferId"":""ACH-910046"",""action"":""settlement""}","{""status"":""returned"",""achStatus"":""returned"",""returnCode"":""R07"",""reason"":""bank_return""}",352,R07,"R01,R02,R03,R04,R07,R08,R10,R29",021000021,"021000021,111000025,091000022,026009593,122105155","payments-service",1778106867,"c10f60bc-b6af-6014-85e2-fbfe94903695"
"2026-05-05T20:44:40.000+0000",8980,45814,USD,"1778013881.117","/v1/ach/settlement","/v1/ach/debit,/v1/ach/credit,/v1/ach/status,/v1/ach/verify-account,/v1/ach/settlement,/v1/ach/return",INFO,"INFO,ERROR,EXIT",9d64f34e585d75881caab1fb4ae36645,"{""transferId"":""ACH-444966"",""action"":""settlement""}","{""status"":""unknown""}",1117,R04,"R01,R02,R03,R04,R07,R08,R10,R29",122105155,"021000021,111000025,091000022,026009593,122105155","payments-service",1778013880,"9d64f34e-585d-7588-1caa-b1fb4ae36645"
"2026-05-05T12:10:50.000+0000",8035,25241,USD,"1777983050.836","/v1/ach/status","/v1/ach/debit,/v1/ach/credit,/v1/ach/status,/v1/ach/verify-account,/v1/ach/settlement,/v1/ach/return",INFO,"INFO,ERROR,EXIT",19af46e7c30754bd41983f43fb0ef896,"{""transferId"":""ACH-996617"",""action"":""status""}","{""status"":""settled"",""achStatus"":""completed"",""settledAt"":""2026-05-05T12:10:50Z""}",836,R04,"R01,R02,R03,R04,R07,R08,R10,R29",021000021,"021000021,111000025,091000022,026009593,122105155","payments-service",1777983050,"19af46e7-c307-54bd-4198-3f43fb0ef896"
"2026-05-05T19:49:22.000+0000",4439,24623,USD,"1778010563.026","/v1/ach/debit","/v1/ach/debit,/v1/ach/credit,/v1/ach/status,/v1/ach/verify-account,/v1/ach/settlement,/v1/ach/return",INFO,"INFO,ERROR,EXIT",6c89bd15502b141fedd77afba5acbd94,"{""type"":""debit"",""amount"":24623,""currency"":""USD"",""accountLast4"":""4439"",""routingNumber"":""026009593""}","{""status"":""pending"",""achStatus"":""submitted"",""estimatedSettlementDate"":""2026-05-06""}",1026,R02,"R01,R02,R03,R04,R07,R08,R10,R29",026009593,"021000021,111000025,091000022,026009593,122105155","payments-service",1778010562,"6c89bd15-502b-141f-edd7-7afba5acbd94"
"2026-05-08T01:58:36.000+0000",6385,12501,USD,"1778205516.333","/v1/ach/debit","/v1/ach/debit,/v1/ach/credit,/v1/ach/status,/v1/ach/verify-account,/v1/ach/settlement,/v1/ach/return",EXIT,"INFO,ERROR,EXIT",f03014b31ce7acafae19ebd222afdaf1,"{""type"":""debit"",""amount"":12501,""currency"":""USD"",""accountLast4"":""6385"",""routingNumber"":""026009593""}","{""status"":""error"",""errorCode"":""ACH-504"",""message"":""gateway_timeout""}",333,R10,"R01,R02,R03,R04,R07,R08,R10,R29",026009593,"021000021,111000025,091000022,026009593,122105155","payments-service",1778205516,"f03014b3-1ce7-acaf-ae19-ebd222afdaf1"
"2026-05-08T17:04:01.000+0000",6658,21993,USD,"1778259841.892","/v1/ach/verify-account","/v1/ach/debit,/v1/ach/credit,/v1/ach/status,/v1/ach/verify-account,/v1/ach/settlement,/v1/ach/return",INFO,"INFO,ERROR,EXIT",954e2e05b15cd682402313edae5c9d2f,"{""accountLast4"":""6658"",""routingNumber"":""122105155""}","{""status"":""unknown""}",892,R08,"R01,R02,R03,R04,R07,R08,R10,R29",122105155,"021000021,111000025,091000022,026009593,122105155","payments-service",1778259841,"954e2e05-b15c-d682-4023-13edae5c9d2f"
"2026-05-07T20:29:59.000+0000",3888,31404,USD,"1778185799.619","/v1/ach/return","/v1/ach/debit,/v1/ach/credit,/v1/ach/status,/v1/ach/verify-account,/v1/ach/settlement,/v1/ach/return",ERROR,"INFO,ERROR,EXIT",fab51193fc943e45b8e8a5bc744ff130,"{""transferId"":""ACH-960050"",""action"":""return""}","{""status"":""returned"",""achStatus"":""returned"",""returnCode"":""R29"",""reason"":""bank_return""}",619,R29,"R01,R02,R03,R04,R07,R08,R10,R29",091000022,"021000021,111000025,091000022,026009593,122105155","payments-service",1778185799,"fab51193-fc94-3e45-b8e8-a5bc744ff130"
"2026-05-08T05:55:47.000+0000",7079,42050,USD,"1778219747.102","/v1/ach/debit","/v1/ach/debit,/v1/ach/credit,/v1/ach/status,/v1/ach/verify-account,/v1/ach/settlement,/v1/ach/return",EXIT,"INFO,ERROR,EXIT",d5130f557313a31fce340e4e3d0c0e19,"{""type"":""debit"",""amount"":42050,""currency"":""USD"",""accountLast4"":""7079"",""routingNumber"":""021000021""}","{""status"":""error"",""errorCode"":""ACH-504"",""message"":""gateway_timeout""}",102,R03,"R01,R02,R03,R04,R07,R08,R10,R29",021000021,"021000021,111000025,091000022,026009593,122105155","payments-service",1778219747,"d5130f55-7313-a31f-ce34-0e4e3d0c0e19"
"2026-05-08T19:48:32.000+0000",1443,17993,USD,"1778269712.718","/v1/ach/verify-account","/v1/ach/debit,/v1/ach/credit,/v1/ach/status,/v1/ach/verify-account,/v1/ach/settlement,/v1/ach/return",EXIT,"INFO,ERROR,EXIT",3a53525b5a3a6d68bcf9a007c53c9dc7,"{""accountLast4"":""1443"",""routingNumber"":""111000025""}","{""status"":""error"",""errorCode"":""ACH-504"",""message"":""gateway_timeout""}",718,R01,"R01,R02,R03,R04,R07,R08,R10,R29",111000025,"021000021,111000025,091000022,026009593,122105155","payments-service",1778269712,"3a53525b-5a3a-6d68-bcf9-a007c53c9dc7"
"2026-05-07T13:16:23.000+0000",7092,27089,USD,"1778159783.958","/v1/ach/settlement","/v1/ach/debit,/v1/ach/credit,/v1/ach/status,/v1/ach/verify-account,/v1/ach/settlement,/v1/ach/return",EXIT,"INFO,ERROR,EXIT",fa0597ba9ae1c1b55b4a4240e23d0740,"{""transferId"":""ACH-359296"",""action"":""settlement""}","{""status"":""error"",""errorCode"":""ACH-504"",""message"":""gateway_timeout""}",958,R02,"R01,R02,R03,R04,R07,R08,R10,R29",026009593,"021000021,111000025,091000022,026009593,122105155","payments-service",1778159783,"fa0597ba-9ae1-c1b5-5b4a-4240e23d0740"
"2026-05-07T02:49:02.000+0000",8794,4454,USD,"1778122142.26","/v1/ach/verify-account","/v1/ach/debit,/v1/ach/credit,/v1/ach/status,/v1/ach/verify-account,/v1/ach/settlement,/v1/ach/return",EXIT,"INFO,ERROR,EXIT",08ee5c17923e1866f3bf02bb3d162f1e,"{""accountLast4"":""8794"",""routingNumber"":""026009593""}","{""status"":""error"",""errorCode"":""ACH-504"",""message"":""gateway_timeout""}",260,R29,"R01,R02,R03,R04,R07,R08,R10,R29",026009593,"021000021,111000025,091000022,026009593,122105155","payments-service",1778122142,"08ee5c17-923e-1866-f3bf-02bb3d162f1e"
"2026-05-11T01:16:01.000+0000",7151,14845,USD,"1778462161.728","/v1/ach/verify-account","/v1/ach/debit,/v1/ach/credit,/v1/ach/status,/v1/ach/verify-account,/v1/ach/settlement,/v1/ach/return",INFO,"INFO,ERROR,EXIT",19f938b631b4fca5ac00408e5eee1b36,"{""accountLast4"":""7151"",""routingNumber"":""111000025""}","{""status"":""unknown""}",728,R02,"R01,R02,R03,R04,R07,R08,R10,R29",111000025,"021000021,111000025,091000022,026009593,122105155","payments-service",1778462161,"19f938b6-31b4-fca5-ac00-408e5eee1b36"
"2026-05-05T19:49:12.000+0000",5773,45564,USD,"1778010552.963","/v1/ach/credit","/v1/ach/debit,/v1/ach/credit,/v1/ach/status,/v1/ach/verify-account,/v1/ach/settlement,/v1/ach/return",INFO,"INFO,ERROR,EXIT",7ec820e6365ee4d5c4b4769f68ca2781,"{""type"":""credit"",""amount"":45564,""currency"":""USD"",""destinationAccountLast4"":""5773"",""routingNumber"":""111000025""}","{""status"":""pending"",""achStatus"":""submitted"",""estimatedSettlementDate"":""2026-05-06""}",963,R02,"R01,R02,R03,R04,R07,R08,R10,R29",111000025,"021000021,111000025,091000022,026009593,122105155","payments-service",1778010552,"7ec820e6-365e-e4d5-c4b4-769f68ca2781"
"2026-05-05T15:00:57.000+0000",6821,26663,USD,"1777993257.75","/v1/ach/credit","/v1/ach/debit,/v1/ach/credit,/v1/ach/status,/v1/ach/verify-account,/v1/ach/settlement,/v1/ach/return",EXIT,"INFO,ERROR,EXIT",731e963c320891885b89bffeb77724bf,"{""type"":""credit"",""amount"":26663,""currency"":""USD"",""destinationAccountLast4"":""6821"",""routingNumber"":""026009593""}","{""status"":""error"",""errorCode"":""ACH-504"",""message"":""gateway_timeout""}",750,R03,"R01,R02,R03,R04,R07,R08,R10,R29",026009593,"021000021,111000025,091000022,026009593,122105155","payments-service",1777993257,"731e963c-3208-9188-5b89-bffeb77724bf"
"2026-05-09T15:05:24.000+0000",6628,44121,USD,"1778339124.439","/v1/ach/credit","/v1/ach/debit,/v1/ach/credit,/v1/ach/status,/v1/ach/verify-account,/v1/ach/settlement,/v1/ach/return",INFO,"INFO,ERROR,EXIT",88d8b3afba10e65762702b08a1e3949b,"{""type"":""credit"",""amount"":44121,""currency"":""USD"",""destinationAccountLast4"":""6628"",""routingNumber"":""122105155""}","{""status"":""pending"",""achStatus"":""submitted"",""estimatedSettlementDate"":""2026-05-10""}",439,R08,"R01,R02,R03,R04,R07,R08,R10,R29",122105155,"021000021,111000025,091000022,026009593,122105155","payments-service",1778339124,"88d8b3af-ba10-e657-6270-2b08a1e3949b"
"2026-05-10T08:03:56.000+0000",7721,41034,USD,"1778400236.55","/v1/ach/status","/v1/ach/debit,/v1/ach/credit,/v1/ach/status,/v1/ach/verify-account,/v1/ach/settlement,/v1/ach/return",ERROR,"INFO,ERROR,EXIT",bd95a19357c16429fca1609e0e25ac8b,"{""transferId"":""ACH-191487"",""action"":""status""}","{""status"":""returned"",""achStatus"":""returned"",""returnCode"":""R03"",""reason"":""bank_return""}",550,R03,"R01,R02,R03,R04,R07,R08,R10,R29",026009593,"021000021,111000025,091000022,026009593,122105155","payments-service",1778400236,"bd95a193-57c1-6429-fca1-609e0e25ac8b"
"2026-05-12T04:49:54.000+0000",2360,38567,USD,"1778561394.997","/v1/ach/settlement","/v1/ach/debit,/v1/ach/credit,/v1/ach/status,/v1/ach/verify-account,/v1/ach/settlement,/v1/ach/return",INFO,"INFO,ERROR,EXIT",b08b970b5dfc1de3a39dba0458114f9d,"{""transferId"":""ACH-354253"",""action"":""settlement""}","{""status"":""unknown""}",997,R10,"R01,R02,R03,R04,R07,R08,R10,R29",111000025,"021000021,111000025,091000022,026009593,122105155","payments-service",1778561394,"b08b970b-5dfc-1de3-a39d-ba0458114f9d"
"2026-05-12T00:26:23.000+0000",7044,43145,USD,"1778545583.309","/v1/ach/status","/v1/ach/debit,/v1/ach/credit,/v1/ach/status,/v1/ach/verify-account,/v1/ach/settlement,/v1/ach/return",INFO,"INFO,ERROR,EXIT",79ab800eff85c6f3ece93ac64e1a7cce,"{""transferId"":""ACH-743186"",""action"":""status""}","{""status"":""settled"",""achStatus"":""completed"",""settledAt"":""2026-05-12T00:26:23Z""}",309,R03,"R01,R02,R03,R04,R07,R08,R10,R29",111000025,"021000021,111000025,091000022,026009593,122105155","payments-service",1778545583,"79ab800e-ff85-c6f3-ece9-3ac64e1a7cce"
"2026-05-05T22:47:24.000+0000",8705,23996,USD,"1778021244.945","/v1/ach/debit","/v1/ach/debit,/v1/ach/credit,/v1/ach/status,/v1/ach/verify-account,/v1/ach/settlement,/v1/ach/return",EXIT,"INFO,ERROR,EXIT",7c47236092b8b27ea21b1d8d36ee7dd1,"{""type"":""debit"",""amount"":23996,""currency"":""USD"",""accountLast4"":""8705"",""routingNumber"":""122105155""}","{""status"":""error"",""errorCode"":""ACH-504"",""message"":""gateway_timeout""}",945,R07,"R01,R02,R03,R04,R07,R08,R10,R29",122105155,"021000021,111000025,091000022,026009593,122105155","payments-service",1778021244,"7c472360-92b8-b27e-a21b-1d8d36ee7dd1"
"2026-05-07T01:33:54.000+0000",3358,46486,USD,"1778117634.91","/v1/ach/return","/v1/ach/debit,/v1/ach/credit,/v1/ach/status,/v1/ach/verify-account,/v1/ach/settlement,/v1/ach/return",EXIT,"INFO,ERROR,EXIT",88cfb107fa67637cfb74c591e94128e2,"{""transferId"":""ACH-259492"",""action"":""return""}","{""status"":""error"",""errorCode"":""ACH-504"",""message"":""gateway_timeout""}",910,R04,"R01,R02,R03,R04,R07,R08,R10,R29",111000025,"021000021,111000025,091000022,026009593,122105155","payments-service",1778117634,"88cfb107-fa67-637c-fb74-c591e94128e2"
"2026-05-09T13:09:43.000+0000",6864,10048,USD,"1778332183.68","/v1/ach/credit","/v1/ach/debit,/v1/ach/credit,/v1/ach/status,/v1/ach/verify-account,/v1/ach/settlement,/v1/ach/return",ERROR,"INFO,ERROR,EXIT",d35010acfec2af2e24d53c950564a02e,"{""type"":""credit"",""amount"":10048,""currency"":""USD"",""destinationAccountLast4"":""6864"",""routingNumber"":""111000025""}","{""status"":""returned"",""achStatus"":""returned"",""returnCode"":""R07"",""reason"":""bank_return""}",680,R07,"R01,R02,R03,R04,R07,R08,R10,R29",111000025,"021000021,111000025,091000022,026009593,122105155","payments-service",1778332183,"d35010ac-fec2-af2e-24d5-3c950564a02e"
"2026-05-11T01:32:59.000+0000",8183,12071,USD,"1778463180.157","/v1/ach/status","/v1/ach/debit,/v1/ach/credit,/v1/ach/status,/v1/ach/verify-account,/v1/ach/settlement,/v1/ach/return",ERROR,"INFO,ERROR,EXIT",c6315341e74a76caeeba5ff2eb76078e,"{""transferId"":""ACH-265226"",""action"":""status""}","{""status"":""returned"",""achStatus"":""returned"",""returnCode"":""R07"",""reason"":""bank_return""}",1157,R07,"R01,R02,R03,R04,R07,R08,R10,R29",122105155,"021000021,111000025,091000022,026009593,122105155","payments-service",1778463179,"c6315341-e74a-76ca-eeba-5ff2eb76078e"
"2026-05-10T17:36:25.000+0000",7949,22629,USD,"1778434585.199","/v1/ach/credit","/v1/ach/debit,/v1/ach/credit,/v1/ach/status,/v1/ach/verify-account,/v1/ach/settlement,/v1/ach/return",INFO,"INFO,ERROR,EXIT",e9013f3c26cf97b19601105736fc512b,"{""type"":""credit"",""amount"":22629,""currency"":""USD"",""destinationAccountLast4"":""7949"",""routingNumber"":""021000021""}","{""status"":""pending"",""achStatus"":""submitted"",""estimatedSettlementDate"":""2026-05-11""}",199,R07,"R01,R02,R03,R04,R07,R08,R10,R29",021000021,"021000021,111000025,091000022,026009593,122105155","payments-service",1778434585,"e9013f3c-26cf-97b1-9601-105736fc512b"
"2026-05-11T22:57:19.000+0000",4214,35115,USD,"1778540239.55","/v1/ach/status","/v1/ach/debit,/v1/ach/credit,/v1/ach/status,/v1/ach/verify-account,/v1/ach/settlement,/v1/ach/return",EXIT,"INFO,ERROR,EXIT",7b06be05ca6d9c023e0d20f9eba84f7f,"{""transferId"":""ACH-397413"",""action"":""status""}","{""status"":""error"",""errorCode"":""ACH-504"",""message"":""gateway_timeout""}",550,R29,"R01,R02,R03,R04,R07,R08,R10,R29",021000021,"021000021,111000025,091000022,026009593,122105155","payments-service",1778540239,"7b06be05-ca6d-9c02-3e0d-20f9eba84f7f"
"2026-05-07T14:52:05.000+0000",9248,1752,USD,"1778165526.02","/v1/ach/settlement","/v1/ach/debit,/v1/ach/credit,/v1/ach/status,/v1/ach/verify-account,/v1/ach/settlement,/v1/ach/return",INFO,"INFO,ERROR,EXIT",977b8dc5f2a88c51cda5c890a34e3e00,"{""transferId"":""ACH-749069"",""action"":""settlement""}","{""status"":""unknown""}",1020,R07,"R01,R02,R03,R04,R07,R08,R10,R29",122105155,"021000021,111000025,091000022,026009593,122105155","payments-service",1778165525,"977b8dc5-f2a8-8c51-cda5-c890a34e3e00"
"2026-05-09T16:40:26.000+0000",5979,32614,USD,"1778344827.187","/v1/ach/debit","/v1/ach/debit,/v1/ach/credit,/v1/ach/status,/v1/ach/verify-account,/v1/ach/settlement,/v1/ach/return",ERROR,"INFO,ERROR,EXIT",be236f104e8fb3f159c3a3be02e2ab01,"{""type"":""debit"",""amount"":32614,""currency"":""USD"",""accountLast4"":""5979"",""routingNumber"":""122105155""}","{""status"":""returned"",""achStatus"":""returned"",""returnCode"":""R04"",""reason"":""bank_return""}",1187,R04,"R01,R02,R03,R04,R07,R08,R10,R29",122105155,"021000021,111000025,091000022,026009593,122105155","payments-service",1778344826,"be236f10-4e8f-b3f1-59c3-a3be02e2ab01"
"2026-05-06T14:27:30.000+0000",5448,1805,USD,"1778077650.283","/v1/ach/settlement","/v1/ach/debit,/v1/ach/credit,/v1/ach/status,/v1/ach/verify-account,/v1/ach/settlement,/v1/ach/return",ERROR,"INFO,ERROR,EXIT",ce78d70ca774b4ea2d36c37d54df8234,"{""transferId"":""ACH-455876"",""action"":""settlement""}","{""status"":""returned"",""achStatus"":""returned"",""returnCode"":""R03"",""reason"":""bank_return""}",283,R03,"R01,R02,R03,R04,R07,R08,R10,R29",122105155,"021000021,111000025,091000022,026009593,122105155","payments-service",1778077650,"ce78d70c-a774-b4ea-2d36-c37d54df8234"
"2026-05-08T12:54:33.000+0000",4182,20105,USD,"1778244873.654","/v1/ach/settlement","/v1/ach/debit,/v1/ach/credit,/v1/ach/status,/v1/ach/verify-account,/v1/ach/settlement,/v1/ach/return",ERROR,"INFO,ERROR,EXIT",a1f7d4c91fdd42c984e33d6856ac117e,"{""transferId"":""ACH-636998"",""action"":""settlement""}","{""status"":""returned"",""achStatus"":""returned"",""returnCode"":""R10"",""reason"":""bank_return""}",654,R10,"R01,R02,R03,R04,R07,R08,R10,R29",111000025,"021000021,111000025,091000022,026009593,122105155","payments-service",1778244873,"a1f7d4c9-1fdd-42c9-84e3-3d6856ac117e"
"2026-05-08T20:59:06.000+0000",4791,15183,USD,"1778273947.131","/v1/ach/status","/v1/ach/debit,/v1/ach/credit,/v1/ach/status,/v1/ach/verify-account,/v1/ach/settlement,/v1/ach/return",EXIT,"INFO,ERROR,EXIT",487a96b9d47127ae6803108644e6bf87,"{""transferId"":""ACH-703550"",""action"":""status""}","{""status"":""error"",""errorCode"":""ACH-504"",""message"":""gateway_timeout""}",1131,R07,"R01,R02,R03,R04,R07,R08,R10,R29",111000025,"021000021,111000025,091000022,026009593,122105155","payments-service",1778273946,"487a96b9-d471-27ae-6803-108644e6bf87"
"2026-05-09T10:10:54.000+0000",8879,23082,USD,"1778321454.456","/v1/ach/credit","/v1/ach/debit,/v1/ach/credit,/v1/ach/status,/v1/ach/verify-account,/v1/ach/settlement,/v1/ach/return",EXIT,"INFO,ERROR,EXIT",5b044a82e5c76c282c0bad55bae472d5,"{""type"":""credit"",""amount"":23082,""currency"":""USD"",""destinationAccountLast4"":""8879"",""routingNumber"":""091000022""}","{""status"":""error"",""errorCode"":""ACH-504"",""message"":""gateway_timeout""}",456,R08,"R01,R02,R03,R04,R07,R08,R10,R29",091000022,"021000021,111000025,091000022,026009593,122105155","payments-service",1778321454,"5b044a82-e5c7-6c28-2c0b-ad55bae472d5"
"2026-05-05T22:14:47.000+0000",4025,35730,USD,"1778019287.869","/v1/ach/debit","/v1/ach/debit,/v1/ach/credit,/v1/ach/status,/v1/ach/verify-account,/v1/ach/settlement,/v1/ach/return",ERROR,"INFO,ERROR,EXIT",8511e9bde7895a197de39dfb59e4e226,"{""type"":""debit"",""amount"":35730,""currency"":""USD"",""accountLast4"":""4025"",""routingNumber"":""091000022""}","{""status"":""returned"",""achStatus"":""returned"",""returnCode"":""R02"",""reason"":""bank_return""}",869,R02,"R01,R02,R03,R04,R07,R08,R10,R29",091000022,"021000021,111000025,091000022,026009593,122105155","payments-service",1778019287,"8511e9bd-e789-5a19-7de3-9dfb59e4e226"
"2026-05-08T10:05:37.000+0000",7419,7574,USD,"1778234737.9","/v1/ach/status","/v1/ach/debit,/v1/ach/credit,/v1/ach/status,/v1/ach/verify-account,/v1/ach/settlement,/v1/ach/return",ERROR,"INFO,ERROR,EXIT",b804160c47827f039db231b2d46741bf,"{""transferId"":""ACH-162414"",""action"":""status""}","{""status"":""returned"",""achStatus"":""returned"",""returnCode"":""R02"",""reason"":""bank_return""}",900,R02,"R01,R02,R03,R04,R07,R08,R10,R29",021000021,"021000021,111000025,091000022,026009593,122105155","payments-service",1778234737,"b804160c-4782-7f03-9db2-31b2d46741bf"
"2026-05-11T07:34:03.000+0000",2812,8781,USD,"1778484843.151","/v1/ach/settlement","/v1/ach/debit,/v1/ach/credit,/v1/ach/status,/v1/ach/verify-account,/v1/ach/settlement,/v1/ach/return",EXIT,"INFO,ERROR,EXIT",dd0a7016735c5a25d4b2c871563457bc,"{""transferId"":""ACH-557930"",""action"":""settlement""}","{""status"":""error"",""errorCode"":""ACH-504"",""message"":""gateway_timeout""}",151,R01,"R01,R02,R03,R04,R07,R08,R10,R29",122105155,"021000021,111000025,091000022,026009593,122105155","payments-service",1778484843,"dd0a7016-735c-5a25-d4b2-c871563457bc"
"2026-05-07T12:45:18.000+0000",3949,12502,USD,"1778157918.314","/v1/ach/return","/v1/ach/debit,/v1/ach/credit,/v1/ach/status,/v1/ach/verify-account,/v1/ach/settlement,/v1/ach/return",ERROR,"INFO,ERROR,EXIT",db85f7a9d31b16c6b1d0e53946730115,"{""transferId"":""ACH-760569"",""action"":""return""}","{""status"":""returned"",""achStatus"":""returned"",""returnCode"":""R03"",""reason"":""bank_return""}",314,R03,"R01,R02,R03,R04,R07,R08,R10,R29",122105155,"021000021,111000025,091000022,026009593,122105155","payments-service",1778157918,"db85f7a9-d31b-16c6-b1d0-e53946730115"
"2026-05-11T12:33:56.000+0000",7592,15956,USD,"1778502836.294","/v1/ach/debit","/v1/ach/debit,/v1/ach/credit,/v1/ach/status,/v1/ach/verify-account,/v1/ach/settlement,/v1/ach/return",INFO,"INFO,ERROR,EXIT",a16b8cf1d46ba1ce94011b6faaf9d822,"{""type"":""debit"",""amount"":15956,""currency"":""USD"",""accountLast4"":""7592"",""routingNumber"":""091000022""}","{""status"":""pending"",""achStatus"":""submitted"",""estimatedSettlementDate"":""2026-05-12""}",294,R07,"R01,R02,R03,R04,R07,R08,R10,R29",091000022,"021000021,111000025,091000022,026009593,122105155","payments-service",1778502836,"a16b8cf1-d46b-a1ce-9401-1b6faaf9d822"
"2026-05-05T21:04:03.000+0000",4898,22854,USD,"1778015043.248","/v1/ach/return","/v1/ach/debit,/v1/ach/credit,/v1/ach/status,/v1/ach/verify-account,/v1/ach/settlement,/v1/ach/return",EXIT,"INFO,ERROR,EXIT",e23ad2f42e83760e35f0cc44621ad21e,"{""transferId"":""ACH-568224"",""action"":""return""}","{""status"":""error"",""errorCode"":""ACH-504"",""message"":""gateway_timeout""}",248,R01,"R01,R02,R03,R04,R07,R08,R10,R29",122105155,"021000021,111000025,091000022,026009593,122105155","payments-service",1778015043,"e23ad2f4-2e83-760e-35f0-cc44621ad21e"
"2026-05-10T02:06:24.000+0000",2849,3091,USD,"1778378784.858","/v1/ach/credit","/v1/ach/debit,/v1/ach/credit,/v1/ach/status,/v1/ach/verify-account,/v1/ach/settlement,/v1/ach/return",EXIT,"INFO,ERROR,EXIT",b80586b98759874721b2b04412ac5eaa,"{""type"":""credit"",""amount"":3091,""currency"":""USD"",""destinationAccountLast4"":""2849"",""routingNumber"":""026009593""}","{""status"":""error"",""errorCode"":""ACH-504"",""message"":""gateway_timeout""}",858,R04,"R01,R02,R03,R04,R07,R08,R10,R29",026009593,"021000021,111000025,091000022,026009593,122105155","payments-service",1778378784,"b80586b9-8759-8747-21b2-b04412ac5eaa"
"2026-05-05T19:12:07.000+0000",9017,29705,USD,"1778008327.601","/v1/ach/status","/v1/ach/debit,/v1/ach/credit,/v1/ach/status,/v1/ach/verify-account,/v1/ach/settlement,/v1/ach/return",ERROR,"INFO,ERROR,EXIT",6f3989a2dd5a0d5ef651803627babc76,"{""transferId"":""ACH-268195"",""action"":""status""}","{""status"":""returned"",""achStatus"":""returned"",""returnCode"":""R03"",""reason"":""bank_return""}",601,R03,"R01,R02,R03,R04,R07,R08,R10,R29",091000022,"021000021,111000025,091000022,026009593,122105155","payments-service",1778008327,"6f3989a2-dd5a-0d5e-f651-803627babc76"
"2026-05-11T16:49:33.000+0000",2417,14987,USD,"1778518173.709","/v1/ach/status","/v1/ach/debit,/v1/ach/credit,/v1/ach/status,/v1/ach/verify-account,/v1/ach/settlement,/v1/ach/return",INFO,"INFO,ERROR,EXIT",987d72b836e75e163d6a347686066970,"{""transferId"":""ACH-528304"",""action"":""status""}","{""status"":""settled"",""achStatus"":""completed"",""settledAt"":""2026-05-11T16:49:33Z""}",709,R29,"R01,R02,R03,R04,R07,R08,R10,R29",091000022,"021000021,111000025,091000022,026009593,122105155","payments-service",1778518173,"987d72b8-36e7-5e16-3d6a-347686066970"
"2026-05-09T14:41:52.000+0000",3597,39510,USD,"1778337712.928","/v1/ach/settlement","/v1/ach/debit,/v1/ach/credit,/v1/ach/status,/v1/ach/verify-account,/v1/ach/settlement,/v1/ach/return",ERROR,"INFO,ERROR,EXIT",da206bdbb7294adefac60b195b30950b,"{""transferId"":""ACH-391178"",""action"":""settlement""}","{""status"":""returned"",""achStatus"":""returned"",""returnCode"":""R01"",""reason"":""bank_return""}",928,R01,"R01,R02,R03,R04,R07,R08,R10,R29",026009593,"021000021,111000025,091000022,026009593,122105155","payments-service",1778337712,"da206bdb-b729-4ade-fac6-0b195b30950b"
"2026-05-06T15:30:25.000+0000",9802,48717,USD,"1778081426.192","/v1/ach/debit","/v1/ach/debit,/v1/ach/credit,/v1/ach/status,/v1/ach/verify-account,/v1/ach/settlement,/v1/ach/return",EXIT,"INFO,ERROR,EXIT",26ece98e1fb65fe3dfdcb76ab653cdaa,"{""type"":""debit"",""amount"":48717,""currency"":""USD"",""accountLast4"":""9802"",""routingNumber"":""091000022""}","{""status"":""error"",""errorCode"":""ACH-504"",""message"":""gateway_timeout""}",1192,R02,"R01,R02,R03,R04,R07,R08,R10,R29",091000022,"021000021,111000025,091000022,026009593,122105155","payments-service",1778081425,"26ece98e-1fb6-5fe3-dfdc-b76ab653cdaa"
"2026-05-08T05:38:41.000+0000",4756,9650,USD,"1778218721.425","/v1/ach/credit","/v1/ach/debit,/v1/ach/credit,/v1/ach/status,/v1/ach/verify-account,/v1/ach/settlement,/v1/ach/return",INFO,"INFO,ERROR,EXIT",e7b1695218edb5d6ca0f805f674db96c,"{""type"":""credit"",""amount"":9650,""currency"":""USD"",""destinationAccountLast4"":""4756"",""routingNumber"":""021000021""}","{""status"":""pending"",""achStatus"":""submitted"",""estimatedSettlementDate"":""2026-05-09""}",425,R01,"R01,R02,R03,R04,R07,R08,R10,R29",021000021,"021000021,111000025,091000022,026009593,122105155","payments-service",1778218721,"e7b16952-18ed-b5d6-ca0f-805f674db96c"
"2026-05-07T18:34:19.000+0000",2256,12257,USD,"1778178859.345","/v1/ach/settlement","/v1/ach/debit,/v1/ach/credit,/v1/ach/status,/v1/ach/verify-account,/v1/ach/settlement,/v1/ach/return",EXIT,"INFO,ERROR,EXIT",150ecbc7c66b29e84abf1c2a1474fcbe,"{""transferId"":""ACH-302799"",""action"":""settlement""}","{""status"":""error"",""errorCode"":""ACH-504"",""message"":""gateway_timeout""}",345,R01,"R01,R02,R03,R04,R07,R08,R10,R29",122105155,"021000021,111000025,091000022,026009593,122105155","payments-service",1778178859,"150ecbc7-c66b-29e8-4abf-1c2a1474fcbe"
"2026-05-08T20:57:43.000+0000",5209,29717,USD,"1778273864.081","/v1/ach/return","/v1/ach/debit,/v1/ach/credit,/v1/ach/status,/v1/ach/verify-account,/v1/ach/settlement,/v1/ach/return",ERROR,"INFO,ERROR,EXIT",a4491c1396c833a9856314bd5e7242d7,"{""transferId"":""ACH-437450"",""action"":""return""}","{""status"":""returned"",""achStatus"":""returned"",""returnCode"":""R04"",""reason"":""bank_return""}",1081,R04,"R01,R02,R03,R04,R07,R08,R10,R29",021000021,"021000021,111000025,091000022,026009593,122105155","payments-service",1778273863,"a4491c13-96c8-33a9-8563-14bd5e7242d7"
"2026-05-10T05:32:02.000+0000",6699,7103,USD,"1778391123.158","/v1/ach/debit","/v1/ach/debit,/v1/ach/credit,/v1/ach/status,/v1/ach/verify-account,/v1/ach/settlement,/v1/ach/return",ERROR,"INFO,ERROR,EXIT",4182c67ee49cdc6bba8829c2ba174c02,"{""type"":""debit"",""amount"":7103,""currency"":""USD"",""accountLast4"":""6699"",""routingNumber"":""122105155""}","{""status"":""returned"",""achStatus"":""returned"",""returnCode"":""R10"",""reason"":""bank_return""}",1158,R10,"R01,R02,R03,R04,R07,R08,R10,R29",122105155,"021000021,111000025,091000022,026009593,122105155","payments-service",1778391122,"4182c67e-e49c-dc6b-ba88-29c2ba174c02"
"2026-05-08T13:18:53.000+0000",8372,39169,USD,"1778246333.3","/v1/ach/settlement","/v1/ach/debit,/v1/ach/credit,/v1/ach/status,/v1/ach/verify-account,/v1/ach/settlement,/v1/ach/return",ERROR,"INFO,ERROR,EXIT",172a649c0b3a656e8d61bbc0978e7f20,"{""transferId"":""ACH-493067"",""action"":""settlement""}","{""status"":""returned"",""achStatus"":""returned"",""returnCode"":""R03"",""reason"":""bank_return""}",300,R03,"R01,R02,R03,R04,R07,R08,R10,R29",021000021,"021000021,111000025,091000022,026009593,122105155","payments-service",1778246333,"172a649c-0b3a-656e-8d61-bbc0978e7f20"
"2026-05-09T03:21:49.000+0000",4844,7484,USD,"1778296909.941","/v1/ach/credit","/v1/ach/debit,/v1/ach/credit,/v1/ach/status,/v1/ach/verify-account,/v1/ach/settlement,/v1/ach/return",ERROR,"INFO,ERROR,EXIT",97e8321e6a7fe550f75aa66139a36659,"{""type"":""credit"",""amount"":7484,""currency"":""USD"",""destinationAccountLast4"":""4844"",""routingNumber"":""111000025""}","{""status"":""returned"",""achStatus"":""returned"",""returnCode"":""R08"",""reason"":""bank_return""}",941,R08,"R01,R02,R03,R04,R07,R08,R10,R29",111000025,"021000021,111000025,091000022,026009593,122105155","payments-service",1778296909,"97e8321e-6a7f-e550-f75a-a66139a36659"
"2026-05-11T06:23:10.000+0000",5618,4443,USD,"1778480590.71","/v1/ach/settlement","/v1/ach/debit,/v1/ach/credit,/v1/ach/status,/v1/ach/verify-account,/v1/ach/settlement,/v1/ach/return",ERROR,"INFO,ERROR,EXIT",0a396fe5508b5f27e730ba10ecb2dc91,"{""transferId"":""ACH-247559"",""action"":""settlement""}","{""status"":""returned"",""achStatus"":""returned"",""returnCode"":""R07"",""reason"":""bank_return""}",710,R07,"R01,R02,R03,R04,R07,R08,R10,R29",091000022,"021000021,111000025,091000022,026009593,122105155","payments-service",1778480590,"0a396fe5-508b-5f27-e730-ba10ecb2dc91"
"2026-05-10T04:04:28.000+0000",9633,4920,USD,"1778385868.219","/v1/ach/debit","/v1/ach/debit,/v1/ach/credit,/v1/ach/status,/v1/ach/verify-account,/v1/ach/settlement,/v1/ach/return",INFO,"INFO,ERROR,EXIT",9f8fb6f4685fd74c7618663f4e96fba1,"{""type"":""debit"",""amount"":4920,""currency"":""USD"",""accountLast4"":""9633"",""routingNumber"":""122105155""}","{""status"":""pending"",""achStatus"":""submitted"",""estimatedSettlementDate"":""2026-05-11""}",219,R07,"R01,R02,R03,R04,R07,R08,R10,R29",122105155,"021000021,111000025,091000022,026009593,122105155","payments-service",1778385868,"9f8fb6f4-685f-d74c-7618-663f4e96fba1"
"2026-05-06T10:23:48.000+0000",9956,6710,USD,"1778063028.655","/v1/ach/status","/v1/ach/debit,/v1/ach/credit,/v1/ach/status,/v1/ach/verify-account,/v1/ach/settlement,/v1/ach/return",EXIT,"INFO,ERROR,EXIT",879d7fff360f91ff49237b3301b1163f,"{""transferId"":""ACH-439756"",""action"":""status""}","{""status"":""error"",""errorCode"":""ACH-504"",""message"":""gateway_timeout""}",655,R03,"R01,R02,R03,R04,R07,R08,R10,R29",021000021,"021000021,111000025,091000022,026009593,122105155","payments-service",1778063028,"879d7fff-360f-91ff-4923-7b3301b1163f"
"2026-05-11T07:17:20.000+0000",8899,36211,USD,"1778483840.435","/v1/ach/status","/v1/ach/debit,/v1/ach/credit,/v1/ach/status,/v1/ach/verify-account,/v1/ach/settlement,/v1/ach/return",EXIT,"INFO,ERROR,EXIT",53b860190957469016844ee7dff19b14,"{""transferId"":""ACH-670054"",""action"":""status""}","{""status"":""error"",""errorCode"":""ACH-504"",""message"":""gateway_timeout""}",435,R07,"R01,R02,R03,R04,R07,R08,R10,R29",122105155,"021000021,111000025,091000022,026009593,122105155","payments-service",1778483840,"53b86019-0957-4690-1684-4ee7dff19b14"
"2026-05-07T01:05:06.000+0000",1893,17810,USD,"1778115906.205","/v1/ach/verify-account","/v1/ach/debit,/v1/ach/credit,/v1/ach/status,/v1/ach/verify-account,/v1/ach/settlement,/v1/ach/return",EXIT,"INFO,ERROR,EXIT",2b0aeb7bb9d9d78b2ca975d205300f48,"{""accountLast4"":""1893"",""routingNumber"":""111000025""}","{""status"":""error"",""errorCode"":""ACH-504"",""message"":""gateway_timeout""}",205,R29,"R01,R02,R03,R04,R07,R08,R10,R29",111000025,"021000021,111000025,091000022,026009593,122105155","payments-service",1778115906,"2b0aeb7b-b9d9-d78b-2ca9-75d205300f48"
"2026-05-08T16:13:24.000+0000",1032,20968,USD,"1778256804.736","/v1/ach/debit","/v1/ach/debit,/v1/ach/credit,/v1/ach/status,/v1/ach/verify-account,/v1/ach/settlement,/v1/ach/return",EXIT,"INFO,ERROR,EXIT",a1fb3c8bbbe274c01364703fa522584d,"{""type"":""debit"",""amount"":20968,""currency"":""USD"",""accountLast4"":""1032"",""routingNumber"":""021000021""}","{""status"":""error"",""errorCode"":""ACH-504"",""message"":""gateway_timeout""}",736,R04,"R01,R02,R03,R04,R07,R08,R10,R29",021000021,"021000021,111000025,091000022,026009593,122105155","payments-service",1778256804,"a1fb3c8b-bbe2-74c0-1364-703fa522584d"
"2026-05-11T18:24:39.000+0000",8976,2676,USD,"1778523879.514","/v1/ach/settlement","/v1/ach/debit,/v1/ach/credit,/v1/ach/status,/v1/ach/verify-account,/v1/ach/settlement,/v1/ach/return",EXIT,"INFO,ERROR,EXIT",44faac13066a1d98fd422d9a581c2c67,"{""transferId"":""ACH-343620"",""action"":""settlement""}","{""status"":""error"",""errorCode"":""ACH-504"",""message"":""gateway_timeout""}",514,R03,"R01,R02,R03,R04,R07,R08,R10,R29",091000022,"021000021,111000025,091000022,026009593,122105155","payments-service",1778523879,"44faac13-066a-1d98-fd42-2d9a581c2c67"
"2026-05-10T05:12:37.000+0000",6644,27704,USD,"1778389957.456","/v1/ach/settlement","/v1/ach/debit,/v1/ach/credit,/v1/ach/status,/v1/ach/verify-account,/v1/ach/settlement,/v1/ach/return",EXIT,"INFO,ERROR,EXIT",8375d0b691a173386f53b3dc38c905d7,"{""transferId"":""ACH-579978"",""action"":""settlement""}","{""status"":""error"",""errorCode"":""ACH-504"",""message"":""gateway_timeout""}",456,R04,"R01,R02,R03,R04,R07,R08,R10,R29",021000021,"021000021,111000025,091000022,026009593,122105155","payments-service",1778389957,"8375d0b6-91a1-7338-6f53-b3dc38c905d7"
"2026-05-08T11:24:24.000+0000",6252,42418,USD,"1778239465.224","/v1/ach/return","/v1/ach/debit,/v1/ach/credit,/v1/ach/status,/v1/ach/verify-account,/v1/ach/settlement,/v1/ach/return",INFO,"INFO,ERROR,EXIT",66172a578636ad37dbc9c4c7676a8a72,"{""transferId"":""ACH-881773"",""action"":""return""}","{""status"":""unknown""}",1224,R02,"R01,R02,R03,R04,R07,R08,R10,R29",026009593,"021000021,111000025,091000022,026009593,122105155","payments-service",1778239464,"66172a57-8636-ad37-dbc9-c4c7676a8a72"
"2026-05-08T20:51:42.000+0000",2749,22233,USD,"1778273502.718","/v1/ach/verify-account","/v1/ach/debit,/v1/ach/credit,/v1/ach/status,/v1/ach/verify-account,/v1/ach/settlement,/v1/ach/return",ERROR,"INFO,ERROR,EXIT",2ff0f572112d1508df5cc4b0dab0524f,"{""accountLast4"":""2749"",""routingNumber"":""021000021""}","{""status"":""returned"",""achStatus"":""returned"",""returnCode"":""R02"",""reason"":""bank_return""}",718,R02,"R01,R02,R03,R04,R07,R08,R10,R29",021000021,"021000021,111000025,091000022,026009593,122105155","payments-service",1778273502,"2ff0f572-112d-1508-df5c-c4b0dab0524f"
"2026-05-08T08:18:55.000+0000",6789,6310,USD,"1778228335.325","/v1/ach/verify-account","/v1/ach/debit,/v1/ach/credit,/v1/ach/status,/v1/ach/verify-account,/v1/ach/settlement,/v1/ach/return",EXIT,"INFO,ERROR,EXIT",b25e72d16daaff0418868939d8f79c1a,"{""accountLast4"":""6789"",""routingNumber"":""091000022""}","{""status"":""error"",""errorCode"":""ACH-504"",""message"":""gateway_timeout""}",325,R03,"R01,R02,R03,R04,R07,R08,R10,R29",091000022,"021000021,111000025,091000022,026009593,122105155","payments-service",1778228335,"b25e72d1-6daa-ff04-1886-8939d8f79c1a"
"2026-05-09T08:24:18.000+0000",8869,34849,USD,"1778315059.09","/v1/ach/credit","/v1/ach/debit,/v1/ach/credit,/v1/ach/status,/v1/ach/verify-account,/v1/ach/settlement,/v1/ach/return",INFO,"INFO,ERROR,EXIT",f296c17bceaa3c9e7b55f17e6ebe762d,"{""type"":""credit"",""amount"":34849,""currency"":""USD"",""destinationAccountLast4"":""8869"",""routingNumber"":""091000022""}","{""status"":""pending"",""achStatus"":""submitted"",""estimatedSettlementDate"":""2026-05-10""}",1090,R29,"R01,R02,R03,R04,R07,R08,R10,R29",091000022,"021000021,111000025,091000022,026009593,122105155","payments-service",1778315058,"f296c17b-ceaa-3c9e-7b55-f17e6ebe762d"
"2026-05-11T15:24:18.000+0000",6130,38778,USD,"1778513058.858","/v1/ach/status","/v1/ach/debit,/v1/ach/credit,/v1/ach/status,/v1/ach/verify-account,/v1/ach/settlement,/v1/ach/return",INFO,"INFO,ERROR,EXIT",8d054b2a16c2ec06aa1e3f9242324841,"{""transferId"":""ACH-169196"",""action"":""status""}","{""status"":""settled"",""achStatus"":""completed"",""settledAt"":""2026-05-11T15:24:18Z""}",858,R04,"R01,R02,R03,R04,R07,R08,R10,R29",026009593,"021000021,111000025,091000022,026009593,122105155","payments-service",1778513058,"8d054b2a-16c2-ec06-aa1e-3f9242324841"
"2026-05-06T17:07:32.000+0000",5647,39813,USD,"1778087252.984","/v1/ach/settlement","/v1/ach/debit,/v1/ach/credit,/v1/ach/status,/v1/ach/verify-account,/v1/ach/settlement,/v1/ach/return",ERROR,"INFO,ERROR,EXIT",2e2c178a7b610c97ac5a197b105856f7,"{""transferId"":""ACH-126441"",""action"":""settlement""}","{""status"":""returned"",""achStatus"":""returned"",""returnCode"":""R04"",""reason"":""bank_return""}",984,R04,"R01,R02,R03,R04,R07,R08,R10,R29",026009593,"021000021,111000025,091000022,026009593,122105155","payments-service",1778087252,"2e2c178a-7b61-0c97-ac5a-197b105856f7"
"2026-05-11T15:19:05.000+0000",4458,19595,USD,"1778512745.532","/v1/ach/verify-account","/v1/ach/debit,/v1/ach/credit,/v1/ach/status,/v1/ach/verify-account,/v1/ach/settlement,/v1/ach/return",INFO,"INFO,ERROR,EXIT",3c0f9d169c790b1203ef4bc4d2143b14,"{""accountLast4"":""4458"",""routingNumber"":""122105155""}","{""status"":""unknown""}",532,R04,"R01,R02,R03,R04,R07,R08,R10,R29",122105155,"021000021,111000025,091000022,026009593,122105155","payments-service",1778512745,"3c0f9d16-9c79-0b12-03ef-4bc4d2143b14"
"2026-05-05T19:24:04.000+0000",1164,44911,USD,"1778009044.252","/v1/ach/status","/v1/ach/debit,/v1/ach/credit,/v1/ach/status,/v1/ach/verify-account,/v1/ach/settlement,/v1/ach/return",ERROR,"INFO,ERROR,EXIT",65b065a9d9c3d9a03a99efc725a44d08,"{""transferId"":""ACH-239402"",""action"":""status""}","{""status"":""returned"",""achStatus"":""returned"",""returnCode"":""R07"",""reason"":""bank_return""}",252,R07,"R01,R02,R03,R04,R07,R08,R10,R29",122105155,"021000021,111000025,091000022,026009593,122105155","payments-service",1778009044,"65b065a9-d9c3-d9a0-3a99-efc725a44d08"
"2026-05-09T17:15:05.000+0000",3783,45946,USD,"1778346905.698","/v1/ach/credit","/v1/ach/debit,/v1/ach/credit,/v1/ach/status,/v1/ach/verify-account,/v1/ach/settlement,/v1/ach/return",INFO,"INFO,ERROR,EXIT",22a5c6c2bccf4dfb3b6a1e62c0abb719,"{""type"":""credit"",""amount"":45946,""currency"":""USD"",""destinationAccountLast4"":""3783"",""routingNumber"":""122105155""}","{""status"":""pending"",""achStatus"":""submitted"",""estimatedSettlementDate"":""2026-05-10""}",698,R08,"R01,R02,R03,R04,R07,R08,R10,R29",122105155,"021000021,111000025,091000022,026009593,122105155","payments-service",1778346905,"22a5c6c2-bccf-4dfb-3b6a-1e62c0abb719"
"2026-05-09T23:45:40.000+0000",6346,37106,USD,"1778370340.434","/v1/ach/verify-account","/v1/ach/debit,/v1/ach/credit,/v1/ach/status,/v1/ach/verify-account,/v1/ach/settlement,/v1/ach/return",EXIT,"INFO,ERROR,EXIT",25a653f4cf51294af9c409fc4ecb5ad7,"{""accountLast4"":""6346"",""routingNumber"":""122105155""}","{""status"":""error"",""errorCode"":""ACH-504"",""message"":""gateway_timeout""}",434,R29,"R01,R02,R03,R04,R07,R08,R10,R29",122105155,"021000021,111000025,091000022,026009593,122105155","payments-service",1778370340,"25a653f4-cf51-294a-f9c4-09fc4ecb5ad7"
"2026-05-05T14:30:42.000+0000",9406,2514,USD,"1777991442.379","/v1/ach/debit","/v1/ach/debit,/v1/ach/credit,/v1/ach/status,/v1/ach/verify-account,/v1/ach/settlement,/v1/ach/return",INFO,"INFO,ERROR,EXIT",74435a79211413e4cfba8a91d65a92ee,"{""type"":""debit"",""amount"":2514,""currency"":""USD"",""accountLast4"":""9406"",""routingNumber"":""026009593""}","{""status"":""pending"",""achStatus"":""submitted"",""estimatedSettlementDate"":""2026-05-06""}",379,R10,"R01,R02,R03,R04,R07,R08,R10,R29",026009593,"021000021,111000025,091000022,026009593,122105155","payments-service",1777991442,"74435a79-2114-13e4-cfba-8a91d65a92ee"
"2026-05-10T12:42:21.000+0000",9558,7242,USD,"1778416941.839","/v1/ach/status","/v1/ach/debit,/v1/ach/credit,/v1/ach/status,/v1/ach/verify-account,/v1/ach/settlement,/v1/ach/return",INFO,"INFO,ERROR,EXIT",b6767b829e2d0b4b0d7b20e4e447e281,"{""transferId"":""ACH-868435"",""action"":""status""}","{""status"":""settled"",""achStatus"":""completed"",""settledAt"":""2026-05-10T12:42:21Z""}",839,R02,"R01,R02,R03,R04,R07,R08,R10,R29",111000025,"021000021,111000025,091000022,026009593,122105155","payments-service",1778416941,"b6767b82-9e2d-0b4b-0d7b-20e4e447e281"
"2026-05-07T09:08:40.000+0000",5749,29975,USD,"1778144920.243","/v1/ach/return","/v1/ach/debit,/v1/ach/credit,/v1/ach/status,/v1/ach/verify-account,/v1/ach/settlement,/v1/ach/return",ERROR,"INFO,ERROR,EXIT",ffc0c67b50125a21454a045f03585b9a,"{""transferId"":""ACH-172084"",""action"":""return""}","{""status"":""returned"",""achStatus"":""returned"",""returnCode"":""R10"",""reason"":""bank_return""}",243,R10,"R01,R02,R03,R04,R07,R08,R10,R29",026009593,"021000021,111000025,091000022,026009593,122105155","payments-service",1778144920,"ffc0c67b-5012-5a21-454a-045f03585b9a"
"2026-05-11T22:51:09.000+0000",1923,19393,USD,"1778539870.053","/v1/ach/settlement","/v1/ach/debit,/v1/ach/credit,/v1/ach/status,/v1/ach/verify-account,/v1/ach/settlement,/v1/ach/return",INFO,"INFO,ERROR,EXIT",91673cc2200db5966a2fd9964e1d9b81,"{""transferId"":""ACH-562246"",""action"":""settlement""}","{""status"":""unknown""}",1053,R10,"R01,R02,R03,R04,R07,R08,R10,R29",091000022,"021000021,111000025,091000022,026009593,122105155","payments-service",1778539869,"91673cc2-200d-b596-6a2f-d9964e1d9b81"
"2026-05-06T20:39:52.000+0000",6734,36886,USD,"1778099992.256","/v1/ach/status","/v1/ach/debit,/v1/ach/credit,/v1/ach/status,/v1/ach/verify-account,/v1/ach/settlement,/v1/ach/return",ERROR,"INFO,ERROR,EXIT",798c428fd81ef4b4948ff4c140ae82bc,"{""transferId"":""ACH-835563"",""action"":""status""}","{""status"":""returned"",""achStatus"":""returned"",""returnCode"":""R04"",""reason"":""bank_return""}",256,R04,"R01,R02,R03,R04,R07,R08,R10,R29",091000022,"021000021,111000025,091000022,026009593,122105155","payments-service",1778099992,"798c428f-d81e-f4b4-948f-f4c140ae82bc"
"2026-05-06T17:20:31.000+0000",7599,2058,USD,"1778088031.785","/v1/ach/settlement","/v1/ach/debit,/v1/ach/credit,/v1/ach/status,/v1/ach/verify-account,/v1/ach/settlement,/v1/ach/return",INFO,"INFO,ERROR,EXIT",61d519b7629b0957e253373ce484b4a7,"{""transferId"":""ACH-539555"",""action"":""settlement""}","{""status"":""unknown""}",785,R02,"R01,R02,R03,R04,R07,R08,R10,R29",021000021,"021000021,111000025,091000022,026009593,122105155","payments-service",1778088031,"61d519b7-629b-0957-e253-373ce484b4a7"
"2026-05-08T00:56:53.000+0000",4145,38861,USD,"1778201813.313","/v1/ach/debit","/v1/ach/debit,/v1/ach/credit,/v1/ach/status,/v1/ach/verify-account,/v1/ach/settlement,/v1/ach/return",EXIT,"INFO,ERROR,EXIT",9a620f5d9d7a3fb5e095f0d44b41a8ae,"{""type"":""debit"",""amount"":38861,""currency"":""USD"",""accountLast4"":""4145"",""routingNumber"":""111000025""}","{""status"":""error"",""errorCode"":""ACH-504"",""message"":""gateway_timeout""}",313,R04,"R01,R02,R03,R04,R07,R08,R10,R29",111000025,"021000021,111000025,091000022,026009593,122105155","payments-service",1778201813,"9a620f5d-9d7a-3fb5-e095-f0d44b41a8ae"
"2026-05-11T22:36:03.000+0000",2409,2398,USD,"1778538963.961","/v1/ach/settlement","/v1/ach/debit,/v1/ach/credit,/v1/ach/status,/v1/ach/verify-account,/v1/ach/settlement,/v1/ach/return",EXIT,"INFO,ERROR,EXIT",42a05975d8f485392db23c3158e6f9a3,"{""transferId"":""ACH-623930"",""action"":""settlement""}","{""status"":""error"",""errorCode"":""ACH-504"",""message"":""gateway_timeout""}",961,R07,"R01,R02,R03,R04,R07,R08,R10,R29",122105155,"021000021,111000025,091000022,026009593,122105155","payments-service",1778538963,"42a05975-d8f4-8539-2db2-3c3158e6f9a3"
"2026-05-07T13:43:28.000+0000",8207,32462,USD,"1778161409.13","/v1/ach/credit","/v1/ach/debit,/v1/ach/credit,/v1/ach/status,/v1/ach/verify-account,/v1/ach/settlement,/v1/ach/return",INFO,"INFO,ERROR,EXIT",24d46d735521b157e4f995889ebbb15b,"{""type"":""credit"",""amount"":32462,""currency"":""USD"",""destinationAccountLast4"":""8207"",""routingNumber"":""091000022""}","{""status"":""pending"",""achStatus"":""submitted"",""estimatedSettlementDate"":""2026-05-08""}",1130,R04,"R01,R02,R03,R04,R07,R08,R10,R29",091000022,"021000021,111000025,091000022,026009593,122105155","payments-service",1778161408,"24d46d73-5521-b157-e4f9-95889ebbb15b"
"2026-05-06T14:24:51.000+0000",8093,14479,USD,"1778077492.047","/v1/ach/verify-account","/v1/ach/debit,/v1/ach/credit,/v1/ach/status,/v1/ach/verify-account,/v1/ach/settlement,/v1/ach/return",ERROR,"INFO,ERROR,EXIT",21d00600b66dc94505a068785d321573,"{""accountLast4"":""8093"",""routingNumber"":""026009593""}","{""status"":""returned"",""achStatus"":""returned"",""returnCode"":""R01"",""reason"":""bank_return""}",1047,R01,"R01,R02,R03,R04,R07,R08,R10,R29",026009593,"021000021,111000025,091000022,026009593,122105155","payments-service",1778077491,"21d00600-b66d-c945-05a0-68785d321573"
"2026-05-06T23:08:36.000+0000",5473,13590,USD,"1778108917.071","/v1/ach/verify-account","/v1/ach/debit,/v1/ach/credit,/v1/ach/status,/v1/ach/verify-account,/v1/ach/settlement,/v1/ach/return",INFO,"INFO,ERROR,EXIT",0096c35207b9d4f0cc81f52c8e2a6c66,"{""accountLast4"":""5473"",""routingNumber"":""111000025""}","{""status"":""unknown""}",1071,R03,"R01,R02,R03,R04,R07,R08,R10,R29",111000025,"021000021,111000025,091000022,026009593,122105155","payments-service",1778108916,"0096c352-07b9-d4f0-cc81-f52c8e2a6c66"
"2026-05-05T10:56:50.000+0000",5571,37023,USD,"1777978610.426","/v1/ach/debit","/v1/ach/debit,/v1/ach/credit,/v1/ach/status,/v1/ach/verify-account,/v1/ach/settlement,/v1/ach/return",ERROR,"INFO,ERROR,EXIT",65894d1bd1785e39bf67428145c9bf14,"{""type"":""debit"",""amount"":37023,""currency"":""USD"",""accountLast4"":""5571"",""routingNumber"":""091000022""}","{""status"":""returned"",""achStatus"":""returned"",""returnCode"":""R07"",""reason"":""bank_return""}",426,R07,"R01,R02,R03,R04,R07,R08,R10,R29",091000022,"021000021,111000025,091000022,026009593,122105155","payments-service",1777978610,"65894d1b-d178-5e39-bf67-428145c9bf14"
"2026-05-08T22:11:42.000+0000",7677,49733,USD,"1778278302.526","/v1/ach/debit","/v1/ach/debit,/v1/ach/credit,/v1/ach/status,/v1/ach/verify-account,/v1/ach/settlement,/v1/ach/return",INFO,"INFO,ERROR,EXIT",f14dabc70446b42d42948bf3124fd3cd,"{""type"":""debit"",""amount"":49733,""currency"":""USD"",""accountLast4"":""7677"",""routingNumber"":""111000025""}","{""status"":""pending"",""achStatus"":""submitted"",""estimatedSettlementDate"":""2026-05-09""}",526,R02,"R01,R02,R03,R04,R07,R08,R10,R29",111000025,"021000021,111000025,091000022,026009593,122105155","payments-service",1778278302,"f14dabc7-0446-b42d-4294-8bf3124fd3cd"
"2026-05-11T13:13:57.000+0000",9212,20779,USD,"1778505237.735","/v1/ach/status","/v1/ach/debit,/v1/ach/credit,/v1/ach/status,/v1/ach/verify-account,/v1/ach/settlement,/v1/ach/return",ERROR,"INFO,ERROR,EXIT",f9eb01c026f83fa8256eae0cf561fe41,"{""transferId"":""ACH-927884"",""action"":""status""}","{""status"":""returned"",""achStatus"":""returned"",""returnCode"":""R03"",""reason"":""bank_return""}",735,R03,"R01,R02,R03,R04,R07,R08,R10,R29",026009593,"021000021,111000025,091000022,026009593,122105155","payments-service",1778505237,"f9eb01c0-26f8-3fa8-256e-ae0cf561fe41"
"2026-05-05T08:30:44.000+0000",9471,12417,USD,"1777969844.344","/v1/ach/return","/v1/ach/debit,/v1/ach/credit,/v1/ach/status,/v1/ach/verify-account,/v1/ach/settlement,/v1/ach/return",INFO,"INFO,ERROR,EXIT",635976d2c812cee766ca8249c6d91d62,"{""transferId"":""ACH-295308"",""action"":""return""}","{""status"":""unknown""}",344,R01,"R01,R02,R03,R04,R07,R08,R10,R29",021000021,"021000021,111000025,091000022,026009593,122105155","payments-service",1777969844,"635976d2-c812-cee7-66ca-8249c6d91d62"
"2026-05-08T14:37:05.000+0000",6028,50497,USD,"1778251025.446","/v1/ach/return","/v1/ach/debit,/v1/ach/credit,/v1/ach/status,/v1/ach/verify-account,/v1/ach/settlement,/v1/ach/return",INFO,"INFO,ERROR,EXIT",82f7a161066de507306cc2c4920327bc,"{""transferId"":""ACH-873713"",""action"":""return""}","{""status"":""unknown""}",446,R03,"R01,R02,R03,R04,R07,R08,R10,R29",122105155,"021000021,111000025,091000022,026009593,122105155","payments-service",1778251025,"82f7a161-066d-e507-306c-c2c4920327bc"
"2026-05-09T17:50:12.000+0000",5848,14584,USD,"1778349012.192","/v1/ach/return","/v1/ach/debit,/v1/ach/credit,/v1/ach/status,/v1/ach/verify-account,/v1/ach/settlement,/v1/ach/return",INFO,"INFO,ERROR,EXIT",da751a68935dccf3911f31261df658a1,"{""transferId"":""ACH-155882"",""action"":""return""}","{""status"":""unknown""}",192,R03,"R01,R02,R03,R04,R07,R08,R10,R29",091000022,"021000021,111000025,091000022,026009593,122105155","payments-service",1778349012,"da751a68-935d-ccf3-911f-31261df658a1"
"2026-05-10T01:32:07.000+0000",8874,3501,USD,"1778376727.468","/v1/ach/status","/v1/ach/debit,/v1/ach/credit,/v1/ach/status,/v1/ach/verify-account,/v1/ach/settlement,/v1/ach/return",EXIT,"INFO,ERROR,EXIT",3222ab6b2af1bb42021388424ae2314d,"{""transferId"":""ACH-742192"",""action"":""status""}","{""status"":""error"",""errorCode"":""ACH-504"",""message"":""gateway_timeout""}",468,R04,"R01,R02,R03,R04,R07,R08,R10,R29",111000025,"021000021,111000025,091000022,026009593,122105155","payments-service",1778376727,"3222ab6b-2af1-bb42-0213-88424ae2314d"
"2026-05-09T20:07:19.000+0000",7468,15415,USD,"1778357240.095","/v1/ach/verify-account","/v1/ach/debit,/v1/ach/credit,/v1/ach/status,/v1/ach/verify-account,/v1/ach/settlement,/v1/ach/return",INFO,"INFO,ERROR,EXIT",e3f81c9288042c6fcb16f17ec9afcd61,"{""accountLast4"":""7468"",""routingNumber"":""122105155""}","{""status"":""unknown""}",1095,R04,"R01,R02,R03,R04,R07,R08,R10,R29",122105155,"021000021,111000025,091000022,026009593,122105155","payments-service",1778357239,"e3f81c92-8804-2c6f-cb16-f17ec9afcd61"
"2026-05-12T03:54:55.000+0000",5515,48706,USD,"1778558095.318","/v1/ach/credit","/v1/ach/debit,/v1/ach/credit,/v1/ach/status,/v1/ach/verify-account,/v1/ach/settlement,/v1/ach/return",INFO,"INFO,ERROR,EXIT",564b2693ced4e2dd768458d8e24dd44f,"{""type"":""credit"",""amount"":48706,""currency"":""USD"",""destinationAccountLast4"":""5515"",""routingNumber"":""122105155""}","{""status"":""pending"",""achStatus"":""submitted"",""estimatedSettlementDate"":""2026-05-13""}",318,R08,"R01,R02,R03,R04,R07,R08,R10,R29",122105155,"021000021,111000025,091000022,026009593,122105155","payments-service",1778558095,"564b2693-ced4-e2dd-7684-58d8e24dd44f"
"2026-05-06T01:29:52.000+0000",8033,24239,USD,"1778030992.273","/v1/ach/status","/v1/ach/debit,/v1/ach/credit,/v1/ach/status,/v1/ach/verify-account,/v1/ach/settlement,/v1/ach/return",EXIT,"INFO,ERROR,EXIT",97b68d913b63eae4b5f8a895cdfd380d,"{""transferId"":""ACH-433242"",""action"":""status""}","{""status"":""error"",""errorCode"":""ACH-504"",""message"":""gateway_timeout""}",273,R01,"R01,R02,R03,R04,R07,R08,R10,R29",091000022,"021000021,111000025,091000022,026009593,122105155","payments-service",1778030992,"97b68d91-3b63-eae4-b5f8-a895cdfd380d"
"2026-05-12T06:18:46.000+0000",7565,44196,USD,"1778566726.836","/v1/ach/settlement","/v1/ach/debit,/v1/ach/credit,/v1/ach/status,/v1/ach/verify-account,/v1/ach/settlement,/v1/ach/return",INFO,"INFO,ERROR,EXIT",273e849adc05a8c30281c8a2e827318d,"{""transferId"":""ACH-541819"",""action"":""settlement""}","{""status"":""unknown""}",836,R01,"R01,R02,R03,R04,R07,R08,R10,R29",021000021,"021000021,111000025,091000022,026009593,122105155","payments-service",1778566726,"273e849a-dc05-a8c3-0281-c8a2e827318d"
"2026-05-10T23:50:14.000+0000",9771,30774,USD,"1778457014.254","/v1/ach/verify-account","/v1/ach/debit,/v1/ach/credit,/v1/ach/status,/v1/ach/verify-account,/v1/ach/settlement,/v1/ach/return",INFO,"INFO,ERROR,EXIT",b0c28e345ba16262f2df5ada2c24ebf2,"{""accountLast4"":""9771"",""routingNumber"":""021000021""}","{""status"":""unknown""}",254,R29,"R01,R02,R03,R04,R07,R08,R10,R29",021000021,"021000021,111000025,091000022,026009593,122105155","payments-service",1778457014,"b0c28e34-5ba1-6262-f2df-5ada2c24ebf2"
"2026-05-12T03:09:22.000+0000",8694,24042,USD,"1778555363.067","/v1/ach/verify-account","/v1/ach/debit,/v1/ach/credit,/v1/ach/status,/v1/ach/verify-account,/v1/ach/settlement,/v1/ach/return",EXIT,"INFO,ERROR,EXIT",11796e63a8f3a8b3c5a905b0d80000cc,"{""accountLast4"":""8694"",""routingNumber"":""021000021""}","{""status"":""error"",""errorCode"":""ACH-504"",""message"":""gateway_timeout""}",1067,R04,"R01,R02,R03,R04,R07,R08,R10,R29",021000021,"021000021,111000025,091000022,026009593,122105155","payments-service",1778555362,"11796e63-a8f3-a8b3-c5a9-05b0d80000cc"
"2026-05-11T23:00:33.000+0000",6815,23545,USD,"1778540433.403","/v1/ach/return","/v1/ach/debit,/v1/ach/credit,/v1/ach/status,/v1/ach/verify-account,/v1/ach/settlement,/v1/ach/return",INFO,"INFO,ERROR,EXIT",3be4e1ee2a772f3932467a634114a13b,"{""transferId"":""ACH-676085"",""action"":""return""}","{""status"":""unknown""}",403,R03,"R01,R02,R03,R04,R07,R08,R10,R29",026009593,"021000021,111000025,091000022,026009593,122105155","payments-service",1778540433,"3be4e1ee-2a77-2f39-3246-7a634114a13b"
"2026-05-07T13:00:41.000+0000",3086,9412,USD,"1778158841.44","/v1/ach/status","/v1/ach/debit,/v1/ach/credit,/v1/ach/status,/v1/ach/verify-account,/v1/ach/settlement,/v1/ach/return",INFO,"INFO,ERROR,EXIT",55ddf777e2ea2a8f11b8217a36f9186e,"{""transferId"":""ACH-286555"",""action"":""status""}","{""status"":""settled"",""achStatus"":""completed"",""settledAt"":""2026-05-07T13:00:41Z""}",440,R10,"R01,R02,R03,R04,R07,R08,R10,R29",021000021,"021000021,111000025,091000022,026009593,122105155","payments-service",1778158841,"55ddf777-e2ea-2a8f-11b8-217a36f9186e"
"2026-05-10T00:13:01.000+0000",3536,17016,USD,"1778371982.143","/v1/ach/verify-account","/v1/ach/debit,/v1/ach/credit,/v1/ach/status,/v1/ach/verify-account,/v1/ach/settlement,/v1/ach/return",EXIT,"INFO,ERROR,EXIT",40e8115b0a29f28db15a31fed5ccd989,"{""accountLast4"":""3536"",""routingNumber"":""122105155""}","{""status"":""error"",""errorCode"":""ACH-504"",""message"":""gateway_timeout""}",1143,R02,"R01,R02,R03,R04,R07,R08,R10,R29",122105155,"021000021,111000025,091000022,026009593,122105155","payments-service",1778371981,"40e8115b-0a29-f28d-b15a-31fed5ccd989"
"2026-05-11T03:10:33.000+0000",8807,10431,USD,"1778469033.178","/v1/ach/status","/v1/ach/debit,/v1/ach/credit,/v1/ach/status,/v1/ach/verify-account,/v1/ach/settlement,/v1/ach/return",EXIT,"INFO,ERROR,EXIT",3ffab4ff8caf8985c2f8e69e082dc405,"{""transferId"":""ACH-735762"",""action"":""status""}","{""status"":""error"",""errorCode"":""ACH-504"",""message"":""gateway_timeout""}",178,R04,"R01,R02,R03,R04,R07,R08,R10,R29",021000021,"021000021,111000025,091000022,026009593,122105155","payments-service",1778469033,"3ffab4ff-8caf-8985-c2f8-e69e082dc405"
"2026-05-05T08:14:58.000+0000",4557,3870,USD,"1777968899.116","/v1/ach/verify-account","/v1/ach/debit,/v1/ach/credit,/v1/ach/status,/v1/ach/verify-account,/v1/ach/settlement,/v1/ach/return",EXIT,"INFO,ERROR,EXIT",f3d1e45837bef377bb8d28071f0a2dfe,"{""accountLast4"":""4557"",""routingNumber"":""122105155""}","{""status"":""error"",""errorCode"":""ACH-504"",""message"":""gateway_timeout""}",1116,R08,"R01,R02,R03,R04,R07,R08,R10,R29",122105155,"021000021,111000025,091000022,026009593,122105155","payments-service",1777968898,"f3d1e458-37be-f377-bb8d-28071f0a2dfe"
"2026-05-11T12:19:27.000+0000",4794,39202,USD,"1778501968.101","/v1/ach/settlement","/v1/ach/debit,/v1/ach/credit,/v1/ach/status,/v1/ach/verify-account,/v1/ach/settlement,/v1/ach/return",ERROR,"INFO,ERROR,EXIT",9d50e56f3df6980995b676bb5579e70d,"{""transferId"":""ACH-685351"",""action"":""settlement""}","{""status"":""returned"",""achStatus"":""returned"",""returnCode"":""R01"",""reason"":""bank_return""}",1101,R01,"R01,R02,R03,R04,R07,R08,R10,R29",026009593,"021000021,111000025,091000022,026009593,122105155","payments-service",1778501967,"9d50e56f-3df6-9809-95b6-76bb5579e70d"
"2026-05-11T14:43:15.000+0000",5318,39967,USD,"1778510595.319","/v1/ach/return","/v1/ach/debit,/v1/ach/credit,/v1/ach/status,/v1/ach/verify-account,/v1/ach/settlement,/v1/ach/return",EXIT,"INFO,ERROR,EXIT",585499a1715b90e5ffabc3423f6f10c7,"{""transferId"":""ACH-508535"",""action"":""return""}","{""status"":""error"",""errorCode"":""ACH-504"",""message"":""gateway_timeout""}",319,R08,"R01,R02,R03,R04,R07,R08,R10,R29",026009593,"021000021,111000025,091000022,026009593,122105155","payments-service",1778510595,"585499a1-715b-90e5-ffab-c3423f6f10c7"
"2026-05-10T05:27:25.000+0000",7458,45053,USD,"1778390845.296","/v1/ach/status","/v1/ach/debit,/v1/ach/credit,/v1/ach/status,/v1/ach/verify-account,/v1/ach/settlement,/v1/ach/return",EXIT,"INFO,ERROR,EXIT",15f5dd91e5da8af65ef42275931d2681,"{""transferId"":""ACH-117277"",""action"":""status""}","{""status"":""error"",""errorCode"":""ACH-504"",""message"":""gateway_timeout""}",296,R10,"R01,R02,R03,R04,R07,R08,R10,R29",021000021,"021000021,111000025,091000022,026009593,122105155","payments-service",1778390845,"15f5dd91-e5da-8af6-5ef4-2275931d2681"
"2026-05-10T15:50:33.000+0000",2760,842,USD,"1778428234.202","/v1/ach/settlement","/v1/ach/debit,/v1/ach/credit,/v1/ach/status,/v1/ach/verify-account,/v1/ach/settlement,/v1/ach/return",INFO,"INFO,ERROR,EXIT",2e31cd5a1d2117ece35d5094e41d78a7,"{""transferId"":""ACH-157599"",""action"":""settlement""}","{""status"":""unknown""}",1202,R04,"R01,R02,R03,R04,R07,R08,R10,R29",111000025,"021000021,111000025,091000022,026009593,122105155","payments-service",1778428233,"2e31cd5a-1d21-17ec-e35d-5094e41d78a7"
"2026-05-07T08:40:20.000+0000",1754,18693,USD,"1778143220.212","/v1/ach/return","/v1/ach/debit,/v1/ach/credit,/v1/ach/status,/v1/ach/verify-account,/v1/ach/settlement,/v1/ach/return",INFO,"INFO,ERROR,EXIT",286afa199332270b976ee37159598c3f,"{""transferId"":""ACH-570085"",""action"":""return""}","{""status"":""unknown""}",212,R07,"R01,R02,R03,R04,R07,R08,R10,R29",091000022,"021000021,111000025,091000022,026009593,122105155","payments-service",1778143220,"286afa19-9332-270b-976e-e37159598c3f"
"2026-05-07T15:10:36.000+0000",4436,9525,USD,"1778166636.244","/v1/ach/status","/v1/ach/debit,/v1/ach/credit,/v1/ach/status,/v1/ach/verify-account,/v1/ach/settlement,/v1/ach/return",EXIT,"INFO,ERROR,EXIT",033532ad07aea32c33baf42040880075,"{""transferId"":""ACH-512427"",""action"":""status""}","{""status"":""error"",""errorCode"":""ACH-504"",""message"":""gateway_timeout""}",244,R08,"R01,R02,R03,R04,R07,R08,R10,R29",111000025,"021000021,111000025,091000022,026009593,122105155","payments-service",1778166636,"033532ad-07ae-a32c-33ba-f42040880075"
"2026-05-11T05:28:16.000+0000",9270,15478,USD,"1778477296.197","/v1/ach/return","/v1/ach/debit,/v1/ach/credit,/v1/ach/status,/v1/ach/verify-account,/v1/ach/settlement,/v1/ach/return",ERROR,"INFO,ERROR,EXIT",9427f837df3d6e2023ef29829cdac120,"{""transferId"":""ACH-426790"",""action"":""return""}","{""status"":""returned"",""achStatus"":""returned"",""returnCode"":""R10"",""reason"":""bank_return""}",197,R10,"R01,R02,R03,R04,R07,R08,R10,R29",111000025,"021000021,111000025,091000022,026009593,122105155","payments-service",1778477296,"9427f837-df3d-6e20-23ef-29829cdac120"
"2026-05-07T05:49:21.000+0000",8559,47079,USD,"1778132961.794","/v1/ach/status","/v1/ach/debit,/v1/ach/credit,/v1/ach/status,/v1/ach/verify-account,/v1/ach/settlement,/v1/ach/return",INFO,"INFO,ERROR,EXIT",e6e35298101e9652ab7d5b9c7a36fa3f,"{""transferId"":""ACH-295207"",""action"":""status""}","{""status"":""settled"",""achStatus"":""completed"",""settledAt"":""2026-05-07T05:49:21Z""}",794,R02,"R01,R02,R03,R04,R07,R08,R10,R29",122105155,"021000021,111000025,091000022,026009593,122105155","payments-service",1778132961,"e6e35298-101e-9652-ab7d-5b9c7a36fa3f"
"2026-05-05T11:56:22.000+0000",6367,29526,USD,"1777982182.436","/v1/ach/return","/v1/ach/debit,/v1/ach/credit,/v1/ach/status,/v1/ach/verify-account,/v1/ach/settlement,/v1/ach/return",EXIT,"INFO,ERROR,EXIT",320719f14ff56eedc16a7e3dc8b1a48b,"{""transferId"":""ACH-180706"",""action"":""return""}","{""status"":""error"",""errorCode"":""ACH-504"",""message"":""gateway_timeout""}",436,R10,"R01,R02,R03,R04,R07,R08,R10,R29",021000021,"021000021,111000025,091000022,026009593,122105155","payments-service",1777982182,"320719f1-4ff5-6eed-c16a-7e3dc8b1a48b"
"2026-05-07T21:44:01.000+0000",2587,11500,USD,"1778190242.06","/v1/ach/verify-account","/v1/ach/debit,/v1/ach/credit,/v1/ach/status,/v1/ach/verify-account,/v1/ach/settlement,/v1/ach/return",ERROR,"INFO,ERROR,EXIT",d7e765ffafca0b411769bbeb6d07fab0,"{""accountLast4"":""2587"",""routingNumber"":""111000025""}","{""status"":""returned"",""achStatus"":""returned"",""returnCode"":""R07"",""reason"":""bank_return""}",1060,R07,"R01,R02,R03,R04,R07,R08,R10,R29",111000025,"021000021,111000025,091000022,026009593,122105155","payments-service",1778190241,"d7e765ff-afca-0b41-1769-bbeb6d07fab0"
"2026-05-07T02:10:35.000+0000",8399,34727,USD,"1778119835.392","/v1/ach/settlement","/v1/ach/debit,/v1/ach/credit,/v1/ach/status,/v1/ach/verify-account,/v1/ach/settlement,/v1/ach/return",EXIT,"INFO,ERROR,EXIT",b0228b93bd51440ce142cd51e3746f12,"{""transferId"":""ACH-473855"",""action"":""settlement""}","{""status"":""error"",""errorCode"":""ACH-504"",""message"":""gateway_timeout""}",392,R04,"R01,R02,R03,R04,R07,R08,R10,R29",111000025,"021000021,111000025,091000022,026009593,122105155","payments-service",1778119835,"b0228b93-bd51-440c-e142-cd51e3746f12"
"2026-05-05T17:25:24.000+0000",4060,25683,USD,"1778001924.172","/v1/ach/debit","/v1/ach/debit,/v1/ach/credit,/v1/ach/status,/v1/ach/verify-account,/v1/ach/settlement,/v1/ach/return",INFO,"INFO,ERROR,EXIT",bdb6a7b1c92e0ad08095adb6dfe1dcc8,"{""type"":""debit"",""amount"":25683,""currency"":""USD"",""accountLast4"":""4060"",""routingNumber"":""021000021""}","{""status"":""pending"",""achStatus"":""submitted"",""estimatedSettlementDate"":""2026-05-06""}",172,R01,"R01,R02,R03,R04,R07,R08,R10,R29",021000021,"021000021,111000025,091000022,026009593,122105155","payments-service",1778001924,"bdb6a7b1-c92e-0ad0-8095-adb6dfe1dcc8"
"2026-05-10T23:25:45.000+0000",8900,12053,USD,"1778455545.892","/v1/ach/status","/v1/ach/debit,/v1/ach/credit,/v1/ach/status,/v1/ach/verify-account,/v1/ach/settlement,/v1/ach/return",INFO,"INFO,ERROR,EXIT",aacaf48b608a460155a3a5a43ad143f0,"{""transferId"":""ACH-356802"",""action"":""status""}","{""status"":""settled"",""achStatus"":""completed"",""settledAt"":""2026-05-10T23:25:45Z""}",892,R02,"R01,R02,R03,R04,R07,R08,R10,R29",026009593,"021000021,111000025,091000022,026009593,122105155","payments-service",1778455545,"aacaf48b-608a-4601-55a3-a5a43ad143f0"
"2026-05-11T21:39:04.000+0000",3299,5532,USD,"1778535544.2","/v1/ach/verify-account","/v1/ach/debit,/v1/ach/credit,/v1/ach/status,/v1/ach/verify-account,/v1/ach/settlement,/v1/ach/return",INFO,"INFO,ERROR,EXIT",4fdc1aa289adfc19e320b96648e821b3,"{""accountLast4"":""3299"",""routingNumber"":""122105155""}","{""status"":""unknown""}",200,R08,"R01,R02,R03,R04,R07,R08,R10,R29",122105155,"021000021,111000025,091000022,026009593,122105155","payments-service",1778535544,"4fdc1aa2-89ad-fc19-e320-b96648e821b3"
"2026-05-09T08:14:33.000+0000",9237,26264,USD,"1778314473.463","/v1/ach/verify-account","/v1/ach/debit,/v1/ach/credit,/v1/ach/status,/v1/ach/verify-account,/v1/ach/settlement,/v1/ach/return",INFO,"INFO,ERROR,EXIT",7ee4effcdc57dba163b99f958fe8af78,"{""accountLast4"":""9237"",""routingNumber"":""091000022""}","{""status"":""unknown""}",463,R03,"R01,R02,R03,R04,R07,R08,R10,R29",091000022,"021000021,111000025,091000022,026009593,122105155","payments-service",1778314473,"7ee4effc-dc57-dba1-63b9-9f958fe8af78"
"2026-05-11T03:40:07.000+0000",2790,3308,USD,"1778470807.271","/v1/ach/return","/v1/ach/debit,/v1/ach/credit,/v1/ach/status,/v1/ach/verify-account,/v1/ach/settlement,/v1/ach/return",EXIT,"INFO,ERROR,EXIT",c50fd2e626cd8763b66fa09f72ba7da1,"{""transferId"":""ACH-137568"",""action"":""return""}","{""status"":""error"",""errorCode"":""ACH-504"",""message"":""gateway_timeout""}",271,R04,"R01,R02,R03,R04,R07,R08,R10,R29",021000021,"021000021,111000025,091000022,026009593,122105155","payments-service",1778470807,"c50fd2e6-26cd-8763-b66f-a09f72ba7da1"
"2026-05-11T13:00:35.000+0000",7472,4684,USD,"1778504435.395","/v1/ach/credit","/v1/ach/debit,/v1/ach/credit,/v1/ach/status,/v1/ach/verify-account,/v1/ach/settlement,/v1/ach/return",ERROR,"INFO,ERROR,EXIT",06ad9ec65dd002f7b5e864a9bff9cf83,"{""type"":""credit"",""amount"":4684,""currency"":""USD"",""destinationAccountLast4"":""7472"",""routingNumber"":""091000022""}","{""status"":""returned"",""achStatus"":""returned"",""returnCode"":""R04"",""reason"":""bank_return""}",395,R04,"R01,R02,R03,R04,R07,R08,R10,R29",091000022,"021000021,111000025,091000022,026009593,122105155","payments-service",1778504435,"06ad9ec6-5dd0-02f7-b5e8-64a9bff9cf83"
"2026-05-08T04:29:26.000+0000",9224,24043,USD,"1778214566.809","/v1/ach/credit","/v1/ach/debit,/v1/ach/credit,/v1/ach/status,/v1/ach/verify-account,/v1/ach/settlement,/v1/ach/return",INFO,"INFO,ERROR,EXIT",c9e680693df73f87f0fd68dc7848df5f,"{""type"":""credit"",""amount"":24043,""currency"":""USD"",""destinationAccountLast4"":""9224"",""routingNumber"":""111000025""}","{""status"":""pending"",""achStatus"":""submitted"",""estimatedSettlementDate"":""2026-05-09""}",809,R10,"R01,R02,R03,R04,R07,R08,R10,R29",111000025,"021000021,111000025,091000022,026009593,122105155","payments-service",1778214566,"c9e68069-3df7-3f87-f0fd-68dc7848df5f"
"2026-05-07T04:41:38.000+0000",8473,42482,USD,"1778128898.931","/v1/ach/return","/v1/ach/debit,/v1/ach/credit,/v1/ach/status,/v1/ach/verify-account,/v1/ach/settlement,/v1/ach/return",INFO,"INFO,ERROR,EXIT",68de3fab3052ad10655b85156a35f1e6,"{""transferId"":""ACH-597046"",""action"":""return""}","{""status"":""unknown""}",931,R07,"R01,R02,R03,R04,R07,R08,R10,R29",122105155,"021000021,111000025,091000022,026009593,122105155","payments-service",1778128898,"68de3fab-3052-ad10-655b-85156a35f1e6"
"2026-05-11T15:42:10.000+0000",9430,6937,USD,"1778514130.083","/v1/ach/debit","/v1/ach/debit,/v1/ach/credit,/v1/ach/status,/v1/ach/verify-account,/v1/ach/settlement,/v1/ach/return",EXIT,"INFO,ERROR,EXIT",e9b43f80b2d457122c5c3d112a3dcb8e,"{""type"":""debit"",""amount"":6937,""currency"":""USD"",""accountLast4"":""9430"",""routingNumber"":""122105155""}","{""status"":""error"",""errorCode"":""ACH-504"",""message"":""gateway_timeout""}",83,R10,"R01,R02,R03,R04,R07,R08,R10,R29",122105155,"021000021,111000025,091000022,026009593,122105155","payments-service",1778514130,"e9b43f80-b2d4-5712-2c5c-3d112a3dcb8e"
"2026-05-06T14:57:55.000+0000",7263,13696,USD,"1778079475.35","/v1/ach/debit","/v1/ach/debit,/v1/ach/credit,/v1/ach/status,/v1/ach/verify-account,/v1/ach/settlement,/v1/ach/return",INFO,"INFO,ERROR,EXIT",c10c29c91cfa088f7a4e96797c26771c,"{""type"":""debit"",""amount"":13696,""currency"":""USD"",""accountLast4"":""7263"",""routingNumber"":""026009593""}","{""status"":""pending"",""achStatus"":""submitted"",""estimatedSettlementDate"":""2026-05-07""}",350,R07,"R01,R02,R03,R04,R07,R08,R10,R29",026009593,"021000021,111000025,091000022,026009593,122105155","payments-service",1778079475,"c10c29c9-1cfa-088f-7a4e-96797c26771c"
"2026-05-05T07:46:01.000+0000",8221,22349,USD,"1777967161.275","/v1/ach/return","/v1/ach/debit,/v1/ach/credit,/v1/ach/status,/v1/ach/verify-account,/v1/ach/settlement,/v1/ach/return",EXIT,"INFO,ERROR,EXIT",3943d505dceb1149c794ad121204c04c,"{""transferId"":""ACH-567876"",""action"":""return""}","{""status"":""error"",""errorCode"":""ACH-504"",""message"":""gateway_timeout""}",275,R29,"R01,R02,R03,R04,R07,R08,R10,R29",021000021,"021000021,111000025,091000022,026009593,122105155","payments-service",1777967161,"3943d505-dceb-1149-c794-ad121204c04c"
"2026-05-11T03:35:04.000+0000",4827,8631,USD,"1778470504.151","/v1/ach/debit","/v1/ach/debit,/v1/ach/credit,/v1/ach/status,/v1/ach/verify-account,/v1/ach/settlement,/v1/ach/return",INFO,"INFO,ERROR,EXIT",ee4d0c869f53342bdd5e93347da4bebd,"{""type"":""debit"",""amount"":8631,""currency"":""USD"",""accountLast4"":""4827"",""routingNumber"":""091000022""}","{""status"":""pending"",""achStatus"":""submitted"",""estimatedSettlementDate"":""2026-05-12""}",151,R03,"R01,R02,R03,R04,R07,R08,R10,R29",091000022,"021000021,111000025,091000022,026009593,122105155","payments-service",1778470504,"ee4d0c86-9f53-342b-dd5e-93347da4bebd"
"2026-05-11T17:18:34.000+0000",9429,22954,USD,"1778519914.096","/v1/ach/status","/v1/ach/debit,/v1/ach/credit,/v1/ach/status,/v1/ach/verify-account,/v1/ach/settlement,/v1/ach/return",EXIT,"INFO,ERROR,EXIT",10f262c51c63376867341cb550f934e9,"{""transferId"":""ACH-677444"",""action"":""status""}","{""status"":""error"",""errorCode"":""ACH-504"",""message"":""gateway_timeout""}",96,R04,"R01,R02,R03,R04,R07,R08,R10,R29",111000025,"021000021,111000025,091000022,026009593,122105155","payments-service",1778519914,"10f262c5-1c63-3768-6734-1cb550f934e9"
"2026-05-06T13:12:23.000+0000",8476,2341,USD,"1778073143.378","/v1/ach/settlement","/v1/ach/debit,/v1/ach/credit,/v1/ach/status,/v1/ach/verify-account,/v1/ach/settlement,/v1/ach/return",INFO,"INFO,ERROR,EXIT",bf3c336533410e7778146a127d7f517d,"{""transferId"":""ACH-813583"",""action"":""settlement""}","{""status"":""unknown""}",378,R29,"R01,R02,R03,R04,R07,R08,R10,R29",026009593,"021000021,111000025,091000022,026009593,122105155","payments-service",1778073143,"bf3c3365-3341-0e77-7814-6a127d7f517d"
"2026-05-12T01:45:34.000+0000",1675,27886,USD,"1778550334.725","/v1/ach/status","/v1/ach/debit,/v1/ach/credit,/v1/ach/status,/v1/ach/verify-account,/v1/ach/settlement,/v1/ach/return",EXIT,"INFO,ERROR,EXIT",ab125cf9d89cb7d0ca91abb9bf3b2397,"{""transferId"":""ACH-626385"",""action"":""status""}","{""status"":""error"",""errorCode"":""ACH-504"",""message"":""gateway_timeout""}",725,R10,"R01,R02,R03,R04,R07,R08,R10,R29",122105155,"021000021,111000025,091000022,026009593,122105155","payments-service",1778550334,"ab125cf9-d89c-b7d0-ca91-abb9bf3b2397"
"2026-05-09T08:11:36.000+0000",9161,48301,USD,"1778314296.736","/v1/ach/credit","/v1/ach/debit,/v1/ach/credit,/v1/ach/status,/v1/ach/verify-account,/v1/ach/settlement,/v1/ach/return",EXIT,"INFO,ERROR,EXIT",2fd6ffa287ea87053638f27fa172304c,"{""type"":""credit"",""amount"":48301,""currency"":""USD"",""destinationAccountLast4"":""9161"",""routingNumber"":""021000021""}","{""status"":""error"",""errorCode"":""ACH-504"",""message"":""gateway_timeout""}",736,R02,"R01,R02,R03,R04,R07,R08,R10,R29",021000021,"021000021,111000025,091000022,026009593,122105155","payments-service",1778314296,"2fd6ffa2-87ea-8705-3638-f27fa172304c"
"2026-05-11T13:09:45.000+0000",8215,23839,USD,"1778504986.125","/v1/ach/status","/v1/ach/debit,/v1/ach/credit,/v1/ach/status,/v1/ach/verify-account,/v1/ach/settlement,/v1/ach/return",INFO,"INFO,ERROR,EXIT",c814fda2e67e0f9023bc1b044dc54586,"{""transferId"":""ACH-242725"",""action"":""status""}","{""status"":""settled"",""achStatus"":""completed"",""settledAt"":""2026-05-11T13:09:45Z""}",1125,R03,"R01,R02,R03,R04,R07,R08,R10,R29",026009593,"021000021,111000025,091000022,026009593,122105155","payments-service",1778504985,"c814fda2-e67e-0f90-23bc-1b044dc54586"
"2026-05-10T20:31:38.000+0000",6436,48163,USD,"1778445098.068","/v1/ach/credit","/v1/ach/debit,/v1/ach/credit,/v1/ach/status,/v1/ach/verify-account,/v1/ach/settlement,/v1/ach/return",ERROR,"INFO,ERROR,EXIT",72baa6fe100b07302972b44ad22c5b0c,"{""type"":""credit"",""amount"":48163,""currency"":""USD"",""destinationAccountLast4"":""6436"",""routingNumber"":""021000021""}","{""status"":""returned"",""achStatus"":""returned"",""returnCode"":""R08"",""reason"":""bank_return""}",68,R08,"R01,R02,R03,R04,R07,R08,R10,R29",021000021,"021000021,111000025,091000022,026009593,122105155","payments-service",1778445098,"72baa6fe-100b-0730-2972-b44ad22c5b0c"
"2026-05-05T16:11:14.000+0000",5634,27263,USD,"1777997474.769","/v1/ach/return","/v1/ach/debit,/v1/ach/credit,/v1/ach/status,/v1/ach/verify-account,/v1/ach/settlement,/v1/ach/return",INFO,"INFO,ERROR,EXIT",5f2e6fa903f2071236ce6da54d836b95,"{""transferId"":""ACH-209309"",""action"":""return""}","{""status"":""unknown""}",769,R29,"R01,R02,R03,R04,R07,R08,R10,R29",111000025,"021000021,111000025,091000022,026009593,122105155","payments-service",1777997474,"5f2e6fa9-03f2-0712-36ce-6da54d836b95"
"2026-05-09T01:43:02.000+0000",8876,45335,USD,"1778290982.422","/v1/ach/return","/v1/ach/debit,/v1/ach/credit,/v1/ach/status,/v1/ach/verify-account,/v1/ach/settlement,/v1/ach/return",INFO,"INFO,ERROR,EXIT",e3dd0ef562b6b3eeab91abc5a144b415,"{""transferId"":""ACH-652757"",""action"":""return""}","{""status"":""unknown""}",422,R02,"R01,R02,R03,R04,R07,R08,R10,R29",026009593,"021000021,111000025,091000022,026009593,122105155","payments-service",1778290982,"e3dd0ef5-62b6-b3ee-ab91-abc5a144b415"
"2026-05-07T07:07:32.000+0000",9450,41680,USD,"1778137652.777","/v1/ach/verify-account","/v1/ach/debit,/v1/ach/credit,/v1/ach/status,/v1/ach/verify-account,/v1/ach/settlement,/v1/ach/return",ERROR,"INFO,ERROR,EXIT",c9c057bad51c819677c0b67a1d1ee518,"{""accountLast4"":""9450"",""routingNumber"":""091000022""}","{""status"":""returned"",""achStatus"":""returned"",""returnCode"":""R29"",""reason"":""bank_return""}",777,R29,"R01,R02,R03,R04,R07,R08,R10,R29",091000022,"021000021,111000025,091000022,026009593,122105155","payments-service",1778137652,"c9c057ba-d51c-8196-77c0-b67a1d1ee518"
"2026-05-10T11:42:09.000+0000",3089,40969,USD,"1778413329.865","/v1/ach/settlement","/v1/ach/debit,/v1/ach/credit,/v1/ach/status,/v1/ach/verify-account,/v1/ach/settlement,/v1/ach/return",EXIT,"INFO,ERROR,EXIT",13aca4f4fb3b709997f618287923999b,"{""transferId"":""ACH-847275"",""action"":""settlement""}","{""status"":""error"",""errorCode"":""ACH-504"",""message"":""gateway_timeout""}",865,R03,"R01,R02,R03,R04,R07,R08,R10,R29",122105155,"021000021,111000025,091000022,026009593,122105155","payments-service",1778413329,"13aca4f4-fb3b-7099-97f6-18287923999b"
"2026-05-07T15:12:13.000+0000",4275,27095,USD,"1778166734.032","/v1/ach/status","/v1/ach/debit,/v1/ach/credit,/v1/ach/status,/v1/ach/verify-account,/v1/ach/settlement,/v1/ach/return",ERROR,"INFO,ERROR,EXIT",b343262e7840342bef6b1f2e985520ac,"{""transferId"":""ACH-650867"",""action"":""status""}","{""status"":""returned"",""achStatus"":""returned"",""returnCode"":""R29"",""reason"":""bank_return""}",1032,R29,"R01,R02,R03,R04,R07,R08,R10,R29",111000025,"021000021,111000025,091000022,026009593,122105155","payments-service",1778166733,"b343262e-7840-342b-ef6b-1f2e985520ac"
"2026-05-05T21:57:08.000+0000",7681,28969,USD,"1778018229.058","/v1/ach/credit","/v1/ach/debit,/v1/ach/credit,/v1/ach/status,/v1/ach/verify-account,/v1/ach/settlement,/v1/ach/return",EXIT,"INFO,ERROR,EXIT",dbf9000b53dc6ab2137338334c736daf,"{""type"":""credit"",""amount"":28969,""currency"":""USD"",""destinationAccountLast4"":""7681"",""routingNumber"":""111000025""}","{""status"":""error"",""errorCode"":""ACH-504"",""message"":""gateway_timeout""}",1058,R02,"R01,R02,R03,R04,R07,R08,R10,R29",111000025,"021000021,111000025,091000022,026009593,122105155","payments-service",1778018228,"dbf9000b-53dc-6ab2-1373-38334c736daf"
"2026-05-05T13:15:00.000+0000",7798,27130,USD,"1777986900.86","/v1/ach/credit","/v1/ach/debit,/v1/ach/credit,/v1/ach/status,/v1/ach/verify-account,/v1/ach/settlement,/v1/ach/return",ERROR,"INFO,ERROR,EXIT",36b66fb7557ed15107de36ff1e718bae,"{""type"":""credit"",""amount"":27130,""currency"":""USD"",""destinationAccountLast4"":""7798"",""routingNumber"":""122105155""}","{""status"":""returned"",""achStatus"":""returned"",""returnCode"":""R01"",""reason"":""bank_return""}",860,R01,"R01,R02,R03,R04,R07,R08,R10,R29",122105155,"021000021,111000025,091000022,026009593,122105155","payments-service",1777986900,"36b66fb7-557e-d151-07de-36ff1e718bae"
"2026-05-08T12:56:26.000+0000",3917,30737,USD,"1778244986.306","/v1/ach/settlement","/v1/ach/debit,/v1/ach/credit,/v1/ach/status,/v1/ach/verify-account,/v1/ach/settlement,/v1/ach/return",EXIT,"INFO,ERROR,EXIT",fdf0b79559f91647083e484190aaf1bc,"{""transferId"":""ACH-871827"",""action"":""settlement""}","{""status"":""error"",""errorCode"":""ACH-504"",""message"":""gateway_timeout""}",306,R04,"R01,R02,R03,R04,R07,R08,R10,R29",026009593,"021000021,111000025,091000022,026009593,122105155","payments-service",1778244986,"fdf0b795-59f9-1647-083e-484190aaf1bc"
"2026-05-11T13:39:03.000+0000",7742,2552,USD,"1778506743.733","/v1/ach/status","/v1/ach/debit,/v1/ach/credit,/v1/ach/status,/v1/ach/verify-account,/v1/ach/settlement,/v1/ach/return",ERROR,"INFO,ERROR,EXIT",028e876b56c9753ac1638ea7017a8db5,"{""transferId"":""ACH-452667"",""action"":""status""}","{""status"":""returned"",""achStatus"":""returned"",""returnCode"":""R04"",""reason"":""bank_return""}",733,R04,"R01,R02,R03,R04,R07,R08,R10,R29",026009593,"021000021,111000025,091000022,026009593,122105155","payments-service",1778506743,"028e876b-56c9-753a-c163-8ea7017a8db5"
"2026-05-06T22:09:25.000+0000",1525,13979,USD,"1778105366.199","/v1/ach/debit","/v1/ach/debit,/v1/ach/credit,/v1/ach/status,/v1/ach/verify-account,/v1/ach/settlement,/v1/ach/return",INFO,"INFO,ERROR,EXIT",7327a18c04a21def38faa5b76f3da817,"{""type"":""debit"",""amount"":13979,""currency"":""USD"",""accountLast4"":""1525"",""routingNumber"":""091000022""}","{""status"":""pending"",""achStatus"":""submitted"",""estimatedSettlementDate"":""2026-05-07""}",1199,R01,"R01,R02,R03,R04,R07,R08,R10,R29",091000022,"021000021,111000025,091000022,026009593,122105155","payments-service",1778105365,"7327a18c-04a2-1def-38fa-a5b76f3da817"
"2026-05-09T18:04:07.000+0000",8780,44488,USD,"1778349847.647","/v1/ach/debit","/v1/ach/debit,/v1/ach/credit,/v1/ach/status,/v1/ach/verify-account,/v1/ach/settlement,/v1/ach/return",EXIT,"INFO,ERROR,EXIT",03ce8c51042e3d72990441a15bc2a2a3,"{""type"":""debit"",""amount"":44488,""currency"":""USD"",""accountLast4"":""8780"",""routingNumber"":""026009593""}","{""status"":""error"",""errorCode"":""ACH-504"",""message"":""gateway_timeout""}",647,R08,"R01,R02,R03,R04,R07,R08,R10,R29",026009593,"021000021,111000025,091000022,026009593,122105155","payments-service",1778349847,"03ce8c51-042e-3d72-9904-41a15bc2a2a3"
"2026-05-07T03:23:20.000+0000",8725,29815,USD,"1778124200.369","/v1/ach/status","/v1/ach/debit,/v1/ach/credit,/v1/ach/status,/v1/ach/verify-account,/v1/ach/settlement,/v1/ach/return",INFO,"INFO,ERROR,EXIT",c002e04c7f7d6634cec3d61af1844278,"{""transferId"":""ACH-689568"",""action"":""status""}","{""status"":""settled"",""achStatus"":""completed"",""settledAt"":""2026-05-07T03:23:20Z""}",369,R01,"R01,R02,R03,R04,R07,R08,R10,R29",111000025,"021000021,111000025,091000022,026009593,122105155","payments-service",1778124200,"c002e04c-7f7d-6634-cec3-d61af1844278"
"2026-05-08T14:40:46.000+0000",5973,31924,USD,"1778251246.908","/v1/ach/debit","/v1/ach/debit,/v1/ach/credit,/v1/ach/status,/v1/ach/verify-account,/v1/ach/settlement,/v1/ach/return",EXIT,"INFO,ERROR,EXIT",2a0e782e078edf1efc27e1aff4cf8ac4,"{""type"":""debit"",""amount"":31924,""currency"":""USD"",""accountLast4"":""5973"",""routingNumber"":""122105155""}","{""status"":""error"",""errorCode"":""ACH-504"",""message"":""gateway_timeout""}",908,R29,"R01,R02,R03,R04,R07,R08,R10,R29",122105155,"021000021,111000025,091000022,026009593,122105155","payments-service",1778251246,"2a0e782e-078e-df1e-fc27-e1aff4cf8ac4"
"2026-05-09T10:03:44.000+0000",3706,16201,USD,"1778321024.917","/v1/ach/return","/v1/ach/debit,/v1/ach/credit,/v1/ach/status,/v1/ach/verify-account,/v1/ach/settlement,/v1/ach/return",EXIT,"INFO,ERROR,EXIT",941acb7c3d95b326a1e8a6178338c2d4,"{""transferId"":""ACH-946550"",""action"":""return""}","{""status"":""error"",""errorCode"":""ACH-504"",""message"":""gateway_timeout""}",917,R10,"R01,R02,R03,R04,R07,R08,R10,R29",026009593,"021000021,111000025,091000022,026009593,122105155","payments-service",1778321024,"941acb7c-3d95-b326-a1e8-a6178338c2d4"
"2026-05-07T09:48:52.000+0000",6349,46731,USD,"1778147333.006","/v1/ach/debit","/v1/ach/debit,/v1/ach/credit,/v1/ach/status,/v1/ach/verify-account,/v1/ach/settlement,/v1/ach/return",INFO,"INFO,ERROR,EXIT",e7ba32b1baaf262c4d557d777883696c,"{""type"":""debit"",""amount"":46731,""currency"":""USD"",""accountLast4"":""6349"",""routingNumber"":""091000022""}","{""status"":""pending"",""achStatus"":""submitted"",""estimatedSettlementDate"":""2026-05-08""}",1006,R29,"R01,R02,R03,R04,R07,R08,R10,R29",091000022,"021000021,111000025,091000022,026009593,122105155","payments-service",1778147332,"e7ba32b1-baaf-262c-4d55-7d777883696c"
"2026-05-06T08:14:21.000+0000",7126,13891,USD,"1778055262.024","/v1/ach/debit","/v1/ach/debit,/v1/ach/credit,/v1/ach/status,/v1/ach/verify-account,/v1/ach/settlement,/v1/ach/return",EXIT,"INFO,ERROR,EXIT",70b98aafc436526f23a738ba6c47fae8,"{""type"":""debit"",""amount"":13891,""currency"":""USD"",""accountLast4"":""7126"",""routingNumber"":""122105155""}","{""status"":""error"",""errorCode"":""ACH-504"",""message"":""gateway_timeout""}",1024,R02,"R01,R02,R03,R04,R07,R08,R10,R29",122105155,"021000021,111000025,091000022,026009593,122105155","payments-service",1778055261,"70b98aaf-c436-526f-23a7-38ba6c47fae8"
"2026-05-12T03:40:31.000+0000",2081,39666,USD,"1778557232.14","/v1/ach/status","/v1/ach/debit,/v1/ach/credit,/v1/ach/status,/v1/ach/verify-account,/v1/ach/settlement,/v1/ach/return",ERROR,"INFO,ERROR,EXIT",b2b43d8df66f10921cea43ed6cd6db96,"{""transferId"":""ACH-230618"",""action"":""status""}","{""status"":""returned"",""achStatus"":""returned"",""returnCode"":""R29"",""reason"":""bank_return""}",1140,R29,"R01,R02,R03,R04,R07,R08,R10,R29",091000022,"021000021,111000025,091000022,026009593,122105155","payments-service",1778557231,"b2b43d8d-f66f-1092-1cea-43ed6cd6db96"
"2026-05-05T14:39:11.000+0000",7205,32062,USD,"1777991951.834","/v1/ach/verify-account","/v1/ach/debit,/v1/ach/credit,/v1/ach/status,/v1/ach/verify-account,/v1/ach/settlement,/v1/ach/return",ERROR,"INFO,ERROR,EXIT",bd44300072fe058c4d0e3fda95eb5a00,"{""accountLast4"":""7205"",""routingNumber"":""111000025""}","{""status"":""returned"",""achStatus"":""returned"",""returnCode"":""R08"",""reason"":""bank_return""}",834,R08,"R01,R02,R03,R04,R07,R08,R10,R29",111000025,"021000021,111000025,091000022,026009593,122105155","payments-service",1777991951,"bd443000-72fe-058c-4d0e-3fda95eb5a00"
"2026-05-12T05:42:12.000+0000",7951,2684,USD,"1778564532.262","/v1/ach/status","/v1/ach/debit,/v1/ach/credit,/v1/ach/status,/v1/ach/verify-account,/v1/ach/settlement,/v1/ach/return",INFO,"INFO,ERROR,EXIT",bd15599403166a218dae5d670006ab46,"{""transferId"":""ACH-728825"",""action"":""status""}","{""status"":""settled"",""achStatus"":""completed"",""settledAt"":""2026-05-12T05:42:12Z""}",262,R07,"R01,R02,R03,R04,R07,R08,R10,R29",021000021,"021000021,111000025,091000022,026009593,122105155","payments-service",1778564532,"bd155994-0316-6a21-8dae-5d670006ab46"
"2026-05-06T07:42:06.000+0000",6954,11471,USD,"1778053326.897","/v1/ach/verify-account","/v1/ach/debit,/v1/ach/credit,/v1/ach/status,/v1/ach/verify-account,/v1/ach/settlement,/v1/ach/return",ERROR,"INFO,ERROR,EXIT",db884615d88a37e65df68e9af4d9751f,"{""accountLast4"":""6954"",""routingNumber"":""091000022""}","{""status"":""returned"",""achStatus"":""returned"",""returnCode"":""R08"",""reason"":""bank_return""}",897,R08,"R01,R02,R03,R04,R07,R08,R10,R29",091000022,"021000021,111000025,091000022,026009593,122105155","payments-service",1778053326,"db884615-d88a-37e6-5df6-8e9af4d9751f"
"2026-05-08T14:25:32.000+0000",4001,20990,USD,"1778250332.568","/v1/ach/debit","/v1/ach/debit,/v1/ach/credit,/v1/ach/status,/v1/ach/verify-account,/v1/ach/settlement,/v1/ach/return",EXIT,"INFO,ERROR,EXIT",a88b61e3a8172999d684b7e21a8aa576,"{""type"":""debit"",""amount"":20990,""currency"":""USD"",""accountLast4"":""4001"",""routingNumber"":""021000021""}","{""status"":""error"",""errorCode"":""ACH-504"",""message"":""gateway_timeout""}",568,R08,"R01,R02,R03,R04,R07,R08,R10,R29",021000021,"021000021,111000025,091000022,026009593,122105155","payments-service",1778250332,"a88b61e3-a817-2999-d684-b7e21a8aa576"
"2026-05-10T13:30:55.000+0000",3194,13009,USD,"1778419855.45","/v1/ach/credit","/v1/ach/debit,/v1/ach/credit,/v1/ach/status,/v1/ach/verify-account,/v1/ach/settlement,/v1/ach/return",EXIT,"INFO,ERROR,EXIT",10362c4fedb691e864ed594cbcf6b158,"{""type"":""credit"",""amount"":13009,""currency"":""USD"",""destinationAccountLast4"":""3194"",""routingNumber"":""026009593""}","{""status"":""error"",""errorCode"":""ACH-504"",""message"":""gateway_timeout""}",450,R07,"R01,R02,R03,R04,R07,R08,R10,R29",026009593,"021000021,111000025,091000022,026009593,122105155","payments-service",1778419855,"10362c4f-edb6-91e8-64ed-594cbcf6b158"
"2026-05-07T12:13:51.000+0000",2278,15930,USD,"1778156031.156","/v1/ach/credit","/v1/ach/debit,/v1/ach/credit,/v1/ach/status,/v1/ach/verify-account,/v1/ach/settlement,/v1/ach/return",INFO,"INFO,ERROR,EXIT",74e947c349924ffa44d3039d580ec9f7,"{""type"":""credit"",""amount"":15930,""currency"":""USD"",""destinationAccountLast4"":""2278"",""routingNumber"":""122105155""}","{""status"":""pending"",""achStatus"":""submitted"",""estimatedSettlementDate"":""2026-05-08""}",156,R01,"R01,R02,R03,R04,R07,R08,R10,R29",122105155,"021000021,111000025,091000022,026009593,122105155","payments-service",1778156031,"74e947c3-4992-4ffa-44d3-039d580ec9f7"
"2026-05-08T16:19:15.000+0000",1595,4687,USD,"1778257155.503","/v1/ach/return","/v1/ach/debit,/v1/ach/credit,/v1/ach/status,/v1/ach/verify-account,/v1/ach/settlement,/v1/ach/return",EXIT,"INFO,ERROR,EXIT",ebdfc24b7be89b37734f65df72482950,"{""transferId"":""ACH-346754"",""action"":""return""}","{""status"":""error"",""errorCode"":""ACH-504"",""message"":""gateway_timeout""}",503,R03,"R01,R02,R03,R04,R07,R08,R10,R29",122105155,"021000021,111000025,091000022,026009593,122105155","payments-service",1778257155,"ebdfc24b-7be8-9b37-734f-65df72482950"
"2026-05-08T11:49:38.000+0000",5895,15800,USD,"1778240979.001","/v1/ach/verify-account","/v1/ach/debit,/v1/ach/credit,/v1/ach/status,/v1/ach/verify-account,/v1/ach/settlement,/v1/ach/return",ERROR,"INFO,ERROR,EXIT",188fbc4043bc991d31975fe63c8d451a,"{""accountLast4"":""5895"",""routingNumber"":""122105155""}","{""status"":""returned"",""achStatus"":""returned"",""returnCode"":""R02"",""reason"":""bank_return""}",1001,R02,"R01,R02,R03,R04,R07,R08,R10,R29",122105155,"021000021,111000025,091000022,026009593,122105155","payments-service",1778240978,"188fbc40-43bc-991d-3197-5fe63c8d451a"
"2026-05-06T12:26:23.000+0000",1079,49911,USD,"1778070383.668","/v1/ach/status","/v1/ach/debit,/v1/ach/credit,/v1/ach/status,/v1/ach/verify-account,/v1/ach/settlement,/v1/ach/return",EXIT,"INFO,ERROR,EXIT",f4b2183b85c1536011f4a436e8c91ee6,"{""transferId"":""ACH-848418"",""action"":""status""}","{""status"":""error"",""errorCode"":""ACH-504"",""message"":""gateway_timeout""}",668,R04,"R01,R02,R03,R04,R07,R08,R10,R29",026009593,"021000021,111000025,091000022,026009593,122105155","payments-service",1778070383,"f4b2183b-85c1-5360-11f4-a436e8c91ee6"
"2026-05-09T13:38:00.000+0000",4509,23013,USD,"1778333880.51","/v1/ach/credit","/v1/ach/debit,/v1/ach/credit,/v1/ach/status,/v1/ach/verify-account,/v1/ach/settlement,/v1/ach/return",ERROR,"INFO,ERROR,EXIT",412a01704e2bb4387daae70dde3bc6e5,"{""type"":""credit"",""amount"":23013,""currency"":""USD"",""destinationAccountLast4"":""4509"",""routingNumber"":""026009593""}","{""status"":""returned"",""achStatus"":""returned"",""returnCode"":""R01"",""reason"":""bank_return""}",510,R01,"R01,R02,R03,R04,R07,R08,R10,R29",026009593,"021000021,111000025,091000022,026009593,122105155","payments-service",1778333880,"412a0170-4e2b-b438-7daa-e70dde3bc6e5"
"2026-05-11T13:48:37.000+0000",7767,15276,USD,"1778507317.711","/v1/ach/return","/v1/ach/debit,/v1/ach/credit,/v1/ach/status,/v1/ach/verify-account,/v1/ach/settlement,/v1/ach/return",INFO,"INFO,ERROR,EXIT",a2cd05e624055f790438ba5a7c8940c2,"{""transferId"":""ACH-579826"",""action"":""return""}","{""status"":""unknown""}",711,R07,"R01,R02,R03,R04,R07,R08,R10,R29",026009593,"021000021,111000025,091000022,026009593,122105155","payments-service",1778507317,"a2cd05e6-2405-5f79-0438-ba5a7c8940c2"
"2026-05-11T12:49:15.000+0000",3556,6757,USD,"1778503755.524","/v1/ach/status","/v1/ach/debit,/v1/ach/credit,/v1/ach/status,/v1/ach/verify-account,/v1/ach/settlement,/v1/ach/return",ERROR,"INFO,ERROR,EXIT",de091145e0d6c36caa4a4cf916058756,"{""transferId"":""ACH-901123"",""action"":""status""}","{""status"":""returned"",""achStatus"":""returned"",""returnCode"":""R08"",""reason"":""bank_return""}",524,R08,"R01,R02,R03,R04,R07,R08,R10,R29",122105155,"021000021,111000025,091000022,026009593,122105155","payments-service",1778503755,"de091145-e0d6-c36c-aa4a-4cf916058756"
"2026-05-06T05:43:22.000+0000",5388,36938,USD,"1778046202.789","/v1/ach/settlement","/v1/ach/debit,/v1/ach/credit,/v1/ach/status,/v1/ach/verify-account,/v1/ach/settlement,/v1/ach/return",ERROR,"INFO,ERROR,EXIT",36c1c8f6421e52a2defd56b1d9a913cf,"{""transferId"":""ACH-414109"",""action"":""settlement""}","{""status"":""returned"",""achStatus"":""returned"",""returnCode"":""R08"",""reason"":""bank_return""}",789,R08,"R01,R02,R03,R04,R07,R08,R10,R29",122105155,"021000021,111000025,091000022,026009593,122105155","payments-service",1778046202,"36c1c8f6-421e-52a2-defd-56b1d9a913cf"
"2026-05-11T13:07:11.000+0000",9365,18005,USD,"1778504832.026","/v1/ach/return","/v1/ach/debit,/v1/ach/credit,/v1/ach/status,/v1/ach/verify-account,/v1/ach/settlement,/v1/ach/return",ERROR,"INFO,ERROR,EXIT",a9d4cf3b41bf16c3b133586412f4312d,"{""transferId"":""ACH-888989"",""action"":""return""}","{""status"":""returned"",""achStatus"":""returned"",""returnCode"":""R08"",""reason"":""bank_return""}",1026,R08,"R01,R02,R03,R04,R07,R08,R10,R29",111000025,"021000021,111000025,091000022,026009593,122105155","payments-service",1778504831,"a9d4cf3b-41bf-16c3-b133-586412f4312d"
"2026-05-12T06:38:20.000+0000",8137,6916,USD,"1778567900.188","/v1/ach/debit","/v1/ach/debit,/v1/ach/credit,/v1/ach/status,/v1/ach/verify-account,/v1/ach/settlement,/v1/ach/return",INFO,"INFO,ERROR,EXIT",1933364abd6fe0c0752b7c7f863d1df1,"{""type"":""debit"",""amount"":6916,""currency"":""USD"",""accountLast4"":""8137"",""routingNumber"":""111000025""}","{""status"":""pending"",""achStatus"":""submitted"",""estimatedSettlementDate"":""2026-05-13""}",188,R07,"R01,R02,R03,R04,R07,R08,R10,R29",111000025,"021000021,111000025,091000022,026009593,122105155","payments-service",1778567900,"1933364a-bd6f-e0c0-752b-7c7f863d1df1"
"2026-05-07T05:54:22.000+0000",1422,45390,USD,"1778133262.767","/v1/ach/credit","/v1/ach/debit,/v1/ach/credit,/v1/ach/status,/v1/ach/verify-account,/v1/ach/settlement,/v1/ach/return",ERROR,"INFO,ERROR,EXIT",1ac5dd1fe01b358bc2eca951553912ae,"{""type"":""credit"",""amount"":45390,""currency"":""USD"",""destinationAccountLast4"":""1422"",""routingNumber"":""026009593""}","{""status"":""returned"",""achStatus"":""returned"",""returnCode"":""R02"",""reason"":""bank_return""}",767,R02,"R01,R02,R03,R04,R07,R08,R10,R29",026009593,"021000021,111000025,091000022,026009593,122105155","payments-service",1778133262,"1ac5dd1f-e01b-358b-c2ec-a951553912ae"
"2026-05-11T07:28:01.000+0000",6588,43914,USD,"1778484481.583","/v1/ach/return","/v1/ach/debit,/v1/ach/credit,/v1/ach/status,/v1/ach/verify-account,/v1/ach/settlement,/v1/ach/return",EXIT,"INFO,ERROR,EXIT",59edc4af8d04b4e9e3d38d5ae28cee17,"{""transferId"":""ACH-860036"",""action"":""return""}","{""status"":""error"",""errorCode"":""ACH-504"",""message"":""gateway_timeout""}",583,R29,"R01,R02,R03,R04,R07,R08,R10,R29",091000022,"021000021,111000025,091000022,026009593,122105155","payments-service",1778484481,"59edc4af-8d04-b4e9-e3d3-8d5ae28cee17"
"2026-05-11T19:27:00.000+0000",9313,44730,USD,"1778527620.862","/v1/ach/verify-account","/v1/ach/debit,/v1/ach/credit,/v1/ach/status,/v1/ach/verify-account,/v1/ach/settlement,/v1/ach/return",INFO,"INFO,ERROR,EXIT",59cab1968d3f7535978439402a4d95bb,"{""accountLast4"":""9313"",""routingNumber"":""026009593""}","{""status"":""unknown""}",862,R02,"R01,R02,R03,R04,R07,R08,R10,R29",026009593,"021000021,111000025,091000022,026009593,122105155","payments-service",1778527620,"59cab196-8d3f-7535-9784-39402a4d95bb"
"2026-05-11T07:01:01.000+0000",6845,24009,USD,"1778482861.819","/v1/ach/settlement","/v1/ach/debit,/v1/ach/credit,/v1/ach/status,/v1/ach/verify-account,/v1/ach/settlement,/v1/ach/return",EXIT,"INFO,ERROR,EXIT",bcce5bccc70a30094a69d8a86d66804c,"{""transferId"":""ACH-579276"",""action"":""settlement""}","{""status"":""error"",""errorCode"":""ACH-504"",""message"":""gateway_timeout""}",819,R07,"R01,R02,R03,R04,R07,R08,R10,R29",122105155,"021000021,111000025,091000022,026009593,122105155","payments-service",1778482861,"bcce5bcc-c70a-3009-4a69-d8a86d66804c"
"2026-05-05T19:07:22.000+0000",4313,1480,USD,"1778008043.155","/v1/ach/settlement","/v1/ach/debit,/v1/ach/credit,/v1/ach/status,/v1/ach/verify-account,/v1/ach/settlement,/v1/ach/return",ERROR,"INFO,ERROR,EXIT",ce0a661c0b9f811db591d8e0d3fbcfae,"{""transferId"":""ACH-507215"",""action"":""settlement""}","{""status"":""returned"",""achStatus"":""returned"",""returnCode"":""R29"",""reason"":""bank_return""}",1155,R29,"R01,R02,R03,R04,R07,R08,R10,R29",026009593,"021000021,111000025,091000022,026009593,122105155","payments-service",1778008042,"ce0a661c-0b9f-811d-b591-d8e0d3fbcfae"
"2026-05-12T07:24:48.000+0000",2081,48785,USD,"1778570688.166","/v1/ach/return","/v1/ach/debit,/v1/ach/credit,/v1/ach/status,/v1/ach/verify-account,/v1/ach/settlement,/v1/ach/return",INFO,"INFO,ERROR,EXIT",f6669f7b58ec429f30e4b854d25735fa,"{""transferId"":""ACH-208105"",""action"":""return""}","{""status"":""unknown""}",166,R01,"R01,R02,R03,R04,R07,R08,R10,R29",111000025,"021000021,111000025,091000022,026009593,122105155","payments-service",1778570688,"f6669f7b-58ec-429f-30e4-b854d25735fa"
"2026-05-11T06:32:43.000+0000",3768,10599,USD,"1778481163.548","/v1/ach/credit","/v1/ach/debit,/v1/ach/credit,/v1/ach/status,/v1/ach/verify-account,/v1/ach/settlement,/v1/ach/return",EXIT,"INFO,ERROR,EXIT",4d9ee2175cc2b430b380baaeedb2c611,"{""type"":""credit"",""amount"":10599,""currency"":""USD"",""destinationAccountLast4"":""3768"",""routingNumber"":""026009593""}","{""status"":""error"",""errorCode"":""ACH-504"",""message"":""gateway_timeout""}",548,R04,"R01,R02,R03,R04,R07,R08,R10,R29",026009593,"021000021,111000025,091000022,026009593,122105155","payments-service",1778481163,"4d9ee217-5cc2-b430-b380-baaeedb2c611"
"2026-05-07T06:33:52.000+0000",8313,12947,USD,"1778135632.335","/v1/ach/debit","/v1/ach/debit,/v1/ach/credit,/v1/ach/status,/v1/ach/verify-account,/v1/ach/settlement,/v1/ach/return",EXIT,"INFO,ERROR,EXIT",9a349a3eedc2fd15a6be4253d5958b31,"{""type"":""debit"",""amount"":12947,""currency"":""USD"",""accountLast4"":""8313"",""routingNumber"":""122105155""}","{""status"":""error"",""errorCode"":""ACH-504"",""message"":""gateway_timeout""}",335,R01,"R01,R02,R03,R04,R07,R08,R10,R29",122105155,"021000021,111000025,091000022,026009593,122105155","payments-service",1778135632,"9a349a3e-edc2-fd15-a6be-4253d5958b31"
"2026-05-10T06:05:55.000+0000",2040,28399,USD,"1778393155.807","/v1/ach/debit","/v1/ach/debit,/v1/ach/credit,/v1/ach/status,/v1/ach/verify-account,/v1/ach/settlement,/v1/ach/return",INFO,"INFO,ERROR,EXIT",ba0d81418a91507a46c2072d5efd7a4a,"{""type"":""debit"",""amount"":28399,""currency"":""USD"",""accountLast4"":""2040"",""routingNumber"":""021000021""}","{""status"":""pending"",""achStatus"":""submitted"",""estimatedSettlementDate"":""2026-05-11""}",807,R04,"R01,R02,R03,R04,R07,R08,R10,R29",021000021,"021000021,111000025,091000022,026009593,122105155","payments-service",1778393155,"ba0d8141-8a91-507a-46c2-072d5efd7a4a"
"2026-05-11T15:13:18.000+0000",7320,29828,USD,"1778512398.338","/v1/ach/credit","/v1/ach/debit,/v1/ach/credit,/v1/ach/status,/v1/ach/verify-account,/v1/ach/settlement,/v1/ach/return",ERROR,"INFO,ERROR,EXIT",0f056cca416d669aa6883dbdcf073c88,"{""type"":""credit"",""amount"":29828,""currency"":""USD"",""destinationAccountLast4"":""7320"",""routingNumber"":""111000025""}","{""status"":""returned"",""achStatus"":""returned"",""returnCode"":""R01"",""reason"":""bank_return""}",338,R01,"R01,R02,R03,R04,R07,R08,R10,R29",111000025,"021000021,111000025,091000022,026009593,122105155","payments-service",1778512398,"0f056cca-416d-669a-a688-3dbdcf073c88"
"2026-05-08T01:09:38.000+0000",7863,14137,USD,"1778202578.169","/v1/ach/debit","/v1/ach/debit,/v1/ach/credit,/v1/ach/status,/v1/ach/verify-account,/v1/ach/settlement,/v1/ach/return",EXIT,"INFO,ERROR,EXIT",10301d25a8f456d51fc4dde47c963e39,"{""type"":""debit"",""amount"":14137,""currency"":""USD"",""accountLast4"":""7863"",""routingNumber"":""021000021""}","{""status"":""error"",""errorCode"":""ACH-504"",""message"":""gateway_timeout""}",169,R10,"R01,R02,R03,R04,R07,R08,R10,R29",021000021,"021000021,111000025,091000022,026009593,122105155","payments-service",1778202578,"10301d25-a8f4-56d5-1fc4-dde47c963e39"
"2026-05-10T07:34:21.000+0000",1417,9622,USD,"1778398461.736","/v1/ach/settlement","/v1/ach/debit,/v1/ach/credit,/v1/ach/status,/v1/ach/verify-account,/v1/ach/settlement,/v1/ach/return",EXIT,"INFO,ERROR,EXIT",52f0bc7aee7d51e0c413b5e56f8cb668,"{""transferId"":""ACH-875137"",""action"":""settlement""}","{""status"":""error"",""errorCode"":""ACH-504"",""message"":""gateway_timeout""}",736,R29,"R01,R02,R03,R04,R07,R08,R10,R29",111000025,"021000021,111000025,091000022,026009593,122105155","payments-service",1778398461,"52f0bc7a-ee7d-51e0-c413-b5e56f8cb668"
"2026-05-06T14:13:50.000+0000",3899,35886,USD,"1778076830.128","/v1/ach/debit","/v1/ach/debit,/v1/ach/credit,/v1/ach/status,/v1/ach/verify-account,/v1/ach/settlement,/v1/ach/return",INFO,"INFO,ERROR,EXIT",dc676c79606e81db8f2c1ff35f80d7e7,"{""type"":""debit"",""amount"":35886,""currency"":""USD"",""accountLast4"":""3899"",""routingNumber"":""091000022""}","{""status"":""pending"",""achStatus"":""submitted"",""estimatedSettlementDate"":""2026-05-07""}",128,R29,"R01,R02,R03,R04,R07,R08,R10,R29",091000022,"021000021,111000025,091000022,026009593,122105155","payments-service",1778076830,"dc676c79-606e-81db-8f2c-1ff35f80d7e7"
"2026-05-06T04:08:02.000+0000",1014,33640,USD,"1778040482.093","/v1/ach/verify-account","/v1/ach/debit,/v1/ach/credit,/v1/ach/status,/v1/ach/verify-account,/v1/ach/settlement,/v1/ach/return",INFO,"INFO,ERROR,EXIT",df8cdaa6a70e99126a1828a866572953,"{""accountLast4"":""1014"",""routingNumber"":""026009593""}","{""status"":""unknown""}",93,R08,"R01,R02,R03,R04,R07,R08,R10,R29",026009593,"021000021,111000025,091000022,026009593,122105155","payments-service",1778040482,"df8cdaa6-a70e-9912-6a18-28a866572953"
"2026-05-09T18:59:57.000+0000",9133,12518,USD,"1778353198.039","/v1/ach/debit","/v1/ach/debit,/v1/ach/credit,/v1/ach/status,/v1/ach/verify-account,/v1/ach/settlement,/v1/ach/return",ERROR,"INFO,ERROR,EXIT",02991101babe0c918e900d77e7103daa,"{""type"":""debit"",""amount"":12518,""currency"":""USD"",""accountLast4"":""9133"",""routingNumber"":""111000025""}","{""status"":""returned"",""achStatus"":""returned"",""returnCode"":""R03"",""reason"":""bank_return""}",1039,R03,"R01,R02,R03,R04,R07,R08,R10,R29",111000025,"021000021,111000025,091000022,026009593,122105155","payments-service",1778353197,"02991101-babe-0c91-8e90-0d77e7103daa"
"2026-05-10T04:03:00.000+0000",1280,23560,USD,"1778385780.913","/v1/ach/status","/v1/ach/debit,/v1/ach/credit,/v1/ach/status,/v1/ach/verify-account,/v1/ach/settlement,/v1/ach/return",EXIT,"INFO,ERROR,EXIT",73d2248b1dbc48af53e6f5130237c875,"{""transferId"":""ACH-418758"",""action"":""status""}","{""status"":""error"",""errorCode"":""ACH-504"",""message"":""gateway_timeout""}",913,R10,"R01,R02,R03,R04,R07,R08,R10,R29",021000021,"021000021,111000025,091000022,026009593,122105155","payments-service",1778385780,"73d2248b-1dbc-48af-53e6-f5130237c875"
"2026-05-10T12:58:06.000+0000",6486,46529,USD,"1778417886.464","/v1/ach/debit","/v1/ach/debit,/v1/ach/credit,/v1/ach/status,/v1/ach/verify-account,/v1/ach/settlement,/v1/ach/return",EXIT,"INFO,ERROR,EXIT",5a9a5da5fb816a5e207b005cc54683b6,"{""type"":""debit"",""amount"":46529,""currency"":""USD"",""accountLast4"":""6486"",""routingNumber"":""021000021""}","{""status"":""error"",""errorCode"":""ACH-504"",""message"":""gateway_timeout""}",464,R04,"R01,R02,R03,R04,R07,R08,R10,R29",021000021,"021000021,111000025,091000022,026009593,122105155","payments-service",1778417886,"5a9a5da5-fb81-6a5e-207b-005cc54683b6"
"2026-05-08T02:43:31.000+0000",5926,8774,USD,"1778208211.457","/v1/ach/debit","/v1/ach/debit,/v1/ach/credit,/v1/ach/status,/v1/ach/verify-account,/v1/ach/settlement,/v1/ach/return",INFO,"INFO,ERROR,EXIT",ac3da19c80cec27318b50d08017bc77a,"{""type"":""debit"",""amount"":8774,""currency"":""USD"",""accountLast4"":""5926"",""routingNumber"":""111000025""}","{""status"":""pending"",""achStatus"":""submitted"",""estimatedSettlementDate"":""2026-05-09""}",457,R03,"R01,R02,R03,R04,R07,R08,R10,R29",111000025,"021000021,111000025,091000022,026009593,122105155","payments-service",1778208211,"ac3da19c-80ce-c273-18b5-0d08017bc77a"
"2026-05-07T16:24:40.000+0000",3043,2852,USD,"1778171081.171","/v1/ach/verify-account","/v1/ach/debit,/v1/ach/credit,/v1/ach/status,/v1/ach/verify-account,/v1/ach/settlement,/v1/ach/return",ERROR,"INFO,ERROR,EXIT",c0f15e6d2ec9c3a2653e67680e6d131a,"{""accountLast4"":""3043"",""routingNumber"":""122105155""}","{""status"":""returned"",""achStatus"":""returned"",""returnCode"":""R10"",""reason"":""bank_return""}",1171,R10,"R01,R02,R03,R04,R07,R08,R10,R29",122105155,"021000021,111000025,091000022,026009593,122105155","payments-service",1778171080,"c0f15e6d-2ec9-c3a2-653e-67680e6d131a"
"2026-05-08T19:46:00.000+0000",9945,34032,USD,"1778269560.154","/v1/ach/status","/v1/ach/debit,/v1/ach/credit,/v1/ach/status,/v1/ach/verify-account,/v1/ach/settlement,/v1/ach/return",INFO,"INFO,ERROR,EXIT",8c32d5b0c7c217bbf859eb51176ee59e,"{""transferId"":""ACH-689858"",""action"":""status""}","{""status"":""settled"",""achStatus"":""completed"",""settledAt"":""2026-05-08T19:46:00Z""}",154,R08,"R01,R02,R03,R04,R07,R08,R10,R29",111000025,"021000021,111000025,091000022,026009593,122105155","payments-service",1778269560,"8c32d5b0-c7c2-17bb-f859-eb51176ee59e"
"2026-05-10T13:12:01.000+0000",9791,6926,USD,"1778418722.031","/v1/ach/settlement","/v1/ach/debit,/v1/ach/credit,/v1/ach/status,/v1/ach/verify-account,/v1/ach/settlement,/v1/ach/return",INFO,"INFO,ERROR,EXIT",ede9d6e9048b3f7974235e0e44b058f4,"{""transferId"":""ACH-660125"",""action"":""settlement""}","{""status"":""unknown""}",1031,R02,"R01,R02,R03,R04,R07,R08,R10,R29",122105155,"021000021,111000025,091000022,026009593,122105155","payments-service",1778418721,"ede9d6e9-048b-3f79-7423-5e0e44b058f4"
"2026-05-06T02:18:34.000+0000",1150,35103,USD,"1778033915.022","/v1/ach/credit","/v1/ach/debit,/v1/ach/credit,/v1/ach/status,/v1/ach/verify-account,/v1/ach/settlement,/v1/ach/return",EXIT,"INFO,ERROR,EXIT",09c8a61136a8dd3fc306f9890fe049f5,"{""type"":""credit"",""amount"":35103,""currency"":""USD"",""destinationAccountLast4"":""1150"",""routingNumber"":""021000021""}","{""status"":""error"",""errorCode"":""ACH-504"",""message"":""gateway_timeout""}",1022,R07,"R01,R02,R03,R04,R07,R08,R10,R29",021000021,"021000021,111000025,091000022,026009593,122105155","payments-service",1778033914,"09c8a611-36a8-dd3f-c306-f9890fe049f5"
"2026-05-11T03:14:52.000+0000",4682,2910,USD,"1778469292.05","/v1/ach/credit","/v1/ach/debit,/v1/ach/credit,/v1/ach/status,/v1/ach/verify-account,/v1/ach/settlement,/v1/ach/return",ERROR,"INFO,ERROR,EXIT",e6136d2b661c5c0f877c773211e5e97e,"{""type"":""credit"",""amount"":2910,""currency"":""USD"",""destinationAccountLast4"":""4682"",""routingNumber"":""021000021""}","{""status"":""returned"",""achStatus"":""returned"",""returnCode"":""R10"",""reason"":""bank_return""}",50,R10,"R01,R02,R03,R04,R07,R08,R10,R29",021000021,"021000021,111000025,091000022,026009593,122105155","payments-service",1778469292,"e6136d2b-661c-5c0f-877c-773211e5e97e"
"2026-05-11T20:58:49.000+0000",4799,30692,USD,"1778533129.41","/v1/ach/credit","/v1/ach/debit,/v1/ach/credit,/v1/ach/status,/v1/ach/verify-account,/v1/ach/settlement,/v1/ach/return",INFO,"INFO,ERROR,EXIT",0063eec87d172eec511271d642745253,"{""type"":""credit"",""amount"":30692,""currency"":""USD"",""destinationAccountLast4"":""4799"",""routingNumber"":""091000022""}","{""status"":""pending"",""achStatus"":""submitted"",""estimatedSettlementDate"":""2026-05-12""}",410,R04,"R01,R02,R03,R04,R07,R08,R10,R29",091000022,"021000021,111000025,091000022,026009593,122105155","payments-service",1778533129,"0063eec8-7d17-2eec-5112-71d642745253"
"2026-05-09T20:48:50.000+0000",2909,2905,USD,"1778359730.936","/v1/ach/return","/v1/ach/debit,/v1/ach/credit,/v1/ach/status,/v1/ach/verify-account,/v1/ach/settlement,/v1/ach/return",INFO,"INFO,ERROR,EXIT",992b6e12e8f31236f5bec0fac71f54bd,"{""transferId"":""ACH-267255"",""action"":""return""}","{""status"":""unknown""}",936,R04,"R01,R02,R03,R04,R07,R08,R10,R29",111000025,"021000021,111000025,091000022,026009593,122105155","payments-service",1778359730,"992b6e12-e8f3-1236-f5be-c0fac71f54bd"
"2026-05-08T18:29:41.000+0000",5576,45450,USD,"1778264982.121","/v1/ach/credit","/v1/ach/debit,/v1/ach/credit,/v1/ach/status,/v1/ach/verify-account,/v1/ach/settlement,/v1/ach/return",ERROR,"INFO,ERROR,EXIT",92e8dcf220e31788f852db5ec9a43827,"{""type"":""credit"",""amount"":45450,""currency"":""USD"",""destinationAccountLast4"":""5576"",""routingNumber"":""091000022""}","{""status"":""returned"",""achStatus"":""returned"",""returnCode"":""R08"",""reason"":""bank_return""}",1121,R08,"R01,R02,R03,R04,R07,R08,R10,R29",091000022,"021000021,111000025,091000022,026009593,122105155","payments-service",1778264981,"92e8dcf2-20e3-1788-f852-db5ec9a43827"
"2026-05-10T19:17:49.000+0000",4354,16949,USD,"1778440669.047","/v1/ach/debit","/v1/ach/debit,/v1/ach/credit,/v1/ach/status,/v1/ach/verify-account,/v1/ach/settlement,/v1/ach/return",INFO,"INFO,ERROR,EXIT",4c11771c8cbacf3338c8f014d0f2f104,"{""type"":""debit"",""amount"":16949,""currency"":""USD"",""accountLast4"":""4354"",""routingNumber"":""122105155""}","{""status"":""pending"",""achStatus"":""submitted"",""estimatedSettlementDate"":""2026-05-11""}",47,R01,"R01,R02,R03,R04,R07,R08,R10,R29",122105155,"021000021,111000025,091000022,026009593,122105155","payments-service",1778440669,"4c11771c-8cba-cf33-38c8-f014d0f2f104"
"2026-05-06T17:38:41.000+0000",3369,25052,USD,"1778089121.17","/v1/ach/settlement","/v1/ach/debit,/v1/ach/credit,/v1/ach/status,/v1/ach/verify-account,/v1/ach/settlement,/v1/ach/return",ERROR,"INFO,ERROR,EXIT",9a5532654edf93f66ac03c71ebb7b18b,"{""transferId"":""ACH-894360"",""action"":""settlement""}","{""status"":""returned"",""achStatus"":""returned"",""returnCode"":""R03"",""reason"":""bank_return""}",170,R03,"R01,R02,R03,R04,R07,R08,R10,R29",026009593,"021000021,111000025,091000022,026009593,122105155","payments-service",1778089121,"9a553265-4edf-93f6-6ac0-3c71ebb7b18b"
"2026-05-10T02:34:28.000+0000",1439,20780,USD,"1778380468.555","/v1/ach/status","/v1/ach/debit,/v1/ach/credit,/v1/ach/status,/v1/ach/verify-account,/v1/ach/settlement,/v1/ach/return",INFO,"INFO,ERROR,EXIT",905b09c2bbe3be30a536276325e9fe9e,"{""transferId"":""ACH-407797"",""action"":""status""}","{""status"":""settled"",""achStatus"":""completed"",""settledAt"":""2026-05-10T02:34:28Z""}",555,R10,"R01,R02,R03,R04,R07,R08,R10,R29",122105155,"021000021,111000025,091000022,026009593,122105155","payments-service",1778380468,"905b09c2-bbe3-be30-a536-276325e9fe9e"
"2026-05-05T21:49:46.000+0000",2011,28794,USD,"1778017787.237","/v1/ach/debit","/v1/ach/debit,/v1/ach/credit,/v1/ach/status,/v1/ach/verify-account,/v1/ach/settlement,/v1/ach/return",EXIT,"INFO,ERROR,EXIT",643984dacfe154b651fe66f7a042060d,"{""type"":""debit"",""amount"":28794,""currency"":""USD"",""accountLast4"":""2011"",""routingNumber"":""021000021""}","{""status"":""error"",""errorCode"":""ACH-504"",""message"":""gateway_timeout""}",1237,R01,"R01,R02,R03,R04,R07,R08,R10,R29",021000021,"021000021,111000025,091000022,026009593,122105155","payments-service",1778017786,"643984da-cfe1-54b6-51fe-66f7a042060d"
"2026-05-07T20:45:52.000+0000",4479,42720,USD,"1778186752.835","/v1/ach/debit","/v1/ach/debit,/v1/ach/credit,/v1/ach/status,/v1/ach/verify-account,/v1/ach/settlement,/v1/ach/return",ERROR,"INFO,ERROR,EXIT",6f9a9223bf548e5d95d4db5e67a69a42,"{""type"":""debit"",""amount"":42720,""currency"":""USD"",""accountLast4"":""4479"",""routingNumber"":""026009593""}","{""status"":""returned"",""achStatus"":""returned"",""returnCode"":""R29"",""reason"":""bank_return""}",835,R29,"R01,R02,R03,R04,R07,R08,R10,R29",026009593,"021000021,111000025,091000022,026009593,122105155","payments-service",1778186752,"6f9a9223-bf54-8e5d-95d4-db5e67a69a42"
"2026-05-09T06:31:31.000+0000",4322,37074,USD,"1778308292.153","/v1/ach/status","/v1/ach/debit,/v1/ach/credit,/v1/ach/status,/v1/ach/verify-account,/v1/ach/settlement,/v1/ach/return",INFO,"INFO,ERROR,EXIT",b45a54c0a68bd6ed8904c1225a461af4,"{""transferId"":""ACH-482750"",""action"":""status""}","{""status"":""settled"",""achStatus"":""completed"",""settledAt"":""2026-05-09T06:31:31Z""}",1153,R29,"R01,R02,R03,R04,R07,R08,R10,R29",021000021,"021000021,111000025,091000022,026009593,122105155","payments-service",1778308291,"b45a54c0-a68b-d6ed-8904-c1225a461af4"
"2026-05-09T22:18:20.000+0000",7136,27688,USD,"1778365100.469","/v1/ach/status","/v1/ach/debit,/v1/ach/credit,/v1/ach/status,/v1/ach/verify-account,/v1/ach/settlement,/v1/ach/return",EXIT,"INFO,ERROR,EXIT",0c142220750f5b98a755b08b8fdb5182,"{""transferId"":""ACH-571493"",""action"":""status""}","{""status"":""error"",""errorCode"":""ACH-504"",""message"":""gateway_timeout""}",469,R29,"R01,R02,R03,R04,R07,R08,R10,R29",091000022,"021000021,111000025,091000022,026009593,122105155","payments-service",1778365100,"0c142220-750f-5b98-a755-b08b8fdb5182"
"2026-05-05T19:45:55.000+0000",9120,3751,USD,"1778010355.608","/v1/ach/debit","/v1/ach/debit,/v1/ach/credit,/v1/ach/status,/v1/ach/verify-account,/v1/ach/settlement,/v1/ach/return",EXIT,"INFO,ERROR,EXIT",21c9af8f61005b82083a1487ce82b65e,"{""type"":""debit"",""amount"":3751,""currency"":""USD"",""accountLast4"":""9120"",""routingNumber"":""021000021""}","{""status"":""error"",""errorCode"":""ACH-504"",""message"":""gateway_timeout""}",608,R29,"R01,R02,R03,R04,R07,R08,R10,R29",021000021,"021000021,111000025,091000022,026009593,122105155","payments-service",1778010355,"21c9af8f-6100-5b82-083a-1487ce82b65e"
"2026-05-09T22:02:51.000+0000",8298,31011,USD,"1778364171.733","/v1/ach/verify-account","/v1/ach/debit,/v1/ach/credit,/v1/ach/status,/v1/ach/verify-account,/v1/ach/settlement,/v1/ach/return",INFO,"INFO,ERROR,EXIT",ef3725fd3f5552b066a3ee7110b8a010,"{""accountLast4"":""8298"",""routingNumber"":""026009593""}","{""status"":""unknown""}",733,R04,"R01,R02,R03,R04,R07,R08,R10,R29",026009593,"021000021,111000025,091000022,026009593,122105155","payments-service",1778364171,"ef3725fd-3f55-52b0-66a3-ee7110b8a010"
"2026-05-08T22:54:48.000+0000",5732,26615,USD,"1778280888.749","/v1/ach/settlement","/v1/ach/debit,/v1/ach/credit,/v1/ach/status,/v1/ach/verify-account,/v1/ach/settlement,/v1/ach/return",INFO,"INFO,ERROR,EXIT",5c7d8a9ace6dabe277123e2b3d0621cf,"{""transferId"":""ACH-762156"",""action"":""settlement""}","{""status"":""unknown""}",749,R08,"R01,R02,R03,R04,R07,R08,R10,R29",026009593,"021000021,111000025,091000022,026009593,122105155","payments-service",1778280888,"5c7d8a9a-ce6d-abe2-7712-3e2b3d0621cf"
"2026-05-06T04:59:35.000+0000",5676,11978,USD,"1778043575.31","/v1/ach/status","/v1/ach/debit,/v1/ach/credit,/v1/ach/status,/v1/ach/verify-account,/v1/ach/settlement,/v1/ach/return",INFO,"INFO,ERROR,EXIT",fbbaf7f9693b26fbecef04599dae1aef,"{""transferId"":""ACH-164802"",""action"":""status""}","{""status"":""settled"",""achStatus"":""completed"",""settledAt"":""2026-05-06T04:59:35Z""}",310,R08,"R01,R02,R03,R04,R07,R08,R10,R29",021000021,"021000021,111000025,091000022,026009593,122105155","payments-service",1778043575,"fbbaf7f9-693b-26fb-ecef-04599dae1aef"
"2026-05-07T12:50:59.000+0000",9639,4094,USD,"1778158259.365","/v1/ach/credit","/v1/ach/debit,/v1/ach/credit,/v1/ach/status,/v1/ach/verify-account,/v1/ach/settlement,/v1/ach/return",INFO,"INFO,ERROR,EXIT",07b82471c502a1d9f20a61dc34a026cf,"{""type"":""credit"",""amount"":4094,""currency"":""USD"",""destinationAccountLast4"":""9639"",""routingNumber"":""111000025""}","{""status"":""pending"",""achStatus"":""submitted"",""estimatedSettlementDate"":""2026-05-08""}",365,R10,"R01,R02,R03,R04,R07,R08,R10,R29",111000025,"021000021,111000025,091000022,026009593,122105155","payments-service",1778158259,"07b82471-c502-a1d9-f20a-61dc34a026cf"
"2026-05-09T18:53:08.000+0000",9130,12713,USD,"1778352788.42","/v1/ach/settlement","/v1/ach/debit,/v1/ach/credit,/v1/ach/status,/v1/ach/verify-account,/v1/ach/settlement,/v1/ach/return",ERROR,"INFO,ERROR,EXIT",3f1c13f59f21e7f5d9a3446cf8e27261,"{""transferId"":""ACH-867189"",""action"":""settlement""}","{""status"":""returned"",""achStatus"":""returned"",""returnCode"":""R03"",""reason"":""bank_return""}",420,R03,"R01,R02,R03,R04,R07,R08,R10,R29",091000022,"021000021,111000025,091000022,026009593,122105155","payments-service",1778352788,"3f1c13f5-9f21-e7f5-d9a3-446cf8e27261"
"2026-05-06T12:40:38.000+0000",2689,42456,USD,"1778071238.324","/v1/ach/credit","/v1/ach/debit,/v1/ach/credit,/v1/ach/status,/v1/ach/verify-account,/v1/ach/settlement,/v1/ach/return",EXIT,"INFO,ERROR,EXIT",8a48116ed1390633ad59e4d713baab65,"{""type"":""credit"",""amount"":42456,""currency"":""USD"",""destinationAccountLast4"":""2689"",""routingNumber"":""111000025""}","{""status"":""error"",""errorCode"":""ACH-504"",""message"":""gateway_timeout""}",324,R07,"R01,R02,R03,R04,R07,R08,R10,R29",111000025,"021000021,111000025,091000022,026009593,122105155","payments-service",1778071238,"8a48116e-d139-0633-ad59-e4d713baab65"
"2026-05-09T02:57:09.000+0000",9159,47250,USD,"1778295429.148","/v1/ach/status","/v1/ach/debit,/v1/ach/credit,/v1/ach/status,/v1/ach/verify-account,/v1/ach/settlement,/v1/ach/return",ERROR,"INFO,ERROR,EXIT",c8c893bd1f4e4dfae0a7f6ce760796c2,"{""transferId"":""ACH-971333"",""action"":""status""}","{""status"":""returned"",""achStatus"":""returned"",""returnCode"":""R10"",""reason"":""bank_return""}",148,R10,"R01,R02,R03,R04,R07,R08,R10,R29",122105155,"021000021,111000025,091000022,026009593,122105155","payments-service",1778295429,"c8c893bd-1f4e-4dfa-e0a7-f6ce760796c2"
"2026-05-11T12:42:48.000+0000",6755,41152,USD,"1778503368.346","/v1/ach/status","/v1/ach/debit,/v1/ach/credit,/v1/ach/status,/v1/ach/verify-account,/v1/ach/settlement,/v1/ach/return",INFO,"INFO,ERROR,EXIT",c2ce7d1ecec38e7bb0e268d5e8aadf61,"{""transferId"":""ACH-101097"",""action"":""status""}","{""status"":""settled"",""achStatus"":""completed"",""settledAt"":""2026-05-11T12:42:48Z""}",346,R02,"R01,R02,R03,R04,R07,R08,R10,R29",111000025,"021000021,111000025,091000022,026009593,122105155","payments-service",1778503368,"c2ce7d1e-cec3-8e7b-b0e2-68d5e8aadf61"
"2026-05-09T19:36:33.000+0000",3537,18452,USD,"1778355393.374","/v1/ach/return","/v1/ach/debit,/v1/ach/credit,/v1/ach/status,/v1/ach/verify-account,/v1/ach/settlement,/v1/ach/return",ERROR,"INFO,ERROR,EXIT",08690273f0688f00ef62b9a9a52a18d6,"{""transferId"":""ACH-829552"",""action"":""return""}","{""status"":""returned"",""achStatus"":""returned"",""returnCode"":""R01"",""reason"":""bank_return""}",374,R01,"R01,R02,R03,R04,R07,R08,R10,R29",026009593,"021000021,111000025,091000022,026009593,122105155","payments-service",1778355393,"08690273-f068-8f00-ef62-b9a9a52a18d6"
"2026-05-05T16:16:00.000+0000",6864,3557,USD,"1777997760.856","/v1/ach/status","/v1/ach/debit,/v1/ach/credit,/v1/ach/status,/v1/ach/verify-account,/v1/ach/settlement,/v1/ach/return",INFO,"INFO,ERROR,EXIT",b5bd61b616cf681c483940f2984054b2,"{""transferId"":""ACH-896002"",""action"":""status""}","{""status"":""settled"",""achStatus"":""completed"",""settledAt"":""2026-05-05T16:16:00Z""}",856,R07,"R01,R02,R03,R04,R07,R08,R10,R29",111000025,"021000021,111000025,091000022,026009593,122105155","payments-service",1777997760,"b5bd61b6-16cf-681c-4839-40f2984054b2"
"2026-05-10T03:35:31.000+0000",4707,50123,USD,"1778384131.883","/v1/ach/credit","/v1/ach/debit,/v1/ach/credit,/v1/ach/status,/v1/ach/verify-account,/v1/ach/settlement,/v1/ach/return",INFO,"INFO,ERROR,EXIT",c78992d271868a412bcb2e41625ffa48,"{""type"":""credit"",""amount"":50123,""currency"":""USD"",""destinationAccountLast4"":""4707"",""routingNumber"":""026009593""}","{""status"":""pending"",""achStatus"":""submitted"",""estimatedSettlementDate"":""2026-05-11""}",883,R02,"R01,R02,R03,R04,R07,R08,R10,R29",026009593,"021000021,111000025,091000022,026009593,122105155","payments-service",1778384131,"c78992d2-7186-8a41-2bcb-2e41625ffa48"
"2026-05-10T09:53:28.000+0000",7602,42877,USD,"1778406808.987","/v1/ach/status","/v1/ach/debit,/v1/ach/credit,/v1/ach/status,/v1/ach/verify-account,/v1/ach/settlement,/v1/ach/return",EXIT,"INFO,ERROR,EXIT",d4d158d62744f944fc1d244e82631f12,"{""transferId"":""ACH-687462"",""action"":""status""}","{""status"":""error"",""errorCode"":""ACH-504"",""message"":""gateway_timeout""}",987,R03,"R01,R02,R03,R04,R07,R08,R10,R29",091000022,"021000021,111000025,091000022,026009593,122105155","payments-service",1778406808,"d4d158d6-2744-f944-fc1d-244e82631f12"
"2026-05-06T03:43:59.000+0000",4550,2065,USD,"1778039039.321","/v1/ach/status","/v1/ach/debit,/v1/ach/credit,/v1/ach/status,/v1/ach/verify-account,/v1/ach/settlement,/v1/ach/return",EXIT,"INFO,ERROR,EXIT",3e268beb613691c841148b25b79fa708,"{""transferId"":""ACH-555831"",""action"":""status""}","{""status"":""error"",""errorCode"":""ACH-504"",""message"":""gateway_timeout""}",321,R04,"R01,R02,R03,R04,R07,R08,R10,R29",111000025,"021000021,111000025,091000022,026009593,122105155","payments-service",1778039039,"3e268beb-6136-91c8-4114-8b25b79fa708"
"2026-05-11T20:30:17.000+0000",9137,35966,USD,"1778531417.184","/v1/ach/status","/v1/ach/debit,/v1/ach/credit,/v1/ach/status,/v1/ach/verify-account,/v1/ach/settlement,/v1/ach/return",INFO,"INFO,ERROR,EXIT",e779fa57e3ed3dd192678ee5b27ecbe6,"{""transferId"":""ACH-214400"",""action"":""status""}","{""status"":""settled"",""achStatus"":""completed"",""settledAt"":""2026-05-11T20:30:17Z""}",184,R29,"R01,R02,R03,R04,R07,R08,R10,R29",122105155,"021000021,111000025,091000022,026009593,122105155","payments-service",1778531417,"e779fa57-e3ed-3dd1-9267-8ee5b27ecbe6"
"2026-05-07T10:21:51.000+0000",6543,5760,USD,"1778149311.164","/v1/ach/settlement","/v1/ach/debit,/v1/ach/credit,/v1/ach/status,/v1/ach/verify-account,/v1/ach/settlement,/v1/ach/return",EXIT,"INFO,ERROR,EXIT",62a48bf26a15abb41771fb64eb548a6f,"{""transferId"":""ACH-752146"",""action"":""settlement""}","{""status"":""error"",""errorCode"":""ACH-504"",""message"":""gateway_timeout""}",164,R07,"R01,R02,R03,R04,R07,R08,R10,R29",026009593,"021000021,111000025,091000022,026009593,122105155","payments-service",1778149311,"62a48bf2-6a15-abb4-1771-fb64eb548a6f"
"2026-05-07T20:29:01.000+0000",5092,48860,USD,"1778185741.112","/v1/ach/credit","/v1/ach/debit,/v1/ach/credit,/v1/ach/status,/v1/ach/verify-account,/v1/ach/settlement,/v1/ach/return",EXIT,"INFO,ERROR,EXIT",b1c96be21205ebd4496361b805fdcb85,"{""type"":""credit"",""amount"":48860,""currency"":""USD"",""destinationAccountLast4"":""5092"",""routingNumber"":""021000021""}","{""status"":""error"",""errorCode"":""ACH-504"",""message"":""gateway_timeout""}",112,R08,"R01,R02,R03,R04,R07,R08,R10,R29",021000021,"021000021,111000025,091000022,026009593,122105155","payments-service",1778185741,"b1c96be2-1205-ebd4-4963-61b805fdcb85"
"2026-05-08T14:05:28.000+0000",5394,11394,USD,"1778249128.124","/v1/ach/return","/v1/ach/debit,/v1/ach/credit,/v1/ach/status,/v1/ach/verify-account,/v1/ach/settlement,/v1/ach/return",INFO,"INFO,ERROR,EXIT",e45f080dc657b92bf6c4977e6d7f5b83,"{""transferId"":""ACH-672528"",""action"":""return""}","{""status"":""unknown""}",124,R03,"R01,R02,R03,R04,R07,R08,R10,R29",111000025,"021000021,111000025,091000022,026009593,122105155","payments-service",1778249128,"e45f080d-c657-b92b-f6c4-977e6d7f5b83"
"2026-05-06T06:07:28.000+0000",6946,21795,USD,"1778047648.957","/v1/ach/status","/v1/ach/debit,/v1/ach/credit,/v1/ach/status,/v1/ach/verify-account,/v1/ach/settlement,/v1/ach/return",ERROR,"INFO,ERROR,EXIT",8ed6f5ee66a5837edd7b5f676d2eead6,"{""transferId"":""ACH-522504"",""action"":""status""}","{""status"":""returned"",""achStatus"":""returned"",""returnCode"":""R08"",""reason"":""bank_return""}",957,R08,"R01,R02,R03,R04,R07,R08,R10,R29",091000022,"021000021,111000025,091000022,026009593,122105155","payments-service",1778047648,"8ed6f5ee-66a5-837e-dd7b-5f676d2eead6"
"2026-05-05T10:48:15.000+0000",8994,29141,USD,"1777978095.761","/v1/ach/debit","/v1/ach/debit,/v1/ach/credit,/v1/ach/status,/v1/ach/verify-account,/v1/ach/settlement,/v1/ach/return",ERROR,"INFO,ERROR,EXIT",8d5e877c0a9dbe17dcf0b7a497e21fd2,"{""type"":""debit"",""amount"":29141,""currency"":""USD"",""accountLast4"":""8994"",""routingNumber"":""021000021""}","{""status"":""returned"",""achStatus"":""returned"",""returnCode"":""R02"",""reason"":""bank_return""}",761,R02,"R01,R02,R03,R04,R07,R08,R10,R29",021000021,"021000021,111000025,091000022,026009593,122105155","payments-service",1777978095,"8d5e877c-0a9d-be17-dcf0-b7a497e21fd2"
"2026-05-07T12:06:42.000+0000",7864,7999,USD,"1778155602.835","/v1/ach/verify-account","/v1/ach/debit,/v1/ach/credit,/v1/ach/status,/v1/ach/verify-account,/v1/ach/settlement,/v1/ach/return",INFO,"INFO,ERROR,EXIT",dd5b311cbffd645ffc9dbf70ef4995fc,"{""accountLast4"":""7864"",""routingNumber"":""111000025""}","{""status"":""unknown""}",835,R04,"R01,R02,R03,R04,R07,R08,R10,R29",111000025,"021000021,111000025,091000022,026009593,122105155","payments-service",1778155602,"dd5b311c-bffd-645f-fc9d-bf70ef4995fc"
"2026-05-11T20:39:09.000+0000",8913,21999,USD,"1778531949.704","/v1/ach/debit","/v1/ach/debit,/v1/ach/credit,/v1/ach/status,/v1/ach/verify-account,/v1/ach/settlement,/v1/ach/return",INFO,"INFO,ERROR,EXIT",5addf433ea1d460942a01f295a5aa30b,"{""type"":""debit"",""amount"":21999,""currency"":""USD"",""accountLast4"":""8913"",""routingNumber"":""026009593""}","{""status"":""pending"",""achStatus"":""submitted"",""estimatedSettlementDate"":""2026-05-12""}",704,R29,"R01,R02,R03,R04,R07,R08,R10,R29",026009593,"021000021,111000025,091000022,026009593,122105155","payments-service",1778531949,"5addf433-ea1d-4609-42a0-1f295a5aa30b"
"2026-05-08T22:50:42.000+0000",1286,41504,USD,"1778280643.158","/v1/ach/return","/v1/ach/debit,/v1/ach/credit,/v1/ach/status,/v1/ach/verify-account,/v1/ach/settlement,/v1/ach/return",ERROR,"INFO,ERROR,EXIT",6dfc2dee8e1227115fa03789e7ddaaf3,"{""transferId"":""ACH-505091"",""action"":""return""}","{""status"":""returned"",""achStatus"":""returned"",""returnCode"":""R02"",""reason"":""bank_return""}",1158,R02,"R01,R02,R03,R04,R07,R08,R10,R29",091000022,"021000021,111000025,091000022,026009593,122105155","payments-service",1778280642,"6dfc2dee-8e12-2711-5fa0-3789e7ddaaf3"
"2026-05-11T19:41:57.000+0000",2511,37323,USD,"1778528517.354","/v1/ach/return","/v1/ach/debit,/v1/ach/credit,/v1/ach/status,/v1/ach/verify-account,/v1/ach/settlement,/v1/ach/return",EXIT,"INFO,ERROR,EXIT",8f8a472c7728a4469a2785bfe315df83,"{""transferId"":""ACH-342713"",""action"":""return""}","{""status"":""error"",""errorCode"":""ACH-504"",""message"":""gateway_timeout""}",354,R01,"R01,R02,R03,R04,R07,R08,R10,R29",026009593,"021000021,111000025,091000022,026009593,122105155","payments-service",1778528517,"8f8a472c-7728-a446-9a27-85bfe315df83"
"2026-05-11T18:53:29.000+0000",9092,46664,USD,"1778525609.39","/v1/ach/status","/v1/ach/debit,/v1/ach/credit,/v1/ach/status,/v1/ach/verify-account,/v1/ach/settlement,/v1/ach/return",INFO,"INFO,ERROR,EXIT",9189883bfa391130d7c492171b831817,"{""transferId"":""ACH-481502"",""action"":""status""}","{""status"":""settled"",""achStatus"":""completed"",""settledAt"":""2026-05-11T18:53:29Z""}",390,R04,"R01,R02,R03,R04,R07,R08,R10,R29",111000025,"021000021,111000025,091000022,026009593,122105155","payments-service",1778525609,"9189883b-fa39-1130-d7c4-92171b831817"
"2026-05-07T07:42:24.000+0000",6920,8343,USD,"1778139744.625","/v1/ach/verify-account","/v1/ach/debit,/v1/ach/credit,/v1/ach/status,/v1/ach/verify-account,/v1/ach/settlement,/v1/ach/return",INFO,"INFO,ERROR,EXIT",1df014db0d11ae6a82a6688433be53fa,"{""accountLast4"":""6920"",""routingNumber"":""111000025""}","{""status"":""unknown""}",625,R03,"R01,R02,R03,R04,R07,R08,R10,R29",111000025,"021000021,111000025,091000022,026009593,122105155","payments-service",1778139744,"1df014db-0d11-ae6a-82a6-688433be53fa"
"2026-05-09T12:22:10.000+0000",5877,15436,USD,"1778329331.077","/v1/ach/debit","/v1/ach/debit,/v1/ach/credit,/v1/ach/status,/v1/ach/verify-account,/v1/ach/settlement,/v1/ach/return",ERROR,"INFO,ERROR,EXIT",3dd6f4e2dd6fd122190eb4df5ae0690d,"{""type"":""debit"",""amount"":15436,""currency"":""USD"",""accountLast4"":""5877"",""routingNumber"":""026009593""}","{""status"":""returned"",""achStatus"":""returned"",""returnCode"":""R07"",""reason"":""bank_return""}",1077,R07,"R01,R02,R03,R04,R07,R08,R10,R29",026009593,"021000021,111000025,091000022,026009593,122105155","payments-service",1778329330,"3dd6f4e2-dd6f-d122-190e-b4df5ae0690d"
"2026-05-06T14:33:44.000+0000",3397,31627,USD,"1778078024.896","/v1/ach/verify-account","/v1/ach/debit,/v1/ach/credit,/v1/ach/status,/v1/ach/verify-account,/v1/ach/settlement,/v1/ach/return",ERROR,"INFO,ERROR,EXIT",4eb619b626b2bdbefc419a440cf5032f,"{""accountLast4"":""3397"",""routingNumber"":""122105155""}","{""status"":""returned"",""achStatus"":""returned"",""returnCode"":""R03"",""reason"":""bank_return""}",896,R03,"R01,R02,R03,R04,R07,R08,R10,R29",122105155,"021000021,111000025,091000022,026009593,122105155","payments-service",1778078024,"4eb619b6-26b2-bdbe-fc41-9a440cf5032f"
"2026-05-05T12:12:28.000+0000",2778,44776,USD,"1777983148.705","/v1/ach/return","/v1/ach/debit,/v1/ach/credit,/v1/ach/status,/v1/ach/verify-account,/v1/ach/settlement,/v1/ach/return",ERROR,"INFO,ERROR,EXIT",0f6562c2370a3263e7228673c3fcaac9,"{""transferId"":""ACH-983740"",""action"":""return""}","{""status"":""returned"",""achStatus"":""returned"",""returnCode"":""R29"",""reason"":""bank_return""}",705,R29,"R01,R02,R03,R04,R07,R08,R10,R29",026009593,"021000021,111000025,091000022,026009593,122105155","payments-service",1777983148,"0f6562c2-370a-3263-e722-8673c3fcaac9"
"2026-05-11T06:22:59.000+0000",6478,47080,USD,"1778480579.596","/v1/ach/settlement","/v1/ach/debit,/v1/ach/credit,/v1/ach/status,/v1/ach/verify-account,/v1/ach/settlement,/v1/ach/return",INFO,"INFO,ERROR,EXIT",5c6d22e72c35673849b17f15f64c33b1,"{""transferId"":""ACH-475088"",""action"":""settlement""}","{""status"":""unknown""}",596,R04,"R01,R02,R03,R04,R07,R08,R10,R29",091000022,"021000021,111000025,091000022,026009593,122105155","payments-service",1778480579,"5c6d22e7-2c35-6738-49b1-7f15f64c33b1"
"2026-05-06T21:15:46.000+0000",8442,15890,USD,"1778102146.236","/v1/ach/credit","/v1/ach/debit,/v1/ach/credit,/v1/ach/status,/v1/ach/verify-account,/v1/ach/settlement,/v1/ach/return",ERROR,"INFO,ERROR,EXIT",d958e672b3a2fd63518904ef4cae89b7,"{""type"":""credit"",""amount"":15890,""currency"":""USD"",""destinationAccountLast4"":""8442"",""routingNumber"":""091000022""}","{""status"":""returned"",""achStatus"":""returned"",""returnCode"":""R07"",""reason"":""bank_return""}",236,R07,"R01,R02,R03,R04,R07,R08,R10,R29",091000022,"021000021,111000025,091000022,026009593,122105155","payments-service",1778102146,"d958e672-b3a2-fd63-5189-04ef4cae89b7"
"2026-05-08T03:44:38.000+0000",8280,29227,USD,"1778211878.299","/v1/ach/debit","/v1/ach/debit,/v1/ach/credit,/v1/ach/status,/v1/ach/verify-account,/v1/ach/settlement,/v1/ach/return",ERROR,"INFO,ERROR,EXIT",0a25dfd106b31ca31a0f768c9804100b,"{""type"":""debit"",""amount"":29227,""currency"":""USD"",""accountLast4"":""8280"",""routingNumber"":""026009593""}","{""status"":""returned"",""achStatus"":""returned"",""returnCode"":""R07"",""reason"":""bank_return""}",299,R07,"R01,R02,R03,R04,R07,R08,R10,R29",026009593,"021000021,111000025,091000022,026009593,122105155","payments-service",1778211878,"0a25dfd1-06b3-1ca3-1a0f-768c9804100b"
"2026-05-09T05:58:39.000+0000",3356,46316,USD,"1778306319.978","/v1/ach/verify-account","/v1/ach/debit,/v1/ach/credit,/v1/ach/status,/v1/ach/verify-account,/v1/ach/settlement,/v1/ach/return",ERROR,"INFO,ERROR,EXIT",b41b3b05479eebe47a5b9c7bd3ea6ff6,"{""accountLast4"":""3356"",""routingNumber"":""026009593""}","{""status"":""returned"",""achStatus"":""returned"",""returnCode"":""R08"",""reason"":""bank_return""}",978,R08,"R01,R02,R03,R04,R07,R08,R10,R29",026009593,"021000021,111000025,091000022,026009593,122105155","payments-service",1778306319,"b41b3b05-479e-ebe4-7a5b-9c7bd3ea6ff6"
"2026-05-07T17:37:41.000+0000",3769,39856,USD,"1778175461.108","/v1/ach/verify-account","/v1/ach/debit,/v1/ach/credit,/v1/ach/status,/v1/ach/verify-account,/v1/ach/settlement,/v1/ach/return",INFO,"INFO,ERROR,EXIT",1c1cc5333dc7579282ba22bca6bc3c7b,"{""accountLast4"":""3769"",""routingNumber"":""091000022""}","{""status"":""unknown""}",108,R08,"R01,R02,R03,R04,R07,R08,R10,R29",091000022,"021000021,111000025,091000022,026009593,122105155","payments-service",1778175461,"1c1cc533-3dc7-5792-82ba-22bca6bc3c7b"
"2026-05-05T14:38:12.000+0000",4578,29414,USD,"1777991893.029","/v1/ach/status","/v1/ach/debit,/v1/ach/credit,/v1/ach/status,/v1/ach/verify-account,/v1/ach/settlement,/v1/ach/return",INFO,"INFO,ERROR,EXIT",87d46ed6782a2c81146222ce7eb6de20,"{""transferId"":""ACH-655732"",""action"":""status""}","{""status"":""settled"",""achStatus"":""completed"",""settledAt"":""2026-05-05T14:38:12Z""}",1029,R04,"R01,R02,R03,R04,R07,R08,R10,R29",021000021,"021000021,111000025,091000022,026009593,122105155","payments-service",1777991892,"87d46ed6-782a-2c81-1462-22ce7eb6de20"
"2026-05-06T23:17:39.000+0000",8339,43432,USD,"1778109459.951","/v1/ach/credit","/v1/ach/debit,/v1/ach/credit,/v1/ach/status,/v1/ach/verify-account,/v1/ach/settlement,/v1/ach/return",ERROR,"INFO,ERROR,EXIT",a0e6ce6b6e412a9d40d266ea857a8493,"{""type"":""credit"",""amount"":43432,""currency"":""USD"",""destinationAccountLast4"":""8339"",""routingNumber"":""091000022""}","{""status"":""returned"",""achStatus"":""returned"",""returnCode"":""R10"",""reason"":""bank_return""}",951,R10,"R01,R02,R03,R04,R07,R08,R10,R29",091000022,"021000021,111000025,091000022,026009593,122105155","payments-service",1778109459,"a0e6ce6b-6e41-2a9d-40d2-66ea857a8493"
"2026-05-05T16:33:27.000+0000",4604,28243,USD,"1777998807.846","/v1/ach/settlement","/v1/ach/debit,/v1/ach/credit,/v1/ach/status,/v1/ach/verify-account,/v1/ach/settlement,/v1/ach/return",EXIT,"INFO,ERROR,EXIT",e5796a3fa3c4f7a4d2c2f0e3a98ca97d,"{""transferId"":""ACH-743966"",""action"":""settlement""}","{""status"":""error"",""errorCode"":""ACH-504"",""message"":""gateway_timeout""}",846,R02,"R01,R02,R03,R04,R07,R08,R10,R29",122105155,"021000021,111000025,091000022,026009593,122105155","payments-service",1777998807,"e5796a3f-a3c4-f7a4-d2c2-f0e3a98ca97d"
"2026-05-07T09:02:53.000+0000",6290,824,USD,"1778144573.893","/v1/ach/credit","/v1/ach/debit,/v1/ach/credit,/v1/ach/status,/v1/ach/verify-account,/v1/ach/settlement,/v1/ach/return",EXIT,"INFO,ERROR,EXIT",b99255657fb640c30731bceb558c2568,"{""type"":""credit"",""amount"":824,""currency"":""USD"",""destinationAccountLast4"":""6290"",""routingNumber"":""021000021""}","{""status"":""error"",""errorCode"":""ACH-504"",""message"":""gateway_timeout""}",893,R10,"R01,R02,R03,R04,R07,R08,R10,R29",021000021,"021000021,111000025,091000022,026009593,122105155","payments-service",1778144573,"b9925565-7fb6-40c3-0731-bceb558c2568"
"2026-05-12T06:31:08.000+0000",3403,36908,USD,"1778567468.884","/v1/ach/verify-account","/v1/ach/debit,/v1/ach/credit,/v1/ach/status,/v1/ach/verify-account,/v1/ach/settlement,/v1/ach/return",EXIT,"INFO,ERROR,EXIT",6df3b9f5dec6d8917ee6e22e1cf34fad,"{""accountLast4"":""3403"",""routingNumber"":""021000021""}","{""status"":""error"",""errorCode"":""ACH-504"",""message"":""gateway_timeout""}",884,R01,"R01,R02,R03,R04,R07,R08,R10,R29",021000021,"021000021,111000025,091000022,026009593,122105155","payments-service",1778567468,"6df3b9f5-dec6-d891-7ee6-e22e1cf34fad"
"2026-05-10T12:50:29.000+0000",1350,3289,USD,"1778417429.881","/v1/ach/settlement","/v1/ach/debit,/v1/ach/credit,/v1/ach/status,/v1/ach/verify-account,/v1/ach/settlement,/v1/ach/return",EXIT,"INFO,ERROR,EXIT",142c01b6507e8f718bb50e5c65686234,"{""transferId"":""ACH-270420"",""action"":""settlement""}","{""status"":""error"",""errorCode"":""ACH-504"",""message"":""gateway_timeout""}",881,R10,"R01,R02,R03,R04,R07,R08,R10,R29",111000025,"021000021,111000025,091000022,026009593,122105155","payments-service",1778417429,"142c01b6-507e-8f71-8bb5-0e5c65686234"
"2026-05-08T01:15:00.000+0000",2148,6953,USD,"1778202900.393","/v1/ach/credit","/v1/ach/debit,/v1/ach/credit,/v1/ach/status,/v1/ach/verify-account,/v1/ach/settlement,/v1/ach/return",INFO,"INFO,ERROR,EXIT",3fb8446c3dcf1348f4175e4618ee05a0,"{""type"":""credit"",""amount"":6953,""currency"":""USD"",""destinationAccountLast4"":""2148"",""routingNumber"":""111000025""}","{""status"":""pending"",""achStatus"":""submitted"",""estimatedSettlementDate"":""2026-05-09""}",393,R03,"R01,R02,R03,R04,R07,R08,R10,R29",111000025,"021000021,111000025,091000022,026009593,122105155","payments-service",1778202900,"3fb8446c-3dcf-1348-f417-5e4618ee05a0"
"2026-05-08T02:45:13.000+0000",6310,4556,USD,"1778208313.918","/v1/ach/credit","/v1/ach/debit,/v1/ach/credit,/v1/ach/status,/v1/ach/verify-account,/v1/ach/settlement,/v1/ach/return",ERROR,"INFO,ERROR,EXIT",6bf13c597ebfb98943b96c5c2bd6bee7,"{""type"":""credit"",""amount"":4556,""currency"":""USD"",""destinationAccountLast4"":""6310"",""routingNumber"":""021000021""}","{""status"":""returned"",""achStatus"":""returned"",""returnCode"":""R03"",""reason"":""bank_return""}",918,R03,"R01,R02,R03,R04,R07,R08,R10,R29",021000021,"021000021,111000025,091000022,026009593,122105155","payments-service",1778208313,"6bf13c59-7ebf-b989-43b9-6c5c2bd6bee7"
"2026-05-11T07:16:17.000+0000",4684,37326,USD,"1778483777.619","/v1/ach/debit","/v1/ach/debit,/v1/ach/credit,/v1/ach/status,/v1/ach/verify-account,/v1/ach/settlement,/v1/ach/return",EXIT,"INFO,ERROR,EXIT",bf8bba855a6190c580a3ea5a6c701079,"{""type"":""debit"",""amount"":37326,""currency"":""USD"",""accountLast4"":""4684"",""routingNumber"":""111000025""}","{""status"":""error"",""errorCode"":""ACH-504"",""message"":""gateway_timeout""}",619,R08,"R01,R02,R03,R04,R07,R08,R10,R29",111000025,"021000021,111000025,091000022,026009593,122105155","payments-service",1778483777,"bf8bba85-5a61-90c5-80a3-ea5a6c701079"
"2026-05-08T02:14:55.000+0000",9294,25156,USD,"1778206495.325","/v1/ach/credit","/v1/ach/debit,/v1/ach/credit,/v1/ach/status,/v1/ach/verify-account,/v1/ach/settlement,/v1/ach/return",ERROR,"INFO,ERROR,EXIT",0e63fa5dc97d94222354d9df58836e88,"{""type"":""credit"",""amount"":25156,""currency"":""USD"",""destinationAccountLast4"":""9294"",""routingNumber"":""021000021""}","{""status"":""returned"",""achStatus"":""returned"",""returnCode"":""R29"",""reason"":""bank_return""}",325,R29,"R01,R02,R03,R04,R07,R08,R10,R29",021000021,"021000021,111000025,091000022,026009593,122105155","payments-service",1778206495,"0e63fa5d-c97d-9422-2354-d9df58836e88"
"2026-05-07T06:33:47.000+0000",1411,35718,USD,"1778135627.771","/v1/ach/debit","/v1/ach/debit,/v1/ach/credit,/v1/ach/status,/v1/ach/verify-account,/v1/ach/settlement,/v1/ach/return",INFO,"INFO,ERROR,EXIT",d73a77a8a9360de24f68242940e45425,"{""type"":""debit"",""amount"":35718,""currency"":""USD"",""accountLast4"":""1411"",""routingNumber"":""111000025""}","{""status"":""pending"",""achStatus"":""submitted"",""estimatedSettlementDate"":""2026-05-08""}",771,R03,"R01,R02,R03,R04,R07,R08,R10,R29",111000025,"021000021,111000025,091000022,026009593,122105155","payments-service",1778135627,"d73a77a8-a936-0de2-4f68-242940e45425"
"2026-05-07T07:13:58.000+0000",5528,22676,USD,"1778138038.912","/v1/ach/credit","/v1/ach/debit,/v1/ach/credit,/v1/ach/status,/v1/ach/verify-account,/v1/ach/settlement,/v1/ach/return",INFO,"INFO,ERROR,EXIT",a3b75355badabbaf12ff4b03c6661948,"{""type"":""credit"",""amount"":22676,""currency"":""USD"",""destinationAccountLast4"":""5528"",""routingNumber"":""091000022""}","{""status"":""pending"",""achStatus"":""submitted"",""estimatedSettlementDate"":""2026-05-08""}",912,R07,"R01,R02,R03,R04,R07,R08,R10,R29",091000022,"021000021,111000025,091000022,026009593,122105155","payments-service",1778138038,"a3b75355-bada-bbaf-12ff-4b03c6661948"
"2026-05-09T02:00:28.000+0000",8299,31928,USD,"1778292028.802","/v1/ach/credit","/v1/ach/debit,/v1/ach/credit,/v1/ach/status,/v1/ach/verify-account,/v1/ach/settlement,/v1/ach/return",INFO,"INFO,ERROR,EXIT",7e13b6aa69a5871d2d4143a8d5ba6ecb,"{""type"":""credit"",""amount"":31928,""currency"":""USD"",""destinationAccountLast4"":""8299"",""routingNumber"":""122105155""}","{""status"":""pending"",""achStatus"":""submitted"",""estimatedSettlementDate"":""2026-05-10""}",802,R10,"R01,R02,R03,R04,R07,R08,R10,R29",122105155,"021000021,111000025,091000022,026009593,122105155","payments-service",1778292028,"7e13b6aa-69a5-871d-2d41-43a8d5ba6ecb"
"2026-05-11T08:28:28.000+0000",5742,12811,USD,"1778488108.936","/v1/ach/status","/v1/ach/debit,/v1/ach/credit,/v1/ach/status,/v1/ach/verify-account,/v1/ach/settlement,/v1/ach/return",EXIT,"INFO,ERROR,EXIT",bbbaa329f3c2be6e657f4e878b53bdcd,"{""transferId"":""ACH-533449"",""action"":""status""}","{""status"":""error"",""errorCode"":""ACH-504"",""message"":""gateway_timeout""}",936,R08,"R01,R02,R03,R04,R07,R08,R10,R29",091000022,"021000021,111000025,091000022,026009593,122105155","payments-service",1778488108,"bbbaa329-f3c2-be6e-657f-4e878b53bdcd"
"2026-05-10T22:42:23.000+0000",7756,11087,USD,"1778452943.262","/v1/ach/credit","/v1/ach/debit,/v1/ach/credit,/v1/ach/status,/v1/ach/verify-account,/v1/ach/settlement,/v1/ach/return",INFO,"INFO,ERROR,EXIT",d86bcbd1bab27fb98146a42d2e4d1e90,"{""type"":""credit"",""amount"":11087,""currency"":""USD"",""destinationAccountLast4"":""7756"",""routingNumber"":""091000022""}","{""status"":""pending"",""achStatus"":""submitted"",""estimatedSettlementDate"":""2026-05-11""}",262,R02,"R01,R02,R03,R04,R07,R08,R10,R29",091000022,"021000021,111000025,091000022,026009593,122105155","payments-service",1778452943,"d86bcbd1-bab2-7fb9-8146-a42d2e4d1e90"
"2026-05-10T05:20:16.000+0000",6242,10883,USD,"1778390416.222","/v1/ach/verify-account","/v1/ach/debit,/v1/ach/credit,/v1/ach/status,/v1/ach/verify-account,/v1/ach/settlement,/v1/ach/return",INFO,"INFO,ERROR,EXIT",18916bf0dbb3ba11bc5fbc9a22fecb8e,"{""accountLast4"":""6242"",""routingNumber"":""122105155""}","{""status"":""unknown""}",222,R02,"R01,R02,R03,R04,R07,R08,R10,R29",122105155,"021000021,111000025,091000022,026009593,122105155","payments-service",1778390416,"18916bf0-dbb3-ba11-bc5f-bc9a22fecb8e"
"2026-05-06T04:48:21.000+0000",8310,1868,USD,"1778042901.562","/v1/ach/status","/v1/ach/debit,/v1/ach/credit,/v1/ach/status,/v1/ach/verify-account,/v1/ach/settlement,/v1/ach/return",INFO,"INFO,ERROR,EXIT",f034da914bf05455369ce9522051a1c4,"{""transferId"":""ACH-692177"",""action"":""status""}","{""status"":""settled"",""achStatus"":""completed"",""settledAt"":""2026-05-06T04:48:21Z""}",562,R01,"R01,R02,R03,R04,R07,R08,R10,R29",021000021,"021000021,111000025,091000022,026009593,122105155","payments-service",1778042901,"f034da91-4bf0-5455-369c-e9522051a1c4"
"2026-05-07T05:08:11.000+0000",4339,31765,USD,"1778130491.443","/v1/ach/status","/v1/ach/debit,/v1/ach/credit,/v1/ach/status,/v1/ach/verify-account,/v1/ach/settlement,/v1/ach/return",INFO,"INFO,ERROR,EXIT",dc525d6f4f47e458969321cca6c6148d,"{""transferId"":""ACH-506019"",""action"":""status""}","{""status"":""settled"",""achStatus"":""completed"",""settledAt"":""2026-05-07T05:08:11Z""}",443,R03,"R01,R02,R03,R04,R07,R08,R10,R29",111000025,"021000021,111000025,091000022,026009593,122105155","payments-service",1778130491,"dc525d6f-4f47-e458-9693-21cca6c6148d"
"2026-05-09T00:06:23.000+0000",9836,14482,USD,"1778285183.164","/v1/ach/credit","/v1/ach/debit,/v1/ach/credit,/v1/ach/status,/v1/ach/verify-account,/v1/ach/settlement,/v1/ach/return",INFO,"INFO,ERROR,EXIT",caa81e31c6f027a7b3bb24e6782b0977,"{""type"":""credit"",""amount"":14482,""currency"":""USD"",""destinationAccountLast4"":""9836"",""routingNumber"":""111000025""}","{""status"":""pending"",""achStatus"":""submitted"",""estimatedSettlementDate"":""2026-05-10""}",164,R08,"R01,R02,R03,R04,R07,R08,R10,R29",111000025,"021000021,111000025,091000022,026009593,122105155","payments-service",1778285183,"caa81e31-c6f0-27a7-b3bb-24e6782b0977"
"2026-05-07T08:09:23.000+0000",9729,15372,USD,"1778141364.048","/v1/ach/settlement","/v1/ach/debit,/v1/ach/credit,/v1/ach/status,/v1/ach/verify-account,/v1/ach/settlement,/v1/ach/return",EXIT,"INFO,ERROR,EXIT",8615b0f60b0eaffc4095c0dc456ac069,"{""transferId"":""ACH-400022"",""action"":""settlement""}","{""status"":""error"",""errorCode"":""ACH-504"",""message"":""gateway_timeout""}",1048,R10,"R01,R02,R03,R04,R07,R08,R10,R29",021000021,"021000021,111000025,091000022,026009593,122105155","payments-service",1778141363,"8615b0f6-0b0e-affc-4095-c0dc456ac069"
"2026-05-12T03:28:29.000+0000",5713,44385,USD,"1778556509.416","/v1/ach/return","/v1/ach/debit,/v1/ach/credit,/v1/ach/status,/v1/ach/verify-account,/v1/ach/settlement,/v1/ach/return",EXIT,"INFO,ERROR,EXIT",a37263c9ee59d76dee11ff2d5ce80fd3,"{""transferId"":""ACH-246648"",""action"":""return""}","{""status"":""error"",""errorCode"":""ACH-504"",""message"":""gateway_timeout""}",416,R07,"R01,R02,R03,R04,R07,R08,R10,R29",122105155,"021000021,111000025,091000022,026009593,122105155","payments-service",1778556509,"a37263c9-ee59-d76d-ee11-ff2d5ce80fd3"
"2026-05-07T03:11:15.000+0000",2747,32628,USD,"1778123475.656","/v1/ach/credit","/v1/ach/debit,/v1/ach/credit,/v1/ach/status,/v1/ach/verify-account,/v1/ach/settlement,/v1/ach/return",ERROR,"INFO,ERROR,EXIT",e36daaf77439ff33cd12c665c34eface,"{""type"":""credit"",""amount"":32628,""currency"":""USD"",""destinationAccountLast4"":""2747"",""routingNumber"":""122105155""}","{""status"":""returned"",""achStatus"":""returned"",""returnCode"":""R10"",""reason"":""bank_return""}",656,R10,"R01,R02,R03,R04,R07,R08,R10,R29",122105155,"021000021,111000025,091000022,026009593,122105155","payments-service",1778123475,"e36daaf7-7439-ff33-cd12-c665c34eface"
"2026-05-08T00:59:57.000+0000",8834,34892,USD,"1778201997.686","/v1/ach/status","/v1/ach/debit,/v1/ach/credit,/v1/ach/status,/v1/ach/verify-account,/v1/ach/settlement,/v1/ach/return",INFO,"INFO,ERROR,EXIT",0805d1a31eb3a42cb44b7a70514d8b9a,"{""transferId"":""ACH-229598"",""action"":""status""}","{""status"":""settled"",""achStatus"":""completed"",""settledAt"":""2026-05-08T00:59:57Z""}",686,R03,"R01,R02,R03,R04,R07,R08,R10,R29",021000021,"021000021,111000025,091000022,026009593,122105155","payments-service",1778201997,"0805d1a3-1eb3-a42c-b44b-7a70514d8b9a"
"2026-05-05T22:18:20.000+0000",1759,27672,USD,"1778019500.8","/v1/ach/verify-account","/v1/ach/debit,/v1/ach/credit,/v1/ach/status,/v1/ach/verify-account,/v1/ach/settlement,/v1/ach/return",EXIT,"INFO,ERROR,EXIT",87b166074d84664480db3dd509d7f66b,"{""accountLast4"":""1759"",""routingNumber"":""091000022""}","{""status"":""error"",""errorCode"":""ACH-504"",""message"":""gateway_timeout""}",800,R04,"R01,R02,R03,R04,R07,R08,R10,R29",091000022,"021000021,111000025,091000022,026009593,122105155","payments-service",1778019500,"87b16607-4d84-6644-80db-3dd509d7f66b"
"2026-05-09T06:01:20.000+0000",4161,34729,USD,"1778306480.613","/v1/ach/return","/v1/ach/debit,/v1/ach/credit,/v1/ach/status,/v1/ach/verify-account,/v1/ach/settlement,/v1/ach/return",EXIT,"INFO,ERROR,EXIT",6bfbf8f2ef5fcb0afbb8ca852e6eccb5,"{""transferId"":""ACH-821852"",""action"":""return""}","{""status"":""error"",""errorCode"":""ACH-504"",""message"":""gateway_timeout""}",613,R01,"R01,R02,R03,R04,R07,R08,R10,R29",111000025,"021000021,111000025,091000022,026009593,122105155","payments-service",1778306480,"6bfbf8f2-ef5f-cb0a-fbb8-ca852e6eccb5"
"2026-05-10T22:16:05.000+0000",6171,47163,USD,"1778451365.579","/v1/ach/verify-account","/v1/ach/debit,/v1/ach/credit,/v1/ach/status,/v1/ach/verify-account,/v1/ach/settlement,/v1/ach/return",ERROR,"INFO,ERROR,EXIT",1751c5d1f8c63c9147eb9e7d27874403,"{""accountLast4"":""6171"",""routingNumber"":""111000025""}","{""status"":""returned"",""achStatus"":""returned"",""returnCode"":""R10"",""reason"":""bank_return""}",579,R10,"R01,R02,R03,R04,R07,R08,R10,R29",111000025,"021000021,111000025,091000022,026009593,122105155","payments-service",1778451365,"1751c5d1-f8c6-3c91-47eb-9e7d27874403"
"2026-05-12T01:30:05.000+0000",9030,15058,USD,"1778549405.437","/v1/ach/status","/v1/ach/debit,/v1/ach/credit,/v1/ach/status,/v1/ach/verify-account,/v1/ach/settlement,/v1/ach/return",INFO,"INFO,ERROR,EXIT",c487a1985de299740b43f0f89a5fb496,"{""transferId"":""ACH-303865"",""action"":""status""}","{""status"":""settled"",""achStatus"":""completed"",""settledAt"":""2026-05-12T01:30:05Z""}",437,R01,"R01,R02,R03,R04,R07,R08,R10,R29",021000021,"021000021,111000025,091000022,026009593,122105155","payments-service",1778549405,"c487a198-5de2-9974-0b43-f0f89a5fb496"
"2026-05-06T11:33:08.000+0000",1086,31460,USD,"1778067188.987","/v1/ach/debit","/v1/ach/debit,/v1/ach/credit,/v1/ach/status,/v1/ach/verify-account,/v1/ach/settlement,/v1/ach/return",INFO,"INFO,ERROR,EXIT",56950ed23fbfab0705ec90109f842230,"{""type"":""debit"",""amount"":31460,""currency"":""USD"",""accountLast4"":""1086"",""routingNumber"":""021000021""}","{""status"":""pending"",""achStatus"":""submitted"",""estimatedSettlementDate"":""2026-05-07""}",987,R29,"R01,R02,R03,R04,R07,R08,R10,R29",021000021,"021000021,111000025,091000022,026009593,122105155","payments-service",1778067188,"56950ed2-3fbf-ab07-05ec-90109f842230"
"2026-05-11T08:24:06.000+0000",4532,20056,USD,"1778487846.744","/v1/ach/debit","/v1/ach/debit,/v1/ach/credit,/v1/ach/status,/v1/ach/verify-account,/v1/ach/settlement,/v1/ach/return",ERROR,"INFO,ERROR,EXIT",ecd472898537569295ddc6a62fffc31f,"{""type"":""debit"",""amount"":20056,""currency"":""USD"",""accountLast4"":""4532"",""routingNumber"":""026009593""}","{""status"":""returned"",""achStatus"":""returned"",""returnCode"":""R10"",""reason"":""bank_return""}",744,R10,"R01,R02,R03,R04,R07,R08,R10,R29",026009593,"021000021,111000025,091000022,026009593,122105155","payments-service",1778487846,"ecd47289-8537-5692-95dd-c6a62fffc31f"
"2026-05-05T11:20:49.000+0000",9590,32541,USD,"1777980049.677","/v1/ach/debit","/v1/ach/debit,/v1/ach/credit,/v1/ach/status,/v1/ach/verify-account,/v1/ach/settlement,/v1/ach/return",INFO,"INFO,ERROR,EXIT",839f62ab6eb1a0d933037a73ad46996f,"{""type"":""debit"",""amount"":32541,""currency"":""USD"",""accountLast4"":""9590"",""routingNumber"":""111000025""}","{""status"":""pending"",""achStatus"":""submitted"",""estimatedSettlementDate"":""2026-05-06""}",677,R01,"R01,R02,R03,R04,R07,R08,R10,R29",111000025,"021000021,111000025,091000022,026009593,122105155","payments-service",1777980049,"839f62ab-6eb1-a0d9-3303-7a73ad46996f"
"2026-05-06T04:49:17.000+0000",2191,12459,USD,"1778042958.047","/v1/ach/settlement","/v1/ach/debit,/v1/ach/credit,/v1/ach/status,/v1/ach/verify-account,/v1/ach/settlement,/v1/ach/return",INFO,"INFO,ERROR,EXIT",ad31e8840b35a2bf386d4e9e10378482,"{""transferId"":""ACH-383861"",""action"":""settlement""}","{""status"":""unknown""}",1047,R07,"R01,R02,R03,R04,R07,R08,R10,R29",026009593,"021000021,111000025,091000022,026009593,122105155","payments-service",1778042957,"ad31e884-0b35-a2bf-386d-4e9e10378482"
"2026-05-08T21:28:03.000+0000",3011,46812,USD,"1778275684.034","/v1/ach/settlement","/v1/ach/debit,/v1/ach/credit,/v1/ach/status,/v1/ach/verify-account,/v1/ach/settlement,/v1/ach/return",ERROR,"INFO,ERROR,EXIT",00c39cc153e149d4d05657925b3008cc,"{""transferId"":""ACH-379607"",""action"":""settlement""}","{""status"":""returned"",""achStatus"":""returned"",""returnCode"":""R29"",""reason"":""bank_return""}",1034,R29,"R01,R02,R03,R04,R07,R08,R10,R29",026009593,"021000021,111000025,091000022,026009593,122105155","payments-service",1778275683,"00c39cc1-53e1-49d4-d056-57925b3008cc"
"2026-05-11T22:38:21.000+0000",5142,8143,USD,"1778539101.151","/v1/ach/debit","/v1/ach/debit,/v1/ach/credit,/v1/ach/status,/v1/ach/verify-account,/v1/ach/settlement,/v1/ach/return",INFO,"INFO,ERROR,EXIT",1a3845935337824719bb564c5cf17540,"{""type"":""debit"",""amount"":8143,""currency"":""USD"",""accountLast4"":""5142"",""routingNumber"":""122105155""}","{""status"":""pending"",""achStatus"":""submitted"",""estimatedSettlementDate"":""2026-05-12""}",151,R04,"R01,R02,R03,R04,R07,R08,R10,R29",122105155,"021000021,111000025,091000022,026009593,122105155","payments-service",1778539101,"1a384593-5337-8247-19bb-564c5cf17540"
"2026-05-10T15:38:41.000+0000",7076,22754,USD,"1778427521.975","/v1/ach/status","/v1/ach/debit,/v1/ach/credit,/v1/ach/status,/v1/ach/verify-account,/v1/ach/settlement,/v1/ach/return",ERROR,"INFO,ERROR,EXIT",52baaa91cb5e668563ed059754a353dd,"{""transferId"":""ACH-450410"",""action"":""status""}","{""status"":""returned"",""achStatus"":""returned"",""returnCode"":""R02"",""reason"":""bank_return""}",975,R02,"R01,R02,R03,R04,R07,R08,R10,R29",122105155,"021000021,111000025,091000022,026009593,122105155","payments-service",1778427521,"52baaa91-cb5e-6685-63ed-059754a353dd"
"2026-05-11T18:16:43.000+0000",3224,3978,USD,"1778523403.585","/v1/ach/return","/v1/ach/debit,/v1/ach/credit,/v1/ach/status,/v1/ach/verify-account,/v1/ach/settlement,/v1/ach/return",EXIT,"INFO,ERROR,EXIT",defcaa692bff0b49d10506e139f3cc14,"{""transferId"":""ACH-472058"",""action"":""return""}","{""status"":""error"",""errorCode"":""ACH-504"",""message"":""gateway_timeout""}",585,R08,"R01,R02,R03,R04,R07,R08,R10,R29",021000021,"021000021,111000025,091000022,026009593,122105155","payments-service",1778523403,"defcaa69-2bff-0b49-d105-06e139f3cc14"
"2026-05-10T12:46:52.000+0000",2986,30177,USD,"1778417213.052","/v1/ach/settlement","/v1/ach/debit,/v1/ach/credit,/v1/ach/status,/v1/ach/verify-account,/v1/ach/settlement,/v1/ach/return",INFO,"INFO,ERROR,EXIT",618444df56862ebc235cca29f1645307,"{""transferId"":""ACH-695025"",""action"":""settlement""}","{""status"":""unknown""}",1052,R29,"R01,R02,R03,R04,R07,R08,R10,R29",026009593,"021000021,111000025,091000022,026009593,122105155","payments-service",1778417212,"618444df-5686-2ebc-235c-ca29f1645307"
"2026-05-06T06:33:36.000+0000",3141,15832,USD,"1778049216.462","/v1/ach/status","/v1/ach/debit,/v1/ach/credit,/v1/ach/status,/v1/ach/verify-account,/v1/ach/settlement,/v1/ach/return",INFO,"INFO,ERROR,EXIT",ceca4ac336886b23867ab299ceec236c,"{""transferId"":""ACH-205333"",""action"":""status""}","{""status"":""settled"",""achStatus"":""completed"",""settledAt"":""2026-05-06T06:33:36Z""}",462,R07,"R01,R02,R03,R04,R07,R08,R10,R29",091000022,"021000021,111000025,091000022,026009593,122105155","payments-service",1778049216,"ceca4ac3-3688-6b23-867a-b299ceec236c"
"2026-05-05T21:43:47.000+0000",5904,42387,USD,"1778017427.721","/v1/ach/settlement","/v1/ach/debit,/v1/ach/credit,/v1/ach/status,/v1/ach/verify-account,/v1/ach/settlement,/v1/ach/return",EXIT,"INFO,ERROR,EXIT",9ef7eccef089a73bf3ac36e4225a7dae,"{""transferId"":""ACH-778584"",""action"":""settlement""}","{""status"":""error"",""errorCode"":""ACH-504"",""message"":""gateway_timeout""}",721,R03,"R01,R02,R03,R04,R07,R08,R10,R29",026009593,"021000021,111000025,091000022,026009593,122105155","payments-service",1778017427,"9ef7ecce-f089-a73b-f3ac-36e4225a7dae"
"2026-05-11T14:55:37.000+0000",7676,35610,USD,"1778511337.534","/v1/ach/return","/v1/ach/debit,/v1/ach/credit,/v1/ach/status,/v1/ach/verify-account,/v1/ach/settlement,/v1/ach/return",INFO,"INFO,ERROR,EXIT",54e6d2a8c620c2addaef9e2108468e9b,"{""transferId"":""ACH-962291"",""action"":""return""}","{""status"":""unknown""}",534,R29,"R01,R02,R03,R04,R07,R08,R10,R29",021000021,"021000021,111000025,091000022,026009593,122105155","payments-service",1778511337,"54e6d2a8-c620-c2ad-daef-9e2108468e9b"
"2026-05-12T00:19:23.000+0000",1901,40991,USD,"1778545163.841","/v1/ach/settlement","/v1/ach/debit,/v1/ach/credit,/v1/ach/status,/v1/ach/verify-account,/v1/ach/settlement,/v1/ach/return",EXIT,"INFO,ERROR,EXIT",5b3f871188504e820856973f6a7cd43e,"{""transferId"":""ACH-599344"",""action"":""settlement""}","{""status"":""error"",""errorCode"":""ACH-504"",""message"":""gateway_timeout""}",841,R04,"R01,R02,R03,R04,R07,R08,R10,R29",021000021,"021000021,111000025,091000022,026009593,122105155","payments-service",1778545163,"5b3f8711-8850-4e82-0856-973f6a7cd43e"
"2026-05-09T13:55:55.000+0000",7332,18571,USD,"1778334955.853","/v1/ach/verify-account","/v1/ach/debit,/v1/ach/credit,/v1/ach/status,/v1/ach/verify-account,/v1/ach/settlement,/v1/ach/return",EXIT,"INFO,ERROR,EXIT",4f50f761dd69978c4ec5d7972e06c306,"{""accountLast4"":""7332"",""routingNumber"":""111000025""}","{""status"":""error"",""errorCode"":""ACH-504"",""message"":""gateway_timeout""}",853,R07,"R01,R02,R03,R04,R07,R08,R10,R29",111000025,"021000021,111000025,091000022,026009593,122105155","payments-service",1778334955,"4f50f761-dd69-978c-4ec5-d7972e06c306"
"2026-05-07T06:43:22.000+0000",4507,12509,USD,"1778136202.551","/v1/ach/credit","/v1/ach/debit,/v1/ach/credit,/v1/ach/status,/v1/ach/verify-account,/v1/ach/settlement,/v1/ach/return",EXIT,"INFO,ERROR,EXIT",75bfd1cbb040aee31a8fc9a90ad33df5,"{""type"":""credit"",""amount"":12509,""currency"":""USD"",""destinationAccountLast4"":""4507"",""routingNumber"":""026009593""}","{""status"":""error"",""errorCode"":""ACH-504"",""message"":""gateway_timeout""}",551,R07,"R01,R02,R03,R04,R07,R08,R10,R29",026009593,"021000021,111000025,091000022,026009593,122105155","payments-service",1778136202,"75bfd1cb-b040-aee3-1a8f-c9a90ad33df5"
"2026-05-10T21:14:18.000+0000",7386,29458,USD,"1778447659.071","/v1/ach/settlement","/v1/ach/debit,/v1/ach/credit,/v1/ach/status,/v1/ach/verify-account,/v1/ach/settlement,/v1/ach/return",EXIT,"INFO,ERROR,EXIT",afc10025cda4f3921525e783ee158502,"{""transferId"":""ACH-979901"",""action"":""settlement""}","{""status"":""error"",""errorCode"":""ACH-504"",""message"":""gateway_timeout""}",1071,R02,"R01,R02,R03,R04,R07,R08,R10,R29",111000025,"021000021,111000025,091000022,026009593,122105155","payments-service",1778447658,"afc10025-cda4-f392-1525-e783ee158502"
"2026-05-10T06:21:14.000+0000",9485,40387,USD,"1778394074.292","/v1/ach/status","/v1/ach/debit,/v1/ach/credit,/v1/ach/status,/v1/ach/verify-account,/v1/ach/settlement,/v1/ach/return",EXIT,"INFO,ERROR,EXIT",1957d0409b5f0d529709c22718d9e74e,"{""transferId"":""ACH-104060"",""action"":""status""}","{""status"":""error"",""errorCode"":""ACH-504"",""message"":""gateway_timeout""}",292,R29,"R01,R02,R03,R04,R07,R08,R10,R29",091000022,"021000021,111000025,091000022,026009593,122105155","payments-service",1778394074,"1957d040-9b5f-0d52-9709-c22718d9e74e"
"2026-05-09T16:01:45.000+0000",4958,37310,USD,"1778342506.213","/v1/ach/return","/v1/ach/debit,/v1/ach/credit,/v1/ach/status,/v1/ach/verify-account,/v1/ach/settlement,/v1/ach/return",ERROR,"INFO,ERROR,EXIT",8984110a55fe4fd1160a3bc159051fbe,"{""transferId"":""ACH-628328"",""action"":""return""}","{""status"":""returned"",""achStatus"":""returned"",""returnCode"":""R07"",""reason"":""bank_return""}",1213,R07,"R01,R02,R03,R04,R07,R08,R10,R29",111000025,"021000021,111000025,091000022,026009593,122105155","payments-service",1778342505,"8984110a-55fe-4fd1-160a-3bc159051fbe"
"2026-05-07T21:22:52.000+0000",8266,6852,USD,"1778188972.078","/v1/ach/status","/v1/ach/debit,/v1/ach/credit,/v1/ach/status,/v1/ach/verify-account,/v1/ach/settlement,/v1/ach/return",INFO,"INFO,ERROR,EXIT",663fbef43335247f63b5ee6e0c807b15,"{""transferId"":""ACH-763817"",""action"":""status""}","{""status"":""settled"",""achStatus"":""completed"",""settledAt"":""2026-05-07T21:22:52Z""}",78,R04,"R01,R02,R03,R04,R07,R08,R10,R29",021000021,"021000021,111000025,091000022,026009593,122105155","payments-service",1778188972,"663fbef4-3335-247f-63b5-ee6e0c807b15"
"2026-05-09T20:19:34.000+0000",1492,15125,USD,"1778357975.143","/v1/ach/debit","/v1/ach/debit,/v1/ach/credit,/v1/ach/status,/v1/ach/verify-account,/v1/ach/settlement,/v1/ach/return",EXIT,"INFO,ERROR,EXIT",a56811c33db6fc66c8878ceaebe295b6,"{""type"":""debit"",""amount"":15125,""currency"":""USD"",""accountLast4"":""1492"",""routingNumber"":""111000025""}","{""status"":""error"",""errorCode"":""ACH-504"",""message"":""gateway_timeout""}",1143,R01,"R01,R02,R03,R04,R07,R08,R10,R29",111000025,"021000021,111000025,091000022,026009593,122105155","payments-service",1778357974,"a56811c3-3db6-fc66-c887-8ceaebe295b6"
"2026-05-07T16:35:42.000+0000",2224,27491,USD,"1778171742.972","/v1/ach/debit","/v1/ach/debit,/v1/ach/credit,/v1/ach/status,/v1/ach/verify-account,/v1/ach/settlement,/v1/ach/return",EXIT,"INFO,ERROR,EXIT",07359b66a0f562b67e262715c40c3e2b,"{""type"":""debit"",""amount"":27491,""currency"":""USD"",""accountLast4"":""2224"",""routingNumber"":""122105155""}","{""status"":""error"",""errorCode"":""ACH-504"",""message"":""gateway_timeout""}",972,R01,"R01,R02,R03,R04,R07,R08,R10,R29",122105155,"021000021,111000025,091000022,026009593,122105155","payments-service",1778171742,"07359b66-a0f5-62b6-7e26-2715c40c3e2b"
"2026-05-12T07:38:12.000+0000",9440,29828,USD,"1778571492.341","/v1/ach/debit","/v1/ach/debit,/v1/ach/credit,/v1/ach/status,/v1/ach/verify-account,/v1/ach/settlement,/v1/ach/return",EXIT,"INFO,ERROR,EXIT",d24481dd66b014088e57e95689202eb9,"{""type"":""debit"",""amount"":29828,""currency"":""USD"",""accountLast4"":""9440"",""routingNumber"":""111000025""}","{""status"":""error"",""errorCode"":""ACH-504"",""message"":""gateway_timeout""}",341,R29,"R01,R02,R03,R04,R07,R08,R10,R29",111000025,"021000021,111000025,091000022,026009593,122105155","payments-service",1778571492,"d24481dd-66b0-1408-8e57-e95689202eb9"
"2026-05-07T03:58:50.000+0000",1047,19804,USD,"1778126330.898","/v1/ach/debit","/v1/ach/debit,/v1/ach/credit,/v1/ach/status,/v1/ach/verify-account,/v1/ach/settlement,/v1/ach/return",ERROR,"INFO,ERROR,EXIT",cdb1a468979b58f25cd1a72bd648c110,"{""type"":""debit"",""amount"":19804,""currency"":""USD"",""accountLast4"":""1047"",""routingNumber"":""026009593""}","{""status"":""returned"",""achStatus"":""returned"",""returnCode"":""R10"",""reason"":""bank_return""}",898,R10,"R01,R02,R03,R04,R07,R08,R10,R29",026009593,"021000021,111000025,091000022,026009593,122105155","payments-service",1778126330,"cdb1a468-979b-58f2-5cd1-a72bd648c110"
"2026-05-12T01:53:08.000+0000",5964,44689,USD,"1778550788.985","/v1/ach/verify-account","/v1/ach/debit,/v1/ach/credit,/v1/ach/status,/v1/ach/verify-account,/v1/ach/settlement,/v1/ach/return",EXIT,"INFO,ERROR,EXIT",8bcdb93b330a3d74c45f78941a39f584,"{""accountLast4"":""5964"",""routingNumber"":""111000025""}","{""status"":""error"",""errorCode"":""ACH-504"",""message"":""gateway_timeout""}",985,R07,"R01,R02,R03,R04,R07,R08,R10,R29",111000025,"021000021,111000025,091000022,026009593,122105155","payments-service",1778550788,"8bcdb93b-330a-3d74-c45f-78941a39f584"
"2026-05-09T10:27:08.000+0000",1499,37713,USD,"1778322428.312","/v1/ach/credit","/v1/ach/debit,/v1/ach/credit,/v1/ach/status,/v1/ach/verify-account,/v1/ach/settlement,/v1/ach/return",INFO,"INFO,ERROR,EXIT",34dfdc98e2a3800c764850953e1d00f6,"{""type"":""credit"",""amount"":37713,""currency"":""USD"",""destinationAccountLast4"":""1499"",""routingNumber"":""021000021""}","{""status"":""pending"",""achStatus"":""submitted"",""estimatedSettlementDate"":""2026-05-10""}",312,R07,"R01,R02,R03,R04,R07,R08,R10,R29",021000021,"021000021,111000025,091000022,026009593,122105155","payments-service",1778322428,"34dfdc98-e2a3-800c-7648-50953e1d00f6"
"2026-05-05T13:52:27.000+0000",7499,32744,USD,"1777989147.937","/v1/ach/status","/v1/ach/debit,/v1/ach/credit,/v1/ach/status,/v1/ach/verify-account,/v1/ach/settlement,/v1/ach/return",EXIT,"INFO,ERROR,EXIT",ffb6f37b8c0d9bd61af3678f1e8636ea,"{""transferId"":""ACH-229288"",""action"":""status""}","{""status"":""error"",""errorCode"":""ACH-504"",""message"":""gateway_timeout""}",937,R01,"R01,R02,R03,R04,R07,R08,R10,R29",111000025,"021000021,111000025,091000022,026009593,122105155","payments-service",1777989147,"ffb6f37b-8c0d-9bd6-1af3-678f1e8636ea"
"2026-05-06T08:38:56.000+0000",2552,22232,USD,"1778056736.17","/v1/ach/verify-account","/v1/ach/debit,/v1/ach/credit,/v1/ach/status,/v1/ach/verify-account,/v1/ach/settlement,/v1/ach/return",ERROR,"INFO,ERROR,EXIT",8607450a6bc082e016fe415fba91c7ba,"{""accountLast4"":""2552"",""routingNumber"":""091000022""}","{""status"":""returned"",""achStatus"":""returned"",""returnCode"":""R04"",""reason"":""bank_return""}",170,R04,"R01,R02,R03,R04,R07,R08,R10,R29",091000022,"021000021,111000025,091000022,026009593,122105155","payments-service",1778056736,"8607450a-6bc0-82e0-16fe-415fba91c7ba"
"2026-05-11T12:26:49.000+0000",5224,48958,USD,"1778502409.477","/v1/ach/return","/v1/ach/debit,/v1/ach/credit,/v1/ach/status,/v1/ach/verify-account,/v1/ach/settlement,/v1/ach/return",EXIT,"INFO,ERROR,EXIT",7d2cd5a8c3044b708ab7b1a303f2b4cd,"{""transferId"":""ACH-293263"",""action"":""return""}","{""status"":""error"",""errorCode"":""ACH-504"",""message"":""gateway_timeout""}",477,R10,"R01,R02,R03,R04,R07,R08,R10,R29",021000021,"021000021,111000025,091000022,026009593,122105155","payments-service",1778502409,"7d2cd5a8-c304-4b70-8ab7-b1a303f2b4cd"
"2026-05-06T11:13:44.000+0000",9915,3704,USD,"1778066024.304","/v1/ach/status","/v1/ach/debit,/v1/ach/credit,/v1/ach/status,/v1/ach/verify-account,/v1/ach/settlement,/v1/ach/return",EXIT,"INFO,ERROR,EXIT",2097e092f60b9771864e13e3f51dde87,"{""transferId"":""ACH-637144"",""action"":""status""}","{""status"":""error"",""errorCode"":""ACH-504"",""message"":""gateway_timeout""}",304,R07,"R01,R02,R03,R04,R07,R08,R10,R29",091000022,"021000021,111000025,091000022,026009593,122105155","payments-service",1778066024,"2097e092-f60b-9771-864e-13e3f51dde87"
"2026-05-11T08:45:37.000+0000",8975,42167,USD,"1778489137.515","/v1/ach/credit","/v1/ach/debit,/v1/ach/credit,/v1/ach/status,/v1/ach/verify-account,/v1/ach/settlement,/v1/ach/return",INFO,"INFO,ERROR,EXIT",6bb2090fd5b836bd02719134f66eaa11,"{""type"":""credit"",""amount"":42167,""currency"":""USD"",""destinationAccountLast4"":""8975"",""routingNumber"":""111000025""}","{""status"":""pending"",""achStatus"":""submitted"",""estimatedSettlementDate"":""2026-05-12""}",515,R10,"R01,R02,R03,R04,R07,R08,R10,R29",111000025,"021000021,111000025,091000022,026009593,122105155","payments-service",1778489137,"6bb2090f-d5b8-36bd-0271-9134f66eaa11"
"2026-05-10T15:16:25.000+0000",5127,11515,USD,"1778426185.771","/v1/ach/status","/v1/ach/debit,/v1/ach/credit,/v1/ach/status,/v1/ach/verify-account,/v1/ach/settlement,/v1/ach/return",ERROR,"INFO,ERROR,EXIT",da5d09a22a44cc833d6c3c21b180a195,"{""transferId"":""ACH-405896"",""action"":""status""}","{""status"":""returned"",""achStatus"":""returned"",""returnCode"":""R10"",""reason"":""bank_return""}",771,R10,"R01,R02,R03,R04,R07,R08,R10,R29",091000022,"021000021,111000025,091000022,026009593,122105155","payments-service",1778426185,"da5d09a2-2a44-cc83-3d6c-3c21b180a195"
"2026-05-07T20:18:07.000+0000",7977,4079,USD,"1778185087.516","/v1/ach/verify-account","/v1/ach/debit,/v1/ach/credit,/v1/ach/status,/v1/ach/verify-account,/v1/ach/settlement,/v1/ach/return",EXIT,"INFO,ERROR,EXIT",4d4e9c0bec61ee532852463c16cf7fcf,"{""accountLast4"":""7977"",""routingNumber"":""026009593""}","{""status"":""error"",""errorCode"":""ACH-504"",""message"":""gateway_timeout""}",516,R01,"R01,R02,R03,R04,R07,R08,R10,R29",026009593,"021000021,111000025,091000022,026009593,122105155","payments-service",1778185087,"4d4e9c0b-ec61-ee53-2852-463c16cf7fcf"
"2026-05-10T05:42:56.000+0000",1604,1431,USD,"1778391776.409","/v1/ach/credit","/v1/ach/debit,/v1/ach/credit,/v1/ach/status,/v1/ach/verify-account,/v1/ach/settlement,/v1/ach/return",EXIT,"INFO,ERROR,EXIT",854486ddaa264e2442a48d632858c958,"{""type"":""credit"",""amount"":1431,""currency"":""USD"",""destinationAccountLast4"":""1604"",""routingNumber"":""021000021""}","{""status"":""error"",""errorCode"":""ACH-504"",""message"":""gateway_timeout""}",409,R03,"R01,R02,R03,R04,R07,R08,R10,R29",021000021,"021000021,111000025,091000022,026009593,122105155","payments-service",1778391776,"854486dd-aa26-4e24-42a4-8d632858c958"
"2026-05-09T04:46:59.000+0000",6605,33281,USD,"1778302019.738","/v1/ach/debit","/v1/ach/debit,/v1/ach/credit,/v1/ach/status,/v1/ach/verify-account,/v1/ach/settlement,/v1/ach/return",INFO,"INFO,ERROR,EXIT",3c37dd2d4949b1124fe4277b89c86e43,"{""type"":""debit"",""amount"":33281,""currency"":""USD"",""accountLast4"":""6605"",""routingNumber"":""111000025""}","{""status"":""pending"",""achStatus"":""submitted"",""estimatedSettlementDate"":""2026-05-10""}",738,R04,"R01,R02,R03,R04,R07,R08,R10,R29",111000025,"021000021,111000025,091000022,026009593,122105155","payments-service",1778302019,"3c37dd2d-4949-b112-4fe4-277b89c86e43"
"2026-05-09T00:00:43.000+0000",9478,2310,USD,"1778284843.819","/v1/ach/return","/v1/ach/debit,/v1/ach/credit,/v1/ach/status,/v1/ach/verify-account,/v1/ach/settlement,/v1/ach/return",EXIT,"INFO,ERROR,EXIT",b57a73e3aa1d0ac5a5ae08339639400e,"{""transferId"":""ACH-779949"",""action"":""return""}","{""status"":""error"",""errorCode"":""ACH-504"",""message"":""gateway_timeout""}",819,R03,"R01,R02,R03,R04,R07,R08,R10,R29",021000021,"021000021,111000025,091000022,026009593,122105155","payments-service",1778284843,"b57a73e3-aa1d-0ac5-a5ae-08339639400e"
"2026-05-09T16:53:41.000+0000",5002,20199,USD,"1778345622.124","/v1/ach/credit","/v1/ach/debit,/v1/ach/credit,/v1/ach/status,/v1/ach/verify-account,/v1/ach/settlement,/v1/ach/return",EXIT,"INFO,ERROR,EXIT",f7955b64d0bd179a9f42fc67fef1d4d3,"{""type"":""credit"",""amount"":20199,""currency"":""USD"",""destinationAccountLast4"":""5002"",""routingNumber"":""026009593""}","{""status"":""error"",""errorCode"":""ACH-504"",""message"":""gateway_timeout""}",1124,R04,"R01,R02,R03,R04,R07,R08,R10,R29",026009593,"021000021,111000025,091000022,026009593,122105155","payments-service",1778345621,"f7955b64-d0bd-179a-9f42-fc67fef1d4d3"
"2026-05-05T14:09:33.000+0000",3649,43305,USD,"1777990173.586","/v1/ach/verify-account","/v1/ach/debit,/v1/ach/credit,/v1/ach/status,/v1/ach/verify-account,/v1/ach/settlement,/v1/ach/return",EXIT,"INFO,ERROR,EXIT",e791521c3d4559e3f1055cd16fab0e2c,"{""accountLast4"":""3649"",""routingNumber"":""026009593""}","{""status"":""error"",""errorCode"":""ACH-504"",""message"":""gateway_timeout""}",586,R03,"R01,R02,R03,R04,R07,R08,R10,R29",026009593,"021000021,111000025,091000022,026009593,122105155","payments-service",1777990173,"e791521c-3d45-59e3-f105-5cd16fab0e2c"
"2026-05-06T12:39:34.000+0000",3752,44823,USD,"1778071174.557","/v1/ach/debit","/v1/ach/debit,/v1/ach/credit,/v1/ach/status,/v1/ach/verify-account,/v1/ach/settlement,/v1/ach/return",ERROR,"INFO,ERROR,EXIT",0150ddded96aa9248ab122dee608ae51,"{""type"":""debit"",""amount"":44823,""currency"":""USD"",""accountLast4"":""3752"",""routingNumber"":""021000021""}","{""status"":""returned"",""achStatus"":""returned"",""returnCode"":""R08"",""reason"":""bank_return""}",557,R08,"R01,R02,R03,R04,R07,R08,R10,R29",021000021,"021000021,111000025,091000022,026009593,122105155","payments-service",1778071174,"0150ddde-d96a-a924-8ab1-22dee608ae51"
"2026-05-09T00:26:18.000+0000",5556,4454,USD,"1778286378.078","/v1/ach/status","/v1/ach/debit,/v1/ach/credit,/v1/ach/status,/v1/ach/verify-account,/v1/ach/settlement,/v1/ach/return",INFO,"INFO,ERROR,EXIT",75d9130aa23159ba3ca9a35ee21e9a44,"{""transferId"":""ACH-889238"",""action"":""status""}","{""status"":""settled"",""achStatus"":""completed"",""settledAt"":""2026-05-09T00:26:18Z""}",78,R02,"R01,R02,R03,R04,R07,R08,R10,R29",122105155,"021000021,111000025,091000022,026009593,122105155","payments-service",1778286378,"75d9130a-a231-59ba-3ca9-a35ee21e9a44"
"2026-05-06T12:08:49.000+0000",6248,17270,USD,"1778069329.557","/v1/ach/debit","/v1/ach/debit,/v1/ach/credit,/v1/ach/status,/v1/ach/verify-account,/v1/ach/settlement,/v1/ach/return",EXIT,"INFO,ERROR,EXIT",50f01f51aabd57ae6c040a137b101218,"{""type"":""debit"",""amount"":17270,""currency"":""USD"",""accountLast4"":""6248"",""routingNumber"":""021000021""}","{""status"":""error"",""errorCode"":""ACH-504"",""message"":""gateway_timeout""}",557,R29,"R01,R02,R03,R04,R07,R08,R10,R29",021000021,"021000021,111000025,091000022,026009593,122105155","payments-service",1778069329,"50f01f51-aabd-57ae-6c04-0a137b101218"
"2026-05-10T20:33:43.000+0000",7830,7960,USD,"1778445223.73","/v1/ach/verify-account","/v1/ach/debit,/v1/ach/credit,/v1/ach/status,/v1/ach/verify-account,/v1/ach/settlement,/v1/ach/return",ERROR,"INFO,ERROR,EXIT",74ed3342fdfed6c91daef06372d12c40,"{""accountLast4"":""7830"",""routingNumber"":""026009593""}","{""status"":""returned"",""achStatus"":""returned"",""returnCode"":""R08"",""reason"":""bank_return""}",730,R08,"R01,R02,R03,R04,R07,R08,R10,R29",026009593,"021000021,111000025,091000022,026009593,122105155","payments-service",1778445223,"74ed3342-fdfe-d6c9-1dae-f06372d12c40"
"2026-05-09T11:29:44.000+0000",1380,3313,USD,"1778326185.124","/v1/ach/debit","/v1/ach/debit,/v1/ach/credit,/v1/ach/status,/v1/ach/verify-account,/v1/ach/settlement,/v1/ach/return",EXIT,"INFO,ERROR,EXIT",a1908649a6320c61bb0b922153add195,"{""type"":""debit"",""amount"":3313,""currency"":""USD"",""accountLast4"":""1380"",""routingNumber"":""021000021""}","{""status"":""error"",""errorCode"":""ACH-504"",""message"":""gateway_timeout""}",1124,R01,"R01,R02,R03,R04,R07,R08,R10,R29",021000021,"021000021,111000025,091000022,026009593,122105155","payments-service",1778326184,"a1908649-a632-0c61-bb0b-922153add195"
"2026-05-07T14:32:15.000+0000",8766,17500,USD,"1778164335.675","/v1/ach/credit","/v1/ach/debit,/v1/ach/credit,/v1/ach/status,/v1/ach/verify-account,/v1/ach/settlement,/v1/ach/return",EXIT,"INFO,ERROR,EXIT",d977bf3c0f29731f59211c5e6e7fcb2e,"{""type"":""credit"",""amount"":17500,""currency"":""USD"",""destinationAccountLast4"":""8766"",""routingNumber"":""026009593""}","{""status"":""error"",""errorCode"":""ACH-504"",""message"":""gateway_timeout""}",675,R03,"R01,R02,R03,R04,R07,R08,R10,R29",026009593,"021000021,111000025,091000022,026009593,122105155","payments-service",1778164335,"d977bf3c-0f29-731f-5921-1c5e6e7fcb2e"
"2026-05-08T12:17:09.000+0000",2659,36725,USD,"1778242629.137","/v1/ach/credit","/v1/ach/debit,/v1/ach/credit,/v1/ach/status,/v1/ach/verify-account,/v1/ach/settlement,/v1/ach/return",EXIT,"INFO,ERROR,EXIT",42fbbf19b9b573be0e92da0cf5a7a545,"{""type"":""credit"",""amount"":36725,""currency"":""USD"",""destinationAccountLast4"":""2659"",""routingNumber"":""122105155""}","{""status"":""error"",""errorCode"":""ACH-504"",""message"":""gateway_timeout""}",137,R08,"R01,R02,R03,R04,R07,R08,R10,R29",122105155,"021000021,111000025,091000022,026009593,122105155","payments-service",1778242629,"42fbbf19-b9b5-73be-0e92-da0cf5a7a545"
"2026-05-06T06:52:12.000+0000",3044,636,USD,"1778050332.043","/v1/ach/settlement","/v1/ach/debit,/v1/ach/credit,/v1/ach/status,/v1/ach/verify-account,/v1/ach/settlement,/v1/ach/return",ERROR,"INFO,ERROR,EXIT",f3192e4a27c9887fc857817c8a23a57d,"{""transferId"":""ACH-813967"",""action"":""settlement""}","{""status"":""returned"",""achStatus"":""returned"",""returnCode"":""R10"",""reason"":""bank_return""}",43,R10,"R01,R02,R03,R04,R07,R08,R10,R29",111000025,"021000021,111000025,091000022,026009593,122105155","payments-service",1778050332,"f3192e4a-27c9-887f-c857-817c8a23a57d"
"2026-05-06T23:20:14.000+0000",2170,18120,USD,"1778109614.097","/v1/ach/return","/v1/ach/debit,/v1/ach/credit,/v1/ach/status,/v1/ach/verify-account,/v1/ach/settlement,/v1/ach/return",INFO,"INFO,ERROR,EXIT",0a21d3ded639b152ed12f3498a6ca6b5,"{""transferId"":""ACH-969406"",""action"":""return""}","{""status"":""unknown""}",97,R07,"R01,R02,R03,R04,R07,R08,R10,R29",021000021,"021000021,111000025,091000022,026009593,122105155","payments-service",1778109614,"0a21d3de-d639-b152-ed12-f3498a6ca6b5"
"2026-05-08T12:10:38.000+0000",5538,16117,USD,"1778242238.238","/v1/ach/verify-account","/v1/ach/debit,/v1/ach/credit,/v1/ach/status,/v1/ach/verify-account,/v1/ach/settlement,/v1/ach/return",EXIT,"INFO,ERROR,EXIT",6b493378c435a14ad8b1e09d524fd5cb,"{""accountLast4"":""5538"",""routingNumber"":""026009593""}","{""status"":""error"",""errorCode"":""ACH-504"",""message"":""gateway_timeout""}",238,R07,"R01,R02,R03,R04,R07,R08,R10,R29",026009593,"021000021,111000025,091000022,026009593,122105155","payments-service",1778242238,"6b493378-c435-a14a-d8b1-e09d524fd5cb"
"2026-05-09T21:04:15.000+0000",3285,21989,USD,"1778360655.646","/v1/ach/debit","/v1/ach/debit,/v1/ach/credit,/v1/ach/status,/v1/ach/verify-account,/v1/ach/settlement,/v1/ach/return",ERROR,"INFO,ERROR,EXIT",57960c7c67b58b0cb666b8776fa5460b,"{""type"":""debit"",""amount"":21989,""currency"":""USD"",""accountLast4"":""3285"",""routingNumber"":""021000021""}","{""status"":""returned"",""achStatus"":""returned"",""returnCode"":""R03"",""reason"":""bank_return""}",646,R03,"R01,R02,R03,R04,R07,R08,R10,R29",021000021,"021000021,111000025,091000022,026009593,122105155","payments-service",1778360655,"57960c7c-67b5-8b0c-b666-b8776fa5460b"
"2026-05-05T18:35:29.000+0000",5881,8789,USD,"1778006129.991","/v1/ach/credit","/v1/ach/debit,/v1/ach/credit,/v1/ach/status,/v1/ach/verify-account,/v1/ach/settlement,/v1/ach/return",INFO,"INFO,ERROR,EXIT",d3b840dff37ba75cc9fa4b71721dc4f6,"{""type"":""credit"",""amount"":8789,""currency"":""USD"",""destinationAccountLast4"":""5881"",""routingNumber"":""091000022""}","{""status"":""pending"",""achStatus"":""submitted"",""estimatedSettlementDate"":""2026-05-06""}",991,R08,"R01,R02,R03,R04,R07,R08,R10,R29",091000022,"021000021,111000025,091000022,026009593,122105155","payments-service",1778006129,"d3b840df-f37b-a75c-c9fa-4b71721dc4f6"
"2026-05-08T10:31:32.000+0000",3074,18973,USD,"1778236293.021","/v1/ach/settlement","/v1/ach/debit,/v1/ach/credit,/v1/ach/status,/v1/ach/verify-account,/v1/ach/settlement,/v1/ach/return",ERROR,"INFO,ERROR,EXIT",cff9e8fa0fc51e92c2ba84f5d4bd53cc,"{""transferId"":""ACH-844817"",""action"":""settlement""}","{""status"":""returned"",""achStatus"":""returned"",""returnCode"":""R08"",""reason"":""bank_return""}",1021,R08,"R01,R02,R03,R04,R07,R08,R10,R29",111000025,"021000021,111000025,091000022,026009593,122105155","payments-service",1778236292,"cff9e8fa-0fc5-1e92-c2ba-84f5d4bd53cc"
"2026-05-06T19:56:33.000+0000",4086,11454,USD,"1778097393.854","/v1/ach/credit","/v1/ach/debit,/v1/ach/credit,/v1/ach/status,/v1/ach/verify-account,/v1/ach/settlement,/v1/ach/return",EXIT,"INFO,ERROR,EXIT",036b8cfa6adc8eb7dce3b8f0dfec3423,"{""type"":""credit"",""amount"":11454,""currency"":""USD"",""destinationAccountLast4"":""4086"",""routingNumber"":""091000022""}","{""status"":""error"",""errorCode"":""ACH-504"",""message"":""gateway_timeout""}",854,R08,"R01,R02,R03,R04,R07,R08,R10,R29",091000022,"021000021,111000025,091000022,026009593,122105155","payments-service",1778097393,"036b8cfa-6adc-8eb7-dce3-b8f0dfec3423"
"2026-05-06T17:15:14.000+0000",3438,29941,USD,"1778087714.727","/v1/ach/debit","/v1/ach/debit,/v1/ach/credit,/v1/ach/status,/v1/ach/verify-account,/v1/ach/settlement,/v1/ach/return",ERROR,"INFO,ERROR,EXIT",1df6db746b17089bcd40616ede50a1a5,"{""type"":""debit"",""amount"":29941,""currency"":""USD"",""accountLast4"":""3438"",""routingNumber"":""026009593""}","{""status"":""returned"",""achStatus"":""returned"",""returnCode"":""R10"",""reason"":""bank_return""}",727,R10,"R01,R02,R03,R04,R07,R08,R10,R29",026009593,"021000021,111000025,091000022,026009593,122105155","payments-service",1778087714,"1df6db74-6b17-089b-cd40-616ede50a1a5"
"2026-05-09T20:46:04.000+0000",7177,43561,USD,"1778359565.238","/v1/ach/status","/v1/ach/debit,/v1/ach/credit,/v1/ach/status,/v1/ach/verify-account,/v1/ach/settlement,/v1/ach/return",INFO,"INFO,ERROR,EXIT",1814d3aa0a4944a70c59c2bc307b1977,"{""transferId"":""ACH-613874"",""action"":""status""}","{""status"":""settled"",""achStatus"":""completed"",""settledAt"":""2026-05-09T20:46:04Z""}",1238,R29,"R01,R02,R03,R04,R07,R08,R10,R29",091000022,"021000021,111000025,091000022,026009593,122105155","payments-service",1778359564,"1814d3aa-0a49-44a7-0c59-c2bc307b1977"
"2026-05-10T19:09:21.000+0000",7794,39509,USD,"1778440161.138","/v1/ach/return","/v1/ach/debit,/v1/ach/credit,/v1/ach/status,/v1/ach/verify-account,/v1/ach/settlement,/v1/ach/return",INFO,"INFO,ERROR,EXIT",0f6fc68801f90b5f12405f77529839a1,"{""transferId"":""ACH-527773"",""action"":""return""}","{""status"":""unknown""}",138,R04,"R01,R02,R03,R04,R07,R08,R10,R29",021000021,"021000021,111000025,091000022,026009593,122105155","payments-service",1778440161,"0f6fc688-01f9-0b5f-1240-5f77529839a1"
"2026-05-08T08:49:53.000+0000",6295,9037,USD,"1778230193.117","/v1/ach/return","/v1/ach/debit,/v1/ach/credit,/v1/ach/status,/v1/ach/verify-account,/v1/ach/settlement,/v1/ach/return",EXIT,"INFO,ERROR,EXIT",4ffab65a8b3f2c18e0f0a605671e6d8c,"{""transferId"":""ACH-658704"",""action"":""return""}","{""status"":""error"",""errorCode"":""ACH-504"",""message"":""gateway_timeout""}",117,R02,"R01,R02,R03,R04,R07,R08,R10,R29",111000025,"021000021,111000025,091000022,026009593,122105155","payments-service",1778230193,"4ffab65a-8b3f-2c18-e0f0-a605671e6d8c"
"2026-05-08T00:09:11.000+0000",2932,46518,USD,"1778198951.521","/v1/ach/debit","/v1/ach/debit,/v1/ach/credit,/v1/ach/status,/v1/ach/verify-account,/v1/ach/settlement,/v1/ach/return",INFO,"INFO,ERROR,EXIT",f4820bc47ac2f53e09625c8d0261278a,"{""type"":""debit"",""amount"":46518,""currency"":""USD"",""accountLast4"":""2932"",""routingNumber"":""111000025""}","{""status"":""pending"",""achStatus"":""submitted"",""estimatedSettlementDate"":""2026-05-09""}",521,R02,"R01,R02,R03,R04,R07,R08,R10,R29",111000025,"021000021,111000025,091000022,026009593,122105155","payments-service",1778198951,"f4820bc4-7ac2-f53e-0962-5c8d0261278a"
"2026-05-09T19:11:06.000+0000",4536,28378,USD,"1778353866.946","/v1/ach/credit","/v1/ach/debit,/v1/ach/credit,/v1/ach/status,/v1/ach/verify-account,/v1/ach/settlement,/v1/ach/return",INFO,"INFO,ERROR,EXIT",631e0f4415dcd3e51d21d3d3bfad72a3,"{""type"":""credit"",""amount"":28378,""currency"":""USD"",""destinationAccountLast4"":""4536"",""routingNumber"":""026009593""}","{""status"":""pending"",""achStatus"":""submitted"",""estimatedSettlementDate"":""2026-05-10""}",946,R29,"R01,R02,R03,R04,R07,R08,R10,R29",026009593,"021000021,111000025,091000022,026009593,122105155","payments-service",1778353866,"631e0f44-15dc-d3e5-1d21-d3d3bfad72a3"
"2026-05-10T08:33:24.000+0000",4862,25688,USD,"1778402004.317","/v1/ach/verify-account","/v1/ach/debit,/v1/ach/credit,/v1/ach/status,/v1/ach/verify-account,/v1/ach/settlement,/v1/ach/return",EXIT,"INFO,ERROR,EXIT",a3a5aa8704a7477719457fc49c78d05f,"{""accountLast4"":""4862"",""routingNumber"":""026009593""}","{""status"":""error"",""errorCode"":""ACH-504"",""message"":""gateway_timeout""}",317,R29,"R01,R02,R03,R04,R07,R08,R10,R29",026009593,"021000021,111000025,091000022,026009593,122105155","payments-service",1778402004,"a3a5aa87-04a7-4777-1945-7fc49c78d05f"
"2026-05-09T15:06:35.000+0000",4359,35244,USD,"1778339196.17","/v1/ach/verify-account","/v1/ach/debit,/v1/ach/credit,/v1/ach/status,/v1/ach/verify-account,/v1/ach/settlement,/v1/ach/return",INFO,"INFO,ERROR,EXIT",30d6c1bdfdf2a824894c21936fc29dec,"{""accountLast4"":""4359"",""routingNumber"":""091000022""}","{""status"":""unknown""}",1170,R29,"R01,R02,R03,R04,R07,R08,R10,R29",091000022,"021000021,111000025,091000022,026009593,122105155","payments-service",1778339195,"30d6c1bd-fdf2-a824-894c-21936fc29dec"
"2026-05-10T21:57:07.000+0000",5007,3461,USD,"1778450228.014","/v1/ach/verify-account","/v1/ach/debit,/v1/ach/credit,/v1/ach/status,/v1/ach/verify-account,/v1/ach/settlement,/v1/ach/return",INFO,"INFO,ERROR,EXIT",2f9e4b9dc7afd8956562f0a24fff9130,"{""accountLast4"":""5007"",""routingNumber"":""021000021""}","{""status"":""unknown""}",1014,R07,"R01,R02,R03,R04,R07,R08,R10,R29",021000021,"021000021,111000025,091000022,026009593,122105155","payments-service",1778450227,"2f9e4b9d-c7af-d895-6562-f0a24fff9130"
"2026-05-05T16:52:31.000+0000",7604,28386,USD,"1777999951.172","/v1/ach/debit","/v1/ach/debit,/v1/ach/credit,/v1/ach/status,/v1/ach/verify-account,/v1/ach/settlement,/v1/ach/return",ERROR,"INFO,ERROR,EXIT",df5b6402ef72a4b125741331c0a06815,"{""type"":""debit"",""amount"":28386,""currency"":""USD"",""accountLast4"":""7604"",""routingNumber"":""021000021""}","{""status"":""returned"",""achStatus"":""returned"",""returnCode"":""R03"",""reason"":""bank_return""}",172,R03,"R01,R02,R03,R04,R07,R08,R10,R29",021000021,"021000021,111000025,091000022,026009593,122105155","payments-service",1777999951,"df5b6402-ef72-a4b1-2574-1331c0a06815"
"2026-05-07T18:17:50.000+0000",5063,20187,USD,"1778177870.94","/v1/ach/return","/v1/ach/debit,/v1/ach/credit,/v1/ach/status,/v1/ach/verify-account,/v1/ach/settlement,/v1/ach/return",ERROR,"INFO,ERROR,EXIT",1b16c88eeb3498fafa1bc64a869f2909,"{""transferId"":""ACH-943487"",""action"":""return""}","{""status"":""returned"",""achStatus"":""returned"",""returnCode"":""R07"",""reason"":""bank_return""}",940,R07,"R01,R02,R03,R04,R07,R08,R10,R29",122105155,"021000021,111000025,091000022,026009593,122105155","payments-service",1778177870,"1b16c88e-eb34-98fa-fa1b-c64a869f2909"
"2026-05-05T08:37:32.000+0000",7330,49450,USD,"1777970253.031","/v1/ach/settlement","/v1/ach/debit,/v1/ach/credit,/v1/ach/status,/v1/ach/verify-account,/v1/ach/settlement,/v1/ach/return",EXIT,"INFO,ERROR,EXIT",387cb4e13a201e495bd9b987c3236a9c,"{""transferId"":""ACH-634210"",""action"":""settlement""}","{""status"":""error"",""errorCode"":""ACH-504"",""message"":""gateway_timeout""}",1031,R07,"R01,R02,R03,R04,R07,R08,R10,R29",122105155,"021000021,111000025,091000022,026009593,122105155","payments-service",1777970252,"387cb4e1-3a20-1e49-5bd9-b987c3236a9c"
"2026-05-07T06:58:56.000+0000",5714,38354,USD,"1778137136.819","/v1/ach/verify-account","/v1/ach/debit,/v1/ach/credit,/v1/ach/status,/v1/ach/verify-account,/v1/ach/settlement,/v1/ach/return",INFO,"INFO,ERROR,EXIT",f6d0aed40e8839cbc9e21b9cba9a0288,"{""accountLast4"":""5714"",""routingNumber"":""091000022""}","{""status"":""unknown""}",819,R08,"R01,R02,R03,R04,R07,R08,R10,R29",091000022,"021000021,111000025,091000022,026009593,122105155","payments-service",1778137136,"f6d0aed4-0e88-39cb-c9e2-1b9cba9a0288"
"2026-05-11T12:24:17.000+0000",5230,34736,USD,"1778502257.71","/v1/ach/return","/v1/ach/debit,/v1/ach/credit,/v1/ach/status,/v1/ach/verify-account,/v1/ach/settlement,/v1/ach/return",INFO,"INFO,ERROR,EXIT",0a4b3106acfa7ac70aa36013239c5d04,"{""transferId"":""ACH-253759"",""action"":""return""}","{""status"":""unknown""}",710,R04,"R01,R02,R03,R04,R07,R08,R10,R29",122105155,"021000021,111000025,091000022,026009593,122105155","payments-service",1778502257,"0a4b3106-acfa-7ac7-0aa3-6013239c5d04"
"2026-05-08T07:31:07.000+0000",7293,23365,USD,"1778225467.086","/v1/ach/debit","/v1/ach/debit,/v1/ach/credit,/v1/ach/status,/v1/ach/verify-account,/v1/ach/settlement,/v1/ach/return",EXIT,"INFO,ERROR,EXIT",a5d49317a28baf3f6722f8426c0e11ec,"{""type"":""debit"",""amount"":23365,""currency"":""USD"",""accountLast4"":""7293"",""routingNumber"":""111000025""}","{""status"":""error"",""errorCode"":""ACH-504"",""message"":""gateway_timeout""}",86,R03,"R01,R02,R03,R04,R07,R08,R10,R29",111000025,"021000021,111000025,091000022,026009593,122105155","payments-service",1778225467,"a5d49317-a28b-af3f-6722-f8426c0e11ec"
"2026-05-12T01:47:35.000+0000",7907,2812,USD,"1778550455.418","/v1/ach/return","/v1/ach/debit,/v1/ach/credit,/v1/ach/status,/v1/ach/verify-account,/v1/ach/settlement,/v1/ach/return",INFO,"INFO,ERROR,EXIT",da665bd2f951e61db36ac62848d6fd8d,"{""transferId"":""ACH-959065"",""action"":""return""}","{""status"":""unknown""}",418,R01,"R01,R02,R03,R04,R07,R08,R10,R29",111000025,"021000021,111000025,091000022,026009593,122105155","payments-service",1778550455,"da665bd2-f951-e61d-b36a-c62848d6fd8d"
"2026-05-09T10:39:51.000+0000",3249,35039,USD,"1778323191.251","/v1/ach/settlement","/v1/ach/debit,/v1/ach/credit,/v1/ach/status,/v1/ach/verify-account,/v1/ach/settlement,/v1/ach/return",INFO,"INFO,ERROR,EXIT",d7e19319114f9416f6e2a2eeab656dd3,"{""transferId"":""ACH-165424"",""action"":""settlement""}","{""status"":""unknown""}",251,R01,"R01,R02,R03,R04,R07,R08,R10,R29",122105155,"021000021,111000025,091000022,026009593,122105155","payments-service",1778323191,"d7e19319-114f-9416-f6e2-a2eeab656dd3"
"2026-05-05T12:05:37.000+0000",2735,12384,USD,"1777982737.528","/v1/ach/settlement","/v1/ach/debit,/v1/ach/credit,/v1/ach/status,/v1/ach/verify-account,/v1/ach/settlement,/v1/ach/return",INFO,"INFO,ERROR,EXIT",2e8ffef09718d2953d5dabb7ed8070b9,"{""transferId"":""ACH-404077"",""action"":""settlement""}","{""status"":""unknown""}",528,R29,"R01,R02,R03,R04,R07,R08,R10,R29",122105155,"021000021,111000025,091000022,026009593,122105155","payments-service",1777982737,"2e8ffef0-9718-d295-3d5d-abb7ed8070b9"
"2026-05-08T13:54:23.000+0000",9539,5188,USD,"1778248463.353","/v1/ach/verify-account","/v1/ach/debit,/v1/ach/credit,/v1/ach/status,/v1/ach/verify-account,/v1/ach/settlement,/v1/ach/return",INFO,"INFO,ERROR,EXIT",3137bccd6241d81f581a2eefef55797d,"{""accountLast4"":""9539"",""routingNumber"":""091000022""}","{""status"":""unknown""}",353,R04,"R01,R02,R03,R04,R07,R08,R10,R29",091000022,"021000021,111000025,091000022,026009593,122105155","payments-service",1778248463,"3137bccd-6241-d81f-581a-2eefef55797d"
"2026-05-12T01:39:42.000+0000",3947,14805,USD,"1778549982.925","/v1/ach/return","/v1/ach/debit,/v1/ach/credit,/v1/ach/status,/v1/ach/verify-account,/v1/ach/settlement,/v1/ach/return",INFO,"INFO,ERROR,EXIT",4b386ad69962c402b01087d078ccc56e,"{""transferId"":""ACH-772791"",""action"":""return""}","{""status"":""unknown""}",925,R29,"R01,R02,R03,R04,R07,R08,R10,R29",111000025,"021000021,111000025,091000022,026009593,122105155","payments-service",1778549982,"4b386ad6-9962-c402-b010-87d078ccc56e"
"2026-05-10T10:15:00.000+0000",1263,45305,USD,"1778408100.25","/v1/ach/return","/v1/ach/debit,/v1/ach/credit,/v1/ach/status,/v1/ach/verify-account,/v1/ach/settlement,/v1/ach/return",ERROR,"INFO,ERROR,EXIT",9876e4ccdb13d6826bcbd1db596282c4,"{""transferId"":""ACH-841223"",""action"":""return""}","{""status"":""returned"",""achStatus"":""returned"",""returnCode"":""R29"",""reason"":""bank_return""}",250,R29,"R01,R02,R03,R04,R07,R08,R10,R29",111000025,"021000021,111000025,091000022,026009593,122105155","payments-service",1778408100,"9876e4cc-db13-d682-6bcb-d1db596282c4"
"2026-05-07T16:05:29.000+0000",6456,48193,USD,"1778169929.403","/v1/ach/status","/v1/ach/debit,/v1/ach/credit,/v1/ach/status,/v1/ach/verify-account,/v1/ach/settlement,/v1/ach/return",INFO,"INFO,ERROR,EXIT",031823b0ea80760cfdd12274832de8d5,"{""transferId"":""ACH-637296"",""action"":""status""}","{""status"":""settled"",""achStatus"":""completed"",""settledAt"":""2026-05-07T16:05:29Z""}",403,R03,"R01,R02,R03,R04,R07,R08,R10,R29",021000021,"021000021,111000025,091000022,026009593,122105155","payments-service",1778169929,"031823b0-ea80-760c-fdd1-2274832de8d5"
"2026-05-08T10:37:39.000+0000",1822,31465,USD,"1778236660.151","/v1/ach/return","/v1/ach/debit,/v1/ach/credit,/v1/ach/status,/v1/ach/verify-account,/v1/ach/settlement,/v1/ach/return",EXIT,"INFO,ERROR,EXIT",245da355fb015104e5fe6b33d6bbb1f2,"{""transferId"":""ACH-855161"",""action"":""return""}","{""status"":""error"",""errorCode"":""ACH-504"",""message"":""gateway_timeout""}",1151,R07,"R01,R02,R03,R04,R07,R08,R10,R29",091000022,"021000021,111000025,091000022,026009593,122105155","payments-service",1778236659,"245da355-fb01-5104-e5fe-6b33d6bbb1f2"
"2026-05-09T23:07:04.000+0000",3117,47194,USD,"1778368024.247","/v1/ach/settlement","/v1/ach/debit,/v1/ach/credit,/v1/ach/status,/v1/ach/verify-account,/v1/ach/settlement,/v1/ach/return",ERROR,"INFO,ERROR,EXIT",2853b115a9f73a32996a9291a0966011,"{""transferId"":""ACH-679008"",""action"":""settlement""}","{""status"":""returned"",""achStatus"":""returned"",""returnCode"":""R10"",""reason"":""bank_return""}",247,R10,"R01,R02,R03,R04,R07,R08,R10,R29",111000025,"021000021,111000025,091000022,026009593,122105155","payments-service",1778368024,"2853b115-a9f7-3a32-996a-9291a0966011"
"2026-05-11T03:24:32.000+0000",5167,15387,USD,"1778469873.123","/v1/ach/verify-account","/v1/ach/debit,/v1/ach/credit,/v1/ach/status,/v1/ach/verify-account,/v1/ach/settlement,/v1/ach/return",INFO,"INFO,ERROR,EXIT",384a981a95bfb78d29ffed41ed90d442,"{""accountLast4"":""5167"",""routingNumber"":""122105155""}","{""status"":""unknown""}",1123,R02,"R01,R02,R03,R04,R07,R08,R10,R29",122105155,"021000021,111000025,091000022,026009593,122105155","payments-service",1778469872,"384a981a-95bf-b78d-29ff-ed41ed90d442"
"2026-05-11T15:35:26.000+0000",4735,49401,USD,"1778513727.102","/v1/ach/status","/v1/ach/debit,/v1/ach/credit,/v1/ach/status,/v1/ach/verify-account,/v1/ach/settlement,/v1/ach/return",EXIT,"INFO,ERROR,EXIT",88e7d3c26b9a3a3ec816394f083d080c,"{""transferId"":""ACH-119601"",""action"":""status""}","{""status"":""error"",""errorCode"":""ACH-504"",""message"":""gateway_timeout""}",1102,R02,"R01,R02,R03,R04,R07,R08,R10,R29",122105155,"021000021,111000025,091000022,026009593,122105155","payments-service",1778513726,"88e7d3c2-6b9a-3a3e-c816-394f083d080c"
"2026-05-08T10:35:33.000+0000",4097,50413,USD,"1778236534.23","/v1/ach/settlement","/v1/ach/debit,/v1/ach/credit,/v1/ach/status,/v1/ach/verify-account,/v1/ach/settlement,/v1/ach/return",ERROR,"INFO,ERROR,EXIT",ddb4571deb2f46706686313183f91845,"{""transferId"":""ACH-528519"",""action"":""settlement""}","{""status"":""returned"",""achStatus"":""returned"",""returnCode"":""R29"",""reason"":""bank_return""}",1230,R29,"R01,R02,R03,R04,R07,R08,R10,R29",111000025,"021000021,111000025,091000022,026009593,122105155","payments-service",1778236533,"ddb4571d-eb2f-4670-6686-313183f91845"
"2026-05-05T15:06:20.000+0000",7263,33447,USD,"1777993580.755","/v1/ach/status","/v1/ach/debit,/v1/ach/credit,/v1/ach/status,/v1/ach/verify-account,/v1/ach/settlement,/v1/ach/return",ERROR,"INFO,ERROR,EXIT",469cde8c1b9f73225628ab2bb71ed28f,"{""transferId"":""ACH-548630"",""action"":""status""}","{""status"":""returned"",""achStatus"":""returned"",""returnCode"":""R08"",""reason"":""bank_return""}",755,R08,"R01,R02,R03,R04,R07,R08,R10,R29",021000021,"021000021,111000025,091000022,026009593,122105155","payments-service",1777993580,"469cde8c-1b9f-7322-5628-ab2bb71ed28f"
"2026-05-08T05:54:59.000+0000",8596,9095,USD,"1778219699.514","/v1/ach/credit","/v1/ach/debit,/v1/ach/credit,/v1/ach/status,/v1/ach/verify-account,/v1/ach/settlement,/v1/ach/return",EXIT,"INFO,ERROR,EXIT",5680654aa3600773decc2bb1d0530d70,"{""type"":""credit"",""amount"":9095,""currency"":""USD"",""destinationAccountLast4"":""8596"",""routingNumber"":""111000025""}","{""status"":""error"",""errorCode"":""ACH-504"",""message"":""gateway_timeout""}",514,R04,"R01,R02,R03,R04,R07,R08,R10,R29",111000025,"021000021,111000025,091000022,026009593,122105155","payments-service",1778219699,"5680654a-a360-0773-decc-2bb1d0530d70"
"2026-05-09T20:58:45.000+0000",5964,24252,USD,"1778360325.885","/v1/ach/status","/v1/ach/debit,/v1/ach/credit,/v1/ach/status,/v1/ach/verify-account,/v1/ach/settlement,/v1/ach/return",EXIT,"INFO,ERROR,EXIT",59576f782c2cbc95a755d523e9f6fc0e,"{""transferId"":""ACH-796053"",""action"":""status""}","{""status"":""error"",""errorCode"":""ACH-504"",""message"":""gateway_timeout""}",885,R01,"R01,R02,R03,R04,R07,R08,R10,R29",026009593,"021000021,111000025,091000022,026009593,122105155","payments-service",1778360325,"59576f78-2c2c-bc95-a755-d523e9f6fc0e"
"2026-05-11T05:04:29.000+0000",9531,45614,USD,"1778475869.216","/v1/ach/credit","/v1/ach/debit,/v1/ach/credit,/v1/ach/status,/v1/ach/verify-account,/v1/ach/settlement,/v1/ach/return",ERROR,"INFO,ERROR,EXIT",8d81067c899e6d1b2c36736cd5706cf2,"{""type"":""credit"",""amount"":45614,""currency"":""USD"",""destinationAccountLast4"":""9531"",""routingNumber"":""091000022""}","{""status"":""returned"",""achStatus"":""returned"",""returnCode"":""R08"",""reason"":""bank_return""}",216,R08,"R01,R02,R03,R04,R07,R08,R10,R29",091000022,"021000021,111000025,091000022,026009593,122105155","payments-service",1778475869,"8d81067c-899e-6d1b-2c36-736cd5706cf2"
"2026-05-09T11:25:01.000+0000",9597,41719,USD,"1778325901.556","/v1/ach/verify-account","/v1/ach/debit,/v1/ach/credit,/v1/ach/status,/v1/ach/verify-account,/v1/ach/settlement,/v1/ach/return",ERROR,"INFO,ERROR,EXIT",449222d8eacc07189cc9cc079757e46f,"{""accountLast4"":""9597"",""routingNumber"":""122105155""}","{""status"":""returned"",""achStatus"":""returned"",""returnCode"":""R07"",""reason"":""bank_return""}",556,R07,"R01,R02,R03,R04,R07,R08,R10,R29",122105155,"021000021,111000025,091000022,026009593,122105155","payments-service",1778325901,"449222d8-eacc-0718-9cc9-cc079757e46f"
"2026-05-09T21:15:20.000+0000",4294,49337,USD,"1778361320.604","/v1/ach/settlement","/v1/ach/debit,/v1/ach/credit,/v1/ach/status,/v1/ach/verify-account,/v1/ach/settlement,/v1/ach/return",ERROR,"INFO,ERROR,EXIT",72cff545cc9ad49725ca96afcfeeb8e6,"{""transferId"":""ACH-715839"",""action"":""settlement""}","{""status"":""returned"",""achStatus"":""returned"",""returnCode"":""R01"",""reason"":""bank_return""}",604,R01,"R01,R02,R03,R04,R07,R08,R10,R29",091000022,"021000021,111000025,091000022,026009593,122105155","payments-service",1778361320,"72cff545-cc9a-d497-25ca-96afcfeeb8e6"
"2026-05-11T11:44:34.000+0000",9701,1070,USD,"1778499874.954","/v1/ach/verify-account","/v1/ach/debit,/v1/ach/credit,/v1/ach/status,/v1/ach/verify-account,/v1/ach/settlement,/v1/ach/return",INFO,"INFO,ERROR,EXIT",6a223261ac9c5ea1569b53eece4ca143,"{""accountLast4"":""9701"",""routingNumber"":""111000025""}","{""status"":""unknown""}",954,R07,"R01,R02,R03,R04,R07,R08,R10,R29",111000025,"021000021,111000025,091000022,026009593,122105155","payments-service",1778499874,"6a223261-ac9c-5ea1-569b-53eece4ca143"
"2026-05-09T23:41:02.000+0000",2802,18547,USD,"1778370062.629","/v1/ach/credit","/v1/ach/debit,/v1/ach/credit,/v1/ach/status,/v1/ach/verify-account,/v1/ach/settlement,/v1/ach/return",EXIT,"INFO,ERROR,EXIT",b47edd4a5f0d8faba83b3701dd3a73e8,"{""type"":""credit"",""amount"":18547,""currency"":""USD"",""destinationAccountLast4"":""2802"",""routingNumber"":""026009593""}","{""status"":""error"",""errorCode"":""ACH-504"",""message"":""gateway_timeout""}",629,R10,"R01,R02,R03,R04,R07,R08,R10,R29",026009593,"021000021,111000025,091000022,026009593,122105155","payments-service",1778370062,"b47edd4a-5f0d-8fab-a83b-3701dd3a73e8"
"2026-05-10T12:01:19.000+0000",7561,29375,USD,"1778414479.702","/v1/ach/credit","/v1/ach/debit,/v1/ach/credit,/v1/ach/status,/v1/ach/verify-account,/v1/ach/settlement,/v1/ach/return",EXIT,"INFO,ERROR,EXIT",71312abb4749804c17d6571c6622280f,"{""type"":""credit"",""amount"":29375,""currency"":""USD"",""destinationAccountLast4"":""7561"",""routingNumber"":""021000021""}","{""status"":""error"",""errorCode"":""ACH-504"",""message"":""gateway_timeout""}",702,R04,"R01,R02,R03,R04,R07,R08,R10,R29",021000021,"021000021,111000025,091000022,026009593,122105155","payments-service",1778414479,"71312abb-4749-804c-17d6-571c6622280f"
"2026-05-09T00:13:06.000+0000",1185,1806,USD,"1778285586.794","/v1/ach/debit","/v1/ach/debit,/v1/ach/credit,/v1/ach/status,/v1/ach/verify-account,/v1/ach/settlement,/v1/ach/return",INFO,"INFO,ERROR,EXIT",9da6b55141d2766711f1fd00cf6a5f96,"{""type"":""debit"",""amount"":1806,""currency"":""USD"",""accountLast4"":""1185"",""routingNumber"":""111000025""}","{""status"":""pending"",""achStatus"":""submitted"",""estimatedSettlementDate"":""2026-05-10""}",794,R01,"R01,R02,R03,R04,R07,R08,R10,R29",111000025,"021000021,111000025,091000022,026009593,122105155","payments-service",1778285586,"9da6b551-41d2-7667-11f1-fd00cf6a5f96"
"2026-05-08T02:43:55.000+0000",1888,37974,USD,"1778208236.091","/v1/ach/verify-account","/v1/ach/debit,/v1/ach/credit,/v1/ach/status,/v1/ach/verify-account,/v1/ach/settlement,/v1/ach/return",ERROR,"INFO,ERROR,EXIT",0f139cb0bdb0b605c47524cfa76f0a9d,"{""accountLast4"":""1888"",""routingNumber"":""091000022""}","{""status"":""returned"",""achStatus"":""returned"",""returnCode"":""R29"",""reason"":""bank_return""}",1091,R29,"R01,R02,R03,R04,R07,R08,R10,R29",091000022,"021000021,111000025,091000022,026009593,122105155","payments-service",1778208235,"0f139cb0-bdb0-b605-c475-24cfa76f0a9d"
"2026-05-05T11:30:07.000+0000",8941,15871,USD,"1777980607.06","/v1/ach/status","/v1/ach/debit,/v1/ach/credit,/v1/ach/status,/v1/ach/verify-account,/v1/ach/settlement,/v1/ach/return",EXIT,"INFO,ERROR,EXIT",4860decfbfe599f4bb4107a3c6a41246,"{""transferId"":""ACH-276872"",""action"":""status""}","{""status"":""error"",""errorCode"":""ACH-504"",""message"":""gateway_timeout""}",60,R01,"R01,R02,R03,R04,R07,R08,R10,R29",021000021,"021000021,111000025,091000022,026009593,122105155","payments-service",1777980607,"4860decf-bfe5-99f4-bb41-07a3c6a41246"
"2026-05-09T07:34:57.000+0000",3172,39585,USD,"1778312098.083","/v1/ach/debit","/v1/ach/debit,/v1/ach/credit,/v1/ach/status,/v1/ach/verify-account,/v1/ach/settlement,/v1/ach/return",ERROR,"INFO,ERROR,EXIT",d974f3a4f0192d5a6e208a9589b4cc36,"{""type"":""debit"",""amount"":39585,""currency"":""USD"",""accountLast4"":""3172"",""routingNumber"":""021000021""}","{""status"":""returned"",""achStatus"":""returned"",""returnCode"":""R07"",""reason"":""bank_return""}",1083,R07,"R01,R02,R03,R04,R07,R08,R10,R29",021000021,"021000021,111000025,091000022,026009593,122105155","payments-service",1778312097,"d974f3a4-f019-2d5a-6e20-8a9589b4cc36"
"2026-05-09T04:13:03.000+0000",1477,34014,USD,"1778299983.746","/v1/ach/credit","/v1/ach/debit,/v1/ach/credit,/v1/ach/status,/v1/ach/verify-account,/v1/ach/settlement,/v1/ach/return",ERROR,"INFO,ERROR,EXIT",68ae1e998b7143ec234684155cb4aacb,"{""type"":""credit"",""amount"":34014,""currency"":""USD"",""destinationAccountLast4"":""1477"",""routingNumber"":""026009593""}","{""status"":""returned"",""achStatus"":""returned"",""returnCode"":""R08"",""reason"":""bank_return""}",746,R08,"R01,R02,R03,R04,R07,R08,R10,R29",026009593,"021000021,111000025,091000022,026009593,122105155","payments-service",1778299983,"68ae1e99-8b71-43ec-2346-84155cb4aacb"
"2026-05-11T21:50:56.000+0000",8615,16526,USD,"1778536256.641","/v1/ach/status","/v1/ach/debit,/v1/ach/credit,/v1/ach/status,/v1/ach/verify-account,/v1/ach/settlement,/v1/ach/return",INFO,"INFO,ERROR,EXIT",c9e83812d8573d2a7325f560370235c1,"{""transferId"":""ACH-611175"",""action"":""status""}","{""status"":""settled"",""achStatus"":""completed"",""settledAt"":""2026-05-11T21:50:56Z""}",641,R03,"R01,R02,R03,R04,R07,R08,R10,R29",122105155,"021000021,111000025,091000022,026009593,122105155","payments-service",1778536256,"c9e83812-d857-3d2a-7325-f560370235c1"
"2026-05-09T10:26:20.000+0000",2406,6492,USD,"1778322381.205","/v1/ach/settlement","/v1/ach/debit,/v1/ach/credit,/v1/ach/status,/v1/ach/verify-account,/v1/ach/settlement,/v1/ach/return",EXIT,"INFO,ERROR,EXIT",ec3d23b862df2b04dd87f7be82c832f2,"{""transferId"":""ACH-175170"",""action"":""settlement""}","{""status"":""error"",""errorCode"":""ACH-504"",""message"":""gateway_timeout""}",1205,R03,"R01,R02,R03,R04,R07,R08,R10,R29",021000021,"021000021,111000025,091000022,026009593,122105155","payments-service",1778322380,"ec3d23b8-62df-2b04-dd87-f7be82c832f2"
"2026-05-07T01:39:43.000+0000",1665,4525,USD,"1778117983.882","/v1/ach/credit","/v1/ach/debit,/v1/ach/credit,/v1/ach/status,/v1/ach/verify-account,/v1/ach/settlement,/v1/ach/return",INFO,"INFO,ERROR,EXIT",b6be62a3bb71efc29e1185595fd686fc,"{""type"":""credit"",""amount"":4525,""currency"":""USD"",""destinationAccountLast4"":""1665"",""routingNumber"":""021000021""}","{""status"":""pending"",""achStatus"":""submitted"",""estimatedSettlementDate"":""2026-05-08""}",882,R01,"R01,R02,R03,R04,R07,R08,R10,R29",021000021,"021000021,111000025,091000022,026009593,122105155","payments-service",1778117983,"b6be62a3-bb71-efc2-9e11-85595fd686fc"
"2026-05-08T15:10:28.000+0000",4635,43849,USD,"1778253028.477","/v1/ach/return","/v1/ach/debit,/v1/ach/credit,/v1/ach/status,/v1/ach/verify-account,/v1/ach/settlement,/v1/ach/return",ERROR,"INFO,ERROR,EXIT",2aba7796a9fb36b03d20026817184fda,"{""transferId"":""ACH-204343"",""action"":""return""}","{""status"":""returned"",""achStatus"":""returned"",""returnCode"":""R07"",""reason"":""bank_return""}",477,R07,"R01,R02,R03,R04,R07,R08,R10,R29",122105155,"021000021,111000025,091000022,026009593,122105155","payments-service",1778253028,"2aba7796-a9fb-36b0-3d20-026817184fda"
"2026-05-10T20:37:20.000+0000",3754,15178,USD,"1778445440.065","/v1/ach/settlement","/v1/ach/debit,/v1/ach/credit,/v1/ach/status,/v1/ach/verify-account,/v1/ach/settlement,/v1/ach/return",ERROR,"INFO,ERROR,EXIT",1b73425fe23885438b72176d305219cf,"{""transferId"":""ACH-528549"",""action"":""settlement""}","{""status"":""returned"",""achStatus"":""returned"",""returnCode"":""R29"",""reason"":""bank_return""}",65,R29,"R01,R02,R03,R04,R07,R08,R10,R29",091000022,"021000021,111000025,091000022,026009593,122105155","payments-service",1778445440,"1b73425f-e238-8543-8b72-176d305219cf"
"2026-05-08T14:59:12.000+0000",7144,3273,USD,"1778252352.923","/v1/ach/debit","/v1/ach/debit,/v1/ach/credit,/v1/ach/status,/v1/ach/verify-account,/v1/ach/settlement,/v1/ach/return",INFO,"INFO,ERROR,EXIT",5fd2f6b4aaddd7fefe4fd6e14b1a7b64,"{""type"":""debit"",""amount"":3273,""currency"":""USD"",""accountLast4"":""7144"",""routingNumber"":""026009593""}","{""status"":""pending"",""achStatus"":""submitted"",""estimatedSettlementDate"":""2026-05-09""}",923,R07,"R01,R02,R03,R04,R07,R08,R10,R29",026009593,"021000021,111000025,091000022,026009593,122105155","payments-service",1778252352,"5fd2f6b4-aadd-d7fe-fe4f-d6e14b1a7b64"
"2026-05-09T07:04:55.000+0000",6697,4136,USD,"1778310295.754","/v1/ach/credit","/v1/ach/debit,/v1/ach/credit,/v1/ach/status,/v1/ach/verify-account,/v1/ach/settlement,/v1/ach/return",INFO,"INFO,ERROR,EXIT",66707a5bf6700d02936f6235a9d61a1a,"{""type"":""credit"",""amount"":4136,""currency"":""USD"",""destinationAccountLast4"":""6697"",""routingNumber"":""122105155""}","{""status"":""pending"",""achStatus"":""submitted"",""estimatedSettlementDate"":""2026-05-10""}",754,R10,"R01,R02,R03,R04,R07,R08,R10,R29",122105155,"021000021,111000025,091000022,026009593,122105155","payments-service",1778310295,"66707a5b-f670-0d02-936f-6235a9d61a1a"
"2026-05-11T03:43:48.000+0000",7250,49228,USD,"1778471028.191","/v1/ach/status","/v1/ach/debit,/v1/ach/credit,/v1/ach/status,/v1/ach/verify-account,/v1/ach/settlement,/v1/ach/return",EXIT,"INFO,ERROR,EXIT",5c1751bca073c60bc35ee391fb0ef9e4,"{""transferId"":""ACH-551946"",""action"":""status""}","{""status"":""error"",""errorCode"":""ACH-504"",""message"":""gateway_timeout""}",191,R04,"R01,R02,R03,R04,R07,R08,R10,R29",111000025,"021000021,111000025,091000022,026009593,122105155","payments-service",1778471028,"5c1751bc-a073-c60b-c35e-e391fb0ef9e4"
"2026-05-06T23:25:37.000+0000",4026,24533,USD,"1778109937.549","/v1/ach/verify-account","/v1/ach/debit,/v1/ach/credit,/v1/ach/status,/v1/ach/verify-account,/v1/ach/settlement,/v1/ach/return",EXIT,"INFO,ERROR,EXIT",52ba387747f655b31b9532dcf4542863,"{""accountLast4"":""4026"",""routingNumber"":""091000022""}","{""status"":""error"",""errorCode"":""ACH-504"",""message"":""gateway_timeout""}",549,R29,"R01,R02,R03,R04,R07,R08,R10,R29",091000022,"021000021,111000025,091000022,026009593,122105155","payments-service",1778109937,"52ba3877-47f6-55b3-1b95-32dcf4542863"
"2026-05-07T20:02:12.000+0000",2766,7082,USD,"1778184132.425","/v1/ach/status","/v1/ach/debit,/v1/ach/credit,/v1/ach/status,/v1/ach/verify-account,/v1/ach/settlement,/v1/ach/return",ERROR,"INFO,ERROR,EXIT",9d3ea6927a9c69dc6f04bb1aecc70d16,"{""transferId"":""ACH-220772"",""action"":""status""}","{""status"":""returned"",""achStatus"":""returned"",""returnCode"":""R08"",""reason"":""bank_return""}",425,R08,"R01,R02,R03,R04,R07,R08,R10,R29",122105155,"021000021,111000025,091000022,026009593,122105155","payments-service",1778184132,"9d3ea692-7a9c-69dc-6f04-bb1aecc70d16"
"2026-05-08T20:03:20.000+0000",3188,14900,USD,"1778270600.39","/v1/ach/debit","/v1/ach/debit,/v1/ach/credit,/v1/ach/status,/v1/ach/verify-account,/v1/ach/settlement,/v1/ach/return",ERROR,"INFO,ERROR,EXIT",24259fd785e95e75779873b001dbd74e,"{""type"":""debit"",""amount"":14900,""currency"":""USD"",""accountLast4"":""3188"",""routingNumber"":""111000025""}","{""status"":""returned"",""achStatus"":""returned"",""returnCode"":""R04"",""reason"":""bank_return""}",390,R04,"R01,R02,R03,R04,R07,R08,R10,R29",111000025,"021000021,111000025,091000022,026009593,122105155","payments-service",1778270600,"24259fd7-85e9-5e75-7798-73b001dbd74e"
"2026-05-08T04:46:03.000+0000",8633,15287,USD,"1778215563.338","/v1/ach/debit","/v1/ach/debit,/v1/ach/credit,/v1/ach/status,/v1/ach/verify-account,/v1/ach/settlement,/v1/ach/return",INFO,"INFO,ERROR,EXIT",cae6c83ca2062f2ce93e62f276bf77b1,"{""type"":""debit"",""amount"":15287,""currency"":""USD"",""accountLast4"":""8633"",""routingNumber"":""091000022""}","{""status"":""pending"",""achStatus"":""submitted"",""estimatedSettlementDate"":""2026-05-09""}",338,R10,"R01,R02,R03,R04,R07,R08,R10,R29",091000022,"021000021,111000025,091000022,026009593,122105155","payments-service",1778215563,"cae6c83c-a206-2f2c-e93e-62f276bf77b1"
"2026-05-07T21:21:40.000+0000",5913,28145,USD,"1778188900.462","/v1/ach/verify-account","/v1/ach/debit,/v1/ach/credit,/v1/ach/status,/v1/ach/verify-account,/v1/ach/settlement,/v1/ach/return",ERROR,"INFO,ERROR,EXIT",f09c1cf83481718dc516587d2010a4f2,"{""accountLast4"":""5913"",""routingNumber"":""091000022""}","{""status"":""returned"",""achStatus"":""returned"",""returnCode"":""R02"",""reason"":""bank_return""}",462,R02,"R01,R02,R03,R04,R07,R08,R10,R29",091000022,"021000021,111000025,091000022,026009593,122105155","payments-service",1778188900,"f09c1cf8-3481-718d-c516-587d2010a4f2"
"2026-05-11T15:57:57.000+0000",4511,10205,USD,"1778515077.952","/v1/ach/status","/v1/ach/debit,/v1/ach/credit,/v1/ach/status,/v1/ach/verify-account,/v1/ach/settlement,/v1/ach/return",EXIT,"INFO,ERROR,EXIT",0ca3c7628207617cfffa8f7ddbfca443,"{""transferId"":""ACH-719006"",""action"":""status""}","{""status"":""error"",""errorCode"":""ACH-504"",""message"":""gateway_timeout""}",952,R08,"R01,R02,R03,R04,R07,R08,R10,R29",122105155,"021000021,111000025,091000022,026009593,122105155","payments-service",1778515077,"0ca3c762-8207-617c-fffa-8f7ddbfca443"
"2026-05-11T23:50:36.000+0000",4115,20772,USD,"1778543436.554","/v1/ach/debit","/v1/ach/debit,/v1/ach/credit,/v1/ach/status,/v1/ach/verify-account,/v1/ach/settlement,/v1/ach/return",ERROR,"INFO,ERROR,EXIT",d9cd30dcb5e8726ad6fafc3797ddbf8b,"{""type"":""debit"",""amount"":20772,""currency"":""USD"",""accountLast4"":""4115"",""routingNumber"":""122105155""}","{""status"":""returned"",""achStatus"":""returned"",""returnCode"":""R02"",""reason"":""bank_return""}",554,R02,"R01,R02,R03,R04,R07,R08,R10,R29",122105155,"021000021,111000025,091000022,026009593,122105155","payments-service",1778543436,"d9cd30dc-b5e8-726a-d6fa-fc3797ddbf8b"
"2026-05-07T01:19:41.000+0000",2949,29357,USD,"1778116781.332","/v1/ach/settlement","/v1/ach/debit,/v1/ach/credit,/v1/ach/status,/v1/ach/verify-account,/v1/ach/settlement,/v1/ach/return",EXIT,"INFO,ERROR,EXIT",d0a5539e5bd077d3eb3b65007628b6fb,"{""transferId"":""ACH-942578"",""action"":""settlement""}","{""status"":""error"",""errorCode"":""ACH-504"",""message"":""gateway_timeout""}",332,R07,"R01,R02,R03,R04,R07,R08,R10,R29",111000025,"021000021,111000025,091000022,026009593,122105155","payments-service",1778116781,"d0a5539e-5bd0-77d3-eb3b-65007628b6fb"
"2026-05-05T21:02:20.000+0000",2256,2017,USD,"1778014940.808","/v1/ach/credit","/v1/ach/debit,/v1/ach/credit,/v1/ach/status,/v1/ach/verify-account,/v1/ach/settlement,/v1/ach/return",INFO,"INFO,ERROR,EXIT",eb134068a4e0bf1d4effa746d8540fde,"{""type"":""credit"",""amount"":2017,""currency"":""USD"",""destinationAccountLast4"":""2256"",""routingNumber"":""111000025""}","{""status"":""pending"",""achStatus"":""submitted"",""estimatedSettlementDate"":""2026-05-06""}",808,R07,"R01,R02,R03,R04,R07,R08,R10,R29",111000025,"021000021,111000025,091000022,026009593,122105155","payments-service",1778014940,"eb134068-a4e0-bf1d-4eff-a746d8540fde"
"2026-05-11T12:40:14.000+0000",2474,24035,USD,"1778503214.779","/v1/ach/credit","/v1/ach/debit,/v1/ach/credit,/v1/ach/status,/v1/ach/verify-account,/v1/ach/settlement,/v1/ach/return",INFO,"INFO,ERROR,EXIT",643c2b37fdc9c8817883284fab1e5df2,"{""type"":""credit"",""amount"":24035,""currency"":""USD"",""destinationAccountLast4"":""2474"",""routingNumber"":""026009593""}","{""status"":""pending"",""achStatus"":""submitted"",""estimatedSettlementDate"":""2026-05-12""}",779,R03,"R01,R02,R03,R04,R07,R08,R10,R29",026009593,"021000021,111000025,091000022,026009593,122105155","payments-service",1778503214,"643c2b37-fdc9-c881-7883-284fab1e5df2"
"2026-05-12T02:31:08.000+0000",9557,25573,USD,"1778553069.013","/v1/ach/settlement","/v1/ach/debit,/v1/ach/credit,/v1/ach/status,/v1/ach/verify-account,/v1/ach/settlement,/v1/ach/return",INFO,"INFO,ERROR,EXIT",1b44ab0b784aaef8d972edacb530b4f2,"{""transferId"":""ACH-708067"",""action"":""settlement""}","{""status"":""unknown""}",1013,R03,"R01,R02,R03,R04,R07,R08,R10,R29",091000022,"021000021,111000025,091000022,026009593,122105155","payments-service",1778553068,"1b44ab0b-784a-aef8-d972-edacb530b4f2"
"2026-05-10T14:49:07.000+0000",5864,1242,USD,"1778424547.136","/v1/ach/return","/v1/ach/debit,/v1/ach/credit,/v1/ach/status,/v1/ach/verify-account,/v1/ach/settlement,/v1/ach/return",INFO,"INFO,ERROR,EXIT",66e343abc6aaa1b92d9de4bd009efb34,"{""transferId"":""ACH-529403"",""action"":""return""}","{""status"":""unknown""}",136,R04,"R01,R02,R03,R04,R07,R08,R10,R29",111000025,"021000021,111000025,091000022,026009593,122105155","payments-service",1778424547,"66e343ab-c6aa-a1b9-2d9d-e4bd009efb34"
"2026-05-11T06:28:43.000+0000",6853,7787,USD,"1778480924.015","/v1/ach/return","/v1/ach/debit,/v1/ach/credit,/v1/ach/status,/v1/ach/verify-account,/v1/ach/settlement,/v1/ach/return",INFO,"INFO,ERROR,EXIT",212ea1cc9e14dec891801eba649e9913,"{""transferId"":""ACH-262260"",""action"":""return""}","{""status"":""unknown""}",1015,R10,"R01,R02,R03,R04,R07,R08,R10,R29",026009593,"021000021,111000025,091000022,026009593,122105155","payments-service",1778480923,"212ea1cc-9e14-dec8-9180-1eba649e9913"
"2026-05-06T06:56:31.000+0000",3443,37508,USD,"1778050591.808","/v1/ach/verify-account","/v1/ach/debit,/v1/ach/credit,/v1/ach/status,/v1/ach/verify-account,/v1/ach/settlement,/v1/ach/return",ERROR,"INFO,ERROR,EXIT",a275d152d1a191b58fedff88b09dc459,"{""accountLast4"":""3443"",""routingNumber"":""026009593""}","{""status"":""returned"",""achStatus"":""returned"",""returnCode"":""R07"",""reason"":""bank_return""}",808,R07,"R01,R02,R03,R04,R07,R08,R10,R29",026009593,"021000021,111000025,091000022,026009593,122105155","payments-service",1778050591,"a275d152-d1a1-91b5-8fed-ff88b09dc459"
"2026-05-12T03:41:52.000+0000",3796,11157,USD,"1778557312.613","/v1/ach/verify-account","/v1/ach/debit,/v1/ach/credit,/v1/ach/status,/v1/ach/verify-account,/v1/ach/settlement,/v1/ach/return",INFO,"INFO,ERROR,EXIT",6814698b601381af0f7ed7d69bfcd3d9,"{""accountLast4"":""3796"",""routingNumber"":""122105155""}","{""status"":""unknown""}",613,R01,"R01,R02,R03,R04,R07,R08,R10,R29",122105155,"021000021,111000025,091000022,026009593,122105155","payments-service",1778557312,"6814698b-6013-81af-0f7e-d7d69bfcd3d9"
"2026-05-11T06:18:42.000+0000",5737,9458,USD,"1778480322.524","/v1/ach/return","/v1/ach/debit,/v1/ach/credit,/v1/ach/status,/v1/ach/verify-account,/v1/ach/settlement,/v1/ach/return",EXIT,"INFO,ERROR,EXIT",45600c6cc471f389e6c0bed4627ddcc6,"{""transferId"":""ACH-316609"",""action"":""return""}","{""status"":""error"",""errorCode"":""ACH-504"",""message"":""gateway_timeout""}",524,R10,"R01,R02,R03,R04,R07,R08,R10,R29",021000021,"021000021,111000025,091000022,026009593,122105155","payments-service",1778480322,"45600c6c-c471-f389-e6c0-bed4627ddcc6"
"2026-05-08T23:47:13.000+0000",3755,45439,USD,"1778284033.195","/v1/ach/return","/v1/ach/debit,/v1/ach/credit,/v1/ach/status,/v1/ach/verify-account,/v1/ach/settlement,/v1/ach/return",ERROR,"INFO,ERROR,EXIT",657f8bb1d54ff5d0b299025629292b9e,"{""transferId"":""ACH-535326"",""action"":""return""}","{""status"":""returned"",""achStatus"":""returned"",""returnCode"":""R10"",""reason"":""bank_return""}",195,R10,"R01,R02,R03,R04,R07,R08,R10,R29",122105155,"021000021,111000025,091000022,026009593,122105155","payments-service",1778284033,"657f8bb1-d54f-f5d0-b299-025629292b9e"
"2026-05-11T02:08:08.000+0000",6396,16680,USD,"1778465288.687","/v1/ach/settlement","/v1/ach/debit,/v1/ach/credit,/v1/ach/status,/v1/ach/verify-account,/v1/ach/settlement,/v1/ach/return",EXIT,"INFO,ERROR,EXIT",b8f57109e271f9dfc25623c0c037aaba,"{""transferId"":""ACH-760825"",""action"":""settlement""}","{""status"":""error"",""errorCode"":""ACH-504"",""message"":""gateway_timeout""}",687,R10,"R01,R02,R03,R04,R07,R08,R10,R29",026009593,"021000021,111000025,091000022,026009593,122105155","payments-service",1778465288,"b8f57109-e271-f9df-c256-23c0c037aaba"
"2026-05-06T08:39:14.000+0000",1586,23793,USD,"1778056754.178","/v1/ach/verify-account","/v1/ach/debit,/v1/ach/credit,/v1/ach/status,/v1/ach/verify-account,/v1/ach/settlement,/v1/ach/return",EXIT,"INFO,ERROR,EXIT",479e95533483ab53c8179b8fcf245316,"{""accountLast4"":""1586"",""routingNumber"":""091000022""}","{""status"":""error"",""errorCode"":""ACH-504"",""message"":""gateway_timeout""}",178,R02,"R01,R02,R03,R04,R07,R08,R10,R29",091000022,"021000021,111000025,091000022,026009593,122105155","payments-service",1778056754,"479e9553-3483-ab53-c817-9b8fcf245316"
"2026-05-07T03:10:12.000+0000",6956,29361,USD,"1778123412.625","/v1/ach/status","/v1/ach/debit,/v1/ach/credit,/v1/ach/status,/v1/ach/verify-account,/v1/ach/settlement,/v1/ach/return",ERROR,"INFO,ERROR,EXIT",bb8ef10d278499f110608792d0e0e951,"{""transferId"":""ACH-825346"",""action"":""status""}","{""status"":""returned"",""achStatus"":""returned"",""returnCode"":""R07"",""reason"":""bank_return""}",625,R07,"R01,R02,R03,R04,R07,R08,R10,R29",111000025,"021000021,111000025,091000022,026009593,122105155","payments-service",1778123412,"bb8ef10d-2784-99f1-1060-8792d0e0e951"
"2026-05-08T00:16:02.000+0000",3915,41996,USD,"1778199363.073","/v1/ach/verify-account","/v1/ach/debit,/v1/ach/credit,/v1/ach/status,/v1/ach/verify-account,/v1/ach/settlement,/v1/ach/return",EXIT,"INFO,ERROR,EXIT",e77ca06403d2dedfdf21aada12a527db,"{""accountLast4"":""3915"",""routingNumber"":""021000021""}","{""status"":""error"",""errorCode"":""ACH-504"",""message"":""gateway_timeout""}",1073,R07,"R01,R02,R03,R04,R07,R08,R10,R29",021000021,"021000021,111000025,091000022,026009593,122105155","payments-service",1778199362,"e77ca064-03d2-dedf-df21-aada12a527db"
"2026-05-06T19:40:58.000+0000",8460,32687,USD,"1778096458.623","/v1/ach/return","/v1/ach/debit,/v1/ach/credit,/v1/ach/status,/v1/ach/verify-account,/v1/ach/settlement,/v1/ach/return",EXIT,"INFO,ERROR,EXIT",e1ca40ed4152a46ec2c05616fa6584e8,"{""transferId"":""ACH-967174"",""action"":""return""}","{""status"":""error"",""errorCode"":""ACH-504"",""message"":""gateway_timeout""}",623,R02,"R01,R02,R03,R04,R07,R08,R10,R29",021000021,"021000021,111000025,091000022,026009593,122105155","payments-service",1778096458,"e1ca40ed-4152-a46e-c2c0-5616fa6584e8"
"2026-05-08T19:50:10.000+0000",6699,32995,USD,"1778269810.397","/v1/ach/credit","/v1/ach/debit,/v1/ach/credit,/v1/ach/status,/v1/ach/verify-account,/v1/ach/settlement,/v1/ach/return",EXIT,"INFO,ERROR,EXIT",5cf192dc9af0dbf8517ea41f3119b5ca,"{""type"":""credit"",""amount"":32995,""currency"":""USD"",""destinationAccountLast4"":""6699"",""routingNumber"":""026009593""}","{""status"":""error"",""errorCode"":""ACH-504"",""message"":""gateway_timeout""}",397,R03,"R01,R02,R03,R04,R07,R08,R10,R29",026009593,"021000021,111000025,091000022,026009593,122105155","payments-service",1778269810,"5cf192dc-9af0-dbf8-517e-a41f3119b5ca"
"2026-05-08T04:40:15.000+0000",7968,4870,USD,"1778215215.331","/v1/ach/settlement","/v1/ach/debit,/v1/ach/credit,/v1/ach/status,/v1/ach/verify-account,/v1/ach/settlement,/v1/ach/return",ERROR,"INFO,ERROR,EXIT",b7522f84c9938a9bda953699a13ec4f8,"{""transferId"":""ACH-451014"",""action"":""settlement""}","{""status"":""returned"",""achStatus"":""returned"",""returnCode"":""R03"",""reason"":""bank_return""}",331,R03,"R01,R02,R03,R04,R07,R08,R10,R29",091000022,"021000021,111000025,091000022,026009593,122105155","payments-service",1778215215,"b7522f84-c993-8a9b-da95-3699a13ec4f8"
"2026-05-08T21:34:40.000+0000",7596,35864,USD,"1778276080.183","/v1/ach/status","/v1/ach/debit,/v1/ach/credit,/v1/ach/status,/v1/ach/verify-account,/v1/ach/settlement,/v1/ach/return",EXIT,"INFO,ERROR,EXIT",d4cf6369fd5377ad1cdb522cead2a273,"{""transferId"":""ACH-627615"",""action"":""status""}","{""status"":""error"",""errorCode"":""ACH-504"",""message"":""gateway_timeout""}",183,R10,"R01,R02,R03,R04,R07,R08,R10,R29",026009593,"021000021,111000025,091000022,026009593,122105155","payments-service",1778276080,"d4cf6369-fd53-77ad-1cdb-522cead2a273"
"2026-05-07T03:04:39.000+0000",8068,12819,USD,"1778123079.794","/v1/ach/settlement","/v1/ach/debit,/v1/ach/credit,/v1/ach/status,/v1/ach/verify-account,/v1/ach/settlement,/v1/ach/return",INFO,"INFO,ERROR,EXIT",1cdb666ca2bba84b97366fe7648c6f0d,"{""transferId"":""ACH-736850"",""action"":""settlement""}","{""status"":""unknown""}",794,R29,"R01,R02,R03,R04,R07,R08,R10,R29",111000025,"021000021,111000025,091000022,026009593,122105155","payments-service",1778123079,"1cdb666c-a2bb-a84b-9736-6fe7648c6f0d"
"2026-05-09T05:03:02.000+0000",9184,47651,USD,"1778302982.988","/v1/ach/return","/v1/ach/debit,/v1/ach/credit,/v1/ach/status,/v1/ach/verify-account,/v1/ach/settlement,/v1/ach/return",EXIT,"INFO,ERROR,EXIT",daa43b3473c90884f5db4b3f79616e63,"{""transferId"":""ACH-569743"",""action"":""return""}","{""status"":""error"",""errorCode"":""ACH-504"",""message"":""gateway_timeout""}",988,R07,"R01,R02,R03,R04,R07,R08,R10,R29",026009593,"021000021,111000025,091000022,026009593,122105155","payments-service",1778302982,"daa43b34-73c9-0884-f5db-4b3f79616e63"
"2026-05-07T18:12:43.000+0000",2441,44837,USD,"1778177563.993","/v1/ach/return","/v1/ach/debit,/v1/ach/credit,/v1/ach/status,/v1/ach/verify-account,/v1/ach/settlement,/v1/ach/return",EXIT,"INFO,ERROR,EXIT",92435280366267505126f5d707755164,"{""transferId"":""ACH-634860"",""action"":""return""}","{""status"":""error"",""errorCode"":""ACH-504"",""message"":""gateway_timeout""}",993,R07,"R01,R02,R03,R04,R07,R08,R10,R29",122105155,"021000021,111000025,091000022,026009593,122105155","payments-service",1778177563,"92435280-3662-6750-5126-f5d707755164"
"2026-05-08T09:51:53.000+0000",4841,23549,USD,"1778233913.384","/v1/ach/settlement","/v1/ach/debit,/v1/ach/credit,/v1/ach/status,/v1/ach/verify-account,/v1/ach/settlement,/v1/ach/return",EXIT,"INFO,ERROR,EXIT",11a2528a9416c2988391e259aa6d5cb4,"{""transferId"":""ACH-172069"",""action"":""settlement""}","{""status"":""error"",""errorCode"":""ACH-504"",""message"":""gateway_timeout""}",384,R10,"R01,R02,R03,R04,R07,R08,R10,R29",122105155,"021000021,111000025,091000022,026009593,122105155","payments-service",1778233913,"11a2528a-9416-c298-8391-e259aa6d5cb4"
"2026-05-08T03:29:07.000+0000",2195,16993,USD,"1778210947.524","/v1/ach/status","/v1/ach/debit,/v1/ach/credit,/v1/ach/status,/v1/ach/verify-account,/v1/ach/settlement,/v1/ach/return",EXIT,"INFO,ERROR,EXIT",c568b3f5af0ac4cad0e8dc3696f173f8,"{""transferId"":""ACH-762112"",""action"":""status""}","{""status"":""error"",""errorCode"":""ACH-504"",""message"":""gateway_timeout""}",524,R10,"R01,R02,R03,R04,R07,R08,R10,R29",026009593,"021000021,111000025,091000022,026009593,122105155","payments-service",1778210947,"c568b3f5-af0a-c4ca-d0e8-dc3696f173f8"
"2026-05-12T07:35:49.000+0000",7295,42943,USD,"1778571349.041","/v1/ach/status","/v1/ach/debit,/v1/ach/credit,/v1/ach/status,/v1/ach/verify-account,/v1/ach/settlement,/v1/ach/return",INFO,"INFO,ERROR,EXIT",ece1a9aeffd4aa16ba60f4aaf994a432,"{""transferId"":""ACH-716455"",""action"":""status""}","{""status"":""settled"",""achStatus"":""completed"",""settledAt"":""2026-05-12T07:35:49Z""}",41,R01,"R01,R02,R03,R04,R07,R08,R10,R29",111000025,"021000021,111000025,091000022,026009593,122105155","payments-service",1778571349,"ece1a9ae-ffd4-aa16-ba60-f4aaf994a432"
"2026-05-12T01:09:07.000+0000",8149,49860,USD,"1778548147.421","/v1/ach/return","/v1/ach/debit,/v1/ach/credit,/v1/ach/status,/v1/ach/verify-account,/v1/ach/settlement,/v1/ach/return",EXIT,"INFO,ERROR,EXIT",8ea6cd808d4e63ac63c28a17734c3c14,"{""transferId"":""ACH-931384"",""action"":""return""}","{""status"":""error"",""errorCode"":""ACH-504"",""message"":""gateway_timeout""}",421,R03,"R01,R02,R03,R04,R07,R08,R10,R29",026009593,"021000021,111000025,091000022,026009593,122105155","payments-service",1778548147,"8ea6cd80-8d4e-63ac-63c2-8a17734c3c14"
"2026-05-08T09:11:42.000+0000",5934,29287,USD,"1778231502.481","/v1/ach/settlement","/v1/ach/debit,/v1/ach/credit,/v1/ach/status,/v1/ach/verify-account,/v1/ach/settlement,/v1/ach/return",ERROR,"INFO,ERROR,EXIT",3bfbd136287ade19c850ae9c00450095,"{""transferId"":""ACH-709826"",""action"":""settlement""}","{""status"":""returned"",""achStatus"":""returned"",""returnCode"":""R03"",""reason"":""bank_return""}",481,R03,"R01,R02,R03,R04,R07,R08,R10,R29",021000021,"021000021,111000025,091000022,026009593,122105155","payments-service",1778231502,"3bfbd136-287a-de19-c850-ae9c00450095"
"2026-05-09T14:37:37.000+0000",8294,10534,USD,"1778337457.149","/v1/ach/credit","/v1/ach/debit,/v1/ach/credit,/v1/ach/status,/v1/ach/verify-account,/v1/ach/settlement,/v1/ach/return",ERROR,"INFO,ERROR,EXIT",476c7501f686c945b8097fc38e2af66e,"{""type"":""credit"",""amount"":10534,""currency"":""USD"",""destinationAccountLast4"":""8294"",""routingNumber"":""111000025""}","{""status"":""returned"",""achStatus"":""returned"",""returnCode"":""R10"",""reason"":""bank_return""}",149,R10,"R01,R02,R03,R04,R07,R08,R10,R29",111000025,"021000021,111000025,091000022,026009593,122105155","payments-service",1778337457,"476c7501-f686-c945-b809-7fc38e2af66e"
"2026-05-10T00:41:59.000+0000",6564,21588,USD,"1778373720.079","/v1/ach/debit","/v1/ach/debit,/v1/ach/credit,/v1/ach/status,/v1/ach/verify-account,/v1/ach/settlement,/v1/ach/return",EXIT,"INFO,ERROR,EXIT",fb6ff6ebd408bb00612f0b274b927fcf,"{""type"":""debit"",""amount"":21588,""currency"":""USD"",""accountLast4"":""6564"",""routingNumber"":""091000022""}","{""status"":""error"",""errorCode"":""ACH-504"",""message"":""gateway_timeout""}",1079,R08,"R01,R02,R03,R04,R07,R08,R10,R29",091000022,"021000021,111000025,091000022,026009593,122105155","payments-service",1778373719,"fb6ff6eb-d408-bb00-612f-0b274b927fcf"
"2026-05-08T21:25:10.000+0000",8984,14567,USD,"1778275510.951","/v1/ach/return","/v1/ach/debit,/v1/ach/credit,/v1/ach/status,/v1/ach/verify-account,/v1/ach/settlement,/v1/ach/return",ERROR,"INFO,ERROR,EXIT",5e11162618c7793560870d804e8e2a99,"{""transferId"":""ACH-372827"",""action"":""return""}","{""status"":""returned"",""achStatus"":""returned"",""returnCode"":""R07"",""reason"":""bank_return""}",951,R07,"R01,R02,R03,R04,R07,R08,R10,R29",021000021,"021000021,111000025,091000022,026009593,122105155","payments-service",1778275510,"5e111626-18c7-7935-6087-0d804e8e2a99"
"2026-05-10T13:58:58.000+0000",3777,27914,USD,"1778421538.966","/v1/ach/verify-account","/v1/ach/debit,/v1/ach/credit,/v1/ach/status,/v1/ach/verify-account,/v1/ach/settlement,/v1/ach/return",ERROR,"INFO,ERROR,EXIT",5d94fe4891795e25c3b5bbdb8ba4239d,"{""accountLast4"":""3777"",""routingNumber"":""111000025""}","{""status"":""returned"",""achStatus"":""returned"",""returnCode"":""R03"",""reason"":""bank_return""}",966,R03,"R01,R02,R03,R04,R07,R08,R10,R29",111000025,"021000021,111000025,091000022,026009593,122105155","payments-service",1778421538,"5d94fe48-9179-5e25-c3b5-bbdb8ba4239d"
"2026-05-10T17:00:09.000+0000",9052,31380,USD,"1778432410.207","/v1/ach/settlement","/v1/ach/debit,/v1/ach/credit,/v1/ach/status,/v1/ach/verify-account,/v1/ach/settlement,/v1/ach/return",INFO,"INFO,ERROR,EXIT",78ada1b45808b262db42da522784e1ec,"{""transferId"":""ACH-302911"",""action"":""settlement""}","{""status"":""unknown""}",1207,R02,"R01,R02,R03,R04,R07,R08,R10,R29",122105155,"021000021,111000025,091000022,026009593,122105155","payments-service",1778432409,"78ada1b4-5808-b262-db42-da522784e1ec"
"2026-05-10T04:18:08.000+0000",6193,13966,USD,"1778386688.89","/v1/ach/status","/v1/ach/debit,/v1/ach/credit,/v1/ach/status,/v1/ach/verify-account,/v1/ach/settlement,/v1/ach/return",INFO,"INFO,ERROR,EXIT",a233b753d689b6bb9bfaed386f10f358,"{""transferId"":""ACH-641266"",""action"":""status""}","{""status"":""settled"",""achStatus"":""completed"",""settledAt"":""2026-05-10T04:18:08Z""}",890,R10,"R01,R02,R03,R04,R07,R08,R10,R29",122105155,"021000021,111000025,091000022,026009593,122105155","payments-service",1778386688,"a233b753-d689-b6bb-9bfa-ed386f10f358"
"2026-05-05T13:30:45.000+0000",1338,17503,USD,"1777987845.752","/v1/ach/debit","/v1/ach/debit,/v1/ach/credit,/v1/ach/status,/v1/ach/verify-account,/v1/ach/settlement,/v1/ach/return",EXIT,"INFO,ERROR,EXIT",a865eb272f15c53e81febaf0f5a50b41,"{""type"":""debit"",""amount"":17503,""currency"":""USD"",""accountLast4"":""1338"",""routingNumber"":""111000025""}","{""status"":""error"",""errorCode"":""ACH-504"",""message"":""gateway_timeout""}",752,R01,"R01,R02,R03,R04,R07,R08,R10,R29",111000025,"021000021,111000025,091000022,026009593,122105155","payments-service",1777987845,"a865eb27-2f15-c53e-81fe-baf0f5a50b41"
"2026-05-07T09:19:34.000+0000",6535,11106,USD,"1778145574.677","/v1/ach/settlement","/v1/ach/debit,/v1/ach/credit,/v1/ach/status,/v1/ach/verify-account,/v1/ach/settlement,/v1/ach/return",INFO,"INFO,ERROR,EXIT",bcfaef3b9c9b082c4bb3fd0d6daca61e,"{""transferId"":""ACH-247253"",""action"":""settlement""}","{""status"":""unknown""}",677,R04,"R01,R02,R03,R04,R07,R08,R10,R29",091000022,"021000021,111000025,091000022,026009593,122105155","payments-service",1778145574,"bcfaef3b-9c9b-082c-4bb3-fd0d6daca61e"
"2026-05-07T18:48:14.000+0000",4574,33617,USD,"1778179694.186","/v1/ach/return","/v1/ach/debit,/v1/ach/credit,/v1/ach/status,/v1/ach/verify-account,/v1/ach/settlement,/v1/ach/return",EXIT,"INFO,ERROR,EXIT",9a0e1ec05e712dd51864e2aa1f616d4b,"{""transferId"":""ACH-316314"",""action"":""return""}","{""status"":""error"",""errorCode"":""ACH-504"",""message"":""gateway_timeout""}",186,R08,"R01,R02,R03,R04,R07,R08,R10,R29",111000025,"021000021,111000025,091000022,026009593,122105155","payments-service",1778179694,"9a0e1ec0-5e71-2dd5-1864-e2aa1f616d4b"
"2026-05-08T15:42:10.000+0000",6735,29766,USD,"1778254930.511","/v1/ach/settlement","/v1/ach/debit,/v1/ach/credit,/v1/ach/status,/v1/ach/verify-account,/v1/ach/settlement,/v1/ach/return",EXIT,"INFO,ERROR,EXIT",5b2e4b7001d8ac2b2ea45e9aa78e070a,"{""transferId"":""ACH-647861"",""action"":""settlement""}","{""status"":""error"",""errorCode"":""ACH-504"",""message"":""gateway_timeout""}",511,R01,"R01,R02,R03,R04,R07,R08,R10,R29",111000025,"021000021,111000025,091000022,026009593,122105155","payments-service",1778254930,"5b2e4b70-01d8-ac2b-2ea4-5e9aa78e070a"
"2026-05-09T13:24:33.000+0000",1897,36903,USD,"1778333073.298","/v1/ach/credit","/v1/ach/debit,/v1/ach/credit,/v1/ach/status,/v1/ach/verify-account,/v1/ach/settlement,/v1/ach/return",ERROR,"INFO,ERROR,EXIT",9e81eff44c39307fd97bdfda43e31869,"{""type"":""credit"",""amount"":36903,""currency"":""USD"",""destinationAccountLast4"":""1897"",""routingNumber"":""122105155""}","{""status"":""returned"",""achStatus"":""returned"",""returnCode"":""R08"",""reason"":""bank_return""}",298,R08,"R01,R02,R03,R04,R07,R08,R10,R29",122105155,"021000021,111000025,091000022,026009593,122105155","payments-service",1778333073,"9e81eff4-4c39-307f-d97b-dfda43e31869"
"2026-05-12T01:04:56.000+0000",8751,13262,USD,"1778547896.098","/v1/ach/verify-account","/v1/ach/debit,/v1/ach/credit,/v1/ach/status,/v1/ach/verify-account,/v1/ach/settlement,/v1/ach/return",INFO,"INFO,ERROR,EXIT",aa039766efd4341f4a4872f26a2ade3d,"{""accountLast4"":""8751"",""routingNumber"":""111000025""}","{""status"":""unknown""}",98,R01,"R01,R02,R03,R04,R07,R08,R10,R29",111000025,"021000021,111000025,091000022,026009593,122105155","payments-service",1778547896,"aa039766-efd4-341f-4a48-72f26a2ade3d"
"2026-05-12T02:18:37.000+0000",6278,37877,USD,"1778552318.109","/v1/ach/debit","/v1/ach/debit,/v1/ach/credit,/v1/ach/status,/v1/ach/verify-account,/v1/ach/settlement,/v1/ach/return",EXIT,"INFO,ERROR,EXIT",e5ed89edcf43753a090ccd3991c32ec5,"{""type"":""debit"",""amount"":37877,""currency"":""USD"",""accountLast4"":""6278"",""routingNumber"":""122105155""}","{""status"":""error"",""errorCode"":""ACH-504"",""message"":""gateway_timeout""}",1109,R03,"R01,R02,R03,R04,R07,R08,R10,R29",122105155,"021000021,111000025,091000022,026009593,122105155","payments-service",1778552317,"e5ed89ed-cf43-753a-090c-cd3991c32ec5"
"2026-05-08T17:20:57.000+0000",7909,44054,USD,"1778260857.709","/v1/ach/settlement","/v1/ach/debit,/v1/ach/credit,/v1/ach/status,/v1/ach/verify-account,/v1/ach/settlement,/v1/ach/return",INFO,"INFO,ERROR,EXIT",7d253423d91aa54f30d638b28cebd90d,"{""transferId"":""ACH-253485"",""action"":""settlement""}","{""status"":""unknown""}",709,R08,"R01,R02,R03,R04,R07,R08,R10,R29",026009593,"021000021,111000025,091000022,026009593,122105155","payments-service",1778260857,"7d253423-d91a-a54f-30d6-38b28cebd90d"
"2026-05-10T19:44:01.000+0000",9588,15334,USD,"1778442242.063","/v1/ach/settlement","/v1/ach/debit,/v1/ach/credit,/v1/ach/status,/v1/ach/verify-account,/v1/ach/settlement,/v1/ach/return",EXIT,"INFO,ERROR,EXIT",4e657bc8fca28193d3b8fec6d1fc2cd5,"{""transferId"":""ACH-551656"",""action"":""settlement""}","{""status"":""error"",""errorCode"":""ACH-504"",""message"":""gateway_timeout""}",1063,R08,"R01,R02,R03,R04,R07,R08,R10,R29",021000021,"021000021,111000025,091000022,026009593,122105155","payments-service",1778442241,"4e657bc8-fca2-8193-d3b8-fec6d1fc2cd5"
"2026-05-06T19:47:36.000+0000",7581,4561,USD,"1778096856.91","/v1/ach/status","/v1/ach/debit,/v1/ach/credit,/v1/ach/status,/v1/ach/verify-account,/v1/ach/settlement,/v1/ach/return",INFO,"INFO,ERROR,EXIT",8c84aaf1dd4938ae0bae4fab62f2c102,"{""transferId"":""ACH-493013"",""action"":""status""}","{""status"":""settled"",""achStatus"":""completed"",""settledAt"":""2026-05-06T19:47:36Z""}",910,R02,"R01,R02,R03,R04,R07,R08,R10,R29",111000025,"021000021,111000025,091000022,026009593,122105155","payments-service",1778096856,"8c84aaf1-dd49-38ae-0bae-4fab62f2c102"
"2026-05-07T00:59:18.000+0000",2839,15192,USD,"1778115559.208","/v1/ach/return","/v1/ach/debit,/v1/ach/credit,/v1/ach/status,/v1/ach/verify-account,/v1/ach/settlement,/v1/ach/return",EXIT,"INFO,ERROR,EXIT",d940cc806fc3338288d06bea3e5d4903,"{""transferId"":""ACH-448871"",""action"":""return""}","{""status"":""error"",""errorCode"":""ACH-504"",""message"":""gateway_timeout""}",1208,R29,"R01,R02,R03,R04,R07,R08,R10,R29",091000022,"021000021,111000025,091000022,026009593,122105155","payments-service",1778115558,"d940cc80-6fc3-3382-88d0-6bea3e5d4903"
"2026-05-05T22:08:52.000+0000",3089,10259,USD,"1778018932.602","/v1/ach/credit","/v1/ach/debit,/v1/ach/credit,/v1/ach/status,/v1/ach/verify-account,/v1/ach/settlement,/v1/ach/return",ERROR,"INFO,ERROR,EXIT",bc5ff27c5513bc5c4aaa846d86df3d30,"{""type"":""credit"",""amount"":10259,""currency"":""USD"",""destinationAccountLast4"":""3089"",""routingNumber"":""021000021""}","{""status"":""returned"",""achStatus"":""returned"",""returnCode"":""R03"",""reason"":""bank_return""}",602,R03,"R01,R02,R03,R04,R07,R08,R10,R29",021000021,"021000021,111000025,091000022,026009593,122105155","payments-service",1778018932,"bc5ff27c-5513-bc5c-4aaa-846d86df3d30"
"2026-05-07T21:15:19.000+0000",7984,45266,USD,"1778188519.318","/v1/ach/debit","/v1/ach/debit,/v1/ach/credit,/v1/ach/status,/v1/ach/verify-account,/v1/ach/settlement,/v1/ach/return",ERROR,"INFO,ERROR,EXIT",d9b3285e9cb152ce3df237ef39161ab9,"{""type"":""debit"",""amount"":45266,""currency"":""USD"",""accountLast4"":""7984"",""routingNumber"":""021000021""}","{""status"":""returned"",""achStatus"":""returned"",""returnCode"":""R03"",""reason"":""bank_return""}",318,R03,"R01,R02,R03,R04,R07,R08,R10,R29",021000021,"021000021,111000025,091000022,026009593,122105155","payments-service",1778188519,"d9b3285e-9cb1-52ce-3df2-37ef39161ab9"
"2026-05-07T09:38:55.000+0000",1214,29918,USD,"1778146735.803","/v1/ach/credit","/v1/ach/debit,/v1/ach/credit,/v1/ach/status,/v1/ach/verify-account,/v1/ach/settlement,/v1/ach/return",EXIT,"INFO,ERROR,EXIT",67aaa26d44ca06987bf04e2c4265cae4,"{""type"":""credit"",""amount"":29918,""currency"":""USD"",""destinationAccountLast4"":""1214"",""routingNumber"":""026009593""}","{""status"":""error"",""errorCode"":""ACH-504"",""message"":""gateway_timeout""}",803,R01,"R01,R02,R03,R04,R07,R08,R10,R29",026009593,"021000021,111000025,091000022,026009593,122105155","payments-service",1778146735,"67aaa26d-44ca-0698-7bf0-4e2c4265cae4"
"2026-05-06T08:19:06.000+0000",2471,1025,USD,"1778055546.052","/v1/ach/settlement","/v1/ach/debit,/v1/ach/credit,/v1/ach/status,/v1/ach/verify-account,/v1/ach/settlement,/v1/ach/return",INFO,"INFO,ERROR,EXIT",7d2415d8fe794d294d7a8ef06b1ab7ce,"{""transferId"":""ACH-869190"",""action"":""settlement""}","{""status"":""unknown""}",52,R07,"R01,R02,R03,R04,R07,R08,R10,R29",026009593,"021000021,111000025,091000022,026009593,122105155","payments-service",1778055546,"7d2415d8-fe79-4d29-4d7a-8ef06b1ab7ce"
"2026-05-09T04:45:11.000+0000",9506,30897,USD,"1778301911.264","/v1/ach/verify-account","/v1/ach/debit,/v1/ach/credit,/v1/ach/status,/v1/ach/verify-account,/v1/ach/settlement,/v1/ach/return",ERROR,"INFO,ERROR,EXIT",f69bfe24b99fd7066a320a19bc10612b,"{""accountLast4"":""9506"",""routingNumber"":""122105155""}","{""status"":""returned"",""achStatus"":""returned"",""returnCode"":""R02"",""reason"":""bank_return""}",264,R02,"R01,R02,R03,R04,R07,R08,R10,R29",122105155,"021000021,111000025,091000022,026009593,122105155","payments-service",1778301911,"f69bfe24-b99f-d706-6a32-0a19bc10612b"
"2026-05-11T02:41:44.000+0000",6830,3539,USD,"1778467305.127","/v1/ach/status","/v1/ach/debit,/v1/ach/credit,/v1/ach/status,/v1/ach/verify-account,/v1/ach/settlement,/v1/ach/return",ERROR,"INFO,ERROR,EXIT",b58a0edf0bc328f49a012f8579179a0d,"{""transferId"":""ACH-662853"",""action"":""status""}","{""status"":""returned"",""achStatus"":""returned"",""returnCode"":""R07"",""reason"":""bank_return""}",1127,R07,"R01,R02,R03,R04,R07,R08,R10,R29",122105155,"021000021,111000025,091000022,026009593,122105155","payments-service",1778467304,"b58a0edf-0bc3-28f4-9a01-2f8579179a0d"
"2026-05-10T08:43:01.000+0000",7024,48254,USD,"1778402581.872","/v1/ach/return","/v1/ach/debit,/v1/ach/credit,/v1/ach/status,/v1/ach/verify-account,/v1/ach/settlement,/v1/ach/return",EXIT,"INFO,ERROR,EXIT",d9dff75243e21452442f5e2ec1a623ac,"{""transferId"":""ACH-105837"",""action"":""return""}","{""status"":""error"",""errorCode"":""ACH-504"",""message"":""gateway_timeout""}",872,R02,"R01,R02,R03,R04,R07,R08,R10,R29",026009593,"021000021,111000025,091000022,026009593,122105155","payments-service",1778402581,"d9dff752-43e2-1452-442f-5e2ec1a623ac"
"2026-05-06T11:41:53.000+0000",1935,48269,USD,"1778067713.22","/v1/ach/debit","/v1/ach/debit,/v1/ach/credit,/v1/ach/status,/v1/ach/verify-account,/v1/ach/settlement,/v1/ach/return",ERROR,"INFO,ERROR,EXIT",efd41a21f3ee9eab7677f609356fe73a,"{""type"":""debit"",""amount"":48269,""currency"":""USD"",""accountLast4"":""1935"",""routingNumber"":""026009593""}","{""status"":""returned"",""achStatus"":""returned"",""returnCode"":""R08"",""reason"":""bank_return""}",220,R08,"R01,R02,R03,R04,R07,R08,R10,R29",026009593,"021000021,111000025,091000022,026009593,122105155","payments-service",1778067713,"efd41a21-f3ee-9eab-7677-f609356fe73a"
"2026-05-07T15:47:03.000+0000",2530,16288,USD,"1778168823.395","/v1/ach/status","/v1/ach/debit,/v1/ach/credit,/v1/ach/status,/v1/ach/verify-account,/v1/ach/settlement,/v1/ach/return",INFO,"INFO,ERROR,EXIT",a269b4764c4ad7d62e15c7c9e04d8c8d,"{""transferId"":""ACH-855248"",""action"":""status""}","{""status"":""settled"",""achStatus"":""completed"",""settledAt"":""2026-05-07T15:47:03Z""}",395,R10,"R01,R02,R03,R04,R07,R08,R10,R29",026009593,"021000021,111000025,091000022,026009593,122105155","payments-service",1778168823,"a269b476-4c4a-d7d6-2e15-c7c9e04d8c8d"
"2026-05-08T09:10:35.000+0000",7819,31940,USD,"1778231435.649","/v1/ach/credit","/v1/ach/debit,/v1/ach/credit,/v1/ach/status,/v1/ach/verify-account,/v1/ach/settlement,/v1/ach/return",INFO,"INFO,ERROR,EXIT",f2f1835d2c6461cf7c69e0e4dcc7fd1a,"{""type"":""credit"",""amount"":31940,""currency"":""USD"",""destinationAccountLast4"":""7819"",""routingNumber"":""091000022""}","{""status"":""pending"",""achStatus"":""submitted"",""estimatedSettlementDate"":""2026-05-09""}",649,R29,"R01,R02,R03,R04,R07,R08,R10,R29",091000022,"021000021,111000025,091000022,026009593,122105155","payments-service",1778231435,"f2f1835d-2c64-61cf-7c69-e0e4dcc7fd1a"
"2026-05-09T04:35:32.000+0000",8883,15903,USD,"1778301333.21","/v1/ach/return","/v1/ach/debit,/v1/ach/credit,/v1/ach/status,/v1/ach/verify-account,/v1/ach/settlement,/v1/ach/return",ERROR,"INFO,ERROR,EXIT",a2bd4c91102e886a457ca4e47e8955bf,"{""transferId"":""ACH-317254"",""action"":""return""}","{""status"":""returned"",""achStatus"":""returned"",""returnCode"":""R29"",""reason"":""bank_return""}",1210,R29,"R01,R02,R03,R04,R07,R08,R10,R29",122105155,"021000021,111000025,091000022,026009593,122105155","payments-service",1778301332,"a2bd4c91-102e-886a-457c-a4e47e8955bf"
"2026-05-07T16:18:34.000+0000",4753,42526,USD,"1778170714.588","/v1/ach/settlement","/v1/ach/debit,/v1/ach/credit,/v1/ach/status,/v1/ach/verify-account,/v1/ach/settlement,/v1/ach/return",EXIT,"INFO,ERROR,EXIT",64bedba4207117bcf0ebaf0242d0c876,"{""transferId"":""ACH-670804"",""action"":""settlement""}","{""status"":""error"",""errorCode"":""ACH-504"",""message"":""gateway_timeout""}",588,R08,"R01,R02,R03,R04,R07,R08,R10,R29",021000021,"021000021,111000025,091000022,026009593,122105155","payments-service",1778170714,"64bedba4-2071-17bc-f0eb-af0242d0c876"
"2026-05-10T08:25:15.000+0000",1949,39060,USD,"1778401515.92","/v1/ach/credit","/v1/ach/debit,/v1/ach/credit,/v1/ach/status,/v1/ach/verify-account,/v1/ach/settlement,/v1/ach/return",INFO,"INFO,ERROR,EXIT",aee98dfe301b07dcc696823321a07715,"{""type"":""credit"",""amount"":39060,""currency"":""USD"",""destinationAccountLast4"":""1949"",""routingNumber"":""122105155""}","{""status"":""pending"",""achStatus"":""submitted"",""estimatedSettlementDate"":""2026-05-11""}",920,R03,"R01,R02,R03,R04,R07,R08,R10,R29",122105155,"021000021,111000025,091000022,026009593,122105155","payments-service",1778401515,"aee98dfe-301b-07dc-c696-823321a07715"
"2026-05-08T04:00:53.000+0000",2337,25483,USD,"1778212854.064","/v1/ach/credit","/v1/ach/debit,/v1/ach/credit,/v1/ach/status,/v1/ach/verify-account,/v1/ach/settlement,/v1/ach/return",INFO,"INFO,ERROR,EXIT",5a351ab416ec9502ea1007f026781a2a,"{""type"":""credit"",""amount"":25483,""currency"":""USD"",""destinationAccountLast4"":""2337"",""routingNumber"":""021000021""}","{""status"":""pending"",""achStatus"":""submitted"",""estimatedSettlementDate"":""2026-05-09""}",1064,R29,"R01,R02,R03,R04,R07,R08,R10,R29",021000021,"021000021,111000025,091000022,026009593,122105155","payments-service",1778212853,"5a351ab4-16ec-9502-ea10-07f026781a2a"
"2026-05-10T11:55:04.000+0000",1062,36771,USD,"1778414104.07","/v1/ach/return","/v1/ach/debit,/v1/ach/credit,/v1/ach/status,/v1/ach/verify-account,/v1/ach/settlement,/v1/ach/return",EXIT,"INFO,ERROR,EXIT",7948ee0539787ee04602f14f09f2bf6d,"{""transferId"":""ACH-975293"",""action"":""return""}","{""status"":""error"",""errorCode"":""ACH-504"",""message"":""gateway_timeout""}",70,R01,"R01,R02,R03,R04,R07,R08,R10,R29",122105155,"021000021,111000025,091000022,026009593,122105155","payments-service",1778414104,"7948ee05-3978-7ee0-4602-f14f09f2bf6d"
"2026-05-07T19:28:56.000+0000",2730,16351,USD,"1778182136.08","/v1/ach/credit","/v1/ach/debit,/v1/ach/credit,/v1/ach/status,/v1/ach/verify-account,/v1/ach/settlement,/v1/ach/return",INFO,"INFO,ERROR,EXIT",af123432d3f1be840c67e14f1c1c0ed4,"{""type"":""credit"",""amount"":16351,""currency"":""USD"",""destinationAccountLast4"":""2730"",""routingNumber"":""021000021""}","{""status"":""pending"",""achStatus"":""submitted"",""estimatedSettlementDate"":""2026-05-08""}",80,R02,"R01,R02,R03,R04,R07,R08,R10,R29",021000021,"021000021,111000025,091000022,026009593,122105155","payments-service",1778182136,"af123432-d3f1-be84-0c67-e14f1c1c0ed4"
"2026-05-05T08:33:34.000+0000",5836,32207,USD,"1777970014.438","/v1/ach/status","/v1/ach/debit,/v1/ach/credit,/v1/ach/status,/v1/ach/verify-account,/v1/ach/settlement,/v1/ach/return",INFO,"INFO,ERROR,EXIT",63aecef118534c92e04dc101171b6615,"{""transferId"":""ACH-101384"",""action"":""status""}","{""status"":""settled"",""achStatus"":""completed"",""settledAt"":""2026-05-05T08:33:34Z""}",438,R01,"R01,R02,R03,R04,R07,R08,R10,R29",026009593,"021000021,111000025,091000022,026009593,122105155","payments-service",1777970014,"63aecef1-1853-4c92-e04d-c101171b6615"
"2026-05-10T09:04:02.000+0000",3217,45322,USD,"1778403843.116","/v1/ach/return","/v1/ach/debit,/v1/ach/credit,/v1/ach/status,/v1/ach/verify-account,/v1/ach/settlement,/v1/ach/return",INFO,"INFO,ERROR,EXIT",d9f9d6a3aa6de59552d2edacba451127,"{""transferId"":""ACH-327136"",""action"":""return""}","{""status"":""unknown""}",1116,R04,"R01,R02,R03,R04,R07,R08,R10,R29",091000022,"021000021,111000025,091000022,026009593,122105155","payments-service",1778403842,"d9f9d6a3-aa6d-e595-52d2-edacba451127"
"2026-05-09T01:10:04.000+0000",7987,17321,USD,"1778289004.385","/v1/ach/credit","/v1/ach/debit,/v1/ach/credit,/v1/ach/status,/v1/ach/verify-account,/v1/ach/settlement,/v1/ach/return",EXIT,"INFO,ERROR,EXIT",9a86c587f321d74fe2efb338035b39b3,"{""type"":""credit"",""amount"":17321,""currency"":""USD"",""destinationAccountLast4"":""7987"",""routingNumber"":""122105155""}","{""status"":""error"",""errorCode"":""ACH-504"",""message"":""gateway_timeout""}",385,R01,"R01,R02,R03,R04,R07,R08,R10,R29",122105155,"021000021,111000025,091000022,026009593,122105155","payments-service",1778289004,"9a86c587-f321-d74f-e2ef-b338035b39b3"
"2026-05-05T15:35:21.000+0000",4909,24686,USD,"1777995321.34","/v1/ach/return","/v1/ach/debit,/v1/ach/credit,/v1/ach/status,/v1/ach/verify-account,/v1/ach/settlement,/v1/ach/return",INFO,"INFO,ERROR,EXIT",9664711a3855c62550152cd752f29a3c,"{""transferId"":""ACH-413153"",""action"":""return""}","{""status"":""unknown""}",340,R10,"R01,R02,R03,R04,R07,R08,R10,R29",111000025,"021000021,111000025,091000022,026009593,122105155","payments-service",1777995321,"9664711a-3855-c625-5015-2cd752f29a3c"
"2026-05-11T18:07:05.000+0000",5272,42248,USD,"1778522825.088","/v1/ach/status","/v1/ach/debit,/v1/ach/credit,/v1/ach/status,/v1/ach/verify-account,/v1/ach/settlement,/v1/ach/return",EXIT,"INFO,ERROR,EXIT",34ae83651fb8a8bf2bd1774f880f9860,"{""transferId"":""ACH-716493"",""action"":""status""}","{""status"":""error"",""errorCode"":""ACH-504"",""message"":""gateway_timeout""}",88,R03,"R01,R02,R03,R04,R07,R08,R10,R29",021000021,"021000021,111000025,091000022,026009593,122105155","payments-service",1778522825,"34ae8365-1fb8-a8bf-2bd1-774f880f9860"
"2026-05-05T11:55:17.000+0000",8461,11971,USD,"1777982117.713","/v1/ach/return","/v1/ach/debit,/v1/ach/credit,/v1/ach/status,/v1/ach/verify-account,/v1/ach/settlement,/v1/ach/return",INFO,"INFO,ERROR,EXIT",3ef69f95456d2c3a26203a3b8186538a,"{""transferId"":""ACH-870483"",""action"":""return""}","{""status"":""unknown""}",713,R08,"R01,R02,R03,R04,R07,R08,R10,R29",122105155,"021000021,111000025,091000022,026009593,122105155","payments-service",1777982117,"3ef69f95-456d-2c3a-2620-3a3b8186538a"
"2026-05-09T08:14:12.000+0000",5287,26453,USD,"1778314453.034","/v1/ach/return","/v1/ach/debit,/v1/ach/credit,/v1/ach/status,/v1/ach/verify-account,/v1/ach/settlement,/v1/ach/return",ERROR,"INFO,ERROR,EXIT",cb300266df16e40016fb4ea39863f930,"{""transferId"":""ACH-439392"",""action"":""return""}","{""status"":""returned"",""achStatus"":""returned"",""returnCode"":""R02"",""reason"":""bank_return""}",1034,R02,"R01,R02,R03,R04,R07,R08,R10,R29",091000022,"021000021,111000025,091000022,026009593,122105155","payments-service",1778314452,"cb300266-df16-e400-16fb-4ea39863f930"
"2026-05-10T22:39:00.000+0000",5683,23523,USD,"1778452740.671","/v1/ach/status","/v1/ach/debit,/v1/ach/credit,/v1/ach/status,/v1/ach/verify-account,/v1/ach/settlement,/v1/ach/return",EXIT,"INFO,ERROR,EXIT",1d622fa56c89cad979eed5128db38b89,"{""transferId"":""ACH-799167"",""action"":""status""}","{""status"":""error"",""errorCode"":""ACH-504"",""message"":""gateway_timeout""}",671,R03,"R01,R02,R03,R04,R07,R08,R10,R29",026009593,"021000021,111000025,091000022,026009593,122105155","payments-service",1778452740,"1d622fa5-6c89-cad9-79ee-d5128db38b89"
"2026-05-05T14:42:03.000+0000",8371,28552,USD,"1777992123.385","/v1/ach/status","/v1/ach/debit,/v1/ach/credit,/v1/ach/status,/v1/ach/verify-account,/v1/ach/settlement,/v1/ach/return",EXIT,"INFO,ERROR,EXIT",6c17697614c86fcb05edaf1448cadaa6,"{""transferId"":""ACH-816932"",""action"":""status""}","{""status"":""error"",""errorCode"":""ACH-504"",""message"":""gateway_timeout""}",385,R07,"R01,R02,R03,R04,R07,R08,R10,R29",111000025,"021000021,111000025,091000022,026009593,122105155","payments-service",1777992123,"6c176976-14c8-6fcb-05ed-af1448cadaa6"
"2026-05-10T18:47:33.000+0000",5697,8506,USD,"1778438853.876","/v1/ach/credit","/v1/ach/debit,/v1/ach/credit,/v1/ach/status,/v1/ach/verify-account,/v1/ach/settlement,/v1/ach/return",ERROR,"INFO,ERROR,EXIT",aa1da787c4505da4edfa803462e3b415,"{""type"":""credit"",""amount"":8506,""currency"":""USD"",""destinationAccountLast4"":""5697"",""routingNumber"":""122105155""}","{""status"":""returned"",""achStatus"":""returned"",""returnCode"":""R02"",""reason"":""bank_return""}",876,R02,"R01,R02,R03,R04,R07,R08,R10,R29",122105155,"021000021,111000025,091000022,026009593,122105155","payments-service",1778438853,"aa1da787-c450-5da4-edfa-803462e3b415"
"2026-05-09T08:21:38.000+0000",9770,31786,USD,"1778314898.765","/v1/ach/status","/v1/ach/debit,/v1/ach/credit,/v1/ach/status,/v1/ach/verify-account,/v1/ach/settlement,/v1/ach/return",EXIT,"INFO,ERROR,EXIT",77aeb898e209391fd441799bcfd46d47,"{""transferId"":""ACH-308789"",""action"":""status""}","{""status"":""error"",""errorCode"":""ACH-504"",""message"":""gateway_timeout""}",765,R03,"R01,R02,R03,R04,R07,R08,R10,R29",091000022,"021000021,111000025,091000022,026009593,122105155","payments-service",1778314898,"77aeb898-e209-391f-d441-799bcfd46d47"
"2026-05-06T07:37:31.000+0000",5186,26601,USD,"1778053052.124","/v1/ach/settlement","/v1/ach/debit,/v1/ach/credit,/v1/ach/status,/v1/ach/verify-account,/v1/ach/settlement,/v1/ach/return",EXIT,"INFO,ERROR,EXIT",2c62b62440aa1973dd1d47e19962b73b,"{""transferId"":""ACH-950935"",""action"":""settlement""}","{""status"":""error"",""errorCode"":""ACH-504"",""message"":""gateway_timeout""}",1124,R04,"R01,R02,R03,R04,R07,R08,R10,R29",091000022,"021000021,111000025,091000022,026009593,122105155","payments-service",1778053051,"2c62b624-40aa-1973-dd1d-47e19962b73b"
"2026-05-07T15:52:48.000+0000",1814,746,USD,"1778169168.783","/v1/ach/return","/v1/ach/debit,/v1/ach/credit,/v1/ach/status,/v1/ach/verify-account,/v1/ach/settlement,/v1/ach/return",ERROR,"INFO,ERROR,EXIT",053329ea29875d0978154333f3e082c9,"{""transferId"":""ACH-240819"",""action"":""return""}","{""status"":""returned"",""achStatus"":""returned"",""returnCode"":""R10"",""reason"":""bank_return""}",783,R10,"R01,R02,R03,R04,R07,R08,R10,R29",091000022,"021000021,111000025,091000022,026009593,122105155","payments-service",1778169168,"053329ea-2987-5d09-7815-4333f3e082c9"
"2026-05-10T03:34:13.000+0000",5818,33513,USD,"1778384053.446","/v1/ach/settlement","/v1/ach/debit,/v1/ach/credit,/v1/ach/status,/v1/ach/verify-account,/v1/ach/settlement,/v1/ach/return",EXIT,"INFO,ERROR,EXIT",2e4c0591fb956d854f820d371f611387,"{""transferId"":""ACH-164273"",""action"":""settlement""}","{""status"":""error"",""errorCode"":""ACH-504"",""message"":""gateway_timeout""}",446,R07,"R01,R02,R03,R04,R07,R08,R10,R29",111000025,"021000021,111000025,091000022,026009593,122105155","payments-service",1778384053,"2e4c0591-fb95-6d85-4f82-0d371f611387"
"2026-05-08T12:13:46.000+0000",3561,23534,USD,"1778242426.296","/v1/ach/debit","/v1/ach/debit,/v1/ach/credit,/v1/ach/status,/v1/ach/verify-account,/v1/ach/settlement,/v1/ach/return",ERROR,"INFO,ERROR,EXIT",cfe04a7f2d90df206bf1bca8c8a1224c,"{""type"":""debit"",""amount"":23534,""currency"":""USD"",""accountLast4"":""3561"",""routingNumber"":""111000025""}","{""status"":""returned"",""achStatus"":""returned"",""returnCode"":""R02"",""reason"":""bank_return""}",296,R02,"R01,R02,R03,R04,R07,R08,R10,R29",111000025,"021000021,111000025,091000022,026009593,122105155","payments-service",1778242426,"cfe04a7f-2d90-df20-6bf1-bca8c8a1224c"
"2026-05-06T16:51:08.000+0000",7239,28570,USD,"1778086268.588","/v1/ach/verify-account","/v1/ach/debit,/v1/ach/credit,/v1/ach/status,/v1/ach/verify-account,/v1/ach/settlement,/v1/ach/return",EXIT,"INFO,ERROR,EXIT",304a449fad9e4d72d0fe5ac37f444dbe,"{""accountLast4"":""7239"",""routingNumber"":""122105155""}","{""status"":""error"",""errorCode"":""ACH-504"",""message"":""gateway_timeout""}",588,R02,"R01,R02,R03,R04,R07,R08,R10,R29",122105155,"021000021,111000025,091000022,026009593,122105155","payments-service",1778086268,"304a449f-ad9e-4d72-d0fe-5ac37f444dbe"
"2026-05-12T01:20:40.000+0000",3266,44216,USD,"1778548840.916","/v1/ach/return","/v1/ach/debit,/v1/ach/credit,/v1/ach/status,/v1/ach/verify-account,/v1/ach/settlement,/v1/ach/return",INFO,"INFO,ERROR,EXIT",5a5eff64c6dc7a12f37e380383c285fe,"{""transferId"":""ACH-526277"",""action"":""return""}","{""status"":""unknown""}",916,R02,"R01,R02,R03,R04,R07,R08,R10,R29",091000022,"021000021,111000025,091000022,026009593,122105155","payments-service",1778548840,"5a5eff64-c6dc-7a12-f37e-380383c285fe"
"2026-05-08T06:25:56.000+0000",4546,5976,USD,"1778221556.565","/v1/ach/settlement","/v1/ach/debit,/v1/ach/credit,/v1/ach/status,/v1/ach/verify-account,/v1/ach/settlement,/v1/ach/return",EXIT,"INFO,ERROR,EXIT",3f76887aa157163d220b4b5bdca917d9,"{""transferId"":""ACH-966093"",""action"":""settlement""}","{""status"":""error"",""errorCode"":""ACH-504"",""message"":""gateway_timeout""}",565,R02,"R01,R02,R03,R04,R07,R08,R10,R29",111000025,"021000021,111000025,091000022,026009593,122105155","payments-service",1778221556,"3f76887a-a157-163d-220b-4b5bdca917d9"
"2026-05-06T12:10:59.000+0000",2267,18140,USD,"1778069459.573","/v1/ach/credit","/v1/ach/debit,/v1/ach/credit,/v1/ach/status,/v1/ach/verify-account,/v1/ach/settlement,/v1/ach/return",INFO,"INFO,ERROR,EXIT",1d4d2db2b1bae1f13efda7b676532ad8,"{""type"":""credit"",""amount"":18140,""currency"":""USD"",""destinationAccountLast4"":""2267"",""routingNumber"":""021000021""}","{""status"":""pending"",""achStatus"":""submitted"",""estimatedSettlementDate"":""2026-05-07""}",573,R29,"R01,R02,R03,R04,R07,R08,R10,R29",021000021,"021000021,111000025,091000022,026009593,122105155","payments-service",1778069459,"1d4d2db2-b1ba-e1f1-3efd-a7b676532ad8"
"2026-05-12T04:28:37.000+0000",7621,1802,USD,"1778560117.233","/v1/ach/status","/v1/ach/debit,/v1/ach/credit,/v1/ach/status,/v1/ach/verify-account,/v1/ach/settlement,/v1/ach/return",EXIT,"INFO,ERROR,EXIT",4ef024aa8d714e4a75b2b02327bef515,"{""transferId"":""ACH-669256"",""action"":""status""}","{""status"":""error"",""errorCode"":""ACH-504"",""message"":""gateway_timeout""}",233,R08,"R01,R02,R03,R04,R07,R08,R10,R29",111000025,"021000021,111000025,091000022,026009593,122105155","payments-service",1778560117,"4ef024aa-8d71-4e4a-75b2-b02327bef515"
"2026-05-07T05:57:31.000+0000",9159,43841,USD,"1778133451.061","/v1/ach/return","/v1/ach/debit,/v1/ach/credit,/v1/ach/status,/v1/ach/verify-account,/v1/ach/settlement,/v1/ach/return",ERROR,"INFO,ERROR,EXIT",98c396d039cc43b726089194ecd056a3,"{""transferId"":""ACH-130677"",""action"":""return""}","{""status"":""returned"",""achStatus"":""returned"",""returnCode"":""R01"",""reason"":""bank_return""}",61,R01,"R01,R02,R03,R04,R07,R08,R10,R29",091000022,"021000021,111000025,091000022,026009593,122105155","payments-service",1778133451,"98c396d0-39cc-43b7-2608-9194ecd056a3"
"2026-05-08T18:05:32.000+0000",7380,25133,USD,"1778263532.92","/v1/ach/return","/v1/ach/debit,/v1/ach/credit,/v1/ach/status,/v1/ach/verify-account,/v1/ach/settlement,/v1/ach/return",INFO,"INFO,ERROR,EXIT",ad4e1085fdb03fd9c4bebe1ec43a6920,"{""transferId"":""ACH-365901"",""action"":""return""}","{""status"":""unknown""}",920,R04,"R01,R02,R03,R04,R07,R08,R10,R29",021000021,"021000021,111000025,091000022,026009593,122105155","payments-service",1778263532,"ad4e1085-fdb0-3fd9-c4be-be1ec43a6920"
"2026-05-05T16:52:49.000+0000",5881,23516,USD,"1777999969.099","/v1/ach/status","/v1/ach/debit,/v1/ach/credit,/v1/ach/status,/v1/ach/verify-account,/v1/ach/settlement,/v1/ach/return",INFO,"INFO,ERROR,EXIT",cfc3e3194c4f909fb4b05ddd07ad633a,"{""transferId"":""ACH-252803"",""action"":""status""}","{""status"":""settled"",""achStatus"":""completed"",""settledAt"":""2026-05-05T16:52:49Z""}",99,R01,"R01,R02,R03,R04,R07,R08,R10,R29",091000022,"021000021,111000025,091000022,026009593,122105155","payments-service",1777999969,"cfc3e319-4c4f-909f-b4b0-5ddd07ad633a"
"2026-05-07T06:48:06.000+0000",8204,42626,USD,"1778136486.5","/v1/ach/verify-account","/v1/ach/debit,/v1/ach/credit,/v1/ach/status,/v1/ach/verify-account,/v1/ach/settlement,/v1/ach/return",INFO,"INFO,ERROR,EXIT",2f9cd9a363d8afa8dcb31cf5c70dd1f4,"{""accountLast4"":""8204"",""routingNumber"":""111000025""}","{""status"":""unknown""}",500,R01,"R01,R02,R03,R04,R07,R08,R10,R29",111000025,"021000021,111000025,091000022,026009593,122105155","payments-service",1778136486,"2f9cd9a3-63d8-afa8-dcb3-1cf5c70dd1f4"
"2026-05-10T16:44:07.000+0000",3038,11606,USD,"1778431447.099","/v1/ach/verify-account","/v1/ach/debit,/v1/ach/credit,/v1/ach/status,/v1/ach/verify-account,/v1/ach/settlement,/v1/ach/return",INFO,"INFO,ERROR,EXIT",7c0e96dc5291de342768abc0f63eeedc,"{""accountLast4"":""3038"",""routingNumber"":""021000021""}","{""status"":""unknown""}",99,R03,"R01,R02,R03,R04,R07,R08,R10,R29",021000021,"021000021,111000025,091000022,026009593,122105155","payments-service",1778431447,"7c0e96dc-5291-de34-2768-abc0f63eeedc"
"2026-05-11T02:42:44.000+0000",1176,27729,USD,"1778467364.706","/v1/ach/debit","/v1/ach/debit,/v1/ach/credit,/v1/ach/status,/v1/ach/verify-account,/v1/ach/settlement,/v1/ach/return",ERROR,"INFO,ERROR,EXIT",face88544dcdc6163c528845b0999e11,"{""type"":""debit"",""amount"":27729,""currency"":""USD"",""accountLast4"":""1176"",""routingNumber"":""021000021""}","{""status"":""returned"",""achStatus"":""returned"",""returnCode"":""R29"",""reason"":""bank_return""}",706,R29,"R01,R02,R03,R04,R07,R08,R10,R29",021000021,"021000021,111000025,091000022,026009593,122105155","payments-service",1778467364,"face8854-4dcd-c616-3c52-8845b0999e11"
"2026-05-10T01:34:59.000+0000",3568,39627,USD,"1778376899.641","/v1/ach/settlement","/v1/ach/debit,/v1/ach/credit,/v1/ach/status,/v1/ach/verify-account,/v1/ach/settlement,/v1/ach/return",INFO,"INFO,ERROR,EXIT",f85919c44e828133a19199657228669c,"{""transferId"":""ACH-262527"",""action"":""settlement""}","{""status"":""unknown""}",641,R01,"R01,R02,R03,R04,R07,R08,R10,R29",091000022,"021000021,111000025,091000022,026009593,122105155","payments-service",1778376899,"f85919c4-4e82-8133-a191-99657228669c"
"2026-05-08T22:12:08.000+0000",1534,49088,USD,"1778278328.733","/v1/ach/verify-account","/v1/ach/debit,/v1/ach/credit,/v1/ach/status,/v1/ach/verify-account,/v1/ach/settlement,/v1/ach/return",INFO,"INFO,ERROR,EXIT",c92043f7fa353f55b3ce74c33b219a2f,"{""accountLast4"":""1534"",""routingNumber"":""111000025""}","{""status"":""unknown""}",733,R04,"R01,R02,R03,R04,R07,R08,R10,R29",111000025,"021000021,111000025,091000022,026009593,122105155","payments-service",1778278328,"c92043f7-fa35-3f55-b3ce-74c33b219a2f"
"2026-05-09T20:55:05.000+0000",1062,44678,USD,"1778360105.557","/v1/ach/verify-account","/v1/ach/debit,/v1/ach/credit,/v1/ach/status,/v1/ach/verify-account,/v1/ach/settlement,/v1/ach/return",ERROR,"INFO,ERROR,EXIT",47c27dc1eadc31b221d27633574405cc,"{""accountLast4"":""1062"",""routingNumber"":""026009593""}","{""status"":""returned"",""achStatus"":""returned"",""returnCode"":""R10"",""reason"":""bank_return""}",557,R10,"R01,R02,R03,R04,R07,R08,R10,R29",026009593,"021000021,111000025,091000022,026009593,122105155","payments-service",1778360105,"47c27dc1-eadc-31b2-21d2-7633574405cc"
"2026-05-07T19:55:02.000+0000",8072,50373,USD,"1778183702.944","/v1/ach/settlement","/v1/ach/debit,/v1/ach/credit,/v1/ach/status,/v1/ach/verify-account,/v1/ach/settlement,/v1/ach/return",EXIT,"INFO,ERROR,EXIT",0b2021399d797685c894e1b5e688bbae,"{""transferId"":""ACH-638995"",""action"":""settlement""}","{""status"":""error"",""errorCode"":""ACH-504"",""message"":""gateway_timeout""}",944,R07,"R01,R02,R03,R04,R07,R08,R10,R29",026009593,"021000021,111000025,091000022,026009593,122105155","payments-service",1778183702,"0b202139-9d79-7685-c894-e1b5e688bbae"
"2026-05-12T01:59:21.000+0000",6284,29098,USD,"1778551162.002","/v1/ach/debit","/v1/ach/debit,/v1/ach/credit,/v1/ach/status,/v1/ach/verify-account,/v1/ach/settlement,/v1/ach/return",ERROR,"INFO,ERROR,EXIT",4bcd8d88c63343999d66ba5983fdc160,"{""type"":""debit"",""amount"":29098,""currency"":""USD"",""accountLast4"":""6284"",""routingNumber"":""122105155""}","{""status"":""returned"",""achStatus"":""returned"",""returnCode"":""R01"",""reason"":""bank_return""}",1002,R01,"R01,R02,R03,R04,R07,R08,R10,R29",122105155,"021000021,111000025,091000022,026009593,122105155","payments-service",1778551161,"4bcd8d88-c633-4399-9d66-ba5983fdc160"
"2026-05-07T22:56:54.000+0000",3907,45411,USD,"1778194614.896","/v1/ach/debit","/v1/ach/debit,/v1/ach/credit,/v1/ach/status,/v1/ach/verify-account,/v1/ach/settlement,/v1/ach/return",ERROR,"INFO,ERROR,EXIT",6ddd5117ca048d07df58f292927088ef,"{""type"":""debit"",""amount"":45411,""currency"":""USD"",""accountLast4"":""3907"",""routingNumber"":""111000025""}","{""status"":""returned"",""achStatus"":""returned"",""returnCode"":""R04"",""reason"":""bank_return""}",896,R04,"R01,R02,R03,R04,R07,R08,R10,R29",111000025,"021000021,111000025,091000022,026009593,122105155","payments-service",1778194614,"6ddd5117-ca04-8d07-df58-f292927088ef"
"2026-05-06T07:41:54.000+0000",9708,26330,USD,"1778053315.071","/v1/ach/status","/v1/ach/debit,/v1/ach/credit,/v1/ach/status,/v1/ach/verify-account,/v1/ach/settlement,/v1/ach/return",ERROR,"INFO,ERROR,EXIT",2b01b3ae68e5994a8a152aa836b93468,"{""transferId"":""ACH-644944"",""action"":""status""}","{""status"":""returned"",""achStatus"":""returned"",""returnCode"":""R29"",""reason"":""bank_return""}",1071,R29,"R01,R02,R03,R04,R07,R08,R10,R29",091000022,"021000021,111000025,091000022,026009593,122105155","payments-service",1778053314,"2b01b3ae-68e5-994a-8a15-2aa836b93468"
"2026-05-10T15:43:04.000+0000",2312,41511,USD,"1778427784.168","/v1/ach/verify-account","/v1/ach/debit,/v1/ach/credit,/v1/ach/status,/v1/ach/verify-account,/v1/ach/settlement,/v1/ach/return",EXIT,"INFO,ERROR,EXIT",b25c98392d397119363165ddd3536f48,"{""accountLast4"":""2312"",""routingNumber"":""091000022""}","{""status"":""error"",""errorCode"":""ACH-504"",""message"":""gateway_timeout""}",168,R08,"R01,R02,R03,R04,R07,R08,R10,R29",091000022,"021000021,111000025,091000022,026009593,122105155","payments-service",1778427784,"b25c9839-2d39-7119-3631-65ddd3536f48"
"2026-05-06T09:18:14.000+0000",5888,6569,USD,"1778059094.238","/v1/ach/credit","/v1/ach/debit,/v1/ach/credit,/v1/ach/status,/v1/ach/verify-account,/v1/ach/settlement,/v1/ach/return",ERROR,"INFO,ERROR,EXIT",6d4155d49fa9af2b795638ac2e387b0a,"{""type"":""credit"",""amount"":6569,""currency"":""USD"",""destinationAccountLast4"":""5888"",""routingNumber"":""122105155""}","{""status"":""returned"",""achStatus"":""returned"",""returnCode"":""R10"",""reason"":""bank_return""}",238,R10,"R01,R02,R03,R04,R07,R08,R10,R29",122105155,"021000021,111000025,091000022,026009593,122105155","payments-service",1778059094,"6d4155d4-9fa9-af2b-7956-38ac2e387b0a"
"2026-05-05T14:42:07.000+0000",4747,23437,USD,"1777992128.223","/v1/ach/credit","/v1/ach/debit,/v1/ach/credit,/v1/ach/status,/v1/ach/verify-account,/v1/ach/settlement,/v1/ach/return",ERROR,"INFO,ERROR,EXIT",e56ff0aea241a50a75b5944e2ffd1abe,"{""type"":""credit"",""amount"":23437,""currency"":""USD"",""destinationAccountLast4"":""4747"",""routingNumber"":""111000025""}","{""status"":""returned"",""achStatus"":""returned"",""returnCode"":""R10"",""reason"":""bank_return""}",1223,R10,"R01,R02,R03,R04,R07,R08,R10,R29",111000025,"021000021,111000025,091000022,026009593,122105155","payments-service",1777992127,"e56ff0ae-a241-a50a-75b5-944e2ffd1abe"
"2026-05-06T14:57:59.000+0000",7850,14793,USD,"1778079479.546","/v1/ach/settlement","/v1/ach/debit,/v1/ach/credit,/v1/ach/status,/v1/ach/verify-account,/v1/ach/settlement,/v1/ach/return",EXIT,"INFO,ERROR,EXIT",f21515eca619cfabc1e27c1c6a3320d0,"{""transferId"":""ACH-305000"",""action"":""settlement""}","{""status"":""error"",""errorCode"":""ACH-504"",""message"":""gateway_timeout""}",546,R03,"R01,R02,R03,R04,R07,R08,R10,R29",111000025,"021000021,111000025,091000022,026009593,122105155","payments-service",1778079479,"f21515ec-a619-cfab-c1e2-7c1c6a3320d0"
"2026-05-10T17:18:41.000+0000",5718,41992,USD,"1778433521.205","/v1/ach/return","/v1/ach/debit,/v1/ach/credit,/v1/ach/status,/v1/ach/verify-account,/v1/ach/settlement,/v1/ach/return",ERROR,"INFO,ERROR,EXIT",0037cc0d203bdd5548369cc43a54fc0e,"{""transferId"":""ACH-666374"",""action"":""return""}","{""status"":""returned"",""achStatus"":""returned"",""returnCode"":""R07"",""reason"":""bank_return""}",205,R07,"R01,R02,R03,R04,R07,R08,R10,R29",091000022,"021000021,111000025,091000022,026009593,122105155","payments-service",1778433521,"0037cc0d-203b-dd55-4836-9cc43a54fc0e"
"2026-05-08T18:29:19.000+0000",5185,9961,USD,"1778264959.342","/v1/ach/return","/v1/ach/debit,/v1/ach/credit,/v1/ach/status,/v1/ach/verify-account,/v1/ach/settlement,/v1/ach/return",INFO,"INFO,ERROR,EXIT",e183da18b42fd8499d86f0e4bc4f0f8a,"{""transferId"":""ACH-820509"",""action"":""return""}","{""status"":""unknown""}",342,R10,"R01,R02,R03,R04,R07,R08,R10,R29",122105155,"021000021,111000025,091000022,026009593,122105155","payments-service",1778264959,"e183da18-b42f-d849-9d86-f0e4bc4f0f8a"
"2026-05-12T06:53:28.000+0000",7155,34741,USD,"1778568808.292","/v1/ach/settlement","/v1/ach/debit,/v1/ach/credit,/v1/ach/status,/v1/ach/verify-account,/v1/ach/settlement,/v1/ach/return",INFO,"INFO,ERROR,EXIT",6f77c1f5b663996cc33672c1d5493d4b,"{""transferId"":""ACH-628354"",""action"":""settlement""}","{""status"":""unknown""}",292,R03,"R01,R02,R03,R04,R07,R08,R10,R29",026009593,"021000021,111000025,091000022,026009593,122105155","payments-service",1778568808,"6f77c1f5-b663-996c-c336-72c1d5493d4b"
"2026-05-06T13:43:09.000+0000",2077,28455,USD,"1778074989.362","/v1/ach/credit","/v1/ach/debit,/v1/ach/credit,/v1/ach/status,/v1/ach/verify-account,/v1/ach/settlement,/v1/ach/return",ERROR,"INFO,ERROR,EXIT",82248690aac34c7d3fa1b8349a18f8ee,"{""type"":""credit"",""amount"":28455,""currency"":""USD"",""destinationAccountLast4"":""2077"",""routingNumber"":""021000021""}","{""status"":""returned"",""achStatus"":""returned"",""returnCode"":""R10"",""reason"":""bank_return""}",362,R10,"R01,R02,R03,R04,R07,R08,R10,R29",021000021,"021000021,111000025,091000022,026009593,122105155","payments-service",1778074989,"82248690-aac3-4c7d-3fa1-b8349a18f8ee"
"2026-05-10T10:52:02.000+0000",8590,9819,USD,"1778410322.777","/v1/ach/debit","/v1/ach/debit,/v1/ach/credit,/v1/ach/status,/v1/ach/verify-account,/v1/ach/settlement,/v1/ach/return",EXIT,"INFO,ERROR,EXIT",0826727e4edc32d5fc00638212b3bdc3,"{""type"":""debit"",""amount"":9819,""currency"":""USD"",""accountLast4"":""8590"",""routingNumber"":""026009593""}","{""status"":""error"",""errorCode"":""ACH-504"",""message"":""gateway_timeout""}",777,R07,"R01,R02,R03,R04,R07,R08,R10,R29",026009593,"021000021,111000025,091000022,026009593,122105155","payments-service",1778410322,"0826727e-4edc-32d5-fc00-638212b3bdc3"
"2026-05-08T06:12:31.000+0000",4606,14406,USD,"1778220751.084","/v1/ach/settlement","/v1/ach/debit,/v1/ach/credit,/v1/ach/status,/v1/ach/verify-account,/v1/ach/settlement,/v1/ach/return",EXIT,"INFO,ERROR,EXIT",0f58b3073e31b156b5f15cf9a22ee78f,"{""transferId"":""ACH-893327"",""action"":""settlement""}","{""status"":""error"",""errorCode"":""ACH-504"",""message"":""gateway_timeout""}",84,R03,"R01,R02,R03,R04,R07,R08,R10,R29",111000025,"021000021,111000025,091000022,026009593,122105155","payments-service",1778220751,"0f58b307-3e31-b156-b5f1-5cf9a22ee78f"
"2026-05-06T17:43:58.000+0000",9402,5330,USD,"1778089438.077","/v1/ach/settlement","/v1/ach/debit,/v1/ach/credit,/v1/ach/status,/v1/ach/verify-account,/v1/ach/settlement,/v1/ach/return",INFO,"INFO,ERROR,EXIT",fd4e813fa9614306eb754d0f0b3c68c6,"{""transferId"":""ACH-636021"",""action"":""settlement""}","{""status"":""unknown""}",77,R02,"R01,R02,R03,R04,R07,R08,R10,R29",122105155,"021000021,111000025,091000022,026009593,122105155","payments-service",1778089438,"fd4e813f-a961-4306-eb75-4d0f0b3c68c6"
"2026-05-11T18:33:57.000+0000",4704,31973,USD,"1778524437.7","/v1/ach/return","/v1/ach/debit,/v1/ach/credit,/v1/ach/status,/v1/ach/verify-account,/v1/ach/settlement,/v1/ach/return",EXIT,"INFO,ERROR,EXIT",2af5fba8596c9f275a2647be83342106,"{""transferId"":""ACH-648441"",""action"":""return""}","{""status"":""error"",""errorCode"":""ACH-504"",""message"":""gateway_timeout""}",700,R04,"R01,R02,R03,R04,R07,R08,R10,R29",122105155,"021000021,111000025,091000022,026009593,122105155","payments-service",1778524437,"2af5fba8-596c-9f27-5a26-47be83342106"
"2026-05-09T15:51:19.000+0000",5327,9603,USD,"1778341879.817","/v1/ach/status","/v1/ach/debit,/v1/ach/credit,/v1/ach/status,/v1/ach/verify-account,/v1/ach/settlement,/v1/ach/return",EXIT,"INFO,ERROR,EXIT",7766b4b7c752d79508535bbfee613643,"{""transferId"":""ACH-284167"",""action"":""status""}","{""status"":""error"",""errorCode"":""ACH-504"",""message"":""gateway_timeout""}",817,R07,"R01,R02,R03,R04,R07,R08,R10,R29",111000025,"021000021,111000025,091000022,026009593,122105155","payments-service",1778341879,"7766b4b7-c752-d795-0853-5bbfee613643"
"2026-05-08T16:24:21.000+0000",9600,36897,USD,"1778257461.852","/v1/ach/verify-account","/v1/ach/debit,/v1/ach/credit,/v1/ach/status,/v1/ach/verify-account,/v1/ach/settlement,/v1/ach/return",EXIT,"INFO,ERROR,EXIT",ad9bf964ab8d7316f87f4edb88b8ec50,"{""accountLast4"":""9600"",""routingNumber"":""122105155""}","{""status"":""error"",""errorCode"":""ACH-504"",""message"":""gateway_timeout""}",852,R04,"R01,R02,R03,R04,R07,R08,R10,R29",122105155,"021000021,111000025,091000022,026009593,122105155","payments-service",1778257461,"ad9bf964-ab8d-7316-f87f-4edb88b8ec50"
"2026-05-08T03:12:07.000+0000",5252,23877,USD,"1778209928.143","/v1/ach/verify-account","/v1/ach/debit,/v1/ach/credit,/v1/ach/status,/v1/ach/verify-account,/v1/ach/settlement,/v1/ach/return",INFO,"INFO,ERROR,EXIT",4186d5207cffe8978c7d3da0c6789e81,"{""accountLast4"":""5252"",""routingNumber"":""091000022""}","{""status"":""unknown""}",1143,R04,"R01,R02,R03,R04,R07,R08,R10,R29",091000022,"021000021,111000025,091000022,026009593,122105155","payments-service",1778209927,"4186d520-7cff-e897-8c7d-3da0c6789e81"
"2026-05-12T02:52:43.000+0000",8183,7428,USD,"1778554363.52","/v1/ach/status","/v1/ach/debit,/v1/ach/credit,/v1/ach/status,/v1/ach/verify-account,/v1/ach/settlement,/v1/ach/return",INFO,"INFO,ERROR,EXIT",62a6cfe61b3c08d469249bfb7c9bd139,"{""transferId"":""ACH-240965"",""action"":""status""}","{""status"":""settled"",""achStatus"":""completed"",""settledAt"":""2026-05-12T02:52:43Z""}",520,R02,"R01,R02,R03,R04,R07,R08,R10,R29",021000021,"021000021,111000025,091000022,026009593,122105155","payments-service",1778554363,"62a6cfe6-1b3c-08d4-6924-9bfb7c9bd139"
"2026-05-08T00:28:17.000+0000",6175,12149,USD,"1778200097.758","/v1/ach/status","/v1/ach/debit,/v1/ach/credit,/v1/ach/status,/v1/ach/verify-account,/v1/ach/settlement,/v1/ach/return",EXIT,"INFO,ERROR,EXIT",b39b40180f7f725203484a149852eca7,"{""transferId"":""ACH-777606"",""action"":""status""}","{""status"":""error"",""errorCode"":""ACH-504"",""message"":""gateway_timeout""}",758,R07,"R01,R02,R03,R04,R07,R08,R10,R29",091000022,"021000021,111000025,091000022,026009593,122105155","payments-service",1778200097,"b39b4018-0f7f-7252-0348-4a149852eca7"
"2026-05-05T13:33:12.000+0000",3177,9457,USD,"1777987993.103","/v1/ach/debit","/v1/ach/debit,/v1/ach/credit,/v1/ach/status,/v1/ach/verify-account,/v1/ach/settlement,/v1/ach/return",EXIT,"INFO,ERROR,EXIT",a404766c09b4b82b41c40bdd814d7cd0,"{""type"":""debit"",""amount"":9457,""currency"":""USD"",""accountLast4"":""3177"",""routingNumber"":""111000025""}","{""status"":""error"",""errorCode"":""ACH-504"",""message"":""gateway_timeout""}",1103,R04,"R01,R02,R03,R04,R07,R08,R10,R29",111000025,"021000021,111000025,091000022,026009593,122105155","payments-service",1777987992,"a404766c-09b4-b82b-41c4-0bdd814d7cd0"
"2026-05-10T21:11:10.000+0000",7347,42821,USD,"1778447470.909","/v1/ach/verify-account","/v1/ach/debit,/v1/ach/credit,/v1/ach/status,/v1/ach/verify-account,/v1/ach/settlement,/v1/ach/return",INFO,"INFO,ERROR,EXIT",7dcac83b87cb1f8143b13c69385f0ad2,"{""accountLast4"":""7347"",""routingNumber"":""091000022""}","{""status"":""unknown""}",909,R08,"R01,R02,R03,R04,R07,R08,R10,R29",091000022,"021000021,111000025,091000022,026009593,122105155","payments-service",1778447470,"7dcac83b-87cb-1f81-43b1-3c69385f0ad2"
"2026-05-08T19:36:36.000+0000",7121,8620,USD,"1778268996.459","/v1/ach/status","/v1/ach/debit,/v1/ach/credit,/v1/ach/status,/v1/ach/verify-account,/v1/ach/settlement,/v1/ach/return",INFO,"INFO,ERROR,EXIT",4252e4e44ca0956894fbae29b67da948,"{""transferId"":""ACH-761240"",""action"":""status""}","{""status"":""settled"",""achStatus"":""completed"",""settledAt"":""2026-05-08T19:36:36Z""}",459,R01,"R01,R02,R03,R04,R07,R08,R10,R29",021000021,"021000021,111000025,091000022,026009593,122105155","payments-service",1778268996,"4252e4e4-4ca0-9568-94fb-ae29b67da948"
"2026-05-09T07:53:47.000+0000",4247,13857,USD,"1778313227.617","/v1/ach/status","/v1/ach/debit,/v1/ach/credit,/v1/ach/status,/v1/ach/verify-account,/v1/ach/settlement,/v1/ach/return",INFO,"INFO,ERROR,EXIT",6878ca695dc276212b7f8f9101967a2d,"{""transferId"":""ACH-632407"",""action"":""status""}","{""status"":""settled"",""achStatus"":""completed"",""settledAt"":""2026-05-09T07:53:47Z""}",617,R01,"R01,R02,R03,R04,R07,R08,R10,R29",026009593,"021000021,111000025,091000022,026009593,122105155","payments-service",1778313227,"6878ca69-5dc2-7621-2b7f-8f9101967a2d"
"2026-05-05T20:33:35.000+0000",3456,38363,USD,"1778013216.028","/v1/ach/return","/v1/ach/debit,/v1/ach/credit,/v1/ach/status,/v1/ach/verify-account,/v1/ach/settlement,/v1/ach/return",EXIT,"INFO,ERROR,EXIT",f873836a9ebde07228240e0914a67c31,"{""transferId"":""ACH-172460"",""action"":""return""}","{""status"":""error"",""errorCode"":""ACH-504"",""message"":""gateway_timeout""}",1028,R29,"R01,R02,R03,R04,R07,R08,R10,R29",122105155,"021000021,111000025,091000022,026009593,122105155","payments-service",1778013215,"f873836a-9ebd-e072-2824-0e0914a67c31"
"2026-05-07T04:20:21.000+0000",3678,11839,USD,"1778127621.279","/v1/ach/verify-account","/v1/ach/debit,/v1/ach/credit,/v1/ach/status,/v1/ach/verify-account,/v1/ach/settlement,/v1/ach/return",INFO,"INFO,ERROR,EXIT",496562b6bb7a01ebdd07c17b8b9f85d6,"{""accountLast4"":""3678"",""routingNumber"":""111000025""}","{""status"":""unknown""}",279,R08,"R01,R02,R03,R04,R07,R08,R10,R29",111000025,"021000021,111000025,091000022,026009593,122105155","payments-service",1778127621,"496562b6-bb7a-01eb-dd07-c17b8b9f85d6"
"2026-05-05T19:46:51.000+0000",2514,23963,USD,"1778010412.106","/v1/ach/credit","/v1/ach/debit,/v1/ach/credit,/v1/ach/status,/v1/ach/verify-account,/v1/ach/settlement,/v1/ach/return",ERROR,"INFO,ERROR,EXIT",fd3d3a6897833db82584a383c4511c7d,"{""type"":""credit"",""amount"":23963,""currency"":""USD"",""destinationAccountLast4"":""2514"",""routingNumber"":""091000022""}","{""status"":""returned"",""achStatus"":""returned"",""returnCode"":""R02"",""reason"":""bank_return""}",1106,R02,"R01,R02,R03,R04,R07,R08,R10,R29",091000022,"021000021,111000025,091000022,026009593,122105155","payments-service",1778010411,"fd3d3a68-9783-3db8-2584-a383c4511c7d"
"2026-05-11T01:58:13.000+0000",2882,5556,USD,"1778464694.142","/v1/ach/status","/v1/ach/debit,/v1/ach/credit,/v1/ach/status,/v1/ach/verify-account,/v1/ach/settlement,/v1/ach/return",ERROR,"INFO,ERROR,EXIT",e54524bf69b70790219b9f6c3370a563,"{""transferId"":""ACH-621693"",""action"":""status""}","{""status"":""returned"",""achStatus"":""returned"",""returnCode"":""R04"",""reason"":""bank_return""}",1142,R04,"R01,R02,R03,R04,R07,R08,R10,R29",091000022,"021000021,111000025,091000022,026009593,122105155","payments-service",1778464693,"e54524bf-69b7-0790-219b-9f6c3370a563"
"2026-05-11T06:54:43.000+0000",1360,31670,USD,"1778482483.637","/v1/ach/debit","/v1/ach/debit,/v1/ach/credit,/v1/ach/status,/v1/ach/verify-account,/v1/ach/settlement,/v1/ach/return",ERROR,"INFO,ERROR,EXIT",74d4d70f7ddff14954985325427e857a,"{""type"":""debit"",""amount"":31670,""currency"":""USD"",""accountLast4"":""1360"",""routingNumber"":""122105155""}","{""status"":""returned"",""achStatus"":""returned"",""returnCode"":""R07"",""reason"":""bank_return""}",637,R07,"R01,R02,R03,R04,R07,R08,R10,R29",122105155,"021000021,111000025,091000022,026009593,122105155","payments-service",1778482483,"74d4d70f-7ddf-f149-5498-5325427e857a"
"2026-05-11T20:56:24.000+0000",9327,43422,USD,"1778532984.182","/v1/ach/return","/v1/ach/debit,/v1/ach/credit,/v1/ach/status,/v1/ach/verify-account,/v1/ach/settlement,/v1/ach/return",INFO,"INFO,ERROR,EXIT",6c01c20ea56c57bde3b8c2df1994d08a,"{""transferId"":""ACH-811585"",""action"":""return""}","{""status"":""unknown""}",182,R03,"R01,R02,R03,R04,R07,R08,R10,R29",111000025,"021000021,111000025,091000022,026009593,122105155","payments-service",1778532984,"6c01c20e-a56c-57bd-e3b8-c2df1994d08a"
"2026-05-06T03:19:37.000+0000",1239,3243,USD,"1778037577.398","/v1/ach/credit","/v1/ach/debit,/v1/ach/credit,/v1/ach/status,/v1/ach/verify-account,/v1/ach/settlement,/v1/ach/return",EXIT,"INFO,ERROR,EXIT",a03314a53acaf8474e7b3e517e0e7ac5,"{""type"":""credit"",""amount"":3243,""currency"":""USD"",""destinationAccountLast4"":""1239"",""routingNumber"":""122105155""}","{""status"":""error"",""errorCode"":""ACH-504"",""message"":""gateway_timeout""}",398,R04,"R01,R02,R03,R04,R07,R08,R10,R29",122105155,"021000021,111000025,091000022,026009593,122105155","payments-service",1778037577,"a03314a5-3aca-f847-4e7b-3e517e0e7ac5"
"2026-05-08T23:47:29.000+0000",4973,12936,USD,"1778284049.382","/v1/ach/credit","/v1/ach/debit,/v1/ach/credit,/v1/ach/status,/v1/ach/verify-account,/v1/ach/settlement,/v1/ach/return",ERROR,"INFO,ERROR,EXIT",c40b1ccf070943658bff78e61b76cb73,"{""type"":""credit"",""amount"":12936,""currency"":""USD"",""destinationAccountLast4"":""4973"",""routingNumber"":""091000022""}","{""status"":""returned"",""achStatus"":""returned"",""returnCode"":""R07"",""reason"":""bank_return""}",382,R07,"R01,R02,R03,R04,R07,R08,R10,R29",091000022,"021000021,111000025,091000022,026009593,122105155","payments-service",1778284049,"c40b1ccf-0709-4365-8bff-78e61b76cb73"
"2026-05-07T14:02:03.000+0000",9880,9304,USD,"1778162523.87","/v1/ach/debit","/v1/ach/debit,/v1/ach/credit,/v1/ach/status,/v1/ach/verify-account,/v1/ach/settlement,/v1/ach/return",INFO,"INFO,ERROR,EXIT",46742074670890626097263e27610a1c,"{""type"":""debit"",""amount"":9304,""currency"":""USD"",""accountLast4"":""9880"",""routingNumber"":""111000025""}","{""status"":""pending"",""achStatus"":""submitted"",""estimatedSettlementDate"":""2026-05-08""}",870,R01,"R01,R02,R03,R04,R07,R08,R10,R29",111000025,"021000021,111000025,091000022,026009593,122105155","payments-service",1778162523,"46742074-6708-9062-6097-263e27610a1c"
"2026-05-09T18:04:50.000+0000",2559,34313,USD,"1778349890.545","/v1/ach/settlement","/v1/ach/debit,/v1/ach/credit,/v1/ach/status,/v1/ach/verify-account,/v1/ach/settlement,/v1/ach/return",ERROR,"INFO,ERROR,EXIT",2ec96bc44ecc2d54ec5197ba9808f2d4,"{""transferId"":""ACH-295946"",""action"":""settlement""}","{""status"":""returned"",""achStatus"":""returned"",""returnCode"":""R29"",""reason"":""bank_return""}",545,R29,"R01,R02,R03,R04,R07,R08,R10,R29",021000021,"021000021,111000025,091000022,026009593,122105155","payments-service",1778349890,"2ec96bc4-4ecc-2d54-ec51-97ba9808f2d4"
"2026-05-06T09:52:36.000+0000",5902,11471,USD,"1778061157.239","/v1/ach/return","/v1/ach/debit,/v1/ach/credit,/v1/ach/status,/v1/ach/verify-account,/v1/ach/settlement,/v1/ach/return",INFO,"INFO,ERROR,EXIT",21d40b374d9dfb3f641ea8f34f1f602a,"{""transferId"":""ACH-628846"",""action"":""return""}","{""status"":""unknown""}",1239,R01,"R01,R02,R03,R04,R07,R08,R10,R29",021000021,"021000021,111000025,091000022,026009593,122105155","payments-service",1778061156,"21d40b37-4d9d-fb3f-641e-a8f34f1f602a"
"2026-05-09T22:26:05.000+0000",3491,38799,USD,"1778365565.423","/v1/ach/credit","/v1/ach/debit,/v1/ach/credit,/v1/ach/status,/v1/ach/verify-account,/v1/ach/settlement,/v1/ach/return",ERROR,"INFO,ERROR,EXIT",a583552759d0704e672764632645d306,"{""type"":""credit"",""amount"":38799,""currency"":""USD"",""destinationAccountLast4"":""3491"",""routingNumber"":""026009593""}","{""status"":""returned"",""achStatus"":""returned"",""returnCode"":""R03"",""reason"":""bank_return""}",423,R03,"R01,R02,R03,R04,R07,R08,R10,R29",026009593,"021000021,111000025,091000022,026009593,122105155","payments-service",1778365565,"a5835527-59d0-704e-6727-64632645d306"
"2026-05-08T21:38:20.000+0000",5004,30119,USD,"1778276300.273","/v1/ach/verify-account","/v1/ach/debit,/v1/ach/credit,/v1/ach/status,/v1/ach/verify-account,/v1/ach/settlement,/v1/ach/return",ERROR,"INFO,ERROR,EXIT",06b8eb5e6dd9c57933274cdee2977412,"{""accountLast4"":""5004"",""routingNumber"":""021000021""}","{""status"":""returned"",""achStatus"":""returned"",""returnCode"":""R29"",""reason"":""bank_return""}",273,R29,"R01,R02,R03,R04,R07,R08,R10,R29",021000021,"021000021,111000025,091000022,026009593,122105155","payments-service",1778276300,"06b8eb5e-6dd9-c579-3327-4cdee2977412"
"2026-05-07T19:11:06.000+0000",2532,49193,USD,"1778181066.393","/v1/ach/status","/v1/ach/debit,/v1/ach/credit,/v1/ach/status,/v1/ach/verify-account,/v1/ach/settlement,/v1/ach/return",EXIT,"INFO,ERROR,EXIT",688b1f9a08684871f0efc65f14522e6f,"{""transferId"":""ACH-299339"",""action"":""status""}","{""status"":""error"",""errorCode"":""ACH-504"",""message"":""gateway_timeout""}",393,R08,"R01,R02,R03,R04,R07,R08,R10,R29",111000025,"021000021,111000025,091000022,026009593,122105155","payments-service",1778181066,"688b1f9a-0868-4871-f0ef-c65f14522e6f"
"2026-05-10T01:59:41.000+0000",1914,45918,USD,"1778378382.105","/v1/ach/credit","/v1/ach/debit,/v1/ach/credit,/v1/ach/status,/v1/ach/verify-account,/v1/ach/settlement,/v1/ach/return",INFO,"INFO,ERROR,EXIT",8ca8dfc585f1fff4e684ec36b5ac1832,"{""type"":""credit"",""amount"":45918,""currency"":""USD"",""destinationAccountLast4"":""1914"",""routingNumber"":""026009593""}","{""status"":""pending"",""achStatus"":""submitted"",""estimatedSettlementDate"":""2026-05-11""}",1105,R08,"R01,R02,R03,R04,R07,R08,R10,R29",026009593,"021000021,111000025,091000022,026009593,122105155","payments-service",1778378381,"8ca8dfc5-85f1-fff4-e684-ec36b5ac1832"
"2026-05-11T10:02:16.000+0000",2734,50475,USD,"1778493736.686","/v1/ach/return","/v1/ach/debit,/v1/ach/credit,/v1/ach/status,/v1/ach/verify-account,/v1/ach/settlement,/v1/ach/return",ERROR,"INFO,ERROR,EXIT",cd473fada8b604607b803f7fbd780b17,"{""transferId"":""ACH-136819"",""action"":""return""}","{""status"":""returned"",""achStatus"":""returned"",""returnCode"":""R03"",""reason"":""bank_return""}",686,R03,"R01,R02,R03,R04,R07,R08,R10,R29",091000022,"021000021,111000025,091000022,026009593,122105155","payments-service",1778493736,"cd473fad-a8b6-0460-7b80-3f7fbd780b17"
"2026-05-10T19:53:01.000+0000",9625,41966,USD,"1778442781.707","/v1/ach/verify-account","/v1/ach/debit,/v1/ach/credit,/v1/ach/status,/v1/ach/verify-account,/v1/ach/settlement,/v1/ach/return",INFO,"INFO,ERROR,EXIT",04ed2fda6aa9fd11a10453b3410be909,"{""accountLast4"":""9625"",""routingNumber"":""111000025""}","{""status"":""unknown""}",707,R04,"R01,R02,R03,R04,R07,R08,R10,R29",111000025,"021000021,111000025,091000022,026009593,122105155","payments-service",1778442781,"04ed2fda-6aa9-fd11-a104-53b3410be909"
"2026-05-12T06:40:04.000+0000",9665,30694,USD,"1778568004.807","/v1/ach/credit","/v1/ach/debit,/v1/ach/credit,/v1/ach/status,/v1/ach/verify-account,/v1/ach/settlement,/v1/ach/return",ERROR,"INFO,ERROR,EXIT",a0bcc77067ebddb12e42b9b81a701feb,"{""type"":""credit"",""amount"":30694,""currency"":""USD"",""destinationAccountLast4"":""9665"",""routingNumber"":""111000025""}","{""status"":""returned"",""achStatus"":""returned"",""returnCode"":""R01"",""reason"":""bank_return""}",807,R01,"R01,R02,R03,R04,R07,R08,R10,R29",111000025,"021000021,111000025,091000022,026009593,122105155","payments-service",1778568004,"a0bcc770-67eb-ddb1-2e42-b9b81a701feb"
"2026-05-10T14:34:21.000+0000",3780,38867,USD,"1778423662.179","/v1/ach/verify-account","/v1/ach/debit,/v1/ach/credit,/v1/ach/status,/v1/ach/verify-account,/v1/ach/settlement,/v1/ach/return",EXIT,"INFO,ERROR,EXIT",30efe988f41e6d18365310fab28e30d9,"{""accountLast4"":""3780"",""routingNumber"":""021000021""}","{""status"":""error"",""errorCode"":""ACH-504"",""message"":""gateway_timeout""}",1179,R03,"R01,R02,R03,R04,R07,R08,R10,R29",021000021,"021000021,111000025,091000022,026009593,122105155","payments-service",1778423661,"30efe988-f41e-6d18-3653-10fab28e30d9"
"2026-05-06T05:25:24.000+0000",1384,12105,USD,"1778045125.114","/v1/ach/status","/v1/ach/debit,/v1/ach/credit,/v1/ach/status,/v1/ach/verify-account,/v1/ach/settlement,/v1/ach/return",INFO,"INFO,ERROR,EXIT",eb6278962a1285051d85bd1120a23ca4,"{""transferId"":""ACH-533721"",""action"":""status""}","{""status"":""settled"",""achStatus"":""completed"",""settledAt"":""2026-05-06T05:25:24Z""}",1114,R02,"R01,R02,R03,R04,R07,R08,R10,R29",122105155,"021000021,111000025,091000022,026009593,122105155","payments-service",1778045124,"eb627896-2a12-8505-1d85-bd1120a23ca4"
"2026-05-09T12:19:42.000+0000",3432,1264,USD,"1778329182.188","/v1/ach/status","/v1/ach/debit,/v1/ach/credit,/v1/ach/status,/v1/ach/verify-account,/v1/ach/settlement,/v1/ach/return",INFO,"INFO,ERROR,EXIT",da8da3bd182469c40901c72b704a70f7,"{""transferId"":""ACH-514272"",""action"":""status""}","{""status"":""settled"",""achStatus"":""completed"",""settledAt"":""2026-05-09T12:19:42Z""}",188,R01,"R01,R02,R03,R04,R07,R08,R10,R29",021000021,"021000021,111000025,091000022,026009593,122105155","payments-service",1778329182,"da8da3bd-1824-69c4-0901-c72b704a70f7"
"2026-05-05T10:20:32.000+0000",5309,1630,USD,"1777976433.029","/v1/ach/credit","/v1/ach/debit,/v1/ach/credit,/v1/ach/status,/v1/ach/verify-account,/v1/ach/settlement,/v1/ach/return",INFO,"INFO,ERROR,EXIT",373b5b5806007bd0a7e86e6183093c4c,"{""type"":""credit"",""amount"":1630,""currency"":""USD"",""destinationAccountLast4"":""5309"",""routingNumber"":""091000022""}","{""status"":""pending"",""achStatus"":""submitted"",""estimatedSettlementDate"":""2026-05-06""}",1029,R01,"R01,R02,R03,R04,R07,R08,R10,R29",091000022,"021000021,111000025,091000022,026009593,122105155","payments-service",1777976432,"373b5b58-0600-7bd0-a7e8-6e6183093c4c"
"2026-05-12T04:41:54.000+0000",5200,2467,USD,"1778560914.261","/v1/ach/status","/v1/ach/debit,/v1/ach/credit,/v1/ach/status,/v1/ach/verify-account,/v1/ach/settlement,/v1/ach/return",ERROR,"INFO,ERROR,EXIT",4719abda3a76dd29a3eff5a00b7a05a6,"{""transferId"":""ACH-260483"",""action"":""status""}","{""status"":""returned"",""achStatus"":""returned"",""returnCode"":""R10"",""reason"":""bank_return""}",261,R10,"R01,R02,R03,R04,R07,R08,R10,R29",021000021,"021000021,111000025,091000022,026009593,122105155","payments-service",1778560914,"4719abda-3a76-dd29-a3ef-f5a00b7a05a6"
"2026-05-09T05:00:20.000+0000",4840,21541,USD,"1778302821.024","/v1/ach/verify-account","/v1/ach/debit,/v1/ach/credit,/v1/ach/status,/v1/ach/verify-account,/v1/ach/settlement,/v1/ach/return",ERROR,"INFO,ERROR,EXIT",5583c732331e50d9248c89c5587fb12e,"{""accountLast4"":""4840"",""routingNumber"":""021000021""}","{""status"":""returned"",""achStatus"":""returned"",""returnCode"":""R07"",""reason"":""bank_return""}",1024,R07,"R01,R02,R03,R04,R07,R08,R10,R29",021000021,"021000021,111000025,091000022,026009593,122105155","payments-service",1778302820,"5583c732-331e-50d9-248c-89c5587fb12e"
"2026-05-06T16:53:08.000+0000",9546,1037,USD,"1778086388.598","/v1/ach/return","/v1/ach/debit,/v1/ach/credit,/v1/ach/status,/v1/ach/verify-account,/v1/ach/settlement,/v1/ach/return",EXIT,"INFO,ERROR,EXIT",5c47faa6cf521102e8766579047e9942,"{""transferId"":""ACH-362964"",""action"":""return""}","{""status"":""error"",""errorCode"":""ACH-504"",""message"":""gateway_timeout""}",598,R02,"R01,R02,R03,R04,R07,R08,R10,R29",026009593,"021000021,111000025,091000022,026009593,122105155","payments-service",1778086388,"5c47faa6-cf52-1102-e876-6579047e9942"
"2026-05-07T01:44:50.000+0000",3190,41886,USD,"1778118291.156","/v1/ach/return","/v1/ach/debit,/v1/ach/credit,/v1/ach/status,/v1/ach/verify-account,/v1/ach/settlement,/v1/ach/return",EXIT,"INFO,ERROR,EXIT",074f6dfd92b058637d2658f27069f148,"{""transferId"":""ACH-436902"",""action"":""return""}","{""status"":""error"",""errorCode"":""ACH-504"",""message"":""gateway_timeout""}",1156,R04,"R01,R02,R03,R04,R07,R08,R10,R29",111000025,"021000021,111000025,091000022,026009593,122105155","payments-service",1778118290,"074f6dfd-92b0-5863-7d26-58f27069f148"
"2026-05-07T01:27:35.000+0000",8866,29397,USD,"1778117255.507","/v1/ach/status","/v1/ach/debit,/v1/ach/credit,/v1/ach/status,/v1/ach/verify-account,/v1/ach/settlement,/v1/ach/return",ERROR,"INFO,ERROR,EXIT",471bb5c881afe7e3f4f5c0d994e677cd,"{""transferId"":""ACH-677134"",""action"":""status""}","{""status"":""returned"",""achStatus"":""returned"",""returnCode"":""R01"",""reason"":""bank_return""}",507,R01,"R01,R02,R03,R04,R07,R08,R10,R29",111000025,"021000021,111000025,091000022,026009593,122105155","payments-service",1778117255,"471bb5c8-81af-e7e3-f4f5-c0d994e677cd"
"2026-05-11T07:10:27.000+0000",3025,33314,USD,"1778483427.852","/v1/ach/verify-account","/v1/ach/debit,/v1/ach/credit,/v1/ach/status,/v1/ach/verify-account,/v1/ach/settlement,/v1/ach/return",INFO,"INFO,ERROR,EXIT",b6909f9d970c6bf6c3f70315b87eac5a,"{""accountLast4"":""3025"",""routingNumber"":""021000021""}","{""status"":""unknown""}",852,R10,"R01,R02,R03,R04,R07,R08,R10,R29",021000021,"021000021,111000025,091000022,026009593,122105155","payments-service",1778483427,"b6909f9d-970c-6bf6-c3f7-0315b87eac5a"
"2026-05-08T00:58:09.000+0000",5475,46549,USD,"1778201889.111","/v1/ach/verify-account","/v1/ach/debit,/v1/ach/credit,/v1/ach/status,/v1/ach/verify-account,/v1/ach/settlement,/v1/ach/return",EXIT,"INFO,ERROR,EXIT",0cc17580490d2fdfa772c1fa756c06bc,"{""accountLast4"":""5475"",""routingNumber"":""091000022""}","{""status"":""error"",""errorCode"":""ACH-504"",""message"":""gateway_timeout""}",111,R03,"R01,R02,R03,R04,R07,R08,R10,R29",091000022,"021000021,111000025,091000022,026009593,122105155","payments-service",1778201889,"0cc17580-490d-2fdf-a772-c1fa756c06bc"
"2026-05-06T11:26:17.000+0000",1171,10158,USD,"1778066777.301","/v1/ach/credit","/v1/ach/debit,/v1/ach/credit,/v1/ach/status,/v1/ach/verify-account,/v1/ach/settlement,/v1/ach/return",EXIT,"INFO,ERROR,EXIT",3038a24b13d304d3f65ad098a1801846,"{""type"":""credit"",""amount"":10158,""currency"":""USD"",""destinationAccountLast4"":""1171"",""routingNumber"":""122105155""}","{""status"":""error"",""errorCode"":""ACH-504"",""message"":""gateway_timeout""}",301,R04,"R01,R02,R03,R04,R07,R08,R10,R29",122105155,"021000021,111000025,091000022,026009593,122105155","payments-service",1778066777,"3038a24b-13d3-04d3-f65a-d098a1801846"
"2026-05-10T20:10:07.000+0000",2814,14654,USD,"1778443807.634","/v1/ach/debit","/v1/ach/debit,/v1/ach/credit,/v1/ach/status,/v1/ach/verify-account,/v1/ach/settlement,/v1/ach/return",EXIT,"INFO,ERROR,EXIT",c9a62cfccb71701c709294191455511a,"{""type"":""debit"",""amount"":14654,""currency"":""USD"",""accountLast4"":""2814"",""routingNumber"":""026009593""}","{""status"":""error"",""errorCode"":""ACH-504"",""message"":""gateway_timeout""}",634,R01,"R01,R02,R03,R04,R07,R08,R10,R29",026009593,"021000021,111000025,091000022,026009593,122105155","payments-service",1778443807,"c9a62cfc-cb71-701c-7092-94191455511a"
"2026-05-08T12:44:26.000+0000",8430,13344,USD,"1778244266.487","/v1/ach/verify-account","/v1/ach/debit,/v1/ach/credit,/v1/ach/status,/v1/ach/verify-account,/v1/ach/settlement,/v1/ach/return",EXIT,"INFO,ERROR,EXIT",f231ba527e51928e190a5a165dc059eb,"{""accountLast4"":""8430"",""routingNumber"":""026009593""}","{""status"":""error"",""errorCode"":""ACH-504"",""message"":""gateway_timeout""}",487,R07,"R01,R02,R03,R04,R07,R08,R10,R29",026009593,"021000021,111000025,091000022,026009593,122105155","payments-service",1778244266,"f231ba52-7e51-928e-190a-5a165dc059eb"
"2026-05-11T18:00:19.000+0000",7854,44380,USD,"1778522419.086","/v1/ach/credit","/v1/ach/debit,/v1/ach/credit,/v1/ach/status,/v1/ach/verify-account,/v1/ach/settlement,/v1/ach/return",INFO,"INFO,ERROR,EXIT",e701d820163c50a6514bbda51b52e1fc,"{""type"":""credit"",""amount"":44380,""currency"":""USD"",""destinationAccountLast4"":""7854"",""routingNumber"":""122105155""}","{""status"":""pending"",""achStatus"":""submitted"",""estimatedSettlementDate"":""2026-05-12""}",86,R01,"R01,R02,R03,R04,R07,R08,R10,R29",122105155,"021000021,111000025,091000022,026009593,122105155","payments-service",1778522419,"e701d820-163c-50a6-514b-bda51b52e1fc"
"2026-05-05T14:06:36.000+0000",5002,31193,USD,"1777989996.607","/v1/ach/status","/v1/ach/debit,/v1/ach/credit,/v1/ach/status,/v1/ach/verify-account,/v1/ach/settlement,/v1/ach/return",EXIT,"INFO,ERROR,EXIT",f87de8729d49ab18711fa5edc62b0cc6,"{""transferId"":""ACH-367314"",""action"":""status""}","{""status"":""error"",""errorCode"":""ACH-504"",""message"":""gateway_timeout""}",607,R07,"R01,R02,R03,R04,R07,R08,R10,R29",026009593,"021000021,111000025,091000022,026009593,122105155","payments-service",1777989996,"f87de872-9d49-ab18-711f-a5edc62b0cc6"
"2026-05-06T22:40:30.000+0000",8667,41859,USD,"1778107230.604","/v1/ach/debit","/v1/ach/debit,/v1/ach/credit,/v1/ach/status,/v1/ach/verify-account,/v1/ach/settlement,/v1/ach/return",ERROR,"INFO,ERROR,EXIT",c1a0c63ebb8117eb498a42adfbf122cb,"{""type"":""debit"",""amount"":41859,""currency"":""USD"",""accountLast4"":""8667"",""routingNumber"":""122105155""}","{""status"":""returned"",""achStatus"":""returned"",""returnCode"":""R04"",""reason"":""bank_return""}",604,R04,"R01,R02,R03,R04,R07,R08,R10,R29",122105155,"021000021,111000025,091000022,026009593,122105155","payments-service",1778107230,"c1a0c63e-bb81-17eb-498a-42adfbf122cb"
"2026-05-10T09:25:32.000+0000",7848,28188,USD,"1778405132.913","/v1/ach/debit","/v1/ach/debit,/v1/ach/credit,/v1/ach/status,/v1/ach/verify-account,/v1/ach/settlement,/v1/ach/return",INFO,"INFO,ERROR,EXIT",278910743d5c53d9d5e8df22aed6e45c,"{""type"":""debit"",""amount"":28188,""currency"":""USD"",""accountLast4"":""7848"",""routingNumber"":""122105155""}","{""status"":""pending"",""achStatus"":""submitted"",""estimatedSettlementDate"":""2026-05-11""}",913,R08,"R01,R02,R03,R04,R07,R08,R10,R29",122105155,"021000021,111000025,091000022,026009593,122105155","payments-service",1778405132,"27891074-3d5c-53d9-d5e8-df22aed6e45c"
"2026-05-05T19:50:29.000+0000",3288,10964,USD,"1778010629.297","/v1/ach/credit","/v1/ach/debit,/v1/ach/credit,/v1/ach/status,/v1/ach/verify-account,/v1/ach/settlement,/v1/ach/return",INFO,"INFO,ERROR,EXIT",64d77bbd3a5a5a15a89459a270c95ca7,"{""type"":""credit"",""amount"":10964,""currency"":""USD"",""destinationAccountLast4"":""3288"",""routingNumber"":""091000022""}","{""status"":""pending"",""achStatus"":""submitted"",""estimatedSettlementDate"":""2026-05-06""}",297,R02,"R01,R02,R03,R04,R07,R08,R10,R29",091000022,"021000021,111000025,091000022,026009593,122105155","payments-service",1778010629,"64d77bbd-3a5a-5a15-a894-59a270c95ca7"
"2026-05-11T16:15:40.000+0000",9175,27768,USD,"1778516140.757","/v1/ach/settlement","/v1/ach/debit,/v1/ach/credit,/v1/ach/status,/v1/ach/verify-account,/v1/ach/settlement,/v1/ach/return",EXIT,"INFO,ERROR,EXIT",196ead1e79cb66ead1aa64073458cf61,"{""transferId"":""ACH-507585"",""action"":""settlement""}","{""status"":""error"",""errorCode"":""ACH-504"",""message"":""gateway_timeout""}",757,R07,"R01,R02,R03,R04,R07,R08,R10,R29",111000025,"021000021,111000025,091000022,026009593,122105155","payments-service",1778516140,"196ead1e-79cb-66ea-d1aa-64073458cf61"
"2026-05-07T10:37:17.000+0000",2584,41192,USD,"1778150237.904","/v1/ach/settlement","/v1/ach/debit,/v1/ach/credit,/v1/ach/status,/v1/ach/verify-account,/v1/ach/settlement,/v1/ach/return",EXIT,"INFO,ERROR,EXIT",01f0151fa5e57725bcdeb588c3efcaa2,"{""transferId"":""ACH-247534"",""action"":""settlement""}","{""status"":""error"",""errorCode"":""ACH-504"",""message"":""gateway_timeout""}",904,R07,"R01,R02,R03,R04,R07,R08,R10,R29",122105155,"021000021,111000025,091000022,026009593,122105155","payments-service",1778150237,"01f0151f-a5e5-7725-bcde-b588c3efcaa2"
"2026-05-08T16:51:03.000+0000",7768,31651,USD,"1778259063.957","/v1/ach/status","/v1/ach/debit,/v1/ach/credit,/v1/ach/status,/v1/ach/verify-account,/v1/ach/settlement,/v1/ach/return",ERROR,"INFO,ERROR,EXIT",7f14732b16877932ac1b8a5eac9d38dc,"{""transferId"":""ACH-620467"",""action"":""status""}","{""status"":""returned"",""achStatus"":""returned"",""returnCode"":""R07"",""reason"":""bank_return""}",957,R07,"R01,R02,R03,R04,R07,R08,R10,R29",021000021,"021000021,111000025,091000022,026009593,122105155","payments-service",1778259063,"7f14732b-1687-7932-ac1b-8a5eac9d38dc"
"2026-05-11T12:22:36.000+0000",3289,26961,USD,"1778502156.636","/v1/ach/return","/v1/ach/debit,/v1/ach/credit,/v1/ach/status,/v1/ach/verify-account,/v1/ach/settlement,/v1/ach/return",EXIT,"INFO,ERROR,EXIT",d94ce10cdc28b4117038f51f7f2d54c7,"{""transferId"":""ACH-835382"",""action"":""return""}","{""status"":""error"",""errorCode"":""ACH-504"",""message"":""gateway_timeout""}",636,R29,"R01,R02,R03,R04,R07,R08,R10,R29",026009593,"021000021,111000025,091000022,026009593,122105155","payments-service",1778502156,"d94ce10c-dc28-b411-7038-f51f7f2d54c7"
"2026-05-06T01:10:33.000+0000",6508,1713,USD,"1778029833.39","/v1/ach/debit","/v1/ach/debit,/v1/ach/credit,/v1/ach/status,/v1/ach/verify-account,/v1/ach/settlement,/v1/ach/return",INFO,"INFO,ERROR,EXIT",d595ea06ecf33c8d0028f08defad6b31,"{""type"":""debit"",""amount"":1713,""currency"":""USD"",""accountLast4"":""6508"",""routingNumber"":""122105155""}","{""status"":""pending"",""achStatus"":""submitted"",""estimatedSettlementDate"":""2026-05-07""}",390,R04,"R01,R02,R03,R04,R07,R08,R10,R29",122105155,"021000021,111000025,091000022,026009593,122105155","payments-service",1778029833,"d595ea06-ecf3-3c8d-0028-f08defad6b31"
"2026-05-11T22:58:06.000+0000",8363,49636,USD,"1778540287.219","/v1/ach/settlement","/v1/ach/debit,/v1/ach/credit,/v1/ach/status,/v1/ach/verify-account,/v1/ach/settlement,/v1/ach/return",ERROR,"INFO,ERROR,EXIT",9b8f465f8de25d5cdb0ffcbc32be9740,"{""transferId"":""ACH-994242"",""action"":""settlement""}","{""status"":""returned"",""achStatus"":""returned"",""returnCode"":""R03"",""reason"":""bank_return""}",1219,R03,"R01,R02,R03,R04,R07,R08,R10,R29",091000022,"021000021,111000025,091000022,026009593,122105155","payments-service",1778540286,"9b8f465f-8de2-5d5c-db0f-fcbc32be9740"
"2026-05-05T11:14:37.000+0000",8047,29687,USD,"1777979677.501","/v1/ach/credit","/v1/ach/debit,/v1/ach/credit,/v1/ach/status,/v1/ach/verify-account,/v1/ach/settlement,/v1/ach/return",EXIT,"INFO,ERROR,EXIT",c4a7eacfa67cc112d7a0ded6adff09db,"{""type"":""credit"",""amount"":29687,""currency"":""USD"",""destinationAccountLast4"":""8047"",""routingNumber"":""122105155""}","{""status"":""error"",""errorCode"":""ACH-504"",""message"":""gateway_timeout""}",501,R29,"R01,R02,R03,R04,R07,R08,R10,R29",122105155,"021000021,111000025,091000022,026009593,122105155","payments-service",1777979677,"c4a7eacf-a67c-c112-d7a0-ded6adff09db"
"2026-05-10T19:42:50.000+0000",6286,50464,USD,"1778442171.072","/v1/ach/status","/v1/ach/debit,/v1/ach/credit,/v1/ach/status,/v1/ach/verify-account,/v1/ach/settlement,/v1/ach/return",ERROR,"INFO,ERROR,EXIT",4973282567c3b151f6a604e17a18c005,"{""transferId"":""ACH-635261"",""action"":""status""}","{""status"":""returned"",""achStatus"":""returned"",""returnCode"":""R07"",""reason"":""bank_return""}",1072,R07,"R01,R02,R03,R04,R07,R08,R10,R29",021000021,"021000021,111000025,091000022,026009593,122105155","payments-service",1778442170,"49732825-67c3-b151-f6a6-04e17a18c005"
"2026-05-05T13:55:26.000+0000",5463,22236,USD,"1777989326.989","/v1/ach/settlement","/v1/ach/debit,/v1/ach/credit,/v1/ach/status,/v1/ach/verify-account,/v1/ach/settlement,/v1/ach/return",ERROR,"INFO,ERROR,EXIT",95638376fa73128837f340d9de6a2372,"{""transferId"":""ACH-747995"",""action"":""settlement""}","{""status"":""returned"",""achStatus"":""returned"",""returnCode"":""R04"",""reason"":""bank_return""}",989,R04,"R01,R02,R03,R04,R07,R08,R10,R29",111000025,"021000021,111000025,091000022,026009593,122105155","payments-service",1777989326,"95638376-fa73-1288-37f3-40d9de6a2372"
"2026-05-08T05:31:13.000+0000",8197,9680,USD,"1778218274.008","/v1/ach/return","/v1/ach/debit,/v1/ach/credit,/v1/ach/status,/v1/ach/verify-account,/v1/ach/settlement,/v1/ach/return",ERROR,"INFO,ERROR,EXIT",6fb18664e49f2841c8792df7cc37ed45,"{""transferId"":""ACH-561773"",""action"":""return""}","{""status"":""returned"",""achStatus"":""returned"",""returnCode"":""R29"",""reason"":""bank_return""}",1008,R29,"R01,R02,R03,R04,R07,R08,R10,R29",091000022,"021000021,111000025,091000022,026009593,122105155","payments-service",1778218273,"6fb18664-e49f-2841-c879-2df7cc37ed45"
"2026-05-06T17:57:12.000+0000",7259,17354,USD,"1778090232.295","/v1/ach/return","/v1/ach/debit,/v1/ach/credit,/v1/ach/status,/v1/ach/verify-account,/v1/ach/settlement,/v1/ach/return",ERROR,"INFO,ERROR,EXIT",1f8f2a7d409b3276f5e929c50b149820,"{""transferId"":""ACH-381284"",""action"":""return""}","{""status"":""returned"",""achStatus"":""returned"",""returnCode"":""R29"",""reason"":""bank_return""}",295,R29,"R01,R02,R03,R04,R07,R08,R10,R29",021000021,"021000021,111000025,091000022,026009593,122105155","payments-service",1778090232,"1f8f2a7d-409b-3276-f5e9-29c50b149820"
"2026-05-07T09:05:17.000+0000",9073,49701,USD,"1778144717.563","/v1/ach/settlement","/v1/ach/debit,/v1/ach/credit,/v1/ach/status,/v1/ach/verify-account,/v1/ach/settlement,/v1/ach/return",ERROR,"INFO,ERROR,EXIT",9427c35e98924eb450f16028daabb6ca,"{""transferId"":""ACH-819456"",""action"":""settlement""}","{""status"":""returned"",""achStatus"":""returned"",""returnCode"":""R04"",""reason"":""bank_return""}",563,R04,"R01,R02,R03,R04,R07,R08,R10,R29",091000022,"021000021,111000025,091000022,026009593,122105155","payments-service",1778144717,"9427c35e-9892-4eb4-50f1-6028daabb6ca"
"2026-05-11T17:07:48.000+0000",6385,38027,USD,"1778519268.301","/v1/ach/settlement","/v1/ach/debit,/v1/ach/credit,/v1/ach/status,/v1/ach/verify-account,/v1/ach/settlement,/v1/ach/return",EXIT,"INFO,ERROR,EXIT",29045cefda3b04939dd6ade00aedd5b9,"{""transferId"":""ACH-899859"",""action"":""settlement""}","{""status"":""error"",""errorCode"":""ACH-504"",""message"":""gateway_timeout""}",301,R02,"R01,R02,R03,R04,R07,R08,R10,R29",021000021,"021000021,111000025,091000022,026009593,122105155","payments-service",1778519268,"29045cef-da3b-0493-9dd6-ade00aedd5b9"
"2026-05-06T07:28:02.000+0000",4196,1454,USD,"1778052482.746","/v1/ach/settlement","/v1/ach/debit,/v1/ach/credit,/v1/ach/status,/v1/ach/verify-account,/v1/ach/settlement,/v1/ach/return",EXIT,"INFO,ERROR,EXIT",2a3637700459a43f00c895794c00dc32,"{""transferId"":""ACH-418084"",""action"":""settlement""}","{""status"":""error"",""errorCode"":""ACH-504"",""message"":""gateway_timeout""}",746,R10,"R01,R02,R03,R04,R07,R08,R10,R29",122105155,"021000021,111000025,091000022,026009593,122105155","payments-service",1778052482,"2a363770-0459-a43f-00c8-95794c00dc32"
"2026-05-06T08:07:04.000+0000",6969,1880,USD,"1778054824.965","/v1/ach/settlement","/v1/ach/debit,/v1/ach/credit,/v1/ach/status,/v1/ach/verify-account,/v1/ach/settlement,/v1/ach/return",ERROR,"INFO,ERROR,EXIT",ac965dfcacd75e8e7361197e92042846,"{""transferId"":""ACH-692997"",""action"":""settlement""}","{""status"":""returned"",""achStatus"":""returned"",""returnCode"":""R08"",""reason"":""bank_return""}",965,R08,"R01,R02,R03,R04,R07,R08,R10,R29",021000021,"021000021,111000025,091000022,026009593,122105155","payments-service",1778054824,"ac965dfc-acd7-5e8e-7361-197e92042846"
"2026-05-07T09:03:10.000+0000",1340,29375,USD,"1778144590.195","/v1/ach/credit","/v1/ach/debit,/v1/ach/credit,/v1/ach/status,/v1/ach/verify-account,/v1/ach/settlement,/v1/ach/return",EXIT,"INFO,ERROR,EXIT",194d98e63e7db91899e7423cc7e224e2,"{""type"":""credit"",""amount"":29375,""currency"":""USD"",""destinationAccountLast4"":""1340"",""routingNumber"":""091000022""}","{""status"":""error"",""errorCode"":""ACH-504"",""message"":""gateway_timeout""}",195,R02,"R01,R02,R03,R04,R07,R08,R10,R29",091000022,"021000021,111000025,091000022,026009593,122105155","payments-service",1778144590,"194d98e6-3e7d-b918-99e7-423cc7e224e2"
"2026-05-12T00:25:38.000+0000",9044,28483,USD,"1778545539.02","/v1/ach/settlement","/v1/ach/debit,/v1/ach/credit,/v1/ach/status,/v1/ach/verify-account,/v1/ach/settlement,/v1/ach/return",EXIT,"INFO,ERROR,EXIT",6065087df968d836cc4d8c26c550b115,"{""transferId"":""ACH-613109"",""action"":""settlement""}","{""status"":""error"",""errorCode"":""ACH-504"",""message"":""gateway_timeout""}",1020,R08,"R01,R02,R03,R04,R07,R08,R10,R29",026009593,"021000021,111000025,091000022,026009593,122105155","payments-service",1778545538,"6065087d-f968-d836-cc4d-8c26c550b115"
"2026-05-10T01:02:36.000+0000",1952,23570,USD,"1778374957.21","/v1/ach/verify-account","/v1/ach/debit,/v1/ach/credit,/v1/ach/status,/v1/ach/verify-account,/v1/ach/settlement,/v1/ach/return",ERROR,"INFO,ERROR,EXIT",a0887e51fc8bd4a2eebfc25ae9f256b4,"{""accountLast4"":""1952"",""routingNumber"":""021000021""}","{""status"":""returned"",""achStatus"":""returned"",""returnCode"":""R10"",""reason"":""bank_return""}",1210,R10,"R01,R02,R03,R04,R07,R08,R10,R29",021000021,"021000021,111000025,091000022,026009593,122105155","payments-service",1778374956,"a0887e51-fc8b-d4a2-eebf-c25ae9f256b4"
"2026-05-07T19:53:56.000+0000",4367,6334,USD,"1778183636.123","/v1/ach/verify-account","/v1/ach/debit,/v1/ach/credit,/v1/ach/status,/v1/ach/verify-account,/v1/ach/settlement,/v1/ach/return",INFO,"INFO,ERROR,EXIT",51968a6da43448575752cfca9a0f475b,"{""accountLast4"":""4367"",""routingNumber"":""021000021""}","{""status"":""unknown""}",123,R08,"R01,R02,R03,R04,R07,R08,R10,R29",021000021,"021000021,111000025,091000022,026009593,122105155","payments-service",1778183636,"51968a6d-a434-4857-5752-cfca9a0f475b"
"2026-05-08T13:52:01.000+0000",2510,33394,USD,"1778248321.691","/v1/ach/return","/v1/ach/debit,/v1/ach/credit,/v1/ach/status,/v1/ach/verify-account,/v1/ach/settlement,/v1/ach/return",INFO,"INFO,ERROR,EXIT",5d6169267b384f6addcd091d3159d455,"{""transferId"":""ACH-298865"",""action"":""return""}","{""status"":""unknown""}",691,R02,"R01,R02,R03,R04,R07,R08,R10,R29",122105155,"021000021,111000025,091000022,026009593,122105155","payments-service",1778248321,"5d616926-7b38-4f6a-ddcd-091d3159d455"
"2026-05-08T03:58:06.000+0000",9592,42977,USD,"1778212686.885","/v1/ach/settlement","/v1/ach/debit,/v1/ach/credit,/v1/ach/status,/v1/ach/verify-account,/v1/ach/settlement,/v1/ach/return",ERROR,"INFO,ERROR,EXIT",b0a2db96c4ca5184e21e45ccb2dca9cd,"{""transferId"":""ACH-714158"",""action"":""settlement""}","{""status"":""returned"",""achStatus"":""returned"",""returnCode"":""R29"",""reason"":""bank_return""}",885,R29,"R01,R02,R03,R04,R07,R08,R10,R29",021000021,"021000021,111000025,091000022,026009593,122105155","payments-service",1778212686,"b0a2db96-c4ca-5184-e21e-45ccb2dca9cd"
"2026-05-08T02:17:58.000+0000",7530,1008,USD,"1778206678.058","/v1/ach/verify-account","/v1/ach/debit,/v1/ach/credit,/v1/ach/status,/v1/ach/verify-account,/v1/ach/settlement,/v1/ach/return",INFO,"INFO,ERROR,EXIT",d08e549445bce1bb5ba6bd57de82dd23,"{""accountLast4"":""7530"",""routingNumber"":""122105155""}","{""status"":""unknown""}",58,R02,"R01,R02,R03,R04,R07,R08,R10,R29",122105155,"021000021,111000025,091000022,026009593,122105155","payments-service",1778206678,"d08e5494-45bc-e1bb-5ba6-bd57de82dd23"
"2026-05-08T07:18:29.000+0000",5177,50393,USD,"1778224709.909","/v1/ach/verify-account","/v1/ach/debit,/v1/ach/credit,/v1/ach/status,/v1/ach/verify-account,/v1/ach/settlement,/v1/ach/return",INFO,"INFO,ERROR,EXIT",4173ed2f60a5e2dcd37d9eb9fb27fefc,"{""accountLast4"":""5177"",""routingNumber"":""021000021""}","{""status"":""unknown""}",909,R29,"R01,R02,R03,R04,R07,R08,R10,R29",021000021,"021000021,111000025,091000022,026009593,122105155","payments-service",1778224709,"4173ed2f-60a5-e2dc-d37d-9eb9fb27fefc"
"2026-05-12T05:57:31.000+0000",4457,30732,USD,"1778565451.728","/v1/ach/credit","/v1/ach/debit,/v1/ach/credit,/v1/ach/status,/v1/ach/verify-account,/v1/ach/settlement,/v1/ach/return",ERROR,"INFO,ERROR,EXIT",5cd8d703abee3948b6a33b7f3232a166,"{""type"":""credit"",""amount"":30732,""currency"":""USD"",""destinationAccountLast4"":""4457"",""routingNumber"":""026009593""}","{""status"":""returned"",""achStatus"":""returned"",""returnCode"":""R03"",""reason"":""bank_return""}",728,R03,"R01,R02,R03,R04,R07,R08,R10,R29",026009593,"021000021,111000025,091000022,026009593,122105155","payments-service",1778565451,"5cd8d703-abee-3948-b6a3-3b7f3232a166"
"2026-05-06T07:31:33.000+0000",6980,6710,USD,"1778052694.209","/v1/ach/return","/v1/ach/debit,/v1/ach/credit,/v1/ach/status,/v1/ach/verify-account,/v1/ach/settlement,/v1/ach/return",INFO,"INFO,ERROR,EXIT",45d9d4cd97ddaaf8c0c320be79060f56,"{""transferId"":""ACH-532859"",""action"":""return""}","{""status"":""unknown""}",1209,R08,"R01,R02,R03,R04,R07,R08,R10,R29",091000022,"021000021,111000025,091000022,026009593,122105155","payments-service",1778052693,"45d9d4cd-97dd-aaf8-c0c3-20be79060f56"
"2026-05-09T22:24:54.000+0000",7526,24597,USD,"1778365494.058","/v1/ach/return","/v1/ach/debit,/v1/ach/credit,/v1/ach/status,/v1/ach/verify-account,/v1/ach/settlement,/v1/ach/return",EXIT,"INFO,ERROR,EXIT",9862752c6a4182366ef4dac43a5b678f,"{""transferId"":""ACH-323134"",""action"":""return""}","{""status"":""error"",""errorCode"":""ACH-504"",""message"":""gateway_timeout""}",58,R08,"R01,R02,R03,R04,R07,R08,R10,R29",111000025,"021000021,111000025,091000022,026009593,122105155","payments-service",1778365494,"9862752c-6a41-8236-6ef4-dac43a5b678f"
"2026-05-09T19:13:56.000+0000",5188,32228,USD,"1778354037.102","/v1/ach/verify-account","/v1/ach/debit,/v1/ach/credit,/v1/ach/status,/v1/ach/verify-account,/v1/ach/settlement,/v1/ach/return",INFO,"INFO,ERROR,EXIT",c3c3d195956aea9633bbcf3a5d61fa55,"{""accountLast4"":""5188"",""routingNumber"":""091000022""}","{""status"":""unknown""}",1102,R07,"R01,R02,R03,R04,R07,R08,R10,R29",091000022,"021000021,111000025,091000022,026009593,122105155","payments-service",1778354036,"c3c3d195-956a-ea96-33bb-cf3a5d61fa55"
"2026-05-09T05:37:44.000+0000",7710,31776,USD,"1778305064.842","/v1/ach/status","/v1/ach/debit,/v1/ach/credit,/v1/ach/status,/v1/ach/verify-account,/v1/ach/settlement,/v1/ach/return",ERROR,"INFO,ERROR,EXIT",034cd7c18322b37726d6abe0b7cdf199,"{""transferId"":""ACH-368366"",""action"":""status""}","{""status"":""returned"",""achStatus"":""returned"",""returnCode"":""R04"",""reason"":""bank_return""}",842,R04,"R01,R02,R03,R04,R07,R08,R10,R29",091000022,"021000021,111000025,091000022,026009593,122105155","payments-service",1778305064,"034cd7c1-8322-b377-26d6-abe0b7cdf199"
"2026-05-09T00:38:15.000+0000",7638,30037,USD,"1778287095.208","/v1/ach/credit","/v1/ach/debit,/v1/ach/credit,/v1/ach/status,/v1/ach/verify-account,/v1/ach/settlement,/v1/ach/return",ERROR,"INFO,ERROR,EXIT",acb50ff490fc9e1e33826c74821278ea,"{""type"":""credit"",""amount"":30037,""currency"":""USD"",""destinationAccountLast4"":""7638"",""routingNumber"":""021000021""}","{""status"":""returned"",""achStatus"":""returned"",""returnCode"":""R29"",""reason"":""bank_return""}",208,R29,"R01,R02,R03,R04,R07,R08,R10,R29",021000021,"021000021,111000025,091000022,026009593,122105155","payments-service",1778287095,"acb50ff4-90fc-9e1e-3382-6c74821278ea"
"2026-05-08T02:54:00.000+0000",9262,30521,USD,"1778208840.658","/v1/ach/return","/v1/ach/debit,/v1/ach/credit,/v1/ach/status,/v1/ach/verify-account,/v1/ach/settlement,/v1/ach/return",ERROR,"INFO,ERROR,EXIT",d8811db8a10a46372563d5d2562fd7cb,"{""transferId"":""ACH-167075"",""action"":""return""}","{""status"":""returned"",""achStatus"":""returned"",""returnCode"":""R02"",""reason"":""bank_return""}",658,R02,"R01,R02,R03,R04,R07,R08,R10,R29",091000022,"021000021,111000025,091000022,026009593,122105155","payments-service",1778208840,"d8811db8-a10a-4637-2563-d5d2562fd7cb"
"2026-05-11T06:43:28.000+0000",7584,11520,USD,"1778481809.181","/v1/ach/status","/v1/ach/debit,/v1/ach/credit,/v1/ach/status,/v1/ach/verify-account,/v1/ach/settlement,/v1/ach/return",INFO,"INFO,ERROR,EXIT",5f54915233eab5500fc4d12aae55fd30,"{""transferId"":""ACH-155082"",""action"":""status""}","{""status"":""settled"",""achStatus"":""completed"",""settledAt"":""2026-05-11T06:43:28Z""}",1181,R03,"R01,R02,R03,R04,R07,R08,R10,R29",122105155,"021000021,111000025,091000022,026009593,122105155","payments-service",1778481808,"5f549152-33ea-b550-0fc4-d12aae55fd30"
"2026-05-05T16:49:59.000+0000",8747,49860,USD,"1777999799.896","/v1/ach/verify-account","/v1/ach/debit,/v1/ach/credit,/v1/ach/status,/v1/ach/verify-account,/v1/ach/settlement,/v1/ach/return",EXIT,"INFO,ERROR,EXIT",89f528cb844474f3735fd8e505016f69,"{""accountLast4"":""8747"",""routingNumber"":""091000022""}","{""status"":""error"",""errorCode"":""ACH-504"",""message"":""gateway_timeout""}",896,R03,"R01,R02,R03,R04,R07,R08,R10,R29",091000022,"021000021,111000025,091000022,026009593,122105155","payments-service",1777999799,"89f528cb-8444-74f3-735f-d8e505016f69"
"2026-05-11T08:12:49.000+0000",1292,13686,USD,"1778487169.502","/v1/ach/settlement","/v1/ach/debit,/v1/ach/credit,/v1/ach/status,/v1/ach/verify-account,/v1/ach/settlement,/v1/ach/return",EXIT,"INFO,ERROR,EXIT",e2e02c6d375a260f1f6f02b8837063a1,"{""transferId"":""ACH-296525"",""action"":""settlement""}","{""status"":""error"",""errorCode"":""ACH-504"",""message"":""gateway_timeout""}",502,R01,"R01,R02,R03,R04,R07,R08,R10,R29",021000021,"021000021,111000025,091000022,026009593,122105155","payments-service",1778487169,"e2e02c6d-375a-260f-1f6f-02b8837063a1"
"2026-05-08T18:58:51.000+0000",1678,7839,USD,"1778266731.48","/v1/ach/credit","/v1/ach/debit,/v1/ach/credit,/v1/ach/status,/v1/ach/verify-account,/v1/ach/settlement,/v1/ach/return",ERROR,"INFO,ERROR,EXIT",a67de77be7841915ec5aa5a728bbf488,"{""type"":""credit"",""amount"":7839,""currency"":""USD"",""destinationAccountLast4"":""1678"",""routingNumber"":""021000021""}","{""status"":""returned"",""achStatus"":""returned"",""returnCode"":""R10"",""reason"":""bank_return""}",480,R10,"R01,R02,R03,R04,R07,R08,R10,R29",021000021,"021000021,111000025,091000022,026009593,122105155","payments-service",1778266731,"a67de77b-e784-1915-ec5a-a5a728bbf488"
"2026-05-05T08:54:55.000+0000",2034,37482,USD,"1777971295.646","/v1/ach/verify-account","/v1/ach/debit,/v1/ach/credit,/v1/ach/status,/v1/ach/verify-account,/v1/ach/settlement,/v1/ach/return",ERROR,"INFO,ERROR,EXIT",c0c9bbfb7a871b57b78aa9ba91d8fd75,"{""accountLast4"":""2034"",""routingNumber"":""122105155""}","{""status"":""returned"",""achStatus"":""returned"",""returnCode"":""R04"",""reason"":""bank_return""}",646,R04,"R01,R02,R03,R04,R07,R08,R10,R29",122105155,"021000021,111000025,091000022,026009593,122105155","payments-service",1777971295,"c0c9bbfb-7a87-1b57-b78a-a9ba91d8fd75"
"2026-05-06T01:46:36.000+0000",2998,42949,USD,"1778031996.66","/v1/ach/return","/v1/ach/debit,/v1/ach/credit,/v1/ach/status,/v1/ach/verify-account,/v1/ach/settlement,/v1/ach/return",ERROR,"INFO,ERROR,EXIT",5fb1d1ce69ad53bf02e04938705c3ccb,"{""transferId"":""ACH-968303"",""action"":""return""}","{""status"":""returned"",""achStatus"":""returned"",""returnCode"":""R04"",""reason"":""bank_return""}",660,R04,"R01,R02,R03,R04,R07,R08,R10,R29",091000022,"021000021,111000025,091000022,026009593,122105155","payments-service",1778031996,"5fb1d1ce-69ad-53bf-02e0-4938705c3ccb"
"2026-05-10T01:05:42.000+0000",5376,18754,USD,"1778375143.022","/v1/ach/debit","/v1/ach/debit,/v1/ach/credit,/v1/ach/status,/v1/ach/verify-account,/v1/ach/settlement,/v1/ach/return",ERROR,"INFO,ERROR,EXIT",6df9d63b36b504850c963bee0337e483,"{""type"":""debit"",""amount"":18754,""currency"":""USD"",""accountLast4"":""5376"",""routingNumber"":""091000022""}","{""status"":""returned"",""achStatus"":""returned"",""returnCode"":""R01"",""reason"":""bank_return""}",1022,R01,"R01,R02,R03,R04,R07,R08,R10,R29",091000022,"021000021,111000025,091000022,026009593,122105155","payments-service",1778375142,"6df9d63b-36b5-0485-0c96-3bee0337e483"
"2026-05-07T10:46:29.000+0000",8789,45185,USD,"1778150789.434","/v1/ach/debit","/v1/ach/debit,/v1/ach/credit,/v1/ach/status,/v1/ach/verify-account,/v1/ach/settlement,/v1/ach/return",ERROR,"INFO,ERROR,EXIT",69494dab09e2b04d4895f09fe2e10b16,"{""type"":""debit"",""amount"":45185,""currency"":""USD"",""accountLast4"":""8789"",""routingNumber"":""111000025""}","{""status"":""returned"",""achStatus"":""returned"",""returnCode"":""R04"",""reason"":""bank_return""}",434,R04,"R01,R02,R03,R04,R07,R08,R10,R29",111000025,"021000021,111000025,091000022,026009593,122105155","payments-service",1778150789,"69494dab-09e2-b04d-4895-f09fe2e10b16"
"2026-05-08T12:05:50.000+0000",6397,49211,USD,"1778241950.388","/v1/ach/status","/v1/ach/debit,/v1/ach/credit,/v1/ach/status,/v1/ach/verify-account,/v1/ach/settlement,/v1/ach/return",INFO,"INFO,ERROR,EXIT",3f524e335b053ee9063edb68f30e7a22,"{""transferId"":""ACH-585668"",""action"":""status""}","{""status"":""settled"",""achStatus"":""completed"",""settledAt"":""2026-05-08T12:05:50Z""}",388,R04,"R01,R02,R03,R04,R07,R08,R10,R29",026009593,"021000021,111000025,091000022,026009593,122105155","payments-service",1778241950,"3f524e33-5b05-3ee9-063e-db68f30e7a22"
"2026-05-09T06:01:13.000+0000",4517,21557,USD,"1778306473.514","/v1/ach/debit","/v1/ach/debit,/v1/ach/credit,/v1/ach/status,/v1/ach/verify-account,/v1/ach/settlement,/v1/ach/return",INFO,"INFO,ERROR,EXIT",a2fff54abfa28ac1715032501ab65bbc,"{""type"":""debit"",""amount"":21557,""currency"":""USD"",""accountLast4"":""4517"",""routingNumber"":""122105155""}","{""status"":""pending"",""achStatus"":""submitted"",""estimatedSettlementDate"":""2026-05-10""}",514,R08,"R01,R02,R03,R04,R07,R08,R10,R29",122105155,"021000021,111000025,091000022,026009593,122105155","payments-service",1778306473,"a2fff54a-bfa2-8ac1-7150-32501ab65bbc"
"2026-05-10T08:48:56.000+0000",9400,49858,USD,"1778402936.71","/v1/ach/return","/v1/ach/debit,/v1/ach/credit,/v1/ach/status,/v1/ach/verify-account,/v1/ach/settlement,/v1/ach/return",EXIT,"INFO,ERROR,EXIT",1a563209111a3024a6ed495515635766,"{""transferId"":""ACH-827586"",""action"":""return""}","{""status"":""error"",""errorCode"":""ACH-504"",""message"":""gateway_timeout""}",710,R02,"R01,R02,R03,R04,R07,R08,R10,R29",026009593,"021000021,111000025,091000022,026009593,122105155","payments-service",1778402936,"1a563209-111a-3024-a6ed-495515635766"
"2026-05-10T07:12:06.000+0000",6559,28281,USD,"1778397126.285","/v1/ach/verify-account","/v1/ach/debit,/v1/ach/credit,/v1/ach/status,/v1/ach/verify-account,/v1/ach/settlement,/v1/ach/return",INFO,"INFO,ERROR,EXIT",b400ecafc48e4fa0e7e380e5aeebf7b5,"{""accountLast4"":""6559"",""routingNumber"":""111000025""}","{""status"":""unknown""}",285,R02,"R01,R02,R03,R04,R07,R08,R10,R29",111000025,"021000021,111000025,091000022,026009593,122105155","payments-service",1778397126,"b400ecaf-c48e-4fa0-e7e3-80e5aeebf7b5"
"2026-05-12T01:51:36.000+0000",7198,38014,USD,"1778550696.208","/v1/ach/settlement","/v1/ach/debit,/v1/ach/credit,/v1/ach/status,/v1/ach/verify-account,/v1/ach/settlement,/v1/ach/return",EXIT,"INFO,ERROR,EXIT",1e898a5c97e61a800e7570e036c64f31,"{""transferId"":""ACH-711314"",""action"":""settlement""}","{""status"":""error"",""errorCode"":""ACH-504"",""message"":""gateway_timeout""}",208,R04,"R01,R02,R03,R04,R07,R08,R10,R29",122105155,"021000021,111000025,091000022,026009593,122105155","payments-service",1778550696,"1e898a5c-97e6-1a80-0e75-70e036c64f31"
"2026-05-08T02:01:18.000+0000",9582,19666,USD,"1778205678.879","/v1/ach/verify-account","/v1/ach/debit,/v1/ach/credit,/v1/ach/status,/v1/ach/verify-account,/v1/ach/settlement,/v1/ach/return",EXIT,"INFO,ERROR,EXIT",d8dd7b6f51746739001d54b3a88a9944,"{""accountLast4"":""9582"",""routingNumber"":""111000025""}","{""status"":""error"",""errorCode"":""ACH-504"",""message"":""gateway_timeout""}",879,R10,"R01,R02,R03,R04,R07,R08,R10,R29",111000025,"021000021,111000025,091000022,026009593,122105155","payments-service",1778205678,"d8dd7b6f-5174-6739-001d-54b3a88a9944"
"2026-05-05T16:12:07.000+0000",3568,3166,USD,"1777997527.323","/v1/ach/return","/v1/ach/debit,/v1/ach/credit,/v1/ach/status,/v1/ach/verify-account,/v1/ach/settlement,/v1/ach/return",ERROR,"INFO,ERROR,EXIT",4b01afaf33c7700b459b44830f537e5a,"{""transferId"":""ACH-259968"",""action"":""return""}","{""status"":""returned"",""achStatus"":""returned"",""returnCode"":""R04"",""reason"":""bank_return""}",323,R04,"R01,R02,R03,R04,R07,R08,R10,R29",122105155,"021000021,111000025,091000022,026009593,122105155","payments-service",1777997527,"4b01afaf-33c7-700b-459b-44830f537e5a"
"2026-05-09T07:12:11.000+0000",3779,33643,USD,"1778310731.47","/v1/ach/settlement","/v1/ach/debit,/v1/ach/credit,/v1/ach/status,/v1/ach/verify-account,/v1/ach/settlement,/v1/ach/return",ERROR,"INFO,ERROR,EXIT",6982ee68bd764164db9a68250d0fb17f,"{""transferId"":""ACH-550630"",""action"":""settlement""}","{""status"":""returned"",""achStatus"":""returned"",""returnCode"":""R01"",""reason"":""bank_return""}",470,R01,"R01,R02,R03,R04,R07,R08,R10,R29",026009593,"021000021,111000025,091000022,026009593,122105155","payments-service",1778310731,"6982ee68-bd76-4164-db9a-68250d0fb17f"
"2026-05-11T03:31:10.000+0000",4015,9181,USD,"1778470270.476","/v1/ach/credit","/v1/ach/debit,/v1/ach/credit,/v1/ach/status,/v1/ach/verify-account,/v1/ach/settlement,/v1/ach/return",INFO,"INFO,ERROR,EXIT",f389d478007e775d11e1316cb713407a,"{""type"":""credit"",""amount"":9181,""currency"":""USD"",""destinationAccountLast4"":""4015"",""routingNumber"":""026009593""}","{""status"":""pending"",""achStatus"":""submitted"",""estimatedSettlementDate"":""2026-05-12""}",476,R29,"R01,R02,R03,R04,R07,R08,R10,R29",026009593,"021000021,111000025,091000022,026009593,122105155","payments-service",1778470270,"f389d478-007e-775d-11e1-316cb713407a"
"2026-05-10T06:28:00.000+0000",8868,1641,USD,"1778394480.87","/v1/ach/status","/v1/ach/debit,/v1/ach/credit,/v1/ach/status,/v1/ach/verify-account,/v1/ach/settlement,/v1/ach/return",ERROR,"INFO,ERROR,EXIT",823717b8d63e9bfcc113ce3c3348c5ea,"{""transferId"":""ACH-667848"",""action"":""status""}","{""status"":""returned"",""achStatus"":""returned"",""returnCode"":""R10"",""reason"":""bank_return""}",870,R10,"R01,R02,R03,R04,R07,R08,R10,R29",021000021,"021000021,111000025,091000022,026009593,122105155","payments-service",1778394480,"823717b8-d63e-9bfc-c113-ce3c3348c5ea"
"2026-05-08T19:49:12.000+0000",5126,36219,USD,"1778269752.053","/v1/ach/return","/v1/ach/debit,/v1/ach/credit,/v1/ach/status,/v1/ach/verify-account,/v1/ach/settlement,/v1/ach/return",EXIT,"INFO,ERROR,EXIT",1bf171517726544062407883958f6973,"{""transferId"":""ACH-244539"",""action"":""return""}","{""status"":""error"",""errorCode"":""ACH-504"",""message"":""gateway_timeout""}",53,R10,"R01,R02,R03,R04,R07,R08,R10,R29",122105155,"021000021,111000025,091000022,026009593,122105155","payments-service",1778269752,"1bf17151-7726-5440-6240-7883958f6973"
"2026-05-11T23:50:17.000+0000",9771,49028,USD,"1778543418.154","/v1/ach/credit","/v1/ach/debit,/v1/ach/credit,/v1/ach/status,/v1/ach/verify-account,/v1/ach/settlement,/v1/ach/return",EXIT,"INFO,ERROR,EXIT",2ad29be85f7d8eb565fd2df5a287a127,"{""type"":""credit"",""amount"":49028,""currency"":""USD"",""destinationAccountLast4"":""9771"",""routingNumber"":""091000022""}","{""status"":""error"",""errorCode"":""ACH-504"",""message"":""gateway_timeout""}",1154,R04,"R01,R02,R03,R04,R07,R08,R10,R29",091000022,"021000021,111000025,091000022,026009593,122105155","payments-service",1778543417,"2ad29be8-5f7d-8eb5-65fd-2df5a287a127"
"2026-05-07T10:10:59.000+0000",8945,31357,USD,"1778148659.934","/v1/ach/status","/v1/ach/debit,/v1/ach/credit,/v1/ach/status,/v1/ach/verify-account,/v1/ach/settlement,/v1/ach/return",INFO,"INFO,ERROR,EXIT",e31b3dc1ceedeb7abecb3c7e8a35c6dd,"{""transferId"":""ACH-612187"",""action"":""status""}","{""status"":""settled"",""achStatus"":""completed"",""settledAt"":""2026-05-07T10:10:59Z""}",934,R10,"R01,R02,R03,R04,R07,R08,R10,R29",122105155,"021000021,111000025,091000022,026009593,122105155","payments-service",1778148659,"e31b3dc1-ceed-eb7a-becb-3c7e8a35c6dd"
"2026-05-11T10:05:29.000+0000",2885,48058,USD,"1778493929.154","/v1/ach/debit","/v1/ach/debit,/v1/ach/credit,/v1/ach/status,/v1/ach/verify-account,/v1/ach/settlement,/v1/ach/return",INFO,"INFO,ERROR,EXIT",247527e45cbe9f7a488a52b1f496f14b,"{""type"":""debit"",""amount"":48058,""currency"":""USD"",""accountLast4"":""2885"",""routingNumber"":""021000021""}","{""status"":""pending"",""achStatus"":""submitted"",""estimatedSettlementDate"":""2026-05-12""}",154,R10,"R01,R02,R03,R04,R07,R08,R10,R29",021000021,"021000021,111000025,091000022,026009593,122105155","payments-service",1778493929,"247527e4-5cbe-9f7a-488a-52b1f496f14b"
"2026-05-11T19:12:41.000+0000",6645,38737,USD,"1778526761.688","/v1/ach/debit","/v1/ach/debit,/v1/ach/credit,/v1/ach/status,/v1/ach/verify-account,/v1/ach/settlement,/v1/ach/return",EXIT,"INFO,ERROR,EXIT",6f8fb6e7c76d378fca677ee1d651d6ae,"{""type"":""debit"",""amount"":38737,""currency"":""USD"",""accountLast4"":""6645"",""routingNumber"":""091000022""}","{""status"":""error"",""errorCode"":""ACH-504"",""message"":""gateway_timeout""}",688,R08,"R01,R02,R03,R04,R07,R08,R10,R29",091000022,"021000021,111000025,091000022,026009593,122105155","payments-service",1778526761,"6f8fb6e7-c76d-378f-ca67-7ee1d651d6ae"
"2026-05-11T02:14:21.000+0000",3181,16295,USD,"1778465661.985","/v1/ach/return","/v1/ach/debit,/v1/ach/credit,/v1/ach/status,/v1/ach/verify-account,/v1/ach/settlement,/v1/ach/return",INFO,"INFO,ERROR,EXIT",3b0d67bb1d55f9f1c75d5d64357a7d5e,"{""transferId"":""ACH-911466"",""action"":""return""}","{""status"":""unknown""}",985,R08,"R01,R02,R03,R04,R07,R08,R10,R29",021000021,"021000021,111000025,091000022,026009593,122105155","payments-service",1778465661,"3b0d67bb-1d55-f9f1-c75d-5d64357a7d5e"
"2026-05-10T01:21:09.000+0000",7059,1394,USD,"1778376069.293","/v1/ach/settlement","/v1/ach/debit,/v1/ach/credit,/v1/ach/status,/v1/ach/verify-account,/v1/ach/settlement,/v1/ach/return",ERROR,"INFO,ERROR,EXIT",0f59a8bdf45b778fb4fb32939804f155,"{""transferId"":""ACH-828263"",""action"":""settlement""}","{""status"":""returned"",""achStatus"":""returned"",""returnCode"":""R04"",""reason"":""bank_return""}",293,R04,"R01,R02,R03,R04,R07,R08,R10,R29",021000021,"021000021,111000025,091000022,026009593,122105155","payments-service",1778376069,"0f59a8bd-f45b-778f-b4fb-32939804f155"
"2026-05-12T00:27:48.000+0000",6618,14689,USD,"1778545668.076","/v1/ach/verify-account","/v1/ach/debit,/v1/ach/credit,/v1/ach/status,/v1/ach/verify-account,/v1/ach/settlement,/v1/ach/return",EXIT,"INFO,ERROR,EXIT",814f1137f80f07f938234209170d7bb5,"{""accountLast4"":""6618"",""routingNumber"":""122105155""}","{""status"":""error"",""errorCode"":""ACH-504"",""message"":""gateway_timeout""}",76,R01,"R01,R02,R03,R04,R07,R08,R10,R29",122105155,"021000021,111000025,091000022,026009593,122105155","payments-service",1778545668,"814f1137-f80f-07f9-3823-4209170d7bb5"
"2026-05-08T20:52:34.000+0000",4797,3392,USD,"1778273554.933","/v1/ach/credit","/v1/ach/debit,/v1/ach/credit,/v1/ach/status,/v1/ach/verify-account,/v1/ach/settlement,/v1/ach/return",EXIT,"INFO,ERROR,EXIT",9438cb801b9d249e7a8cf765e86157c9,"{""type"":""credit"",""amount"":3392,""currency"":""USD"",""destinationAccountLast4"":""4797"",""routingNumber"":""122105155""}","{""status"":""error"",""errorCode"":""ACH-504"",""message"":""gateway_timeout""}",933,R02,"R01,R02,R03,R04,R07,R08,R10,R29",122105155,"021000021,111000025,091000022,026009593,122105155","payments-service",1778273554,"9438cb80-1b9d-249e-7a8c-f765e86157c9"
"2026-05-05T17:38:32.000+0000",8202,10682,USD,"1778002712.225","/v1/ach/settlement","/v1/ach/debit,/v1/ach/credit,/v1/ach/status,/v1/ach/verify-account,/v1/ach/settlement,/v1/ach/return",INFO,"INFO,ERROR,EXIT",eee235e4cf0fafdbb68232025c8b62b2,"{""transferId"":""ACH-886181"",""action"":""settlement""}","{""status"":""unknown""}",225,R10,"R01,R02,R03,R04,R07,R08,R10,R29",091000022,"021000021,111000025,091000022,026009593,122105155","payments-service",1778002712,"eee235e4-cf0f-afdb-b682-32025c8b62b2"
"2026-05-05T12:54:01.000+0000",8876,2029,USD,"1777985641.8","/v1/ach/settlement","/v1/ach/debit,/v1/ach/credit,/v1/ach/status,/v1/ach/verify-account,/v1/ach/settlement,/v1/ach/return",ERROR,"INFO,ERROR,EXIT",33d133eb7c07b013885b1180c82e30d2,"{""transferId"":""ACH-283943"",""action"":""settlement""}","{""status"":""returned"",""achStatus"":""returned"",""returnCode"":""R01"",""reason"":""bank_return""}",800,R01,"R01,R02,R03,R04,R07,R08,R10,R29",021000021,"021000021,111000025,091000022,026009593,122105155","payments-service",1777985641,"33d133eb-7c07-b013-885b-1180c82e30d2"
"2026-05-08T08:14:55.000+0000",5951,29341,USD,"1778228095.214","/v1/ach/verify-account","/v1/ach/debit,/v1/ach/credit,/v1/ach/status,/v1/ach/verify-account,/v1/ach/settlement,/v1/ach/return",ERROR,"INFO,ERROR,EXIT",b13d56e65d367fcc2f0e5ccac4447f98,"{""accountLast4"":""5951"",""routingNumber"":""021000021""}","{""status"":""returned"",""achStatus"":""returned"",""returnCode"":""R10"",""reason"":""bank_return""}",214,R10,"R01,R02,R03,R04,R07,R08,R10,R29",021000021,"021000021,111000025,091000022,026009593,122105155","payments-service",1778228095,"b13d56e6-5d36-7fcc-2f0e-5ccac4447f98"
"2026-05-11T08:03:37.000+0000",8684,22470,USD,"1778486617.706","/v1/ach/return","/v1/ach/debit,/v1/ach/credit,/v1/ach/status,/v1/ach/verify-account,/v1/ach/settlement,/v1/ach/return",EXIT,"INFO,ERROR,EXIT",6cc3cff278d879b396c3068dd39ab25f,"{""transferId"":""ACH-774457"",""action"":""return""}","{""status"":""error"",""errorCode"":""ACH-504"",""message"":""gateway_timeout""}",706,R03,"R01,R02,R03,R04,R07,R08,R10,R29",026009593,"021000021,111000025,091000022,026009593,122105155","payments-service",1778486617,"6cc3cff2-78d8-79b3-96c3-068dd39ab25f"
"2026-05-10T05:50:23.000+0000",5956,14767,USD,"1778392223.259","/v1/ach/verify-account","/v1/ach/debit,/v1/ach/credit,/v1/ach/status,/v1/ach/verify-account,/v1/ach/settlement,/v1/ach/return",ERROR,"INFO,ERROR,EXIT",031a9a8542d2674b6073bcfcb4df440e,"{""accountLast4"":""5956"",""routingNumber"":""026009593""}","{""status"":""returned"",""achStatus"":""returned"",""returnCode"":""R07"",""reason"":""bank_return""}",259,R07,"R01,R02,R03,R04,R07,R08,R10,R29",026009593,"021000021,111000025,091000022,026009593,122105155","payments-service",1778392223,"031a9a85-42d2-674b-6073-bcfcb4df440e"
"2026-05-12T04:05:00.000+0000",8451,3555,USD,"1778558701.13","/v1/ach/credit","/v1/ach/debit,/v1/ach/credit,/v1/ach/status,/v1/ach/verify-account,/v1/ach/settlement,/v1/ach/return",EXIT,"INFO,ERROR,EXIT",1f67f3ae6574ea87b4c708178c32ba5c,"{""type"":""credit"",""amount"":3555,""currency"":""USD"",""destinationAccountLast4"":""8451"",""routingNumber"":""122105155""}","{""status"":""error"",""errorCode"":""ACH-504"",""message"":""gateway_timeout""}",1130,R04,"R01,R02,R03,R04,R07,R08,R10,R29",122105155,"021000021,111000025,091000022,026009593,122105155","payments-service",1778558700,"1f67f3ae-6574-ea87-b4c7-08178c32ba5c"
"2026-05-11T18:33:12.000+0000",7796,14305,USD,"1778524392.238","/v1/ach/settlement","/v1/ach/debit,/v1/ach/credit,/v1/ach/status,/v1/ach/verify-account,/v1/ach/settlement,/v1/ach/return",EXIT,"INFO,ERROR,EXIT",53bb91ad2c2642580c2a2adc55e93929,"{""transferId"":""ACH-915671"",""action"":""settlement""}","{""status"":""error"",""errorCode"":""ACH-504"",""message"":""gateway_timeout""}",238,R29,"R01,R02,R03,R04,R07,R08,R10,R29",026009593,"021000021,111000025,091000022,026009593,122105155","payments-service",1778524392,"53bb91ad-2c26-4258-0c2a-2adc55e93929"
"2026-05-09T00:02:26.000+0000",6948,34159,USD,"1778284946.414","/v1/ach/verify-account","/v1/ach/debit,/v1/ach/credit,/v1/ach/status,/v1/ach/verify-account,/v1/ach/settlement,/v1/ach/return",EXIT,"INFO,ERROR,EXIT",a6d7852cee8bfa5b643cf002728cfeb9,"{""accountLast4"":""6948"",""routingNumber"":""021000021""}","{""status"":""error"",""errorCode"":""ACH-504"",""message"":""gateway_timeout""}",414,R10,"R01,R02,R03,R04,R07,R08,R10,R29",021000021,"021000021,111000025,091000022,026009593,122105155","payments-service",1778284946,"a6d7852c-ee8b-fa5b-643c-f002728cfeb9"
"2026-05-08T11:33:55.000+0000",1568,32397,USD,"1778240035.635","/v1/ach/status","/v1/ach/debit,/v1/ach/credit,/v1/ach/status,/v1/ach/verify-account,/v1/ach/settlement,/v1/ach/return",INFO,"INFO,ERROR,EXIT",57a52c20cca0e636ec6541efdb19b4c6,"{""transferId"":""ACH-835493"",""action"":""status""}","{""status"":""settled"",""achStatus"":""completed"",""settledAt"":""2026-05-08T11:33:55Z""}",635,R07,"R01,R02,R03,R04,R07,R08,R10,R29",111000025,"021000021,111000025,091000022,026009593,122105155","payments-service",1778240035,"57a52c20-cca0-e636-ec65-41efdb19b4c6"
"2026-05-12T04:08:51.000+0000",5112,35851,USD,"1778558931.437","/v1/ach/status","/v1/ach/debit,/v1/ach/credit,/v1/ach/status,/v1/ach/verify-account,/v1/ach/settlement,/v1/ach/return",INFO,"INFO,ERROR,EXIT",ab8790a1086ebb32e4475ec11cc9b0ff,"{""transferId"":""ACH-509414"",""action"":""status""}","{""status"":""settled"",""achStatus"":""completed"",""settledAt"":""2026-05-12T04:08:51Z""}",437,R04,"R01,R02,R03,R04,R07,R08,R10,R29",091000022,"021000021,111000025,091000022,026009593,122105155","payments-service",1778558931,"ab8790a1-086e-bb32-e447-5ec11cc9b0ff"
"2026-05-09T21:45:36.000+0000",6038,39488,USD,"1778363136.686","/v1/ach/return","/v1/ach/debit,/v1/ach/credit,/v1/ach/status,/v1/ach/verify-account,/v1/ach/settlement,/v1/ach/return",EXIT,"INFO,ERROR,EXIT",a5f24e6399b51e20c17ca5c590f0dacd,"{""transferId"":""ACH-246251"",""action"":""return""}","{""status"":""error"",""errorCode"":""ACH-504"",""message"":""gateway_timeout""}",686,R29,"R01,R02,R03,R04,R07,R08,R10,R29",091000022,"021000021,111000025,091000022,026009593,122105155","payments-service",1778363136,"a5f24e63-99b5-1e20-c17c-a5c590f0dacd"
"2026-05-09T19:38:51.000+0000",6574,21242,USD,"1778355531.214","/v1/ach/status","/v1/ach/debit,/v1/ach/credit,/v1/ach/status,/v1/ach/verify-account,/v1/ach/settlement,/v1/ach/return",INFO,"INFO,ERROR,EXIT",b39393d9f64ea43c8680bc047cce2cc5,"{""transferId"":""ACH-309153"",""action"":""status""}","{""status"":""settled"",""achStatus"":""completed"",""settledAt"":""2026-05-09T19:38:51Z""}",214,R02,"R01,R02,R03,R04,R07,R08,R10,R29",111000025,"021000021,111000025,091000022,026009593,122105155","payments-service",1778355531,"b39393d9-f64e-a43c-8680-bc047cce2cc5"
"2026-05-09T21:02:28.000+0000",1642,5724,USD,"1778360548.442","/v1/ach/return","/v1/ach/debit,/v1/ach/credit,/v1/ach/status,/v1/ach/verify-account,/v1/ach/settlement,/v1/ach/return",EXIT,"INFO,ERROR,EXIT",9c1677bfce3e68ae19e783f46c8f1959,"{""transferId"":""ACH-306088"",""action"":""return""}","{""status"":""error"",""errorCode"":""ACH-504"",""message"":""gateway_timeout""}",442,R07,"R01,R02,R03,R04,R07,R08,R10,R29",091000022,"021000021,111000025,091000022,026009593,122105155","payments-service",1778360548,"9c1677bf-ce3e-68ae-19e7-83f46c8f1959"
"2026-05-10T18:36:43.000+0000",5458,18782,USD,"1778438203.167","/v1/ach/verify-account","/v1/ach/debit,/v1/ach/credit,/v1/ach/status,/v1/ach/verify-account,/v1/ach/settlement,/v1/ach/return",ERROR,"INFO,ERROR,EXIT",14fd3b5c386468d7da3011a8df40f545,"{""accountLast4"":""5458"",""routingNumber"":""122105155""}","{""status"":""returned"",""achStatus"":""returned"",""returnCode"":""R03"",""reason"":""bank_return""}",167,R03,"R01,R02,R03,R04,R07,R08,R10,R29",122105155,"021000021,111000025,091000022,026009593,122105155","payments-service",1778438203,"14fd3b5c-3864-68d7-da30-11a8df40f545"
"2026-05-11T03:35:14.000+0000",2554,15012,USD,"1778470514.662","/v1/ach/credit","/v1/ach/debit,/v1/ach/credit,/v1/ach/status,/v1/ach/verify-account,/v1/ach/settlement,/v1/ach/return",INFO,"INFO,ERROR,EXIT",0f24c10e8d6ab00ea8b6acccba72d007,"{""type"":""credit"",""amount"":15012,""currency"":""USD"",""destinationAccountLast4"":""2554"",""routingNumber"":""122105155""}","{""status"":""pending"",""achStatus"":""submitted"",""estimatedSettlementDate"":""2026-05-12""}",662,R07,"R01,R02,R03,R04,R07,R08,R10,R29",122105155,"021000021,111000025,091000022,026009593,122105155","payments-service",1778470514,"0f24c10e-8d6a-b00e-a8b6-acccba72d007"
"2026-05-08T16:40:17.000+0000",4950,29161,USD,"1778258418.086","/v1/ach/debit","/v1/ach/debit,/v1/ach/credit,/v1/ach/status,/v1/ach/verify-account,/v1/ach/settlement,/v1/ach/return",ERROR,"INFO,ERROR,EXIT",9198c40101cf7495a76272a8b8e643b8,"{""type"":""debit"",""amount"":29161,""currency"":""USD"",""accountLast4"":""4950"",""routingNumber"":""091000022""}","{""status"":""returned"",""achStatus"":""returned"",""returnCode"":""R02"",""reason"":""bank_return""}",1086,R02,"R01,R02,R03,R04,R07,R08,R10,R29",091000022,"021000021,111000025,091000022,026009593,122105155","payments-service",1778258417,"9198c401-01cf-7495-a762-72a8b8e643b8"
"2026-05-08T08:45:42.000+0000",8090,20138,USD,"1778229942.801","/v1/ach/settlement","/v1/ach/debit,/v1/ach/credit,/v1/ach/status,/v1/ach/verify-account,/v1/ach/settlement,/v1/ach/return",ERROR,"INFO,ERROR,EXIT",35f7b486eeeafdb62a7cdaacfc37886a,"{""transferId"":""ACH-569100"",""action"":""settlement""}","{""status"":""returned"",""achStatus"":""returned"",""returnCode"":""R01"",""reason"":""bank_return""}",801,R01,"R01,R02,R03,R04,R07,R08,R10,R29",021000021,"021000021,111000025,091000022,026009593,122105155","payments-service",1778229942,"35f7b486-eeea-fdb6-2a7c-daacfc37886a"
"2026-05-10T17:56:22.000+0000",5236,46270,USD,"1778435782.604","/v1/ach/credit","/v1/ach/debit,/v1/ach/credit,/v1/ach/status,/v1/ach/verify-account,/v1/ach/settlement,/v1/ach/return",INFO,"INFO,ERROR,EXIT",6ab6810065c81d27285d70ceab282d83,"{""type"":""credit"",""amount"":46270,""currency"":""USD"",""destinationAccountLast4"":""5236"",""routingNumber"":""122105155""}","{""status"":""pending"",""achStatus"":""submitted"",""estimatedSettlementDate"":""2026-05-11""}",604,R04,"R01,R02,R03,R04,R07,R08,R10,R29",122105155,"021000021,111000025,091000022,026009593,122105155","payments-service",1778435782,"6ab68100-65c8-1d27-285d-70ceab282d83"
"2026-05-08T07:43:43.000+0000",9488,37377,USD,"1778226223.327","/v1/ach/return","/v1/ach/debit,/v1/ach/credit,/v1/ach/status,/v1/ach/verify-account,/v1/ach/settlement,/v1/ach/return",ERROR,"INFO,ERROR,EXIT",f359daab46c3af7a7a5573e41f7a2bac,"{""transferId"":""ACH-965333"",""action"":""return""}","{""status"":""returned"",""achStatus"":""returned"",""returnCode"":""R10"",""reason"":""bank_return""}",327,R10,"R01,R02,R03,R04,R07,R08,R10,R29",122105155,"021000021,111000025,091000022,026009593,122105155","payments-service",1778226223,"f359daab-46c3-af7a-7a55-73e41f7a2bac"
"2026-05-10T08:07:50.000+0000",4761,12724,USD,"1778400470.263","/v1/ach/status","/v1/ach/debit,/v1/ach/credit,/v1/ach/status,/v1/ach/verify-account,/v1/ach/settlement,/v1/ach/return",EXIT,"INFO,ERROR,EXIT",1658d793941bf9462e0149c302b34617,"{""transferId"":""ACH-507313"",""action"":""status""}","{""status"":""error"",""errorCode"":""ACH-504"",""message"":""gateway_timeout""}",263,R08,"R01,R02,R03,R04,R07,R08,R10,R29",021000021,"021000021,111000025,091000022,026009593,122105155","payments-service",1778400470,"1658d793-941b-f946-2e01-49c302b34617"
"2026-05-10T13:48:00.000+0000",5927,4180,USD,"1778420880.201","/v1/ach/debit","/v1/ach/debit,/v1/ach/credit,/v1/ach/status,/v1/ach/verify-account,/v1/ach/settlement,/v1/ach/return",INFO,"INFO,ERROR,EXIT",e0a1bc83b307799564eabf58c6b1460b,"{""type"":""debit"",""amount"":4180,""currency"":""USD"",""accountLast4"":""5927"",""routingNumber"":""026009593""}","{""status"":""pending"",""achStatus"":""submitted"",""estimatedSettlementDate"":""2026-05-11""}",201,R01,"R01,R02,R03,R04,R07,R08,R10,R29",026009593,"021000021,111000025,091000022,026009593,122105155","payments-service",1778420880,"e0a1bc83-b307-7995-64ea-bf58c6b1460b"
"2026-05-11T13:53:09.000+0000",2683,29482,USD,"1778507590.208","/v1/ach/return","/v1/ach/debit,/v1/ach/credit,/v1/ach/status,/v1/ach/verify-account,/v1/ach/settlement,/v1/ach/return",EXIT,"INFO,ERROR,EXIT",a915b4f98b67f43633bf1d0298c14ddd,"{""transferId"":""ACH-946977"",""action"":""return""}","{""status"":""error"",""errorCode"":""ACH-504"",""message"":""gateway_timeout""}",1208,R01,"R01,R02,R03,R04,R07,R08,R10,R29",091000022,"021000021,111000025,091000022,026009593,122105155","payments-service",1778507589,"a915b4f9-8b67-f436-33bf-1d0298c14ddd"
"2026-05-11T08:52:32.000+0000",7449,6655,USD,"1778489552.266","/v1/ach/settlement","/v1/ach/debit,/v1/ach/credit,/v1/ach/status,/v1/ach/verify-account,/v1/ach/settlement,/v1/ach/return",INFO,"INFO,ERROR,EXIT",68d08f7f87d50f0f13970d2c91eef36a,"{""transferId"":""ACH-763700"",""action"":""settlement""}","{""status"":""unknown""}",266,R02,"R01,R02,R03,R04,R07,R08,R10,R29",122105155,"021000021,111000025,091000022,026009593,122105155","payments-service",1778489552,"68d08f7f-87d5-0f0f-1397-0d2c91eef36a"
"2026-05-11T15:50:37.000+0000",3141,24385,USD,"1778514637.499","/v1/ach/settlement","/v1/ach/debit,/v1/ach/credit,/v1/ach/status,/v1/ach/verify-account,/v1/ach/settlement,/v1/ach/return",INFO,"INFO,ERROR,EXIT",583443c266bc2ff5db98ec42d4794375,"{""transferId"":""ACH-803243"",""action"":""settlement""}","{""status"":""unknown""}",499,R29,"R01,R02,R03,R04,R07,R08,R10,R29",111000025,"021000021,111000025,091000022,026009593,122105155","payments-service",1778514637,"583443c2-66bc-2ff5-db98-ec42d4794375"
"2026-05-06T00:26:02.000+0000",6194,29954,USD,"1778027162.075","/v1/ach/debit","/v1/ach/debit,/v1/ach/credit,/v1/ach/status,/v1/ach/verify-account,/v1/ach/settlement,/v1/ach/return",INFO,"INFO,ERROR,EXIT",5b4d6d294c07ca99597399d3b979a804,"{""type"":""debit"",""amount"":29954,""currency"":""USD"",""accountLast4"":""6194"",""routingNumber"":""122105155""}","{""status"":""pending"",""achStatus"":""submitted"",""estimatedSettlementDate"":""2026-05-07""}",75,R04,"R01,R02,R03,R04,R07,R08,R10,R29",122105155,"021000021,111000025,091000022,026009593,122105155","payments-service",1778027162,"5b4d6d29-4c07-ca99-5973-99d3b979a804"
"2026-05-09T04:38:56.000+0000",1919,42617,USD,"1778301536.653","/v1/ach/settlement","/v1/ach/debit,/v1/ach/credit,/v1/ach/status,/v1/ach/verify-account,/v1/ach/settlement,/v1/ach/return",INFO,"INFO,ERROR,EXIT",385ce03aebfea1e27a5b7b103d60f4be,"{""transferId"":""ACH-774429"",""action"":""settlement""}","{""status"":""unknown""}",653,R03,"R01,R02,R03,R04,R07,R08,R10,R29",091000022,"021000021,111000025,091000022,026009593,122105155","payments-service",1778301536,"385ce03a-ebfe-a1e2-7a5b-7b103d60f4be"
"2026-05-10T04:41:20.000+0000",9175,41835,USD,"1778388080.4","/v1/ach/debit","/v1/ach/debit,/v1/ach/credit,/v1/ach/status,/v1/ach/verify-account,/v1/ach/settlement,/v1/ach/return",INFO,"INFO,ERROR,EXIT",436fd07ee4afda33221e206b75ca5df0,"{""type"":""debit"",""amount"":41835,""currency"":""USD"",""accountLast4"":""9175"",""routingNumber"":""091000022""}","{""status"":""pending"",""achStatus"":""submitted"",""estimatedSettlementDate"":""2026-05-11""}",400,R29,"R01,R02,R03,R04,R07,R08,R10,R29",091000022,"021000021,111000025,091000022,026009593,122105155","payments-service",1778388080,"436fd07e-e4af-da33-221e-206b75ca5df0"
"2026-05-08T03:39:13.000+0000",5771,33068,USD,"1778211553.129","/v1/ach/settlement","/v1/ach/debit,/v1/ach/credit,/v1/ach/status,/v1/ach/verify-account,/v1/ach/settlement,/v1/ach/return",ERROR,"INFO,ERROR,EXIT",3ba45d54d1a91e2a687ee43da972fac0,"{""transferId"":""ACH-730861"",""action"":""settlement""}","{""status"":""returned"",""achStatus"":""returned"",""returnCode"":""R07"",""reason"":""bank_return""}",129,R07,"R01,R02,R03,R04,R07,R08,R10,R29",021000021,"021000021,111000025,091000022,026009593,122105155","payments-service",1778211553,"3ba45d54-d1a9-1e2a-687e-e43da972fac0"
"2026-05-08T01:02:09.000+0000",6718,17512,USD,"1778202129.099","/v1/ach/settlement","/v1/ach/debit,/v1/ach/credit,/v1/ach/status,/v1/ach/verify-account,/v1/ach/settlement,/v1/ach/return",EXIT,"INFO,ERROR,EXIT",d83e5999b3b3629fc3462b9f7663ee4a,"{""transferId"":""ACH-512355"",""action"":""settlement""}","{""status"":""error"",""errorCode"":""ACH-504"",""message"":""gateway_timeout""}",99,R07,"R01,R02,R03,R04,R07,R08,R10,R29",122105155,"021000021,111000025,091000022,026009593,122105155","payments-service",1778202129,"d83e5999-b3b3-629f-c346-2b9f7663ee4a"
"2026-05-07T03:13:50.000+0000",7179,16855,USD,"1778123630.444","/v1/ach/verify-account","/v1/ach/debit,/v1/ach/credit,/v1/ach/status,/v1/ach/verify-account,/v1/ach/settlement,/v1/ach/return",INFO,"INFO,ERROR,EXIT",f39e066705d71b01291a0579e7a024cb,"{""accountLast4"":""7179"",""routingNumber"":""091000022""}","{""status"":""unknown""}",444,R01,"R01,R02,R03,R04,R07,R08,R10,R29",091000022,"021000021,111000025,091000022,026009593,122105155","payments-service",1778123630,"f39e0667-05d7-1b01-291a-0579e7a024cb"
"2026-05-08T07:57:46.000+0000",5470,17246,USD,"1778227066.796","/v1/ach/debit","/v1/ach/debit,/v1/ach/credit,/v1/ach/status,/v1/ach/verify-account,/v1/ach/settlement,/v1/ach/return",INFO,"INFO,ERROR,EXIT",423028418729177238ebf128351185c7,"{""type"":""debit"",""amount"":17246,""currency"":""USD"",""accountLast4"":""5470"",""routingNumber"":""091000022""}","{""status"":""pending"",""achStatus"":""submitted"",""estimatedSettlementDate"":""2026-05-09""}",796,R29,"R01,R02,R03,R04,R07,R08,R10,R29",091000022,"021000021,111000025,091000022,026009593,122105155","payments-service",1778227066,"42302841-8729-1772-38eb-f128351185c7"
"2026-05-06T03:24:22.000+0000",3354,41565,USD,"1778037862.125","/v1/ach/settlement","/v1/ach/debit,/v1/ach/credit,/v1/ach/status,/v1/ach/verify-account,/v1/ach/settlement,/v1/ach/return",ERROR,"INFO,ERROR,EXIT",93caa4948938c100f9b3a7a68c551f11,"{""transferId"":""ACH-375295"",""action"":""settlement""}","{""status"":""returned"",""achStatus"":""returned"",""returnCode"":""R01"",""reason"":""bank_return""}",125,R01,"R01,R02,R03,R04,R07,R08,R10,R29",091000022,"021000021,111000025,091000022,026009593,122105155","payments-service",1778037862,"93caa494-8938-c100-f9b3-a7a68c551f11"
"2026-05-11T07:56:43.000+0000",1888,4344,USD,"1778486204.237","/v1/ach/return","/v1/ach/debit,/v1/ach/credit,/v1/ach/status,/v1/ach/verify-account,/v1/ach/settlement,/v1/ach/return",ERROR,"INFO,ERROR,EXIT",c3f61c1ce9b912dfa2d3fb9f0492fb22,"{""transferId"":""ACH-739106"",""action"":""return""}","{""status"":""returned"",""achStatus"":""returned"",""returnCode"":""R03"",""reason"":""bank_return""}",1237,R03,"R01,R02,R03,R04,R07,R08,R10,R29",021000021,"021000021,111000025,091000022,026009593,122105155","payments-service",1778486203,"c3f61c1c-e9b9-12df-a2d3-fb9f0492fb22"
"2026-05-09T18:27:55.000+0000",7893,40174,USD,"1778351275.899","/v1/ach/verify-account","/v1/ach/debit,/v1/ach/credit,/v1/ach/status,/v1/ach/verify-account,/v1/ach/settlement,/v1/ach/return",ERROR,"INFO,ERROR,EXIT",7a3cd2b44e25d1b77660ffd36b091736,"{""accountLast4"":""7893"",""routingNumber"":""111000025""}","{""status"":""returned"",""achStatus"":""returned"",""returnCode"":""R07"",""reason"":""bank_return""}",899,R07,"R01,R02,R03,R04,R07,R08,R10,R29",111000025,"021000021,111000025,091000022,026009593,122105155","payments-service",1778351275,"7a3cd2b4-4e25-d1b7-7660-ffd36b091736"
"2026-05-06T12:14:06.000+0000",8252,49699,USD,"1778069646.631","/v1/ach/debit","/v1/ach/debit,/v1/ach/credit,/v1/ach/status,/v1/ach/verify-account,/v1/ach/settlement,/v1/ach/return",ERROR,"INFO,ERROR,EXIT",7bf15af7142bf04a07c9bd223d7f1c8b,"{""type"":""debit"",""amount"":49699,""currency"":""USD"",""accountLast4"":""8252"",""routingNumber"":""111000025""}","{""status"":""returned"",""achStatus"":""returned"",""returnCode"":""R03"",""reason"":""bank_return""}",631,R03,"R01,R02,R03,R04,R07,R08,R10,R29",111000025,"021000021,111000025,091000022,026009593,122105155","payments-service",1778069646,"7bf15af7-142b-f04a-07c9-bd223d7f1c8b"
"2026-05-06T13:10:59.000+0000",1613,23586,USD,"1778073059.732","/v1/ach/return","/v1/ach/debit,/v1/ach/credit,/v1/ach/status,/v1/ach/verify-account,/v1/ach/settlement,/v1/ach/return",ERROR,"INFO,ERROR,EXIT",9c4778f071a2eac7b880a7aa3dd5ca52,"{""transferId"":""ACH-158359"",""action"":""return""}","{""status"":""returned"",""achStatus"":""returned"",""returnCode"":""R29"",""reason"":""bank_return""}",732,R29,"R01,R02,R03,R04,R07,R08,R10,R29",122105155,"021000021,111000025,091000022,026009593,122105155","payments-service",1778073059,"9c4778f0-71a2-eac7-b880-a7aa3dd5ca52"
"2026-05-05T11:52:23.000+0000",7938,6131,USD,"1777981944.235","/v1/ach/credit","/v1/ach/debit,/v1/ach/credit,/v1/ach/status,/v1/ach/verify-account,/v1/ach/settlement,/v1/ach/return",ERROR,"INFO,ERROR,EXIT",8546096767808751c8f66f24999d1ae3,"{""type"":""credit"",""amount"":6131,""currency"":""USD"",""destinationAccountLast4"":""7938"",""routingNumber"":""021000021""}","{""status"":""returned"",""achStatus"":""returned"",""returnCode"":""R01"",""reason"":""bank_return""}",1235,R01,"R01,R02,R03,R04,R07,R08,R10,R29",021000021,"021000021,111000025,091000022,026009593,122105155","payments-service",1777981943,"85460967-6780-8751-c8f6-6f24999d1ae3"
"2026-05-12T04:12:44.000+0000",3278,25434,USD,"1778559164.365","/v1/ach/debit","/v1/ach/debit,/v1/ach/credit,/v1/ach/status,/v1/ach/verify-account,/v1/ach/settlement,/v1/ach/return",INFO,"INFO,ERROR,EXIT",cb20cc9c479f6112f9da7b43b0efb89a,"{""type"":""debit"",""amount"":25434,""currency"":""USD"",""accountLast4"":""3278"",""routingNumber"":""026009593""}","{""status"":""pending"",""achStatus"":""submitted"",""estimatedSettlementDate"":""2026-05-13""}",365,R07,"R01,R02,R03,R04,R07,R08,R10,R29",026009593,"021000021,111000025,091000022,026009593,122105155","payments-service",1778559164,"cb20cc9c-479f-6112-f9da-7b43b0efb89a"
"2026-05-06T08:31:44.000+0000",9565,12972,USD,"1778056304.618","/v1/ach/return","/v1/ach/debit,/v1/ach/credit,/v1/ach/status,/v1/ach/verify-account,/v1/ach/settlement,/v1/ach/return",EXIT,"INFO,ERROR,EXIT",bc367107a16d285f079fed375de07590,"{""transferId"":""ACH-767428"",""action"":""return""}","{""status"":""error"",""errorCode"":""ACH-504"",""message"":""gateway_timeout""}",618,R07,"R01,R02,R03,R04,R07,R08,R10,R29",026009593,"021000021,111000025,091000022,026009593,122105155","payments-service",1778056304,"bc367107-a16d-285f-079f-ed375de07590"
"2026-05-10T21:27:36.000+0000",3551,49420,USD,"1778448456.072","/v1/ach/credit","/v1/ach/debit,/v1/ach/credit,/v1/ach/status,/v1/ach/verify-account,/v1/ach/settlement,/v1/ach/return",INFO,"INFO,ERROR,EXIT",0f3d93ee00a9d6a5634a9f812f7c5e87,"{""type"":""credit"",""amount"":49420,""currency"":""USD"",""destinationAccountLast4"":""3551"",""routingNumber"":""026009593""}","{""status"":""pending"",""achStatus"":""submitted"",""estimatedSettlementDate"":""2026-05-11""}",72,R29,"R01,R02,R03,R04,R07,R08,R10,R29",026009593,"021000021,111000025,091000022,026009593,122105155","payments-service",1778448456,"0f3d93ee-00a9-d6a5-634a-9f812f7c5e87"
"2026-05-08T11:44:03.000+0000",1125,19386,USD,"1778240643.187","/v1/ach/return","/v1/ach/debit,/v1/ach/credit,/v1/ach/status,/v1/ach/verify-account,/v1/ach/settlement,/v1/ach/return",ERROR,"INFO,ERROR,EXIT",284d987a5f9944a42ec382026c331d5f,"{""transferId"":""ACH-910739"",""action"":""return""}","{""status"":""returned"",""achStatus"":""returned"",""returnCode"":""R01"",""reason"":""bank_return""}",187,R01,"R01,R02,R03,R04,R07,R08,R10,R29",021000021,"021000021,111000025,091000022,026009593,122105155","payments-service",1778240643,"284d987a-5f99-44a4-2ec3-82026c331d5f"
"2026-05-08T10:46:02.000+0000",8894,29758,USD,"1778237162.473","/v1/ach/settlement","/v1/ach/debit,/v1/ach/credit,/v1/ach/status,/v1/ach/verify-account,/v1/ach/settlement,/v1/ach/return",EXIT,"INFO,ERROR,EXIT",2b070d23818da26c22cc673be7b3e835,"{""transferId"":""ACH-601766"",""action"":""settlement""}","{""status"":""error"",""errorCode"":""ACH-504"",""message"":""gateway_timeout""}",473,R02,"R01,R02,R03,R04,R07,R08,R10,R29",026009593,"021000021,111000025,091000022,026009593,122105155","payments-service",1778237162,"2b070d23-818d-a26c-22cc-673be7b3e835"
"2026-05-11T09:02:45.000+0000",5398,2106,USD,"1778490165.179","/v1/ach/return","/v1/ach/debit,/v1/ach/credit,/v1/ach/status,/v1/ach/verify-account,/v1/ach/settlement,/v1/ach/return",INFO,"INFO,ERROR,EXIT",cda45631645dd6ee50bf6848df2779f8,"{""transferId"":""ACH-222720"",""action"":""return""}","{""status"":""unknown""}",179,R04,"R01,R02,R03,R04,R07,R08,R10,R29",021000021,"021000021,111000025,091000022,026009593,122105155","payments-service",1778490165,"cda45631-645d-d6ee-50bf-6848df2779f8"
"2026-05-10T05:58:38.000+0000",3886,34044,USD,"1778392718.386","/v1/ach/return","/v1/ach/debit,/v1/ach/credit,/v1/ach/status,/v1/ach/verify-account,/v1/ach/settlement,/v1/ach/return",INFO,"INFO,ERROR,EXIT",cb3a071d8cf4e948be302b09e74b4112,"{""transferId"":""ACH-568006"",""action"":""return""}","{""status"":""unknown""}",386,R03,"R01,R02,R03,R04,R07,R08,R10,R29",111000025,"021000021,111000025,091000022,026009593,122105155","payments-service",1778392718,"cb3a071d-8cf4-e948-be30-2b09e74b4112"
"2026-05-11T02:26:37.000+0000",5030,5909,USD,"1778466397.126","/v1/ach/settlement","/v1/ach/debit,/v1/ach/credit,/v1/ach/status,/v1/ach/verify-account,/v1/ach/settlement,/v1/ach/return",INFO,"INFO,ERROR,EXIT",833ca691aef4c2f8d64f03d21f5a8bfc,"{""transferId"":""ACH-657647"",""action"":""settlement""}","{""status"":""unknown""}",126,R29,"R01,R02,R03,R04,R07,R08,R10,R29",122105155,"021000021,111000025,091000022,026009593,122105155","payments-service",1778466397,"833ca691-aef4-c2f8-d64f-03d21f5a8bfc"
"2026-05-11T08:52:05.000+0000",8678,43852,USD,"1778489525.341","/v1/ach/debit","/v1/ach/debit,/v1/ach/credit,/v1/ach/status,/v1/ach/verify-account,/v1/ach/settlement,/v1/ach/return",ERROR,"INFO,ERROR,EXIT",4212bbf5486b2f9f8f5a61502a3d622f,"{""type"":""debit"",""amount"":43852,""currency"":""USD"",""accountLast4"":""8678"",""routingNumber"":""111000025""}","{""status"":""returned"",""achStatus"":""returned"",""returnCode"":""R03"",""reason"":""bank_return""}",341,R03,"R01,R02,R03,R04,R07,R08,R10,R29",111000025,"021000021,111000025,091000022,026009593,122105155","payments-service",1778489525,"4212bbf5-486b-2f9f-8f5a-61502a3d622f"
"2026-05-11T10:13:44.000+0000",1950,24049,USD,"1778494424.093","/v1/ach/credit","/v1/ach/debit,/v1/ach/credit,/v1/ach/status,/v1/ach/verify-account,/v1/ach/settlement,/v1/ach/return",EXIT,"INFO,ERROR,EXIT",5e0378cdd0ab36d56b828355d89dee81,"{""type"":""credit"",""amount"":24049,""currency"":""USD"",""destinationAccountLast4"":""1950"",""routingNumber"":""091000022""}","{""status"":""error"",""errorCode"":""ACH-504"",""message"":""gateway_timeout""}",93,R03,"R01,R02,R03,R04,R07,R08,R10,R29",091000022,"021000021,111000025,091000022,026009593,122105155","payments-service",1778494424,"5e0378cd-d0ab-36d5-6b82-8355d89dee81"
"2026-05-06T13:15:06.000+0000",9741,28245,USD,"1778073307.11","/v1/ach/credit","/v1/ach/debit,/v1/ach/credit,/v1/ach/status,/v1/ach/verify-account,/v1/ach/settlement,/v1/ach/return",EXIT,"INFO,ERROR,EXIT",60cb664b96996fb15ec678cc9f665347,"{""type"":""credit"",""amount"":28245,""currency"":""USD"",""destinationAccountLast4"":""9741"",""routingNumber"":""021000021""}","{""status"":""error"",""errorCode"":""ACH-504"",""message"":""gateway_timeout""}",1110,R08,"R01,R02,R03,R04,R07,R08,R10,R29",021000021,"021000021,111000025,091000022,026009593,122105155","payments-service",1778073306,"60cb664b-9699-6fb1-5ec6-78cc9f665347"
"2026-05-08T19:05:00.000+0000",3927,12078,USD,"1778267100.509","/v1/ach/credit","/v1/ach/debit,/v1/ach/credit,/v1/ach/status,/v1/ach/verify-account,/v1/ach/settlement,/v1/ach/return",EXIT,"INFO,ERROR,EXIT",221cef07ddcef3fa1205ebd9fc99cd75,"{""type"":""credit"",""amount"":12078,""currency"":""USD"",""destinationAccountLast4"":""3927"",""routingNumber"":""021000021""}","{""status"":""error"",""errorCode"":""ACH-504"",""message"":""gateway_timeout""}",509,R03,"R01,R02,R03,R04,R07,R08,R10,R29",021000021,"021000021,111000025,091000022,026009593,122105155","payments-service",1778267100,"221cef07-ddce-f3fa-1205-ebd9fc99cd75"
"2026-05-11T03:25:16.000+0000",9325,27847,USD,"1778469917.111","/v1/ach/settlement","/v1/ach/debit,/v1/ach/credit,/v1/ach/status,/v1/ach/verify-account,/v1/ach/settlement,/v1/ach/return",ERROR,"INFO,ERROR,EXIT",2b3d9f4888d761d38539486d97d28852,"{""transferId"":""ACH-487745"",""action"":""settlement""}","{""status"":""returned"",""achStatus"":""returned"",""returnCode"":""R01"",""reason"":""bank_return""}",1111,R01,"R01,R02,R03,R04,R07,R08,R10,R29",021000021,"021000021,111000025,091000022,026009593,122105155","payments-service",1778469916,"2b3d9f48-88d7-61d3-8539-486d97d28852"
"2026-05-10T12:40:12.000+0000",1034,25026,USD,"1778416813.025","/v1/ach/credit","/v1/ach/debit,/v1/ach/credit,/v1/ach/status,/v1/ach/verify-account,/v1/ach/settlement,/v1/ach/return",EXIT,"INFO,ERROR,EXIT",074b162cb398cb4b7b6fb6307adfb54b,"{""type"":""credit"",""amount"":25026,""currency"":""USD"",""destinationAccountLast4"":""1034"",""routingNumber"":""026009593""}","{""status"":""error"",""errorCode"":""ACH-504"",""message"":""gateway_timeout""}",1025,R07,"R01,R02,R03,R04,R07,R08,R10,R29",026009593,"021000021,111000025,091000022,026009593,122105155","payments-service",1778416812,"074b162c-b398-cb4b-7b6f-b6307adfb54b"
"2026-05-09T13:31:06.000+0000",6370,35937,USD,"1778333466.977","/v1/ach/return","/v1/ach/debit,/v1/ach/credit,/v1/ach/status,/v1/ach/verify-account,/v1/ach/settlement,/v1/ach/return",EXIT,"INFO,ERROR,EXIT",5b32ee19e764c72342ae5383a8292035,"{""transferId"":""ACH-998649"",""action"":""return""}","{""status"":""error"",""errorCode"":""ACH-504"",""message"":""gateway_timeout""}",977,R04,"R01,R02,R03,R04,R07,R08,R10,R29",026009593,"021000021,111000025,091000022,026009593,122105155","payments-service",1778333466,"5b32ee19-e764-c723-42ae-5383a8292035"
"2026-05-06T04:07:21.000+0000",7585,17580,USD,"1778040442.089","/v1/ach/verify-account","/v1/ach/debit,/v1/ach/credit,/v1/ach/status,/v1/ach/verify-account,/v1/ach/settlement,/v1/ach/return",ERROR,"INFO,ERROR,EXIT",58156df83b65fe45fab1a7ee3cf0ecb3,"{""accountLast4"":""7585"",""routingNumber"":""021000021""}","{""status"":""returned"",""achStatus"":""returned"",""returnCode"":""R29"",""reason"":""bank_return""}",1089,R29,"R01,R02,R03,R04,R07,R08,R10,R29",021000021,"021000021,111000025,091000022,026009593,122105155","payments-service",1778040441,"58156df8-3b65-fe45-fab1-a7ee3cf0ecb3"
"2026-05-07T23:59:28.000+0000",9679,19094,USD,"1778198369.033","/v1/ach/credit","/v1/ach/debit,/v1/ach/credit,/v1/ach/status,/v1/ach/verify-account,/v1/ach/settlement,/v1/ach/return",ERROR,"INFO,ERROR,EXIT",33b18f94f043b6afc33783e3fc25bb11,"{""type"":""credit"",""amount"":19094,""currency"":""USD"",""destinationAccountLast4"":""9679"",""routingNumber"":""021000021""}","{""status"":""returned"",""achStatus"":""returned"",""returnCode"":""R01"",""reason"":""bank_return""}",1033,R01,"R01,R02,R03,R04,R07,R08,R10,R29",021000021,"021000021,111000025,091000022,026009593,122105155","payments-service",1778198368,"33b18f94-f043-b6af-c337-83e3fc25bb11"
"2026-05-07T16:09:18.000+0000",5968,3504,USD,"1778170158.548","/v1/ach/return","/v1/ach/debit,/v1/ach/credit,/v1/ach/status,/v1/ach/verify-account,/v1/ach/settlement,/v1/ach/return",EXIT,"INFO,ERROR,EXIT",2e41493f2ae0effb2f70cc42509198de,"{""transferId"":""ACH-691933"",""action"":""return""}","{""status"":""error"",""errorCode"":""ACH-504"",""message"":""gateway_timeout""}",548,R02,"R01,R02,R03,R04,R07,R08,R10,R29",122105155,"021000021,111000025,091000022,026009593,122105155","payments-service",1778170158,"2e41493f-2ae0-effb-2f70-cc42509198de"
"2026-05-06T04:50:38.000+0000",9839,49478,USD,"1778043038.693","/v1/ach/status","/v1/ach/debit,/v1/ach/credit,/v1/ach/status,/v1/ach/verify-account,/v1/ach/settlement,/v1/ach/return",EXIT,"INFO,ERROR,EXIT",cfacf86a31277baa479e07d231d4fd9b,"{""transferId"":""ACH-790797"",""action"":""status""}","{""status"":""error"",""errorCode"":""ACH-504"",""message"":""gateway_timeout""}",693,R01,"R01,R02,R03,R04,R07,R08,R10,R29",111000025,"021000021,111000025,091000022,026009593,122105155","payments-service",1778043038,"cfacf86a-3127-7baa-479e-07d231d4fd9b"
"2026-05-09T01:50:31.000+0000",3681,36204,USD,"1778291431.518","/v1/ach/status","/v1/ach/debit,/v1/ach/credit,/v1/ach/status,/v1/ach/verify-account,/v1/ach/settlement,/v1/ach/return",ERROR,"INFO,ERROR,EXIT",64adc1d11ebf6472cbbc52313e1c103e,"{""transferId"":""ACH-341865"",""action"":""status""}","{""status"":""returned"",""achStatus"":""returned"",""returnCode"":""R02"",""reason"":""bank_return""}",518,R02,"R01,R02,R03,R04,R07,R08,R10,R29",026009593,"021000021,111000025,091000022,026009593,122105155","payments-service",1778291431,"64adc1d1-1ebf-6472-cbbc-52313e1c103e"
"2026-05-08T23:51:56.000+0000",8723,31193,USD,"1778284316.833","/v1/ach/credit","/v1/ach/debit,/v1/ach/credit,/v1/ach/status,/v1/ach/verify-account,/v1/ach/settlement,/v1/ach/return",INFO,"INFO,ERROR,EXIT",d35a600313128ecdd6423030678241cf,"{""type"":""credit"",""amount"":31193,""currency"":""USD"",""destinationAccountLast4"":""8723"",""routingNumber"":""091000022""}","{""status"":""pending"",""achStatus"":""submitted"",""estimatedSettlementDate"":""2026-05-09""}",833,R10,"R01,R02,R03,R04,R07,R08,R10,R29",091000022,"021000021,111000025,091000022,026009593,122105155","payments-service",1778284316,"d35a6003-1312-8ecd-d642-3030678241cf"
"2026-05-07T22:47:08.000+0000",9436,44657,USD,"1778194028.899","/v1/ach/return","/v1/ach/debit,/v1/ach/credit,/v1/ach/status,/v1/ach/verify-account,/v1/ach/settlement,/v1/ach/return",INFO,"INFO,ERROR,EXIT",8869aa62b3f2c9b36955f3ed0ac4986b,"{""transferId"":""ACH-682284"",""action"":""return""}","{""status"":""unknown""}",899,R01,"R01,R02,R03,R04,R07,R08,R10,R29",091000022,"021000021,111000025,091000022,026009593,122105155","payments-service",1778194028,"8869aa62-b3f2-c9b3-6955-f3ed0ac4986b"
"2026-05-08T09:38:33.000+0000",8942,18307,USD,"1778233114.156","/v1/ach/status","/v1/ach/debit,/v1/ach/credit,/v1/ach/status,/v1/ach/verify-account,/v1/ach/settlement,/v1/ach/return",ERROR,"INFO,ERROR,EXIT",55cf6c1119e42e91c63ed25119a971aa,"{""transferId"":""ACH-461604"",""action"":""status""}","{""status"":""returned"",""achStatus"":""returned"",""returnCode"":""R10"",""reason"":""bank_return""}",1156,R10,"R01,R02,R03,R04,R07,R08,R10,R29",122105155,"021000021,111000025,091000022,026009593,122105155","payments-service",1778233113,"55cf6c11-19e4-2e91-c63e-d25119a971aa"
"2026-05-05T13:28:38.000+0000",6942,32477,USD,"1777987718.275","/v1/ach/credit","/v1/ach/debit,/v1/ach/credit,/v1/ach/status,/v1/ach/verify-account,/v1/ach/settlement,/v1/ach/return",EXIT,"INFO,ERROR,EXIT",d8cb938dda822a7ef3a8be221abc1e4d,"{""type"":""credit"",""amount"":32477,""currency"":""USD"",""destinationAccountLast4"":""6942"",""routingNumber"":""091000022""}","{""status"":""error"",""errorCode"":""ACH-504"",""message"":""gateway_timeout""}",275,R07,"R01,R02,R03,R04,R07,R08,R10,R29",091000022,"021000021,111000025,091000022,026009593,122105155","payments-service",1777987718,"d8cb938d-da82-2a7e-f3a8-be221abc1e4d"
"2026-05-12T01:50:16.000+0000",1849,4956,USD,"1778550616.692","/v1/ach/return","/v1/ach/debit,/v1/ach/credit,/v1/ach/status,/v1/ach/verify-account,/v1/ach/settlement,/v1/ach/return",ERROR,"INFO,ERROR,EXIT",8e7e9289f7dc22b04bad3e4f3c053b8a,"{""transferId"":""ACH-981980"",""action"":""return""}","{""status"":""returned"",""achStatus"":""returned"",""returnCode"":""R08"",""reason"":""bank_return""}",692,R08,"R01,R02,R03,R04,R07,R08,R10,R29",026009593,"021000021,111000025,091000022,026009593,122105155","payments-service",1778550616,"8e7e9289-f7dc-22b0-4bad-3e4f3c053b8a"
"2026-05-08T17:38:48.000+0000",1330,29750,USD,"1778261928.108","/v1/ach/status","/v1/ach/debit,/v1/ach/credit,/v1/ach/status,/v1/ach/verify-account,/v1/ach/settlement,/v1/ach/return",EXIT,"INFO,ERROR,EXIT",d76cb832a68d26bb64c1fb241927ce72,"{""transferId"":""ACH-338301"",""action"":""status""}","{""status"":""error"",""errorCode"":""ACH-504"",""message"":""gateway_timeout""}",108,R29,"R01,R02,R03,R04,R07,R08,R10,R29",091000022,"021000021,111000025,091000022,026009593,122105155","payments-service",1778261928,"d76cb832-a68d-26bb-64c1-fb241927ce72"
"2026-05-06T11:17:02.000+0000",4205,49972,USD,"1778066222.393","/v1/ach/verify-account","/v1/ach/debit,/v1/ach/credit,/v1/ach/status,/v1/ach/verify-account,/v1/ach/settlement,/v1/ach/return",EXIT,"INFO,ERROR,EXIT",1065874d88619f84dc47eee696a61bed,"{""accountLast4"":""4205"",""routingNumber"":""021000021""}","{""status"":""error"",""errorCode"":""ACH-504"",""message"":""gateway_timeout""}",393,R03,"R01,R02,R03,R04,R07,R08,R10,R29",021000021,"021000021,111000025,091000022,026009593,122105155","payments-service",1778066222,"1065874d-8861-9f84-dc47-eee696a61bed"
"2026-05-07T01:32:44.000+0000",3799,36986,USD,"1778117564.585","/v1/ach/status","/v1/ach/debit,/v1/ach/credit,/v1/ach/status,/v1/ach/verify-account,/v1/ach/settlement,/v1/ach/return",EXIT,"INFO,ERROR,EXIT",0149be2e47e9d1b73032e5780cd77376,"{""transferId"":""ACH-366255"",""action"":""status""}","{""status"":""error"",""errorCode"":""ACH-504"",""message"":""gateway_timeout""}",585,R02,"R01,R02,R03,R04,R07,R08,R10,R29",021000021,"021000021,111000025,091000022,026009593,122105155","payments-service",1778117564,"0149be2e-47e9-d1b7-3032-e5780cd77376"
"2026-05-09T12:48:12.000+0000",5021,3458,USD,"1778330892.829","/v1/ach/status","/v1/ach/debit,/v1/ach/credit,/v1/ach/status,/v1/ach/verify-account,/v1/ach/settlement,/v1/ach/return",INFO,"INFO,ERROR,EXIT",3e611ec1b1353d9317213e40fc70d9a0,"{""transferId"":""ACH-574493"",""action"":""status""}","{""status"":""settled"",""achStatus"":""completed"",""settledAt"":""2026-05-09T12:48:12Z""}",829,R02,"R01,R02,R03,R04,R07,R08,R10,R29",111000025,"021000021,111000025,091000022,026009593,122105155","payments-service",1778330892,"3e611ec1-b135-3d93-1721-3e40fc70d9a0"
"2026-05-09T11:00:33.000+0000",6708,27887,USD,"1778324433.155","/v1/ach/return","/v1/ach/debit,/v1/ach/credit,/v1/ach/status,/v1/ach/verify-account,/v1/ach/settlement,/v1/ach/return",EXIT,"INFO,ERROR,EXIT",d536ea0ef9c42e455acaed967b5061a5,"{""transferId"":""ACH-981006"",""action"":""return""}","{""status"":""error"",""errorCode"":""ACH-504"",""message"":""gateway_timeout""}",155,R29,"R01,R02,R03,R04,R07,R08,R10,R29",026009593,"021000021,111000025,091000022,026009593,122105155","payments-service",1778324433,"d536ea0e-f9c4-2e45-5aca-ed967b5061a5"
"2026-05-10T23:28:43.000+0000",5688,19633,USD,"1778455723.243","/v1/ach/return","/v1/ach/debit,/v1/ach/credit,/v1/ach/status,/v1/ach/verify-account,/v1/ach/settlement,/v1/ach/return",EXIT,"INFO,ERROR,EXIT",63886eafa0bedccd0e6ad1ea31704993,"{""transferId"":""ACH-267716"",""action"":""return""}","{""status"":""error"",""errorCode"":""ACH-504"",""message"":""gateway_timeout""}",243,R07,"R01,R02,R03,R04,R07,R08,R10,R29",111000025,"021000021,111000025,091000022,026009593,122105155","payments-service",1778455723,"63886eaf-a0be-dccd-0e6a-d1ea31704993"
"2026-05-07T20:52:07.000+0000",1691,12863,USD,"1778187127.776","/v1/ach/verify-account","/v1/ach/debit,/v1/ach/credit,/v1/ach/status,/v1/ach/verify-account,/v1/ach/settlement,/v1/ach/return",INFO,"INFO,ERROR,EXIT",ff545929a6af8cb8901d3890733745c1,"{""accountLast4"":""1691"",""routingNumber"":""021000021""}","{""status"":""unknown""}",776,R02,"R01,R02,R03,R04,R07,R08,R10,R29",021000021,"021000021,111000025,091000022,026009593,122105155","payments-service",1778187127,"ff545929-a6af-8cb8-901d-3890733745c1"
"2026-05-09T13:59:18.000+0000",1677,50246,USD,"1778335158.641","/v1/ach/status","/v1/ach/debit,/v1/ach/credit,/v1/ach/status,/v1/ach/verify-account,/v1/ach/settlement,/v1/ach/return",INFO,"INFO,ERROR,EXIT",4d7b1665da330aa3b08f617ad4deec6d,"{""transferId"":""ACH-907403"",""action"":""status""}","{""status"":""settled"",""achStatus"":""completed"",""settledAt"":""2026-05-09T13:59:18Z""}",641,R07,"R01,R02,R03,R04,R07,R08,R10,R29",026009593,"021000021,111000025,091000022,026009593,122105155","payments-service",1778335158,"4d7b1665-da33-0aa3-b08f-617ad4deec6d"
"2026-05-06T13:17:40.000+0000",3733,18498,USD,"1778073460.182","/v1/ach/credit","/v1/ach/debit,/v1/ach/credit,/v1/ach/status,/v1/ach/verify-account,/v1/ach/settlement,/v1/ach/return",EXIT,"INFO,ERROR,EXIT",b0b9a2561d8d686bbc2ca02e86641ac9,"{""type"":""credit"",""amount"":18498,""currency"":""USD"",""destinationAccountLast4"":""3733"",""routingNumber"":""026009593""}","{""status"":""error"",""errorCode"":""ACH-504"",""message"":""gateway_timeout""}",182,R01,"R01,R02,R03,R04,R07,R08,R10,R29",026009593,"021000021,111000025,091000022,026009593,122105155","payments-service",1778073460,"b0b9a256-1d8d-686b-bc2c-a02e86641ac9"
"2026-05-08T22:42:58.000+0000",7457,32917,USD,"1778280178.685","/v1/ach/debit","/v1/ach/debit,/v1/ach/credit,/v1/ach/status,/v1/ach/verify-account,/v1/ach/settlement,/v1/ach/return",ERROR,"INFO,ERROR,EXIT",0f8ceddb3f23b93f61cff582f523fb94,"{""type"":""debit"",""amount"":32917,""currency"":""USD"",""accountLast4"":""7457"",""routingNumber"":""026009593""}","{""status"":""returned"",""achStatus"":""returned"",""returnCode"":""R03"",""reason"":""bank_return""}",685,R03,"R01,R02,R03,R04,R07,R08,R10,R29",026009593,"021000021,111000025,091000022,026009593,122105155","payments-service",1778280178,"0f8ceddb-3f23-b93f-61cf-f582f523fb94"
"2026-05-06T19:16:21.000+0000",3604,23054,USD,"1778094981.346","/v1/ach/credit","/v1/ach/debit,/v1/ach/credit,/v1/ach/status,/v1/ach/verify-account,/v1/ach/settlement,/v1/ach/return",INFO,"INFO,ERROR,EXIT",04f512f9789f028fe0a5cf468653929e,"{""type"":""credit"",""amount"":23054,""currency"":""USD"",""destinationAccountLast4"":""3604"",""routingNumber"":""122105155""}","{""status"":""pending"",""achStatus"":""submitted"",""estimatedSettlementDate"":""2026-05-07""}",346,R01,"R01,R02,R03,R04,R07,R08,R10,R29",122105155,"021000021,111000025,091000022,026009593,122105155","payments-service",1778094981,"04f512f9-789f-028f-e0a5-cf468653929e"
"2026-05-07T17:38:44.000+0000",9515,47421,USD,"1778175525.124","/v1/ach/return","/v1/ach/debit,/v1/ach/credit,/v1/ach/status,/v1/ach/verify-account,/v1/ach/settlement,/v1/ach/return",INFO,"INFO,ERROR,EXIT",f8da1cdb0aafcdc9ceb710faa56b3fc0,"{""transferId"":""ACH-103715"",""action"":""return""}","{""status"":""unknown""}",1124,R08,"R01,R02,R03,R04,R07,R08,R10,R29",111000025,"021000021,111000025,091000022,026009593,122105155","payments-service",1778175524,"f8da1cdb-0aaf-cdc9-ceb7-10faa56b3fc0"
"2026-05-11T23:32:35.000+0000",3225,12795,USD,"1778542355.642","/v1/ach/debit","/v1/ach/debit,/v1/ach/credit,/v1/ach/status,/v1/ach/verify-account,/v1/ach/settlement,/v1/ach/return",INFO,"INFO,ERROR,EXIT",fff6bb0698909c7f8b1da37802615d22,"{""type"":""debit"",""amount"":12795,""currency"":""USD"",""accountLast4"":""3225"",""routingNumber"":""026009593""}","{""status"":""pending"",""achStatus"":""submitted"",""estimatedSettlementDate"":""2026-05-12""}",642,R10,"R01,R02,R03,R04,R07,R08,R10,R29",026009593,"021000021,111000025,091000022,026009593,122105155","payments-service",1778542355,"fff6bb06-9890-9c7f-8b1d-a37802615d22"
"2026-05-08T08:52:43.000+0000",7309,33336,USD,"1778230364.121","/v1/ach/verify-account","/v1/ach/debit,/v1/ach/credit,/v1/ach/status,/v1/ach/verify-account,/v1/ach/settlement,/v1/ach/return",ERROR,"INFO,ERROR,EXIT",c2b7d133a2c4f428ddf410d9b3676d09,"{""accountLast4"":""7309"",""routingNumber"":""026009593""}","{""status"":""returned"",""achStatus"":""returned"",""returnCode"":""R29"",""reason"":""bank_return""}",1121,R29,"R01,R02,R03,R04,R07,R08,R10,R29",026009593,"021000021,111000025,091000022,026009593,122105155","payments-service",1778230363,"c2b7d133-a2c4-f428-ddf4-10d9b3676d09"
"2026-05-08T19:37:49.000+0000",9963,46878,USD,"1778269069.427","/v1/ach/debit","/v1/ach/debit,/v1/ach/credit,/v1/ach/status,/v1/ach/verify-account,/v1/ach/settlement,/v1/ach/return",INFO,"INFO,ERROR,EXIT",32af81193eeb4fe3f1269bc446b6a21d,"{""type"":""debit"",""amount"":46878,""currency"":""USD"",""accountLast4"":""9963"",""routingNumber"":""021000021""}","{""status"":""pending"",""achStatus"":""submitted"",""estimatedSettlementDate"":""2026-05-09""}",427,R29,"R01,R02,R03,R04,R07,R08,R10,R29",021000021,"021000021,111000025,091000022,026009593,122105155","payments-service",1778269069,"32af8119-3eeb-4fe3-f126-9bc446b6a21d"
"2026-05-07T23:58:45.000+0000",5931,22531,USD,"1778198325.822","/v1/ach/debit","/v1/ach/debit,/v1/ach/credit,/v1/ach/status,/v1/ach/verify-account,/v1/ach/settlement,/v1/ach/return",EXIT,"INFO,ERROR,EXIT",bc2fc55e2f4c9b8c84ebf630219ebddf,"{""type"":""debit"",""amount"":22531,""currency"":""USD"",""accountLast4"":""5931"",""routingNumber"":""091000022""}","{""status"":""error"",""errorCode"":""ACH-504"",""message"":""gateway_timeout""}",822,R08,"R01,R02,R03,R04,R07,R08,R10,R29",091000022,"021000021,111000025,091000022,026009593,122105155","payments-service",1778198325,"bc2fc55e-2f4c-9b8c-84eb-f630219ebddf"
"2026-05-05T19:09:26.000+0000",2079,15977,USD,"1778008167.06","/v1/ach/return","/v1/ach/debit,/v1/ach/credit,/v1/ach/status,/v1/ach/verify-account,/v1/ach/settlement,/v1/ach/return",INFO,"INFO,ERROR,EXIT",5fb9f70cc837dec269dc460e9ff8df2e,"{""transferId"":""ACH-903465"",""action"":""return""}","{""status"":""unknown""}",1060,R01,"R01,R02,R03,R04,R07,R08,R10,R29",091000022,"021000021,111000025,091000022,026009593,122105155","payments-service",1778008166,"5fb9f70c-c837-dec2-69dc-460e9ff8df2e"
"2026-05-09T10:46:57.000+0000",7652,35833,USD,"1778323617.996","/v1/ach/return","/v1/ach/debit,/v1/ach/credit,/v1/ach/status,/v1/ach/verify-account,/v1/ach/settlement,/v1/ach/return",ERROR,"INFO,ERROR,EXIT",65118b013ffb1f0e6f792ec261c194b8,"{""transferId"":""ACH-831196"",""action"":""return""}","{""status"":""returned"",""achStatus"":""returned"",""returnCode"":""R04"",""reason"":""bank_return""}",996,R04,"R01,R02,R03,R04,R07,R08,R10,R29",026009593,"021000021,111000025,091000022,026009593,122105155","payments-service",1778323617,"65118b01-3ffb-1f0e-6f79-2ec261c194b8"
"2026-05-09T11:28:40.000+0000",7495,25841,USD,"1778326121.159","/v1/ach/settlement","/v1/ach/debit,/v1/ach/credit,/v1/ach/status,/v1/ach/verify-account,/v1/ach/settlement,/v1/ach/return",EXIT,"INFO,ERROR,EXIT",cb8acc310dce45c4620cecf52c772e5a,"{""transferId"":""ACH-120749"",""action"":""settlement""}","{""status"":""error"",""errorCode"":""ACH-504"",""message"":""gateway_timeout""}",1159,R04,"R01,R02,R03,R04,R07,R08,R10,R29",122105155,"021000021,111000025,091000022,026009593,122105155","payments-service",1778326120,"cb8acc31-0dce-45c4-620c-ecf52c772e5a"
"2026-05-05T13:38:38.000+0000",8835,27550,USD,"1777988318.974","/v1/ach/debit","/v1/ach/debit,/v1/ach/credit,/v1/ach/status,/v1/ach/verify-account,/v1/ach/settlement,/v1/ach/return",INFO,"INFO,ERROR,EXIT",41c18d74342e0fa2ef901b13ff293636,"{""type"":""debit"",""amount"":27550,""currency"":""USD"",""accountLast4"":""8835"",""routingNumber"":""122105155""}","{""status"":""pending"",""achStatus"":""submitted"",""estimatedSettlementDate"":""2026-05-06""}",974,R29,"R01,R02,R03,R04,R07,R08,R10,R29",122105155,"021000021,111000025,091000022,026009593,122105155","payments-service",1777988318,"41c18d74-342e-0fa2-ef90-1b13ff293636"
"2026-05-09T22:43:19.000+0000",4345,11419,USD,"1778366599.666","/v1/ach/settlement","/v1/ach/debit,/v1/ach/credit,/v1/ach/status,/v1/ach/verify-account,/v1/ach/settlement,/v1/ach/return",INFO,"INFO,ERROR,EXIT",e7e40592a6ac00d25af244b82dcea496,"{""transferId"":""ACH-352662"",""action"":""settlement""}","{""status"":""unknown""}",666,R04,"R01,R02,R03,R04,R07,R08,R10,R29",021000021,"021000021,111000025,091000022,026009593,122105155","payments-service",1778366599,"e7e40592-a6ac-00d2-5af2-44b82dcea496"
"2026-05-06T13:45:43.000+0000",7192,11605,USD,"1778075143.716","/v1/ach/debit","/v1/ach/debit,/v1/ach/credit,/v1/ach/status,/v1/ach/verify-account,/v1/ach/settlement,/v1/ach/return",ERROR,"INFO,ERROR,EXIT",2bc9082512b42875bd4ea5d1f1cabe4e,"{""type"":""debit"",""amount"":11605,""currency"":""USD"",""accountLast4"":""7192"",""routingNumber"":""122105155""}","{""status"":""returned"",""achStatus"":""returned"",""returnCode"":""R08"",""reason"":""bank_return""}",716,R08,"R01,R02,R03,R04,R07,R08,R10,R29",122105155,"021000021,111000025,091000022,026009593,122105155","payments-service",1778075143,"2bc90825-12b4-2875-bd4e-a5d1f1cabe4e"
"2026-05-12T02:54:47.000+0000",1235,14590,USD,"1778554487.705","/v1/ach/return","/v1/ach/debit,/v1/ach/credit,/v1/ach/status,/v1/ach/verify-account,/v1/ach/settlement,/v1/ach/return",EXIT,"INFO,ERROR,EXIT",95c916226d5ddb6f5d6c272b76db6d68,"{""transferId"":""ACH-899535"",""action"":""return""}","{""status"":""error"",""errorCode"":""ACH-504"",""message"":""gateway_timeout""}",705,R02,"R01,R02,R03,R04,R07,R08,R10,R29",021000021,"021000021,111000025,091000022,026009593,122105155","payments-service",1778554487,"95c91622-6d5d-db6f-5d6c-272b76db6d68"
"2026-05-09T17:18:30.000+0000",2463,14843,USD,"1778347110.203","/v1/ach/return","/v1/ach/debit,/v1/ach/credit,/v1/ach/status,/v1/ach/verify-account,/v1/ach/settlement,/v1/ach/return",EXIT,"INFO,ERROR,EXIT",fade3e614b871843184ddf631a200364,"{""transferId"":""ACH-897178"",""action"":""return""}","{""status"":""error"",""errorCode"":""ACH-504"",""message"":""gateway_timeout""}",203,R10,"R01,R02,R03,R04,R07,R08,R10,R29",122105155,"021000021,111000025,091000022,026009593,122105155","payments-service",1778347110,"fade3e61-4b87-1843-184d-df631a200364"
"2026-05-08T08:58:26.000+0000",4949,20059,USD,"1778230706.237","/v1/ach/settlement","/v1/ach/debit,/v1/ach/credit,/v1/ach/status,/v1/ach/verify-account,/v1/ach/settlement,/v1/ach/return",INFO,"INFO,ERROR,EXIT",7d34000ea8a7eaf80048e492c42c53b2,"{""transferId"":""ACH-468200"",""action"":""settlement""}","{""status"":""unknown""}",237,R07,"R01,R02,R03,R04,R07,R08,R10,R29",111000025,"021000021,111000025,091000022,026009593,122105155","payments-service",1778230706,"7d34000e-a8a7-eaf8-0048-e492c42c53b2"
"2026-05-07T12:23:43.000+0000",8414,19721,USD,"1778156623.139","/v1/ach/return","/v1/ach/debit,/v1/ach/credit,/v1/ach/status,/v1/ach/verify-account,/v1/ach/settlement,/v1/ach/return",ERROR,"INFO,ERROR,EXIT",206613d63ac2e4ba5db71f266436dfdf,"{""transferId"":""ACH-819797"",""action"":""return""}","{""status"":""returned"",""achStatus"":""returned"",""returnCode"":""R01"",""reason"":""bank_return""}",139,R01,"R01,R02,R03,R04,R07,R08,R10,R29",021000021,"021000021,111000025,091000022,026009593,122105155","payments-service",1778156623,"206613d6-3ac2-e4ba-5db7-1f266436dfdf"
"2026-05-09T13:35:25.000+0000",1903,37655,USD,"1778333726.049","/v1/ach/credit","/v1/ach/debit,/v1/ach/credit,/v1/ach/status,/v1/ach/verify-account,/v1/ach/settlement,/v1/ach/return",EXIT,"INFO,ERROR,EXIT",540b70eacd791b0783d499f22619ca36,"{""type"":""credit"",""amount"":37655,""currency"":""USD"",""destinationAccountLast4"":""1903"",""routingNumber"":""122105155""}","{""status"":""error"",""errorCode"":""ACH-504"",""message"":""gateway_timeout""}",1049,R04,"R01,R02,R03,R04,R07,R08,R10,R29",122105155,"021000021,111000025,091000022,026009593,122105155","payments-service",1778333725,"540b70ea-cd79-1b07-83d4-99f22619ca36"
"2026-05-07T12:45:19.000+0000",4373,23132,USD,"1778157919.891","/v1/ach/status","/v1/ach/debit,/v1/ach/credit,/v1/ach/status,/v1/ach/verify-account,/v1/ach/settlement,/v1/ach/return",ERROR,"INFO,ERROR,EXIT",ca8b75550c2a32e58d3cca954bf63f50,"{""transferId"":""ACH-639428"",""action"":""status""}","{""status"":""returned"",""achStatus"":""returned"",""returnCode"":""R03"",""reason"":""bank_return""}",891,R03,"R01,R02,R03,R04,R07,R08,R10,R29",091000022,"021000021,111000025,091000022,026009593,122105155","payments-service",1778157919,"ca8b7555-0c2a-32e5-8d3c-ca954bf63f50"
"2026-05-12T06:45:15.000+0000",9749,48292,USD,"1778568315.212","/v1/ach/return","/v1/ach/debit,/v1/ach/credit,/v1/ach/status,/v1/ach/verify-account,/v1/ach/settlement,/v1/ach/return",ERROR,"INFO,ERROR,EXIT",fb061221316ec954142257bb4f6b9a46,"{""transferId"":""ACH-923453"",""action"":""return""}","{""status"":""returned"",""achStatus"":""returned"",""returnCode"":""R08"",""reason"":""bank_return""}",212,R08,"R01,R02,R03,R04,R07,R08,R10,R29",021000021,"021000021,111000025,091000022,026009593,122105155","payments-service",1778568315,"fb061221-316e-c954-1422-57bb4f6b9a46"
"2026-05-10T11:37:51.000+0000",4833,40262,USD,"1778413071.153","/v1/ach/return","/v1/ach/debit,/v1/ach/credit,/v1/ach/status,/v1/ach/verify-account,/v1/ach/settlement,/v1/ach/return",EXIT,"INFO,ERROR,EXIT",90ead21ecc5c36fc9d8eedd41731ef3b,"{""transferId"":""ACH-220444"",""action"":""return""}","{""status"":""error"",""errorCode"":""ACH-504"",""message"":""gateway_timeout""}",153,R07,"R01,R02,R03,R04,R07,R08,R10,R29",122105155,"021000021,111000025,091000022,026009593,122105155","payments-service",1778413071,"90ead21e-cc5c-36fc-9d8e-edd41731ef3b"
"2026-05-11T23:29:14.000+0000",2044,22439,USD,"1778542154.386","/v1/ach/status","/v1/ach/debit,/v1/ach/credit,/v1/ach/status,/v1/ach/verify-account,/v1/ach/settlement,/v1/ach/return",INFO,"INFO,ERROR,EXIT",fa1877b972fde7f6d9744a8cb7dd9298,"{""transferId"":""ACH-164426"",""action"":""status""}","{""status"":""settled"",""achStatus"":""completed"",""settledAt"":""2026-05-11T23:29:14Z""}",386,R01,"R01,R02,R03,R04,R07,R08,R10,R29",122105155,"021000021,111000025,091000022,026009593,122105155","payments-service",1778542154,"fa1877b9-72fd-e7f6-d974-4a8cb7dd9298"
"2026-05-12T00:37:44.000+0000",5162,11031,USD,"1778546264.383","/v1/ach/settlement","/v1/ach/debit,/v1/ach/credit,/v1/ach/status,/v1/ach/verify-account,/v1/ach/settlement,/v1/ach/return",INFO,"INFO,ERROR,EXIT",235345a722a80f9f5ab58474c01d33ee,"{""transferId"":""ACH-306468"",""action"":""settlement""}","{""status"":""unknown""}",383,R03,"R01,R02,R03,R04,R07,R08,R10,R29",021000021,"021000021,111000025,091000022,026009593,122105155","payments-service",1778546264,"235345a7-22a8-0f9f-5ab5-8474c01d33ee"
"2026-05-09T09:30:53.000+0000",7075,17301,USD,"1778319054.048","/v1/ach/status","/v1/ach/debit,/v1/ach/credit,/v1/ach/status,/v1/ach/verify-account,/v1/ach/settlement,/v1/ach/return",ERROR,"INFO,ERROR,EXIT",9d3b43d49058162efffea8dbaad14150,"{""transferId"":""ACH-176670"",""action"":""status""}","{""status"":""returned"",""achStatus"":""returned"",""returnCode"":""R02"",""reason"":""bank_return""}",1048,R02,"R01,R02,R03,R04,R07,R08,R10,R29",026009593,"021000021,111000025,091000022,026009593,122105155","payments-service",1778319053,"9d3b43d4-9058-162e-fffe-a8dbaad14150"
"2026-05-08T10:28:38.000+0000",1904,2129,USD,"1778236118.712","/v1/ach/verify-account","/v1/ach/debit,/v1/ach/credit,/v1/ach/status,/v1/ach/verify-account,/v1/ach/settlement,/v1/ach/return",ERROR,"INFO,ERROR,EXIT",f048ecdded874c476634c8e8429b7956,"{""accountLast4"":""1904"",""routingNumber"":""021000021""}","{""status"":""returned"",""achStatus"":""returned"",""returnCode"":""R01"",""reason"":""bank_return""}",712,R01,"R01,R02,R03,R04,R07,R08,R10,R29",021000021,"021000021,111000025,091000022,026009593,122105155","payments-service",1778236118,"f048ecdd-ed87-4c47-6634-c8e8429b7956"
"2026-05-10T18:27:28.000+0000",2092,32543,USD,"1778437648.37","/v1/ach/return","/v1/ach/debit,/v1/ach/credit,/v1/ach/status,/v1/ach/verify-account,/v1/ach/settlement,/v1/ach/return",ERROR,"INFO,ERROR,EXIT",c9d44c1ee8172870b09f32906225da31,"{""transferId"":""ACH-936561"",""action"":""return""}","{""status"":""returned"",""achStatus"":""returned"",""returnCode"":""R08"",""reason"":""bank_return""}",370,R08,"R01,R02,R03,R04,R07,R08,R10,R29",122105155,"021000021,111000025,091000022,026009593,122105155","payments-service",1778437648,"c9d44c1e-e817-2870-b09f-32906225da31"
"2026-05-09T01:29:35.000+0000",2572,32797,USD,"1778290176.02","/v1/ach/return","/v1/ach/debit,/v1/ach/credit,/v1/ach/status,/v1/ach/verify-account,/v1/ach/settlement,/v1/ach/return",ERROR,"INFO,ERROR,EXIT",37d97472f68d3c4a069823b8adec4404,"{""transferId"":""ACH-733851"",""action"":""return""}","{""status"":""returned"",""achStatus"":""returned"",""returnCode"":""R02"",""reason"":""bank_return""}",1020,R02,"R01,R02,R03,R04,R07,R08,R10,R29",111000025,"021000021,111000025,091000022,026009593,122105155","payments-service",1778290175,"37d97472-f68d-3c4a-0698-23b8adec4404"
"2026-05-07T01:27:02.000+0000",1534,37850,USD,"1778117222.479","/v1/ach/credit","/v1/ach/debit,/v1/ach/credit,/v1/ach/status,/v1/ach/verify-account,/v1/ach/settlement,/v1/ach/return",ERROR,"INFO,ERROR,EXIT",a83f5766e22761d563bb63c6130b373b,"{""type"":""credit"",""amount"":37850,""currency"":""USD"",""destinationAccountLast4"":""1534"",""routingNumber"":""122105155""}","{""status"":""returned"",""achStatus"":""returned"",""returnCode"":""R04"",""reason"":""bank_return""}",479,R04,"R01,R02,R03,R04,R07,R08,R10,R29",122105155,"021000021,111000025,091000022,026009593,122105155","payments-service",1778117222,"a83f5766-e227-61d5-63bb-63c6130b373b"
"2026-05-09T03:36:58.000+0000",3532,37800,USD,"1778297818.713","/v1/ach/settlement","/v1/ach/debit,/v1/ach/credit,/v1/ach/status,/v1/ach/verify-account,/v1/ach/settlement,/v1/ach/return",ERROR,"INFO,ERROR,EXIT",5060b5e98c37bbcfe0c4c6d137d407b0,"{""transferId"":""ACH-358703"",""action"":""settlement""}","{""status"":""returned"",""achStatus"":""returned"",""returnCode"":""R08"",""reason"":""bank_return""}",713,R08,"R01,R02,R03,R04,R07,R08,R10,R29",021000021,"021000021,111000025,091000022,026009593,122105155","payments-service",1778297818,"5060b5e9-8c37-bbcf-e0c4-c6d137d407b0"
"2026-05-11T12:08:20.000+0000",3284,46539,USD,"1778501300.872","/v1/ach/return","/v1/ach/debit,/v1/ach/credit,/v1/ach/status,/v1/ach/verify-account,/v1/ach/settlement,/v1/ach/return",EXIT,"INFO,ERROR,EXIT",802b7dec26c656e92d5bf6103ea9f1df,"{""transferId"":""ACH-967021"",""action"":""return""}","{""status"":""error"",""errorCode"":""ACH-504"",""message"":""gateway_timeout""}",872,R29,"R01,R02,R03,R04,R07,R08,R10,R29",111000025,"021000021,111000025,091000022,026009593,122105155","payments-service",1778501300,"802b7dec-26c6-56e9-2d5b-f6103ea9f1df"
"2026-05-09T10:07:31.000+0000",2127,9591,USD,"1778321251.396","/v1/ach/settlement","/v1/ach/debit,/v1/ach/credit,/v1/ach/status,/v1/ach/verify-account,/v1/ach/settlement,/v1/ach/return",INFO,"INFO,ERROR,EXIT",6ac9d9cc837441cb164913301eea475d,"{""transferId"":""ACH-144859"",""action"":""settlement""}","{""status"":""unknown""}",396,R03,"R01,R02,R03,R04,R07,R08,R10,R29",122105155,"021000021,111000025,091000022,026009593,122105155","payments-service",1778321251,"6ac9d9cc-8374-41cb-1649-13301eea475d"
"2026-05-07T16:48:46.000+0000",4852,8541,USD,"1778172526.862","/v1/ach/status","/v1/ach/debit,/v1/ach/credit,/v1/ach/status,/v1/ach/verify-account,/v1/ach/settlement,/v1/ach/return",ERROR,"INFO,ERROR,EXIT",9db8a33c5d5bfd2598befe79a7e4758b,"{""transferId"":""ACH-620728"",""action"":""status""}","{""status"":""returned"",""achStatus"":""returned"",""returnCode"":""R01"",""reason"":""bank_return""}",862,R01,"R01,R02,R03,R04,R07,R08,R10,R29",091000022,"021000021,111000025,091000022,026009593,122105155","payments-service",1778172526,"9db8a33c-5d5b-fd25-98be-fe79a7e4758b"
"2026-05-09T14:53:45.000+0000",7459,24334,USD,"1778338425.651","/v1/ach/debit","/v1/ach/debit,/v1/ach/credit,/v1/ach/status,/v1/ach/verify-account,/v1/ach/settlement,/v1/ach/return",EXIT,"INFO,ERROR,EXIT",0f1dfd172aec782930d4e0ab81c195ed,"{""type"":""debit"",""amount"":24334,""currency"":""USD"",""accountLast4"":""7459"",""routingNumber"":""122105155""}","{""status"":""error"",""errorCode"":""ACH-504"",""message"":""gateway_timeout""}",651,R29,"R01,R02,R03,R04,R07,R08,R10,R29",122105155,"021000021,111000025,091000022,026009593,122105155","payments-service",1778338425,"0f1dfd17-2aec-7829-30d4-e0ab81c195ed"
"2026-05-10T19:47:24.000+0000",8741,32120,USD,"1778442444.424","/v1/ach/return","/v1/ach/debit,/v1/ach/credit,/v1/ach/status,/v1/ach/verify-account,/v1/ach/settlement,/v1/ach/return",EXIT,"INFO,ERROR,EXIT",1cde89a7618ebfd61feaf1de05da8e3b,"{""transferId"":""ACH-847363"",""action"":""return""}","{""status"":""error"",""errorCode"":""ACH-504"",""message"":""gateway_timeout""}",424,R29,"R01,R02,R03,R04,R07,R08,R10,R29",111000025,"021000021,111000025,091000022,026009593,122105155","payments-service",1778442444,"1cde89a7-618e-bfd6-1fea-f1de05da8e3b"
"2026-05-06T16:31:14.000+0000",5188,24088,USD,"1778085074.077","/v1/ach/debit","/v1/ach/debit,/v1/ach/credit,/v1/ach/status,/v1/ach/verify-account,/v1/ach/settlement,/v1/ach/return",INFO,"INFO,ERROR,EXIT",8cbe9c50506302790df2d630fed432ef,"{""type"":""debit"",""amount"":24088,""currency"":""USD"",""accountLast4"":""5188"",""routingNumber"":""111000025""}","{""status"":""pending"",""achStatus"":""submitted"",""estimatedSettlementDate"":""2026-05-07""}",77,R08,"R01,R02,R03,R04,R07,R08,R10,R29",111000025,"021000021,111000025,091000022,026009593,122105155","payments-service",1778085074,"8cbe9c50-5063-0279-0df2-d630fed432ef"
"2026-05-06T23:48:31.000+0000",3871,49308,USD,"1778111311.066","/v1/ach/return","/v1/ach/debit,/v1/ach/credit,/v1/ach/status,/v1/ach/verify-account,/v1/ach/settlement,/v1/ach/return",EXIT,"INFO,ERROR,EXIT",471e3d93a03ad5f5d8abf6da4856cd6c,"{""transferId"":""ACH-755660"",""action"":""return""}","{""status"":""error"",""errorCode"":""ACH-504"",""message"":""gateway_timeout""}",66,R01,"R01,R02,R03,R04,R07,R08,R10,R29",122105155,"021000021,111000025,091000022,026009593,122105155","payments-service",1778111311,"471e3d93-a03a-d5f5-d8ab-f6da4856cd6c"
"2026-05-06T06:14:12.000+0000",5140,27767,USD,"1778048053.147","/v1/ach/return","/v1/ach/debit,/v1/ach/credit,/v1/ach/status,/v1/ach/verify-account,/v1/ach/settlement,/v1/ach/return",EXIT,"INFO,ERROR,EXIT",cb68034445b9059f61440cd8b426a076,"{""transferId"":""ACH-626894"",""action"":""return""}","{""status"":""error"",""errorCode"":""ACH-504"",""message"":""gateway_timeout""}",1147,R10,"R01,R02,R03,R04,R07,R08,R10,R29",091000022,"021000021,111000025,091000022,026009593,122105155","payments-service",1778048052,"cb680344-45b9-059f-6144-0cd8b426a076"
"2026-05-06T12:07:48.000+0000",7048,49343,USD,"1778069269.217","/v1/ach/settlement","/v1/ach/debit,/v1/ach/credit,/v1/ach/status,/v1/ach/verify-account,/v1/ach/settlement,/v1/ach/return",INFO,"INFO,ERROR,EXIT",40e8ec11f0713b2808c419e085759898,"{""transferId"":""ACH-301928"",""action"":""settlement""}","{""status"":""unknown""}",1217,R07,"R01,R02,R03,R04,R07,R08,R10,R29",122105155,"021000021,111000025,091000022,026009593,122105155","payments-service",1778069268,"40e8ec11-f071-3b28-08c4-19e085759898"
"2026-05-08T20:11:31.000+0000",4655,26462,USD,"1778271092.097","/v1/ach/verify-account","/v1/ach/debit,/v1/ach/credit,/v1/ach/status,/v1/ach/verify-account,/v1/ach/settlement,/v1/ach/return",EXIT,"INFO,ERROR,EXIT",07454e578d997bd3886996517c8ddef4,"{""accountLast4"":""4655"",""routingNumber"":""111000025""}","{""status"":""error"",""errorCode"":""ACH-504"",""message"":""gateway_timeout""}",1097,R10,"R01,R02,R03,R04,R07,R08,R10,R29",111000025,"021000021,111000025,091000022,026009593,122105155","payments-service",1778271091,"07454e57-8d99-7bd3-8869-96517c8ddef4"
"2026-05-10T18:11:39.000+0000",4776,38218,USD,"1778436699.824","/v1/ach/status","/v1/ach/debit,/v1/ach/credit,/v1/ach/status,/v1/ach/verify-account,/v1/ach/settlement,/v1/ach/return",INFO,"INFO,ERROR,EXIT",e262762373b237d8e68ac4d31fa09d8d,"{""transferId"":""ACH-181792"",""action"":""status""}","{""status"":""settled"",""achStatus"":""completed"",""settledAt"":""2026-05-10T18:11:39Z""}",824,R07,"R01,R02,R03,R04,R07,R08,R10,R29",026009593,"021000021,111000025,091000022,026009593,122105155","payments-service",1778436699,"e2627623-73b2-37d8-e68a-c4d31fa09d8d"
"2026-05-07T08:11:47.000+0000",3562,22525,USD,"1778141508.056","/v1/ach/debit","/v1/ach/debit,/v1/ach/credit,/v1/ach/status,/v1/ach/verify-account,/v1/ach/settlement,/v1/ach/return",INFO,"INFO,ERROR,EXIT",64853d9542088b10326517ebcc6c9c2e,"{""type"":""debit"",""amount"":22525,""currency"":""USD"",""accountLast4"":""3562"",""routingNumber"":""021000021""}","{""status"":""pending"",""achStatus"":""submitted"",""estimatedSettlementDate"":""2026-05-08""}",1056,R08,"R01,R02,R03,R04,R07,R08,R10,R29",021000021,"021000021,111000025,091000022,026009593,122105155","payments-service",1778141507,"64853d95-4208-8b10-3265-17ebcc6c9c2e"
"2026-05-07T10:06:52.000+0000",2966,44707,USD,"1778148413.212","/v1/ach/settlement","/v1/ach/debit,/v1/ach/credit,/v1/ach/status,/v1/ach/verify-account,/v1/ach/settlement,/v1/ach/return",ERROR,"INFO,ERROR,EXIT",f90792162eba2d27b1c255d995751d24,"{""transferId"":""ACH-834129"",""action"":""settlement""}","{""status"":""returned"",""achStatus"":""returned"",""returnCode"":""R07"",""reason"":""bank_return""}",1212,R07,"R01,R02,R03,R04,R07,R08,R10,R29",021000021,"021000021,111000025,091000022,026009593,122105155","payments-service",1778148412,"f9079216-2eba-2d27-b1c2-55d995751d24"
"2026-05-08T07:04:25.000+0000",1976,28777,USD,"1778223865.318","/v1/ach/settlement","/v1/ach/debit,/v1/ach/credit,/v1/ach/status,/v1/ach/verify-account,/v1/ach/settlement,/v1/ach/return",ERROR,"INFO,ERROR,EXIT",fee27afba0bc71277053366ae9ea002c,"{""transferId"":""ACH-515468"",""action"":""settlement""}","{""status"":""returned"",""achStatus"":""returned"",""returnCode"":""R07"",""reason"":""bank_return""}",318,R07,"R01,R02,R03,R04,R07,R08,R10,R29",111000025,"021000021,111000025,091000022,026009593,122105155","payments-service",1778223865,"fee27afb-a0bc-7127-7053-366ae9ea002c"
"2026-05-12T06:37:17.000+0000",8773,34744,USD,"1778567837.501","/v1/ach/debit","/v1/ach/debit,/v1/ach/credit,/v1/ach/status,/v1/ach/verify-account,/v1/ach/settlement,/v1/ach/return",INFO,"INFO,ERROR,EXIT",3f87d14704c593fc37f66343c972be35,"{""type"":""debit"",""amount"":34744,""currency"":""USD"",""accountLast4"":""8773"",""routingNumber"":""091000022""}","{""status"":""pending"",""achStatus"":""submitted"",""estimatedSettlementDate"":""2026-05-13""}",501,R08,"R01,R02,R03,R04,R07,R08,R10,R29",091000022,"021000021,111000025,091000022,026009593,122105155","payments-service",1778567837,"3f87d147-04c5-93fc-37f6-6343c972be35"
"2026-05-09T16:26:01.000+0000",1404,25134,USD,"1778343961.743","/v1/ach/debit","/v1/ach/debit,/v1/ach/credit,/v1/ach/status,/v1/ach/verify-account,/v1/ach/settlement,/v1/ach/return",INFO,"INFO,ERROR,EXIT",044493c687b62105491fe81f7b66b17b,"{""type"":""debit"",""amount"":25134,""currency"":""USD"",""accountLast4"":""1404"",""routingNumber"":""122105155""}","{""status"":""pending"",""achStatus"":""submitted"",""estimatedSettlementDate"":""2026-05-10""}",743,R08,"R01,R02,R03,R04,R07,R08,R10,R29",122105155,"021000021,111000025,091000022,026009593,122105155","payments-service",1778343961,"044493c6-87b6-2105-491f-e81f7b66b17b"
"2026-05-09T05:15:07.000+0000",6224,16450,USD,"1778303707.315","/v1/ach/return","/v1/ach/debit,/v1/ach/credit,/v1/ach/status,/v1/ach/verify-account,/v1/ach/settlement,/v1/ach/return",EXIT,"INFO,ERROR,EXIT",4e00f4625f1498b1212bfe6aeb476f93,"{""transferId"":""ACH-977337"",""action"":""return""}","{""status"":""error"",""errorCode"":""ACH-504"",""message"":""gateway_timeout""}",315,R10,"R01,R02,R03,R04,R07,R08,R10,R29",021000021,"021000021,111000025,091000022,026009593,122105155","payments-service",1778303707,"4e00f462-5f14-98b1-212b-fe6aeb476f93"
"2026-05-08T08:08:10.000+0000",5660,19272,USD,"1778227690.458","/v1/ach/debit","/v1/ach/debit,/v1/ach/credit,/v1/ach/status,/v1/ach/verify-account,/v1/ach/settlement,/v1/ach/return",ERROR,"INFO,ERROR,EXIT",1829381e65bbde510094988fb8994033,"{""type"":""debit"",""amount"":19272,""currency"":""USD"",""accountLast4"":""5660"",""routingNumber"":""026009593""}","{""status"":""returned"",""achStatus"":""returned"",""returnCode"":""R01"",""reason"":""bank_return""}",458,R01,"R01,R02,R03,R04,R07,R08,R10,R29",026009593,"021000021,111000025,091000022,026009593,122105155","payments-service",1778227690,"1829381e-65bb-de51-0094-988fb8994033"
"2026-05-11T17:19:33.000+0000",7317,44898,USD,"1778519974.128","/v1/ach/status","/v1/ach/debit,/v1/ach/credit,/v1/ach/status,/v1/ach/verify-account,/v1/ach/settlement,/v1/ach/return",EXIT,"INFO,ERROR,EXIT",27cec0e259227dc3aa30a5b5ab952ccb,"{""transferId"":""ACH-764877"",""action"":""status""}","{""status"":""error"",""errorCode"":""ACH-504"",""message"":""gateway_timeout""}",1128,R08,"R01,R02,R03,R04,R07,R08,R10,R29",111000025,"021000021,111000025,091000022,026009593,122105155","payments-service",1778519973,"27cec0e2-5922-7dc3-aa30-a5b5ab952ccb"
"2026-05-08T08:40:03.000+0000",7699,32499,USD,"1778229604.205","/v1/ach/credit","/v1/ach/debit,/v1/ach/credit,/v1/ach/status,/v1/ach/verify-account,/v1/ach/settlement,/v1/ach/return",ERROR,"INFO,ERROR,EXIT",4343d6f5a1463f14464be759899c39da,"{""type"":""credit"",""amount"":32499,""currency"":""USD"",""destinationAccountLast4"":""7699"",""routingNumber"":""122105155""}","{""status"":""returned"",""achStatus"":""returned"",""returnCode"":""R08"",""reason"":""bank_return""}",1205,R08,"R01,R02,R03,R04,R07,R08,R10,R29",122105155,"021000021,111000025,091000022,026009593,122105155","payments-service",1778229603,"4343d6f5-a146-3f14-464b-e759899c39da"
"2026-05-10T19:02:31.000+0000",8685,29389,USD,"1778439752.046","/v1/ach/settlement","/v1/ach/debit,/v1/ach/credit,/v1/ach/status,/v1/ach/verify-account,/v1/ach/settlement,/v1/ach/return",EXIT,"INFO,ERROR,EXIT",fa159e93632367cbc933f9269465bf73,"{""transferId"":""ACH-203021"",""action"":""settlement""}","{""status"":""error"",""errorCode"":""ACH-504"",""message"":""gateway_timeout""}",1046,R07,"R01,R02,R03,R04,R07,R08,R10,R29",122105155,"021000021,111000025,091000022,026009593,122105155","payments-service",1778439751,"fa159e93-6323-67cb-c933-f9269465bf73"
"2026-05-10T08:29:27.000+0000",9434,25209,USD,"1778401767.327","/v1/ach/settlement","/v1/ach/debit,/v1/ach/credit,/v1/ach/status,/v1/ach/verify-account,/v1/ach/settlement,/v1/ach/return",INFO,"INFO,ERROR,EXIT",338766556c11da99e12b8af86f9dca42,"{""transferId"":""ACH-653421"",""action"":""settlement""}","{""status"":""unknown""}",327,R07,"R01,R02,R03,R04,R07,R08,R10,R29",111000025,"021000021,111000025,091000022,026009593,122105155","payments-service",1778401767,"33876655-6c11-da99-e12b-8af86f9dca42"
"2026-05-09T20:32:09.000+0000",3600,37752,USD,"1778358729.246","/v1/ach/credit","/v1/ach/debit,/v1/ach/credit,/v1/ach/status,/v1/ach/verify-account,/v1/ach/settlement,/v1/ach/return",INFO,"INFO,ERROR,EXIT",2405d3e657a917a4278a3dcaf45bde94,"{""type"":""credit"",""amount"":37752,""currency"":""USD"",""destinationAccountLast4"":""3600"",""routingNumber"":""122105155""}","{""status"":""pending"",""achStatus"":""submitted"",""estimatedSettlementDate"":""2026-05-10""}",246,R01,"R01,R02,R03,R04,R07,R08,R10,R29",122105155,"021000021,111000025,091000022,026009593,122105155","payments-service",1778358729,"2405d3e6-57a9-17a4-278a-3dcaf45bde94"
"2026-05-08T16:18:29.000+0000",4314,23568,USD,"1778257109.797","/v1/ach/return","/v1/ach/debit,/v1/ach/credit,/v1/ach/status,/v1/ach/verify-account,/v1/ach/settlement,/v1/ach/return",EXIT,"INFO,ERROR,EXIT",b1bc3bef7e2d187d9c850682879d5ea8,"{""transferId"":""ACH-689225"",""action"":""return""}","{""status"":""error"",""errorCode"":""ACH-504"",""message"":""gateway_timeout""}",797,R02,"R01,R02,R03,R04,R07,R08,R10,R29",021000021,"021000021,111000025,091000022,026009593,122105155","payments-service",1778257109,"b1bc3bef-7e2d-187d-9c85-0682879d5ea8"
"2026-05-10T12:29:05.000+0000",8510,13687,USD,"1778416145.784","/v1/ach/return","/v1/ach/debit,/v1/ach/credit,/v1/ach/status,/v1/ach/verify-account,/v1/ach/settlement,/v1/ach/return",EXIT,"INFO,ERROR,EXIT",629121b67b7556324e855f06220b358b,"{""transferId"":""ACH-502802"",""action"":""return""}","{""status"":""error"",""errorCode"":""ACH-504"",""message"":""gateway_timeout""}",784,R01,"R01,R02,R03,R04,R07,R08,R10,R29",122105155,"021000021,111000025,091000022,026009593,122105155","payments-service",1778416145,"629121b6-7b75-5632-4e85-5f06220b358b"
"2026-05-09T23:30:40.000+0000",8574,3909,USD,"1778369441.14","/v1/ach/return","/v1/ach/debit,/v1/ach/credit,/v1/ach/status,/v1/ach/verify-account,/v1/ach/settlement,/v1/ach/return",INFO,"INFO,ERROR,EXIT",139bf2aa943de071c2d184f9c28a3bf7,"{""transferId"":""ACH-980944"",""action"":""return""}","{""status"":""unknown""}",1140,R03,"R01,R02,R03,R04,R07,R08,R10,R29",091000022,"021000021,111000025,091000022,026009593,122105155","payments-service",1778369440,"139bf2aa-943d-e071-c2d1-84f9c28a3bf7"
"2026-05-11T19:37:35.000+0000",1309,21672,USD,"1778528255.448","/v1/ach/status","/v1/ach/debit,/v1/ach/credit,/v1/ach/status,/v1/ach/verify-account,/v1/ach/settlement,/v1/ach/return",INFO,"INFO,ERROR,EXIT",72873e0a67c32d1ce821b65b16a9266c,"{""transferId"":""ACH-646102"",""action"":""status""}","{""status"":""settled"",""achStatus"":""completed"",""settledAt"":""2026-05-11T19:37:35Z""}",448,R04,"R01,R02,R03,R04,R07,R08,R10,R29",111000025,"021000021,111000025,091000022,026009593,122105155","payments-service",1778528255,"72873e0a-67c3-2d1c-e821-b65b16a9266c"
"2026-05-09T18:42:11.000+0000",7314,48358,USD,"1778352131.771","/v1/ach/return","/v1/ach/debit,/v1/ach/credit,/v1/ach/status,/v1/ach/verify-account,/v1/ach/settlement,/v1/ach/return",INFO,"INFO,ERROR,EXIT",c69a267868f4edccfa57ad5e2ec5ba9a,"{""transferId"":""ACH-908469"",""action"":""return""}","{""status"":""unknown""}",771,R29,"R01,R02,R03,R04,R07,R08,R10,R29",026009593,"021000021,111000025,091000022,026009593,122105155","payments-service",1778352131,"c69a2678-68f4-edcc-fa57-ad5e2ec5ba9a"
"2026-05-10T00:58:47.000+0000",6409,8998,USD,"1778374727.591","/v1/ach/verify-account","/v1/ach/debit,/v1/ach/credit,/v1/ach/status,/v1/ach/verify-account,/v1/ach/settlement,/v1/ach/return",EXIT,"INFO,ERROR,EXIT",f023d651e6c291a15ec318bcfbc59f6a,"{""accountLast4"":""6409"",""routingNumber"":""091000022""}","{""status"":""error"",""errorCode"":""ACH-504"",""message"":""gateway_timeout""}",591,R04,"R01,R02,R03,R04,R07,R08,R10,R29",091000022,"021000021,111000025,091000022,026009593,122105155","payments-service",1778374727,"f023d651-e6c2-91a1-5ec3-18bcfbc59f6a"
"2026-05-06T20:50:30.000+0000",1262,34122,USD,"1778100630.748","/v1/ach/debit","/v1/ach/debit,/v1/ach/credit,/v1/ach/status,/v1/ach/verify-account,/v1/ach/settlement,/v1/ach/return",INFO,"INFO,ERROR,EXIT",45038322aeec5ce3dba6d4e2f131e8f9,"{""type"":""debit"",""amount"":34122,""currency"":""USD"",""accountLast4"":""1262"",""routingNumber"":""021000021""}","{""status"":""pending"",""achStatus"":""submitted"",""estimatedSettlementDate"":""2026-05-07""}",748,R02,"R01,R02,R03,R04,R07,R08,R10,R29",021000021,"021000021,111000025,091000022,026009593,122105155","payments-service",1778100630,"45038322-aeec-5ce3-dba6-d4e2f131e8f9"
"2026-05-05T18:26:07.000+0000",8784,20977,USD,"1778005567.761","/v1/ach/debit","/v1/ach/debit,/v1/ach/credit,/v1/ach/status,/v1/ach/verify-account,/v1/ach/settlement,/v1/ach/return",ERROR,"INFO,ERROR,EXIT",034e315ee323e9ad7d2507999aa693f4,"{""type"":""debit"",""amount"":20977,""currency"":""USD"",""accountLast4"":""8784"",""routingNumber"":""021000021""}","{""status"":""returned"",""achStatus"":""returned"",""returnCode"":""R08"",""reason"":""bank_return""}",761,R08,"R01,R02,R03,R04,R07,R08,R10,R29",021000021,"021000021,111000025,091000022,026009593,122105155","payments-service",1778005567,"034e315e-e323-e9ad-7d25-07999aa693f4"
"2026-05-07T06:59:34.000+0000",5906,37953,USD,"1778137174.71","/v1/ach/debit","/v1/ach/debit,/v1/ach/credit,/v1/ach/status,/v1/ach/verify-account,/v1/ach/settlement,/v1/ach/return",INFO,"INFO,ERROR,EXIT",183c899959221e2f8d8be9f74a639c52,"{""type"":""debit"",""amount"":37953,""currency"":""USD"",""accountLast4"":""5906"",""routingNumber"":""021000021""}","{""status"":""pending"",""achStatus"":""submitted"",""estimatedSettlementDate"":""2026-05-08""}",710,R07,"R01,R02,R03,R04,R07,R08,R10,R29",021000021,"021000021,111000025,091000022,026009593,122105155","payments-service",1778137174,"183c8999-5922-1e2f-8d8b-e9f74a639c52"
"2026-05-07T01:36:12.000+0000",9666,50278,USD,"1778117772.565","/v1/ach/credit","/v1/ach/debit,/v1/ach/credit,/v1/ach/status,/v1/ach/verify-account,/v1/ach/settlement,/v1/ach/return",INFO,"INFO,ERROR,EXIT",83485eec09a9aee35dfb2710485ea9d1,"{""type"":""credit"",""amount"":50278,""currency"":""USD"",""destinationAccountLast4"":""9666"",""routingNumber"":""021000021""}","{""status"":""pending"",""achStatus"":""submitted"",""estimatedSettlementDate"":""2026-05-08""}",565,R04,"R01,R02,R03,R04,R07,R08,R10,R29",021000021,"021000021,111000025,091000022,026009593,122105155","payments-service",1778117772,"83485eec-09a9-aee3-5dfb-2710485ea9d1"
"2026-05-09T05:05:39.000+0000",4592,46541,USD,"1778303139.887","/v1/ach/status","/v1/ach/debit,/v1/ach/credit,/v1/ach/status,/v1/ach/verify-account,/v1/ach/settlement,/v1/ach/return",EXIT,"INFO,ERROR,EXIT",6ea1a1b2df8792a0d1a5a07b32f0bd56,"{""transferId"":""ACH-441482"",""action"":""status""}","{""status"":""error"",""errorCode"":""ACH-504"",""message"":""gateway_timeout""}",887,R29,"R01,R02,R03,R04,R07,R08,R10,R29",021000021,"021000021,111000025,091000022,026009593,122105155","payments-service",1778303139,"6ea1a1b2-df87-92a0-d1a5-a07b32f0bd56"
"2026-05-10T07:14:02.000+0000",4974,24283,USD,"1778397242.389","/v1/ach/debit","/v1/ach/debit,/v1/ach/credit,/v1/ach/status,/v1/ach/verify-account,/v1/ach/settlement,/v1/ach/return",ERROR,"INFO,ERROR,EXIT",1c1500715d78e463faf2d09fbf9ca250,"{""type"":""debit"",""amount"":24283,""currency"":""USD"",""accountLast4"":""4974"",""routingNumber"":""122105155""}","{""status"":""returned"",""achStatus"":""returned"",""returnCode"":""R02"",""reason"":""bank_return""}",389,R02,"R01,R02,R03,R04,R07,R08,R10,R29",122105155,"021000021,111000025,091000022,026009593,122105155","payments-service",1778397242,"1c150071-5d78-e463-faf2-d09fbf9ca250"
"2026-05-08T13:09:03.000+0000",4054,24272,USD,"1778245743.926","/v1/ach/verify-account","/v1/ach/debit,/v1/ach/credit,/v1/ach/status,/v1/ach/verify-account,/v1/ach/settlement,/v1/ach/return",INFO,"INFO,ERROR,EXIT",eb478047501386c4015317ea1e082540,"{""accountLast4"":""4054"",""routingNumber"":""111000025""}","{""status"":""unknown""}",926,R04,"R01,R02,R03,R04,R07,R08,R10,R29",111000025,"021000021,111000025,091000022,026009593,122105155","payments-service",1778245743,"eb478047-5013-86c4-0153-17ea1e082540"
"2026-05-08T10:59:10.000+0000",3698,25001,USD,"1778237950.396","/v1/ach/verify-account","/v1/ach/debit,/v1/ach/credit,/v1/ach/status,/v1/ach/verify-account,/v1/ach/settlement,/v1/ach/return",ERROR,"INFO,ERROR,EXIT",74596609abf4ac1eb94d7c16f11b6ad8,"{""accountLast4"":""3698"",""routingNumber"":""091000022""}","{""status"":""returned"",""achStatus"":""returned"",""returnCode"":""R02"",""reason"":""bank_return""}",396,R02,"R01,R02,R03,R04,R07,R08,R10,R29",091000022,"021000021,111000025,091000022,026009593,122105155","payments-service",1778237950,"74596609-abf4-ac1e-b94d-7c16f11b6ad8"
"2026-05-11T07:23:09.000+0000",7654,20702,USD,"1778484190.048","/v1/ach/return","/v1/ach/debit,/v1/ach/credit,/v1/ach/status,/v1/ach/verify-account,/v1/ach/settlement,/v1/ach/return",ERROR,"INFO,ERROR,EXIT",d6f80333eabda0a4d8bb5175b6257961,"{""transferId"":""ACH-985747"",""action"":""return""}","{""status"":""returned"",""achStatus"":""returned"",""returnCode"":""R04"",""reason"":""bank_return""}",1048,R04,"R01,R02,R03,R04,R07,R08,R10,R29",026009593,"021000021,111000025,091000022,026009593,122105155","payments-service",1778484189,"d6f80333-eabd-a0a4-d8bb-5175b6257961"
"2026-05-10T11:14:36.000+0000",3259,14627,USD,"1778411676.748","/v1/ach/return","/v1/ach/debit,/v1/ach/credit,/v1/ach/status,/v1/ach/verify-account,/v1/ach/settlement,/v1/ach/return",INFO,"INFO,ERROR,EXIT",b7c5d5286121d8f3fe2c6eb7ac18a207,"{""transferId"":""ACH-130017"",""action"":""return""}","{""status"":""unknown""}",748,R03,"R01,R02,R03,R04,R07,R08,R10,R29",091000022,"021000021,111000025,091000022,026009593,122105155","payments-service",1778411676,"b7c5d528-6121-d8f3-fe2c-6eb7ac18a207"
"2026-05-06T19:31:35.000+0000",2742,4916,USD,"1778095895.645","/v1/ach/status","/v1/ach/debit,/v1/ach/credit,/v1/ach/status,/v1/ach/verify-account,/v1/ach/settlement,/v1/ach/return",EXIT,"INFO,ERROR,EXIT",86e0a5d0dfd201f18fc436b648900294,"{""transferId"":""ACH-218574"",""action"":""status""}","{""status"":""error"",""errorCode"":""ACH-504"",""message"":""gateway_timeout""}",645,R02,"R01,R02,R03,R04,R07,R08,R10,R29",122105155,"021000021,111000025,091000022,026009593,122105155","payments-service",1778095895,"86e0a5d0-dfd2-01f1-8fc4-36b648900294"
"2026-05-10T00:04:01.000+0000",9313,38423,USD,"1778371442.204","/v1/ach/debit","/v1/ach/debit,/v1/ach/credit,/v1/ach/status,/v1/ach/verify-account,/v1/ach/settlement,/v1/ach/return",INFO,"INFO,ERROR,EXIT",24e968244fd673e2addd85c857434e87,"{""type"":""debit"",""amount"":38423,""currency"":""USD"",""accountLast4"":""9313"",""routingNumber"":""111000025""}","{""status"":""pending"",""achStatus"":""submitted"",""estimatedSettlementDate"":""2026-05-11""}",1204,R08,"R01,R02,R03,R04,R07,R08,R10,R29",111000025,"021000021,111000025,091000022,026009593,122105155","payments-service",1778371441,"24e96824-4fd6-73e2-addd-85c857434e87"
"2026-05-05T16:00:36.000+0000",1988,27933,USD,"1777996836.674","/v1/ach/settlement","/v1/ach/debit,/v1/ach/credit,/v1/ach/status,/v1/ach/verify-account,/v1/ach/settlement,/v1/ach/return",ERROR,"INFO,ERROR,EXIT",0df6ba5eed00e6d20d9aeafe8cce9b6f,"{""transferId"":""ACH-884493"",""action"":""settlement""}","{""status"":""returned"",""achStatus"":""returned"",""returnCode"":""R07"",""reason"":""bank_return""}",674,R07,"R01,R02,R03,R04,R07,R08,R10,R29",091000022,"021000021,111000025,091000022,026009593,122105155","payments-service",1777996836,"0df6ba5e-ed00-e6d2-0d9a-eafe8cce9b6f"
"2026-05-09T04:39:16.000+0000",1372,44860,USD,"1778301557.15","/v1/ach/return","/v1/ach/debit,/v1/ach/credit,/v1/ach/status,/v1/ach/verify-account,/v1/ach/settlement,/v1/ach/return",EXIT,"INFO,ERROR,EXIT",cf822661cc6ae548d3b42cc20bb9a84a,"{""transferId"":""ACH-487844"",""action"":""return""}","{""status"":""error"",""errorCode"":""ACH-504"",""message"":""gateway_timeout""}",1150,R29,"R01,R02,R03,R04,R07,R08,R10,R29",021000021,"021000021,111000025,091000022,026009593,122105155","payments-service",1778301556,"cf822661-cc6a-e548-d3b4-2cc20bb9a84a"
"2026-05-09T08:33:03.000+0000",1051,13233,USD,"1778315583.2","/v1/ach/credit","/v1/ach/debit,/v1/ach/credit,/v1/ach/status,/v1/ach/verify-account,/v1/ach/settlement,/v1/ach/return",INFO,"INFO,ERROR,EXIT",b3306640b52835801d38e58a7bc9b37b,"{""type"":""credit"",""amount"":13233,""currency"":""USD"",""destinationAccountLast4"":""1051"",""routingNumber"":""021000021""}","{""status"":""pending"",""achStatus"":""submitted"",""estimatedSettlementDate"":""2026-05-10""}",200,R01,"R01,R02,R03,R04,R07,R08,R10,R29",021000021,"021000021,111000025,091000022,026009593,122105155","payments-service",1778315583,"b3306640-b528-3580-1d38-e58a7bc9b37b"
"2026-05-06T14:37:05.000+0000",7690,5883,USD,"1778078225.38","/v1/ach/status","/v1/ach/debit,/v1/ach/credit,/v1/ach/status,/v1/ach/verify-account,/v1/ach/settlement,/v1/ach/return",EXIT,"INFO,ERROR,EXIT",aa6783ad0a2a1cf23567ed14f3d70296,"{""transferId"":""ACH-632009"",""action"":""status""}","{""status"":""error"",""errorCode"":""ACH-504"",""message"":""gateway_timeout""}",380,R02,"R01,R02,R03,R04,R07,R08,R10,R29",122105155,"021000021,111000025,091000022,026009593,122105155","payments-service",1778078225,"aa6783ad-0a2a-1cf2-3567-ed14f3d70296"
"2026-05-08T16:55:15.000+0000",4474,24835,USD,"1778259315.241","/v1/ach/status","/v1/ach/debit,/v1/ach/credit,/v1/ach/status,/v1/ach/verify-account,/v1/ach/settlement,/v1/ach/return",EXIT,"INFO,ERROR,EXIT",0add5fb89bbf0d0e8e55ea986e3e0013,"{""transferId"":""ACH-888559"",""action"":""status""}","{""status"":""error"",""errorCode"":""ACH-504"",""message"":""gateway_timeout""}",241,R01,"R01,R02,R03,R04,R07,R08,R10,R29",122105155,"021000021,111000025,091000022,026009593,122105155","payments-service",1778259315,"0add5fb8-9bbf-0d0e-8e55-ea986e3e0013"
"2026-05-11T17:49:31.000+0000",6916,30215,USD,"1778521772.026","/v1/ach/return","/v1/ach/debit,/v1/ach/credit,/v1/ach/status,/v1/ach/verify-account,/v1/ach/settlement,/v1/ach/return",ERROR,"INFO,ERROR,EXIT",6c6d28815360ce05c3cb4dce67494b46,"{""transferId"":""ACH-305713"",""action"":""return""}","{""status"":""returned"",""achStatus"":""returned"",""returnCode"":""R08"",""reason"":""bank_return""}",1026,R08,"R01,R02,R03,R04,R07,R08,R10,R29",111000025,"021000021,111000025,091000022,026009593,122105155","payments-service",1778521771,"6c6d2881-5360-ce05-c3cb-4dce67494b46"
"2026-05-10T08:29:57.000+0000",3292,2792,USD,"1778401797.572","/v1/ach/verify-account","/v1/ach/debit,/v1/ach/credit,/v1/ach/status,/v1/ach/verify-account,/v1/ach/settlement,/v1/ach/return",INFO,"INFO,ERROR,EXIT",416087902c6c029072c81625a819bd0c,"{""accountLast4"":""3292"",""routingNumber"":""026009593""}","{""status"":""unknown""}",572,R03,"R01,R02,R03,R04,R07,R08,R10,R29",026009593,"021000021,111000025,091000022,026009593,122105155","payments-service",1778401797,"41608790-2c6c-0290-72c8-1625a819bd0c"
"2026-05-09T13:46:44.000+0000",6672,11508,USD,"1778334405.001","/v1/ach/credit","/v1/ach/debit,/v1/ach/credit,/v1/ach/status,/v1/ach/verify-account,/v1/ach/settlement,/v1/ach/return",INFO,"INFO,ERROR,EXIT",09df82cdd6dfff8cac2128f650e4bf50,"{""type"":""credit"",""amount"":11508,""currency"":""USD"",""destinationAccountLast4"":""6672"",""routingNumber"":""111000025""}","{""status"":""pending"",""achStatus"":""submitted"",""estimatedSettlementDate"":""2026-05-10""}",1001,R04,"R01,R02,R03,R04,R07,R08,R10,R29",111000025,"021000021,111000025,091000022,026009593,122105155","payments-service",1778334404,"09df82cd-d6df-ff8c-ac21-28f650e4bf50"
"2026-05-11T19:09:47.000+0000",5176,48848,USD,"1778526587.467","/v1/ach/verify-account","/v1/ach/debit,/v1/ach/credit,/v1/ach/status,/v1/ach/verify-account,/v1/ach/settlement,/v1/ach/return",INFO,"INFO,ERROR,EXIT",8361005b58c07f58c77c5b892e5fba82,"{""accountLast4"":""5176"",""routingNumber"":""122105155""}","{""status"":""unknown""}",467,R01,"R01,R02,R03,R04,R07,R08,R10,R29",122105155,"021000021,111000025,091000022,026009593,122105155","payments-service",1778526587,"8361005b-58c0-7f58-c77c-5b892e5fba82"
