"_time",cardType,cardTypes,endTime,event,eventTypes,expiryDate,expiryDates,responseTime,startTime,uuid,uuidArray,uuidList
"2026-05-20T17:05:50.000+0000",VISA,"VISA,MASTERCARD","1779296750.995",EXIT,"INFO,ERROR,EXIT","09/27","01/27,02/27,03/27,04/27,05/27,06/27,07/27,08/27,09/27,10/27,11/27,12/27",995,1779296750,"2ff3093c-53e8-9814-d2a8-c58f6c866dbb","d24481dd-66b0-1408-8e57-e95689202eb9
ece1a9ae-ffd4-aa16-ba60-f4aaf994a432
f6669f7b-58ec-429f-30e4-b854d25735fa
6f77c1f5-b663-996c-c336-72c1d5493d4b
fb061221-316e-c954-1422-57bb4f6b9a46
a0bcc770-67eb-ddb1-2e42-b9b81a701feb
1933364a-bd6f-e0c0-752b-7c7f863d1df1
3f87d147-04c5-93fc-37f6-6343c972be35
6df3b9f5-dec6-d891-7ee6-e22e1cf34fad
fd40db72-259e-a2c9-ccee-db7522824e5b
e1982368-275b-97fc-4174-151084428a94
273e849a-dc05-a8c3-0281-c8a2e827318d
5cd8d703-abee-3948-b6a3-3b7f3232a166
bd155994-0316-6a21-8dae-5d670006ab46
2ff3093c-53e8-9814-d2a8-c58f6c866dbb","d24481dd-66b0-1408-8e57-e95689202eb9,ece1a9ae-ffd4-aa16-ba60-f4aaf994a432,f6669f7b-58ec-429f-30e4-b854d25735fa,6f77c1f5-b663-996c-c336-72c1d5493d4b,fb061221-316e-c954-1422-57bb4f6b9a46,a0bcc770-67eb-ddb1-2e42-b9b81a701feb,1933364a-bd6f-e0c0-752b-7c7f863d1df1,3f87d147-04c5-93fc-37f6-6343c972be35,6df3b9f5-dec6-d891-7ee6-e22e1cf34fad,fd40db72-259e-a2c9-ccee-db7522824e5b,e1982368-275b-97fc-4174-151084428a94,273e849a-dc05-a8c3-0281-c8a2e827318d,5cd8d703-abee-3948-b6a3-3b7f3232a166,bd155994-0316-6a21-8dae-5d670006ab46,2ff3093c-53e8-9814-d2a8-c58f6c866dbb"
"2026-05-21T16:23:55.000+0000",MASTERCARD,"VISA,MASTERCARD","1779380635.954",ERROR,"INFO,ERROR,EXIT","01/27","01/27,02/27,03/27,04/27,05/27,06/27,07/27,08/27,09/27,10/27,11/27,12/27",954,1779380635,"1933364a-bd6f-e0c0-752b-7c7f863d1df1","d24481dd-66b0-1408-8e57-e95689202eb9
ece1a9ae-ffd4-aa16-ba60-f4aaf994a432
f6669f7b-58ec-429f-30e4-b854d25735fa
6f77c1f5-b663-996c-c336-72c1d5493d4b
fb061221-316e-c954-1422-57bb4f6b9a46
a0bcc770-67eb-ddb1-2e42-b9b81a701feb
1933364a-bd6f-e0c0-752b-7c7f863d1df1
3f87d147-04c5-93fc-37f6-6343c972be35
6df3b9f5-dec6-d891-7ee6-e22e1cf34fad
fd40db72-259e-a2c9-ccee-db7522824e5b
e1982368-275b-97fc-4174-151084428a94
273e849a-dc05-a8c3-0281-c8a2e827318d
5cd8d703-abee-3948-b6a3-3b7f3232a166
bd155994-0316-6a21-8dae-5d670006ab46
2ff3093c-53e8-9814-d2a8-c58f6c866dbb","d24481dd-66b0-1408-8e57-e95689202eb9,ece1a9ae-ffd4-aa16-ba60-f4aaf994a432,f6669f7b-58ec-429f-30e4-b854d25735fa,6f77c1f5-b663-996c-c336-72c1d5493d4b,fb061221-316e-c954-1422-57bb4f6b9a46,a0bcc770-67eb-ddb1-2e42-b9b81a701feb,1933364a-bd6f-e0c0-752b-7c7f863d1df1,3f87d147-04c5-93fc-37f6-6343c972be35,6df3b9f5-dec6-d891-7ee6-e22e1cf34fad,fd40db72-259e-a2c9-ccee-db7522824e5b,e1982368-275b-97fc-4174-151084428a94,273e849a-dc05-a8c3-0281-c8a2e827318d,5cd8d703-abee-3948-b6a3-3b7f3232a166,bd155994-0316-6a21-8dae-5d670006ab46,2ff3093c-53e8-9814-d2a8-c58f6c866dbb"
"2026-05-20T11:14:25.000+0000",VISA,"VISA,MASTERCARD","1779275665.084",INFO,"INFO,ERROR,EXIT","12/27","01/27,02/27,03/27,04/27,05/27,06/27,07/27,08/27,09/27,10/27,11/27,12/27",84,1779275665,"d24481dd-66b0-1408-8e57-e95689202eb9","d24481dd-66b0-1408-8e57-e95689202eb9
ece1a9ae-ffd4-aa16-ba60-f4aaf994a432
f6669f7b-58ec-429f-30e4-b854d25735fa
6f77c1f5-b663-996c-c336-72c1d5493d4b
fb061221-316e-c954-1422-57bb4f6b9a46
a0bcc770-67eb-ddb1-2e42-b9b81a701feb
1933364a-bd6f-e0c0-752b-7c7f863d1df1
3f87d147-04c5-93fc-37f6-6343c972be35
6df3b9f5-dec6-d891-7ee6-e22e1cf34fad
fd40db72-259e-a2c9-ccee-db7522824e5b
e1982368-275b-97fc-4174-151084428a94
273e849a-dc05-a8c3-0281-c8a2e827318d
5cd8d703-abee-3948-b6a3-3b7f3232a166
bd155994-0316-6a21-8dae-5d670006ab46
2ff3093c-53e8-9814-d2a8-c58f6c866dbb","d24481dd-66b0-1408-8e57-e95689202eb9,ece1a9ae-ffd4-aa16-ba60-f4aaf994a432,f6669f7b-58ec-429f-30e4-b854d25735fa,6f77c1f5-b663-996c-c336-72c1d5493d4b,fb061221-316e-c954-1422-57bb4f6b9a46,a0bcc770-67eb-ddb1-2e42-b9b81a701feb,1933364a-bd6f-e0c0-752b-7c7f863d1df1,3f87d147-04c5-93fc-37f6-6343c972be35,6df3b9f5-dec6-d891-7ee6-e22e1cf34fad,fd40db72-259e-a2c9-ccee-db7522824e5b,e1982368-275b-97fc-4174-151084428a94,273e849a-dc05-a8c3-0281-c8a2e827318d,5cd8d703-abee-3948-b6a3-3b7f3232a166,bd155994-0316-6a21-8dae-5d670006ab46,2ff3093c-53e8-9814-d2a8-c58f6c866dbb"
"2026-05-23T05:28:43.000+0000",MASTERCARD,"VISA,MASTERCARD","1779514124.396",INFO,"INFO,ERROR,EXIT","06/27","01/27,02/27,03/27,04/27,05/27,06/27,07/27,08/27,09/27,10/27,11/27,12/27",1396,1779514123,"ece1a9ae-ffd4-aa16-ba60-f4aaf994a432","d24481dd-66b0-1408-8e57-e95689202eb9
ece1a9ae-ffd4-aa16-ba60-f4aaf994a432
f6669f7b-58ec-429f-30e4-b854d25735fa
6f77c1f5-b663-996c-c336-72c1d5493d4b
fb061221-316e-c954-1422-57bb4f6b9a46
a0bcc770-67eb-ddb1-2e42-b9b81a701feb
1933364a-bd6f-e0c0-752b-7c7f863d1df1
3f87d147-04c5-93fc-37f6-6343c972be35
6df3b9f5-dec6-d891-7ee6-e22e1cf34fad
fd40db72-259e-a2c9-ccee-db7522824e5b
e1982368-275b-97fc-4174-151084428a94
273e849a-dc05-a8c3-0281-c8a2e827318d
5cd8d703-abee-3948-b6a3-3b7f3232a166
bd155994-0316-6a21-8dae-5d670006ab46
2ff3093c-53e8-9814-d2a8-c58f6c866dbb","d24481dd-66b0-1408-8e57-e95689202eb9,ece1a9ae-ffd4-aa16-ba60-f4aaf994a432,f6669f7b-58ec-429f-30e4-b854d25735fa,6f77c1f5-b663-996c-c336-72c1d5493d4b,fb061221-316e-c954-1422-57bb4f6b9a46,a0bcc770-67eb-ddb1-2e42-b9b81a701feb,1933364a-bd6f-e0c0-752b-7c7f863d1df1,3f87d147-04c5-93fc-37f6-6343c972be35,6df3b9f5-dec6-d891-7ee6-e22e1cf34fad,fd40db72-259e-a2c9-ccee-db7522824e5b,e1982368-275b-97fc-4174-151084428a94,273e849a-dc05-a8c3-0281-c8a2e827318d,5cd8d703-abee-3948-b6a3-3b7f3232a166,bd155994-0316-6a21-8dae-5d670006ab46,2ff3093c-53e8-9814-d2a8-c58f6c866dbb"
"2026-05-21T06:10:39.000+0000",VISA,"VISA,MASTERCARD","1779343840.527",EXIT,"INFO,ERROR,EXIT","12/27","01/27,02/27,03/27,04/27,05/27,06/27,07/27,08/27,09/27,10/27,11/27,12/27",1527,1779343839,"1933364a-bd6f-e0c0-752b-7c7f863d1df1","d24481dd-66b0-1408-8e57-e95689202eb9
ece1a9ae-ffd4-aa16-ba60-f4aaf994a432
f6669f7b-58ec-429f-30e4-b854d25735fa
6f77c1f5-b663-996c-c336-72c1d5493d4b
fb061221-316e-c954-1422-57bb4f6b9a46
a0bcc770-67eb-ddb1-2e42-b9b81a701feb
1933364a-bd6f-e0c0-752b-7c7f863d1df1
3f87d147-04c5-93fc-37f6-6343c972be35
6df3b9f5-dec6-d891-7ee6-e22e1cf34fad
fd40db72-259e-a2c9-ccee-db7522824e5b
e1982368-275b-97fc-4174-151084428a94
273e849a-dc05-a8c3-0281-c8a2e827318d
5cd8d703-abee-3948-b6a3-3b7f3232a166
bd155994-0316-6a21-8dae-5d670006ab46
2ff3093c-53e8-9814-d2a8-c58f6c866dbb","d24481dd-66b0-1408-8e57-e95689202eb9,ece1a9ae-ffd4-aa16-ba60-f4aaf994a432,f6669f7b-58ec-429f-30e4-b854d25735fa,6f77c1f5-b663-996c-c336-72c1d5493d4b,fb061221-316e-c954-1422-57bb4f6b9a46,a0bcc770-67eb-ddb1-2e42-b9b81a701feb,1933364a-bd6f-e0c0-752b-7c7f863d1df1,3f87d147-04c5-93fc-37f6-6343c972be35,6df3b9f5-dec6-d891-7ee6-e22e1cf34fad,fd40db72-259e-a2c9-ccee-db7522824e5b,e1982368-275b-97fc-4174-151084428a94,273e849a-dc05-a8c3-0281-c8a2e827318d,5cd8d703-abee-3948-b6a3-3b7f3232a166,bd155994-0316-6a21-8dae-5d670006ab46,2ff3093c-53e8-9814-d2a8-c58f6c866dbb"
"2026-05-21T18:25:13.000+0000",VISA,"VISA,MASTERCARD","1779387914.404",EXIT,"INFO,ERROR,EXIT","04/27","01/27,02/27,03/27,04/27,05/27,06/27,07/27,08/27,09/27,10/27,11/27,12/27",1404,1779387913,"f6669f7b-58ec-429f-30e4-b854d25735fa","d24481dd-66b0-1408-8e57-e95689202eb9
ece1a9ae-ffd4-aa16-ba60-f4aaf994a432
f6669f7b-58ec-429f-30e4-b854d25735fa
6f77c1f5-b663-996c-c336-72c1d5493d4b
fb061221-316e-c954-1422-57bb4f6b9a46
a0bcc770-67eb-ddb1-2e42-b9b81a701feb
1933364a-bd6f-e0c0-752b-7c7f863d1df1
3f87d147-04c5-93fc-37f6-6343c972be35
6df3b9f5-dec6-d891-7ee6-e22e1cf34fad
fd40db72-259e-a2c9-ccee-db7522824e5b
e1982368-275b-97fc-4174-151084428a94
273e849a-dc05-a8c3-0281-c8a2e827318d
5cd8d703-abee-3948-b6a3-3b7f3232a166
bd155994-0316-6a21-8dae-5d670006ab46
2ff3093c-53e8-9814-d2a8-c58f6c866dbb","d24481dd-66b0-1408-8e57-e95689202eb9,ece1a9ae-ffd4-aa16-ba60-f4aaf994a432,f6669f7b-58ec-429f-30e4-b854d25735fa,6f77c1f5-b663-996c-c336-72c1d5493d4b,fb061221-316e-c954-1422-57bb4f6b9a46,a0bcc770-67eb-ddb1-2e42-b9b81a701feb,1933364a-bd6f-e0c0-752b-7c7f863d1df1,3f87d147-04c5-93fc-37f6-6343c972be35,6df3b9f5-dec6-d891-7ee6-e22e1cf34fad,fd40db72-259e-a2c9-ccee-db7522824e5b,e1982368-275b-97fc-4174-151084428a94,273e849a-dc05-a8c3-0281-c8a2e827318d,5cd8d703-abee-3948-b6a3-3b7f3232a166,bd155994-0316-6a21-8dae-5d670006ab46,2ff3093c-53e8-9814-d2a8-c58f6c866dbb"
"2026-05-21T16:29:12.000+0000",MASTERCARD,"VISA,MASTERCARD","1779380953.291",ERROR,"INFO,ERROR,EXIT","06/27","01/27,02/27,03/27,04/27,05/27,06/27,07/27,08/27,09/27,10/27,11/27,12/27",1291,1779380952,"fb061221-316e-c954-1422-57bb4f6b9a46","d24481dd-66b0-1408-8e57-e95689202eb9
ece1a9ae-ffd4-aa16-ba60-f4aaf994a432
f6669f7b-58ec-429f-30e4-b854d25735fa
6f77c1f5-b663-996c-c336-72c1d5493d4b
fb061221-316e-c954-1422-57bb4f6b9a46
a0bcc770-67eb-ddb1-2e42-b9b81a701feb
1933364a-bd6f-e0c0-752b-7c7f863d1df1
3f87d147-04c5-93fc-37f6-6343c972be35
6df3b9f5-dec6-d891-7ee6-e22e1cf34fad
fd40db72-259e-a2c9-ccee-db7522824e5b
e1982368-275b-97fc-4174-151084428a94
273e849a-dc05-a8c3-0281-c8a2e827318d
5cd8d703-abee-3948-b6a3-3b7f3232a166
bd155994-0316-6a21-8dae-5d670006ab46
2ff3093c-53e8-9814-d2a8-c58f6c866dbb","d24481dd-66b0-1408-8e57-e95689202eb9,ece1a9ae-ffd4-aa16-ba60-f4aaf994a432,f6669f7b-58ec-429f-30e4-b854d25735fa,6f77c1f5-b663-996c-c336-72c1d5493d4b,fb061221-316e-c954-1422-57bb4f6b9a46,a0bcc770-67eb-ddb1-2e42-b9b81a701feb,1933364a-bd6f-e0c0-752b-7c7f863d1df1,3f87d147-04c5-93fc-37f6-6343c972be35,6df3b9f5-dec6-d891-7ee6-e22e1cf34fad,fd40db72-259e-a2c9-ccee-db7522824e5b,e1982368-275b-97fc-4174-151084428a94,273e849a-dc05-a8c3-0281-c8a2e827318d,5cd8d703-abee-3948-b6a3-3b7f3232a166,bd155994-0316-6a21-8dae-5d670006ab46,2ff3093c-53e8-9814-d2a8-c58f6c866dbb"
"2026-05-24T06:02:08.000+0000",VISA,"VISA,MASTERCARD","1779602528.097",INFO,"INFO,ERROR,EXIT","10/27","01/27,02/27,03/27,04/27,05/27,06/27,07/27,08/27,09/27,10/27,11/27,12/27",97,1779602528,"1933364a-bd6f-e0c0-752b-7c7f863d1df1","d24481dd-66b0-1408-8e57-e95689202eb9
ece1a9ae-ffd4-aa16-ba60-f4aaf994a432
f6669f7b-58ec-429f-30e4-b854d25735fa
6f77c1f5-b663-996c-c336-72c1d5493d4b
fb061221-316e-c954-1422-57bb4f6b9a46
a0bcc770-67eb-ddb1-2e42-b9b81a701feb
1933364a-bd6f-e0c0-752b-7c7f863d1df1
3f87d147-04c5-93fc-37f6-6343c972be35
6df3b9f5-dec6-d891-7ee6-e22e1cf34fad
fd40db72-259e-a2c9-ccee-db7522824e5b
e1982368-275b-97fc-4174-151084428a94
273e849a-dc05-a8c3-0281-c8a2e827318d
5cd8d703-abee-3948-b6a3-3b7f3232a166
bd155994-0316-6a21-8dae-5d670006ab46
2ff3093c-53e8-9814-d2a8-c58f6c866dbb","d24481dd-66b0-1408-8e57-e95689202eb9,ece1a9ae-ffd4-aa16-ba60-f4aaf994a432,f6669f7b-58ec-429f-30e4-b854d25735fa,6f77c1f5-b663-996c-c336-72c1d5493d4b,fb061221-316e-c954-1422-57bb4f6b9a46,a0bcc770-67eb-ddb1-2e42-b9b81a701feb,1933364a-bd6f-e0c0-752b-7c7f863d1df1,3f87d147-04c5-93fc-37f6-6343c972be35,6df3b9f5-dec6-d891-7ee6-e22e1cf34fad,fd40db72-259e-a2c9-ccee-db7522824e5b,e1982368-275b-97fc-4174-151084428a94,273e849a-dc05-a8c3-0281-c8a2e827318d,5cd8d703-abee-3948-b6a3-3b7f3232a166,bd155994-0316-6a21-8dae-5d670006ab46,2ff3093c-53e8-9814-d2a8-c58f6c866dbb"
"2026-05-23T01:52:44.000+0000",MASTERCARD,"VISA,MASTERCARD","1779501164.665",INFO,"INFO,ERROR,EXIT","02/27","01/27,02/27,03/27,04/27,05/27,06/27,07/27,08/27,09/27,10/27,11/27,12/27",665,1779501164,"3f87d147-04c5-93fc-37f6-6343c972be35","d24481dd-66b0-1408-8e57-e95689202eb9
ece1a9ae-ffd4-aa16-ba60-f4aaf994a432
f6669f7b-58ec-429f-30e4-b854d25735fa
6f77c1f5-b663-996c-c336-72c1d5493d4b
fb061221-316e-c954-1422-57bb4f6b9a46
a0bcc770-67eb-ddb1-2e42-b9b81a701feb
1933364a-bd6f-e0c0-752b-7c7f863d1df1
3f87d147-04c5-93fc-37f6-6343c972be35
6df3b9f5-dec6-d891-7ee6-e22e1cf34fad
fd40db72-259e-a2c9-ccee-db7522824e5b
e1982368-275b-97fc-4174-151084428a94
273e849a-dc05-a8c3-0281-c8a2e827318d
5cd8d703-abee-3948-b6a3-3b7f3232a166
bd155994-0316-6a21-8dae-5d670006ab46
2ff3093c-53e8-9814-d2a8-c58f6c866dbb","d24481dd-66b0-1408-8e57-e95689202eb9,ece1a9ae-ffd4-aa16-ba60-f4aaf994a432,f6669f7b-58ec-429f-30e4-b854d25735fa,6f77c1f5-b663-996c-c336-72c1d5493d4b,fb061221-316e-c954-1422-57bb4f6b9a46,a0bcc770-67eb-ddb1-2e42-b9b81a701feb,1933364a-bd6f-e0c0-752b-7c7f863d1df1,3f87d147-04c5-93fc-37f6-6343c972be35,6df3b9f5-dec6-d891-7ee6-e22e1cf34fad,fd40db72-259e-a2c9-ccee-db7522824e5b,e1982368-275b-97fc-4174-151084428a94,273e849a-dc05-a8c3-0281-c8a2e827318d,5cd8d703-abee-3948-b6a3-3b7f3232a166,bd155994-0316-6a21-8dae-5d670006ab46,2ff3093c-53e8-9814-d2a8-c58f6c866dbb"
"2026-05-25T00:23:43.000+0000",MASTERCARD,"VISA,MASTERCARD","1779668624.339",ERROR,"INFO,ERROR,EXIT","08/27","01/27,02/27,03/27,04/27,05/27,06/27,07/27,08/27,09/27,10/27,11/27,12/27",1339,1779668623,"5cd8d703-abee-3948-b6a3-3b7f3232a166","d24481dd-66b0-1408-8e57-e95689202eb9
ece1a9ae-ffd4-aa16-ba60-f4aaf994a432
f6669f7b-58ec-429f-30e4-b854d25735fa
6f77c1f5-b663-996c-c336-72c1d5493d4b
fb061221-316e-c954-1422-57bb4f6b9a46
a0bcc770-67eb-ddb1-2e42-b9b81a701feb
1933364a-bd6f-e0c0-752b-7c7f863d1df1
3f87d147-04c5-93fc-37f6-6343c972be35
6df3b9f5-dec6-d891-7ee6-e22e1cf34fad
fd40db72-259e-a2c9-ccee-db7522824e5b
e1982368-275b-97fc-4174-151084428a94
273e849a-dc05-a8c3-0281-c8a2e827318d
5cd8d703-abee-3948-b6a3-3b7f3232a166
bd155994-0316-6a21-8dae-5d670006ab46
2ff3093c-53e8-9814-d2a8-c58f6c866dbb","d24481dd-66b0-1408-8e57-e95689202eb9,ece1a9ae-ffd4-aa16-ba60-f4aaf994a432,f6669f7b-58ec-429f-30e4-b854d25735fa,6f77c1f5-b663-996c-c336-72c1d5493d4b,fb061221-316e-c954-1422-57bb4f6b9a46,a0bcc770-67eb-ddb1-2e42-b9b81a701feb,1933364a-bd6f-e0c0-752b-7c7f863d1df1,3f87d147-04c5-93fc-37f6-6343c972be35,6df3b9f5-dec6-d891-7ee6-e22e1cf34fad,fd40db72-259e-a2c9-ccee-db7522824e5b,e1982368-275b-97fc-4174-151084428a94,273e849a-dc05-a8c3-0281-c8a2e827318d,5cd8d703-abee-3948-b6a3-3b7f3232a166,bd155994-0316-6a21-8dae-5d670006ab46,2ff3093c-53e8-9814-d2a8-c58f6c866dbb"
"2026-05-21T21:10:43.000+0000",VISA,"VISA,MASTERCARD","1779397843.817",EXIT,"INFO,ERROR,EXIT","10/27","01/27,02/27,03/27,04/27,05/27,06/27,07/27,08/27,09/27,10/27,11/27,12/27",817,1779397843,"273e849a-dc05-a8c3-0281-c8a2e827318d","d24481dd-66b0-1408-8e57-e95689202eb9
ece1a9ae-ffd4-aa16-ba60-f4aaf994a432
f6669f7b-58ec-429f-30e4-b854d25735fa
6f77c1f5-b663-996c-c336-72c1d5493d4b
fb061221-316e-c954-1422-57bb4f6b9a46
a0bcc770-67eb-ddb1-2e42-b9b81a701feb
1933364a-bd6f-e0c0-752b-7c7f863d1df1
3f87d147-04c5-93fc-37f6-6343c972be35
6df3b9f5-dec6-d891-7ee6-e22e1cf34fad
fd40db72-259e-a2c9-ccee-db7522824e5b
e1982368-275b-97fc-4174-151084428a94
273e849a-dc05-a8c3-0281-c8a2e827318d
5cd8d703-abee-3948-b6a3-3b7f3232a166
bd155994-0316-6a21-8dae-5d670006ab46
2ff3093c-53e8-9814-d2a8-c58f6c866dbb","d24481dd-66b0-1408-8e57-e95689202eb9,ece1a9ae-ffd4-aa16-ba60-f4aaf994a432,f6669f7b-58ec-429f-30e4-b854d25735fa,6f77c1f5-b663-996c-c336-72c1d5493d4b,fb061221-316e-c954-1422-57bb4f6b9a46,a0bcc770-67eb-ddb1-2e42-b9b81a701feb,1933364a-bd6f-e0c0-752b-7c7f863d1df1,3f87d147-04c5-93fc-37f6-6343c972be35,6df3b9f5-dec6-d891-7ee6-e22e1cf34fad,fd40db72-259e-a2c9-ccee-db7522824e5b,e1982368-275b-97fc-4174-151084428a94,273e849a-dc05-a8c3-0281-c8a2e827318d,5cd8d703-abee-3948-b6a3-3b7f3232a166,bd155994-0316-6a21-8dae-5d670006ab46,2ff3093c-53e8-9814-d2a8-c58f6c866dbb"
"2026-05-22T06:02:58.000+0000",VISA,"VISA,MASTERCARD","1779429778.058",EXIT,"INFO,ERROR,EXIT","08/27","01/27,02/27,03/27,04/27,05/27,06/27,07/27,08/27,09/27,10/27,11/27,12/27",58,1779429778,"273e849a-dc05-a8c3-0281-c8a2e827318d","d24481dd-66b0-1408-8e57-e95689202eb9
ece1a9ae-ffd4-aa16-ba60-f4aaf994a432
f6669f7b-58ec-429f-30e4-b854d25735fa
6f77c1f5-b663-996c-c336-72c1d5493d4b
fb061221-316e-c954-1422-57bb4f6b9a46
a0bcc770-67eb-ddb1-2e42-b9b81a701feb
1933364a-bd6f-e0c0-752b-7c7f863d1df1
3f87d147-04c5-93fc-37f6-6343c972be35
6df3b9f5-dec6-d891-7ee6-e22e1cf34fad
fd40db72-259e-a2c9-ccee-db7522824e5b
e1982368-275b-97fc-4174-151084428a94
273e849a-dc05-a8c3-0281-c8a2e827318d
5cd8d703-abee-3948-b6a3-3b7f3232a166
bd155994-0316-6a21-8dae-5d670006ab46
2ff3093c-53e8-9814-d2a8-c58f6c866dbb","d24481dd-66b0-1408-8e57-e95689202eb9,ece1a9ae-ffd4-aa16-ba60-f4aaf994a432,f6669f7b-58ec-429f-30e4-b854d25735fa,6f77c1f5-b663-996c-c336-72c1d5493d4b,fb061221-316e-c954-1422-57bb4f6b9a46,a0bcc770-67eb-ddb1-2e42-b9b81a701feb,1933364a-bd6f-e0c0-752b-7c7f863d1df1,3f87d147-04c5-93fc-37f6-6343c972be35,6df3b9f5-dec6-d891-7ee6-e22e1cf34fad,fd40db72-259e-a2c9-ccee-db7522824e5b,e1982368-275b-97fc-4174-151084428a94,273e849a-dc05-a8c3-0281-c8a2e827318d,5cd8d703-abee-3948-b6a3-3b7f3232a166,bd155994-0316-6a21-8dae-5d670006ab46,2ff3093c-53e8-9814-d2a8-c58f6c866dbb"
"2026-05-25T12:33:50.000+0000",VISA,"VISA,MASTERCARD","1779712430.943",INFO,"INFO,ERROR,EXIT","03/27","01/27,02/27,03/27,04/27,05/27,06/27,07/27,08/27,09/27,10/27,11/27,12/27",943,1779712430,"1933364a-bd6f-e0c0-752b-7c7f863d1df1","d24481dd-66b0-1408-8e57-e95689202eb9
ece1a9ae-ffd4-aa16-ba60-f4aaf994a432
f6669f7b-58ec-429f-30e4-b854d25735fa
6f77c1f5-b663-996c-c336-72c1d5493d4b
fb061221-316e-c954-1422-57bb4f6b9a46
a0bcc770-67eb-ddb1-2e42-b9b81a701feb
1933364a-bd6f-e0c0-752b-7c7f863d1df1
3f87d147-04c5-93fc-37f6-6343c972be35
6df3b9f5-dec6-d891-7ee6-e22e1cf34fad
fd40db72-259e-a2c9-ccee-db7522824e5b
e1982368-275b-97fc-4174-151084428a94
273e849a-dc05-a8c3-0281-c8a2e827318d
5cd8d703-abee-3948-b6a3-3b7f3232a166
bd155994-0316-6a21-8dae-5d670006ab46
2ff3093c-53e8-9814-d2a8-c58f6c866dbb","d24481dd-66b0-1408-8e57-e95689202eb9,ece1a9ae-ffd4-aa16-ba60-f4aaf994a432,f6669f7b-58ec-429f-30e4-b854d25735fa,6f77c1f5-b663-996c-c336-72c1d5493d4b,fb061221-316e-c954-1422-57bb4f6b9a46,a0bcc770-67eb-ddb1-2e42-b9b81a701feb,1933364a-bd6f-e0c0-752b-7c7f863d1df1,3f87d147-04c5-93fc-37f6-6343c972be35,6df3b9f5-dec6-d891-7ee6-e22e1cf34fad,fd40db72-259e-a2c9-ccee-db7522824e5b,e1982368-275b-97fc-4174-151084428a94,273e849a-dc05-a8c3-0281-c8a2e827318d,5cd8d703-abee-3948-b6a3-3b7f3232a166,bd155994-0316-6a21-8dae-5d670006ab46,2ff3093c-53e8-9814-d2a8-c58f6c866dbb"
"2026-05-25T09:24:33.000+0000",VISA,"VISA,MASTERCARD","1779701073.321",EXIT,"INFO,ERROR,EXIT","05/27","01/27,02/27,03/27,04/27,05/27,06/27,07/27,08/27,09/27,10/27,11/27,12/27",321,1779701073,"a0bcc770-67eb-ddb1-2e42-b9b81a701feb","d24481dd-66b0-1408-8e57-e95689202eb9
ece1a9ae-ffd4-aa16-ba60-f4aaf994a432
f6669f7b-58ec-429f-30e4-b854d25735fa
6f77c1f5-b663-996c-c336-72c1d5493d4b
fb061221-316e-c954-1422-57bb4f6b9a46
a0bcc770-67eb-ddb1-2e42-b9b81a701feb
1933364a-bd6f-e0c0-752b-7c7f863d1df1
3f87d147-04c5-93fc-37f6-6343c972be35
6df3b9f5-dec6-d891-7ee6-e22e1cf34fad
fd40db72-259e-a2c9-ccee-db7522824e5b
e1982368-275b-97fc-4174-151084428a94
273e849a-dc05-a8c3-0281-c8a2e827318d
5cd8d703-abee-3948-b6a3-3b7f3232a166
bd155994-0316-6a21-8dae-5d670006ab46
2ff3093c-53e8-9814-d2a8-c58f6c866dbb","d24481dd-66b0-1408-8e57-e95689202eb9,ece1a9ae-ffd4-aa16-ba60-f4aaf994a432,f6669f7b-58ec-429f-30e4-b854d25735fa,6f77c1f5-b663-996c-c336-72c1d5493d4b,fb061221-316e-c954-1422-57bb4f6b9a46,a0bcc770-67eb-ddb1-2e42-b9b81a701feb,1933364a-bd6f-e0c0-752b-7c7f863d1df1,3f87d147-04c5-93fc-37f6-6343c972be35,6df3b9f5-dec6-d891-7ee6-e22e1cf34fad,fd40db72-259e-a2c9-ccee-db7522824e5b,e1982368-275b-97fc-4174-151084428a94,273e849a-dc05-a8c3-0281-c8a2e827318d,5cd8d703-abee-3948-b6a3-3b7f3232a166,bd155994-0316-6a21-8dae-5d670006ab46,2ff3093c-53e8-9814-d2a8-c58f6c866dbb"
"2026-05-21T18:50:12.000+0000",MASTERCARD,"VISA,MASTERCARD","1779389413.152",EXIT,"INFO,ERROR,EXIT","07/27","01/27,02/27,03/27,04/27,05/27,06/27,07/27,08/27,09/27,10/27,11/27,12/27",1152,1779389412,"1933364a-bd6f-e0c0-752b-7c7f863d1df1","d24481dd-66b0-1408-8e57-e95689202eb9
ece1a9ae-ffd4-aa16-ba60-f4aaf994a432
f6669f7b-58ec-429f-30e4-b854d25735fa
6f77c1f5-b663-996c-c336-72c1d5493d4b
fb061221-316e-c954-1422-57bb4f6b9a46
a0bcc770-67eb-ddb1-2e42-b9b81a701feb
1933364a-bd6f-e0c0-752b-7c7f863d1df1
3f87d147-04c5-93fc-37f6-6343c972be35
6df3b9f5-dec6-d891-7ee6-e22e1cf34fad
fd40db72-259e-a2c9-ccee-db7522824e5b
e1982368-275b-97fc-4174-151084428a94
273e849a-dc05-a8c3-0281-c8a2e827318d
5cd8d703-abee-3948-b6a3-3b7f3232a166
bd155994-0316-6a21-8dae-5d670006ab46
2ff3093c-53e8-9814-d2a8-c58f6c866dbb","d24481dd-66b0-1408-8e57-e95689202eb9,ece1a9ae-ffd4-aa16-ba60-f4aaf994a432,f6669f7b-58ec-429f-30e4-b854d25735fa,6f77c1f5-b663-996c-c336-72c1d5493d4b,fb061221-316e-c954-1422-57bb4f6b9a46,a0bcc770-67eb-ddb1-2e42-b9b81a701feb,1933364a-bd6f-e0c0-752b-7c7f863d1df1,3f87d147-04c5-93fc-37f6-6343c972be35,6df3b9f5-dec6-d891-7ee6-e22e1cf34fad,fd40db72-259e-a2c9-ccee-db7522824e5b,e1982368-275b-97fc-4174-151084428a94,273e849a-dc05-a8c3-0281-c8a2e827318d,5cd8d703-abee-3948-b6a3-3b7f3232a166,bd155994-0316-6a21-8dae-5d670006ab46,2ff3093c-53e8-9814-d2a8-c58f6c866dbb"
"2026-05-24T11:16:27.000+0000",MASTERCARD,"VISA,MASTERCARD","1779621387.732",ERROR,"INFO,ERROR,EXIT","08/27","01/27,02/27,03/27,04/27,05/27,06/27,07/27,08/27,09/27,10/27,11/27,12/27",732,1779621387,"fb061221-316e-c954-1422-57bb4f6b9a46","d24481dd-66b0-1408-8e57-e95689202eb9
ece1a9ae-ffd4-aa16-ba60-f4aaf994a432
f6669f7b-58ec-429f-30e4-b854d25735fa
6f77c1f5-b663-996c-c336-72c1d5493d4b
fb061221-316e-c954-1422-57bb4f6b9a46
a0bcc770-67eb-ddb1-2e42-b9b81a701feb
1933364a-bd6f-e0c0-752b-7c7f863d1df1
3f87d147-04c5-93fc-37f6-6343c972be35
6df3b9f5-dec6-d891-7ee6-e22e1cf34fad
fd40db72-259e-a2c9-ccee-db7522824e5b
e1982368-275b-97fc-4174-151084428a94
273e849a-dc05-a8c3-0281-c8a2e827318d
5cd8d703-abee-3948-b6a3-3b7f3232a166
bd155994-0316-6a21-8dae-5d670006ab46
2ff3093c-53e8-9814-d2a8-c58f6c866dbb","d24481dd-66b0-1408-8e57-e95689202eb9,ece1a9ae-ffd4-aa16-ba60-f4aaf994a432,f6669f7b-58ec-429f-30e4-b854d25735fa,6f77c1f5-b663-996c-c336-72c1d5493d4b,fb061221-316e-c954-1422-57bb4f6b9a46,a0bcc770-67eb-ddb1-2e42-b9b81a701feb,1933364a-bd6f-e0c0-752b-7c7f863d1df1,3f87d147-04c5-93fc-37f6-6343c972be35,6df3b9f5-dec6-d891-7ee6-e22e1cf34fad,fd40db72-259e-a2c9-ccee-db7522824e5b,e1982368-275b-97fc-4174-151084428a94,273e849a-dc05-a8c3-0281-c8a2e827318d,5cd8d703-abee-3948-b6a3-3b7f3232a166,bd155994-0316-6a21-8dae-5d670006ab46,2ff3093c-53e8-9814-d2a8-c58f6c866dbb"
"2026-05-23T07:15:44.000+0000",MASTERCARD,"VISA,MASTERCARD","1779520545.301",EXIT,"INFO,ERROR,EXIT","06/27","01/27,02/27,03/27,04/27,05/27,06/27,07/27,08/27,09/27,10/27,11/27,12/27",1301,1779520544,"e1982368-275b-97fc-4174-151084428a94","d24481dd-66b0-1408-8e57-e95689202eb9
ece1a9ae-ffd4-aa16-ba60-f4aaf994a432
f6669f7b-58ec-429f-30e4-b854d25735fa
6f77c1f5-b663-996c-c336-72c1d5493d4b
fb061221-316e-c954-1422-57bb4f6b9a46
a0bcc770-67eb-ddb1-2e42-b9b81a701feb
1933364a-bd6f-e0c0-752b-7c7f863d1df1
3f87d147-04c5-93fc-37f6-6343c972be35
6df3b9f5-dec6-d891-7ee6-e22e1cf34fad
fd40db72-259e-a2c9-ccee-db7522824e5b
e1982368-275b-97fc-4174-151084428a94
273e849a-dc05-a8c3-0281-c8a2e827318d
5cd8d703-abee-3948-b6a3-3b7f3232a166
bd155994-0316-6a21-8dae-5d670006ab46
2ff3093c-53e8-9814-d2a8-c58f6c866dbb","d24481dd-66b0-1408-8e57-e95689202eb9,ece1a9ae-ffd4-aa16-ba60-f4aaf994a432,f6669f7b-58ec-429f-30e4-b854d25735fa,6f77c1f5-b663-996c-c336-72c1d5493d4b,fb061221-316e-c954-1422-57bb4f6b9a46,a0bcc770-67eb-ddb1-2e42-b9b81a701feb,1933364a-bd6f-e0c0-752b-7c7f863d1df1,3f87d147-04c5-93fc-37f6-6343c972be35,6df3b9f5-dec6-d891-7ee6-e22e1cf34fad,fd40db72-259e-a2c9-ccee-db7522824e5b,e1982368-275b-97fc-4174-151084428a94,273e849a-dc05-a8c3-0281-c8a2e827318d,5cd8d703-abee-3948-b6a3-3b7f3232a166,bd155994-0316-6a21-8dae-5d670006ab46,2ff3093c-53e8-9814-d2a8-c58f6c866dbb"
"2026-05-25T13:08:29.000+0000",MASTERCARD,"VISA,MASTERCARD","1779714510.2",EXIT,"INFO,ERROR,EXIT","12/27","01/27,02/27,03/27,04/27,05/27,06/27,07/27,08/27,09/27,10/27,11/27,12/27",1200,1779714509,"d24481dd-66b0-1408-8e57-e95689202eb9","d24481dd-66b0-1408-8e57-e95689202eb9
ece1a9ae-ffd4-aa16-ba60-f4aaf994a432
f6669f7b-58ec-429f-30e4-b854d25735fa
6f77c1f5-b663-996c-c336-72c1d5493d4b
fb061221-316e-c954-1422-57bb4f6b9a46
a0bcc770-67eb-ddb1-2e42-b9b81a701feb
1933364a-bd6f-e0c0-752b-7c7f863d1df1
3f87d147-04c5-93fc-37f6-6343c972be35
6df3b9f5-dec6-d891-7ee6-e22e1cf34fad
fd40db72-259e-a2c9-ccee-db7522824e5b
e1982368-275b-97fc-4174-151084428a94
273e849a-dc05-a8c3-0281-c8a2e827318d
5cd8d703-abee-3948-b6a3-3b7f3232a166
bd155994-0316-6a21-8dae-5d670006ab46
2ff3093c-53e8-9814-d2a8-c58f6c866dbb","d24481dd-66b0-1408-8e57-e95689202eb9,ece1a9ae-ffd4-aa16-ba60-f4aaf994a432,f6669f7b-58ec-429f-30e4-b854d25735fa,6f77c1f5-b663-996c-c336-72c1d5493d4b,fb061221-316e-c954-1422-57bb4f6b9a46,a0bcc770-67eb-ddb1-2e42-b9b81a701feb,1933364a-bd6f-e0c0-752b-7c7f863d1df1,3f87d147-04c5-93fc-37f6-6343c972be35,6df3b9f5-dec6-d891-7ee6-e22e1cf34fad,fd40db72-259e-a2c9-ccee-db7522824e5b,e1982368-275b-97fc-4174-151084428a94,273e849a-dc05-a8c3-0281-c8a2e827318d,5cd8d703-abee-3948-b6a3-3b7f3232a166,bd155994-0316-6a21-8dae-5d670006ab46,2ff3093c-53e8-9814-d2a8-c58f6c866dbb"
"2026-05-22T03:25:51.000+0000",VISA,"VISA,MASTERCARD","1779420351.367",INFO,"INFO,ERROR,EXIT","04/27","01/27,02/27,03/27,04/27,05/27,06/27,07/27,08/27,09/27,10/27,11/27,12/27",367,1779420351,"2ff3093c-53e8-9814-d2a8-c58f6c866dbb","d24481dd-66b0-1408-8e57-e95689202eb9
ece1a9ae-ffd4-aa16-ba60-f4aaf994a432
f6669f7b-58ec-429f-30e4-b854d25735fa
6f77c1f5-b663-996c-c336-72c1d5493d4b
fb061221-316e-c954-1422-57bb4f6b9a46
a0bcc770-67eb-ddb1-2e42-b9b81a701feb
1933364a-bd6f-e0c0-752b-7c7f863d1df1
3f87d147-04c5-93fc-37f6-6343c972be35
6df3b9f5-dec6-d891-7ee6-e22e1cf34fad
fd40db72-259e-a2c9-ccee-db7522824e5b
e1982368-275b-97fc-4174-151084428a94
273e849a-dc05-a8c3-0281-c8a2e827318d
5cd8d703-abee-3948-b6a3-3b7f3232a166
bd155994-0316-6a21-8dae-5d670006ab46
2ff3093c-53e8-9814-d2a8-c58f6c866dbb","d24481dd-66b0-1408-8e57-e95689202eb9,ece1a9ae-ffd4-aa16-ba60-f4aaf994a432,f6669f7b-58ec-429f-30e4-b854d25735fa,6f77c1f5-b663-996c-c336-72c1d5493d4b,fb061221-316e-c954-1422-57bb4f6b9a46,a0bcc770-67eb-ddb1-2e42-b9b81a701feb,1933364a-bd6f-e0c0-752b-7c7f863d1df1,3f87d147-04c5-93fc-37f6-6343c972be35,6df3b9f5-dec6-d891-7ee6-e22e1cf34fad,fd40db72-259e-a2c9-ccee-db7522824e5b,e1982368-275b-97fc-4174-151084428a94,273e849a-dc05-a8c3-0281-c8a2e827318d,5cd8d703-abee-3948-b6a3-3b7f3232a166,bd155994-0316-6a21-8dae-5d670006ab46,2ff3093c-53e8-9814-d2a8-c58f6c866dbb"
"2026-05-22T14:58:56.000+0000",MASTERCARD,"VISA,MASTERCARD","1779461937.358",ERROR,"INFO,ERROR,EXIT","04/27","01/27,02/27,03/27,04/27,05/27,06/27,07/27,08/27,09/27,10/27,11/27,12/27",1358,1779461936,"f6669f7b-58ec-429f-30e4-b854d25735fa","d24481dd-66b0-1408-8e57-e95689202eb9
ece1a9ae-ffd4-aa16-ba60-f4aaf994a432
f6669f7b-58ec-429f-30e4-b854d25735fa
6f77c1f5-b663-996c-c336-72c1d5493d4b
fb061221-316e-c954-1422-57bb4f6b9a46
a0bcc770-67eb-ddb1-2e42-b9b81a701feb
1933364a-bd6f-e0c0-752b-7c7f863d1df1
3f87d147-04c5-93fc-37f6-6343c972be35
6df3b9f5-dec6-d891-7ee6-e22e1cf34fad
fd40db72-259e-a2c9-ccee-db7522824e5b
e1982368-275b-97fc-4174-151084428a94
273e849a-dc05-a8c3-0281-c8a2e827318d
5cd8d703-abee-3948-b6a3-3b7f3232a166
bd155994-0316-6a21-8dae-5d670006ab46
2ff3093c-53e8-9814-d2a8-c58f6c866dbb","d24481dd-66b0-1408-8e57-e95689202eb9,ece1a9ae-ffd4-aa16-ba60-f4aaf994a432,f6669f7b-58ec-429f-30e4-b854d25735fa,6f77c1f5-b663-996c-c336-72c1d5493d4b,fb061221-316e-c954-1422-57bb4f6b9a46,a0bcc770-67eb-ddb1-2e42-b9b81a701feb,1933364a-bd6f-e0c0-752b-7c7f863d1df1,3f87d147-04c5-93fc-37f6-6343c972be35,6df3b9f5-dec6-d891-7ee6-e22e1cf34fad,fd40db72-259e-a2c9-ccee-db7522824e5b,e1982368-275b-97fc-4174-151084428a94,273e849a-dc05-a8c3-0281-c8a2e827318d,5cd8d703-abee-3948-b6a3-3b7f3232a166,bd155994-0316-6a21-8dae-5d670006ab46,2ff3093c-53e8-9814-d2a8-c58f6c866dbb"
"2026-05-24T01:35:15.000+0000",MASTERCARD,"VISA,MASTERCARD","1779586516.001",EXIT,"INFO,ERROR,EXIT","10/27","01/27,02/27,03/27,04/27,05/27,06/27,07/27,08/27,09/27,10/27,11/27,12/27",1001,1779586515,"1933364a-bd6f-e0c0-752b-7c7f863d1df1","d24481dd-66b0-1408-8e57-e95689202eb9
ece1a9ae-ffd4-aa16-ba60-f4aaf994a432
f6669f7b-58ec-429f-30e4-b854d25735fa
6f77c1f5-b663-996c-c336-72c1d5493d4b
fb061221-316e-c954-1422-57bb4f6b9a46
a0bcc770-67eb-ddb1-2e42-b9b81a701feb
1933364a-bd6f-e0c0-752b-7c7f863d1df1
3f87d147-04c5-93fc-37f6-6343c972be35
6df3b9f5-dec6-d891-7ee6-e22e1cf34fad
fd40db72-259e-a2c9-ccee-db7522824e5b
e1982368-275b-97fc-4174-151084428a94
273e849a-dc05-a8c3-0281-c8a2e827318d
5cd8d703-abee-3948-b6a3-3b7f3232a166
bd155994-0316-6a21-8dae-5d670006ab46
2ff3093c-53e8-9814-d2a8-c58f6c866dbb","d24481dd-66b0-1408-8e57-e95689202eb9,ece1a9ae-ffd4-aa16-ba60-f4aaf994a432,f6669f7b-58ec-429f-30e4-b854d25735fa,6f77c1f5-b663-996c-c336-72c1d5493d4b,fb061221-316e-c954-1422-57bb4f6b9a46,a0bcc770-67eb-ddb1-2e42-b9b81a701feb,1933364a-bd6f-e0c0-752b-7c7f863d1df1,3f87d147-04c5-93fc-37f6-6343c972be35,6df3b9f5-dec6-d891-7ee6-e22e1cf34fad,fd40db72-259e-a2c9-ccee-db7522824e5b,e1982368-275b-97fc-4174-151084428a94,273e849a-dc05-a8c3-0281-c8a2e827318d,5cd8d703-abee-3948-b6a3-3b7f3232a166,bd155994-0316-6a21-8dae-5d670006ab46,2ff3093c-53e8-9814-d2a8-c58f6c866dbb"
"2026-05-26T04:26:39.000+0000",MASTERCARD,"VISA,MASTERCARD","1779769599.936",EXIT,"INFO,ERROR,EXIT","09/27","01/27,02/27,03/27,04/27,05/27,06/27,07/27,08/27,09/27,10/27,11/27,12/27",936,1779769599,"d24481dd-66b0-1408-8e57-e95689202eb9","d24481dd-66b0-1408-8e57-e95689202eb9
ece1a9ae-ffd4-aa16-ba60-f4aaf994a432
f6669f7b-58ec-429f-30e4-b854d25735fa
6f77c1f5-b663-996c-c336-72c1d5493d4b
fb061221-316e-c954-1422-57bb4f6b9a46
a0bcc770-67eb-ddb1-2e42-b9b81a701feb
1933364a-bd6f-e0c0-752b-7c7f863d1df1
3f87d147-04c5-93fc-37f6-6343c972be35
6df3b9f5-dec6-d891-7ee6-e22e1cf34fad
fd40db72-259e-a2c9-ccee-db7522824e5b
e1982368-275b-97fc-4174-151084428a94
273e849a-dc05-a8c3-0281-c8a2e827318d
5cd8d703-abee-3948-b6a3-3b7f3232a166
bd155994-0316-6a21-8dae-5d670006ab46
2ff3093c-53e8-9814-d2a8-c58f6c866dbb","d24481dd-66b0-1408-8e57-e95689202eb9,ece1a9ae-ffd4-aa16-ba60-f4aaf994a432,f6669f7b-58ec-429f-30e4-b854d25735fa,6f77c1f5-b663-996c-c336-72c1d5493d4b,fb061221-316e-c954-1422-57bb4f6b9a46,a0bcc770-67eb-ddb1-2e42-b9b81a701feb,1933364a-bd6f-e0c0-752b-7c7f863d1df1,3f87d147-04c5-93fc-37f6-6343c972be35,6df3b9f5-dec6-d891-7ee6-e22e1cf34fad,fd40db72-259e-a2c9-ccee-db7522824e5b,e1982368-275b-97fc-4174-151084428a94,273e849a-dc05-a8c3-0281-c8a2e827318d,5cd8d703-abee-3948-b6a3-3b7f3232a166,bd155994-0316-6a21-8dae-5d670006ab46,2ff3093c-53e8-9814-d2a8-c58f6c866dbb"
"2026-05-21T16:07:20.000+0000",MASTERCARD,"VISA,MASTERCARD","1779379640.245",EXIT,"INFO,ERROR,EXIT","04/27","01/27,02/27,03/27,04/27,05/27,06/27,07/27,08/27,09/27,10/27,11/27,12/27",245,1779379640,"fb061221-316e-c954-1422-57bb4f6b9a46","d24481dd-66b0-1408-8e57-e95689202eb9
ece1a9ae-ffd4-aa16-ba60-f4aaf994a432
f6669f7b-58ec-429f-30e4-b854d25735fa
6f77c1f5-b663-996c-c336-72c1d5493d4b
fb061221-316e-c954-1422-57bb4f6b9a46
a0bcc770-67eb-ddb1-2e42-b9b81a701feb
1933364a-bd6f-e0c0-752b-7c7f863d1df1
3f87d147-04c5-93fc-37f6-6343c972be35
6df3b9f5-dec6-d891-7ee6-e22e1cf34fad
fd40db72-259e-a2c9-ccee-db7522824e5b
e1982368-275b-97fc-4174-151084428a94
273e849a-dc05-a8c3-0281-c8a2e827318d
5cd8d703-abee-3948-b6a3-3b7f3232a166
bd155994-0316-6a21-8dae-5d670006ab46
2ff3093c-53e8-9814-d2a8-c58f6c866dbb","d24481dd-66b0-1408-8e57-e95689202eb9,ece1a9ae-ffd4-aa16-ba60-f4aaf994a432,f6669f7b-58ec-429f-30e4-b854d25735fa,6f77c1f5-b663-996c-c336-72c1d5493d4b,fb061221-316e-c954-1422-57bb4f6b9a46,a0bcc770-67eb-ddb1-2e42-b9b81a701feb,1933364a-bd6f-e0c0-752b-7c7f863d1df1,3f87d147-04c5-93fc-37f6-6343c972be35,6df3b9f5-dec6-d891-7ee6-e22e1cf34fad,fd40db72-259e-a2c9-ccee-db7522824e5b,e1982368-275b-97fc-4174-151084428a94,273e849a-dc05-a8c3-0281-c8a2e827318d,5cd8d703-abee-3948-b6a3-3b7f3232a166,bd155994-0316-6a21-8dae-5d670006ab46,2ff3093c-53e8-9814-d2a8-c58f6c866dbb"
"2026-05-21T23:06:21.000+0000",MASTERCARD,"VISA,MASTERCARD","1779404781.368",INFO,"INFO,ERROR,EXIT","09/27","01/27,02/27,03/27,04/27,05/27,06/27,07/27,08/27,09/27,10/27,11/27,12/27",368,1779404781,"1933364a-bd6f-e0c0-752b-7c7f863d1df1","d24481dd-66b0-1408-8e57-e95689202eb9
ece1a9ae-ffd4-aa16-ba60-f4aaf994a432
f6669f7b-58ec-429f-30e4-b854d25735fa
6f77c1f5-b663-996c-c336-72c1d5493d4b
fb061221-316e-c954-1422-57bb4f6b9a46
a0bcc770-67eb-ddb1-2e42-b9b81a701feb
1933364a-bd6f-e0c0-752b-7c7f863d1df1
3f87d147-04c5-93fc-37f6-6343c972be35
6df3b9f5-dec6-d891-7ee6-e22e1cf34fad
fd40db72-259e-a2c9-ccee-db7522824e5b
e1982368-275b-97fc-4174-151084428a94
273e849a-dc05-a8c3-0281-c8a2e827318d
5cd8d703-abee-3948-b6a3-3b7f3232a166
bd155994-0316-6a21-8dae-5d670006ab46
2ff3093c-53e8-9814-d2a8-c58f6c866dbb","d24481dd-66b0-1408-8e57-e95689202eb9,ece1a9ae-ffd4-aa16-ba60-f4aaf994a432,f6669f7b-58ec-429f-30e4-b854d25735fa,6f77c1f5-b663-996c-c336-72c1d5493d4b,fb061221-316e-c954-1422-57bb4f6b9a46,a0bcc770-67eb-ddb1-2e42-b9b81a701feb,1933364a-bd6f-e0c0-752b-7c7f863d1df1,3f87d147-04c5-93fc-37f6-6343c972be35,6df3b9f5-dec6-d891-7ee6-e22e1cf34fad,fd40db72-259e-a2c9-ccee-db7522824e5b,e1982368-275b-97fc-4174-151084428a94,273e849a-dc05-a8c3-0281-c8a2e827318d,5cd8d703-abee-3948-b6a3-3b7f3232a166,bd155994-0316-6a21-8dae-5d670006ab46,2ff3093c-53e8-9814-d2a8-c58f6c866dbb"
"2026-05-22T20:54:20.000+0000",VISA,"VISA,MASTERCARD","1779483261.386",ERROR,"INFO,ERROR,EXIT","11/27","01/27,02/27,03/27,04/27,05/27,06/27,07/27,08/27,09/27,10/27,11/27,12/27",1386,1779483260,"d24481dd-66b0-1408-8e57-e95689202eb9","d24481dd-66b0-1408-8e57-e95689202eb9
ece1a9ae-ffd4-aa16-ba60-f4aaf994a432
f6669f7b-58ec-429f-30e4-b854d25735fa
6f77c1f5-b663-996c-c336-72c1d5493d4b
fb061221-316e-c954-1422-57bb4f6b9a46
a0bcc770-67eb-ddb1-2e42-b9b81a701feb
1933364a-bd6f-e0c0-752b-7c7f863d1df1
3f87d147-04c5-93fc-37f6-6343c972be35
6df3b9f5-dec6-d891-7ee6-e22e1cf34fad
fd40db72-259e-a2c9-ccee-db7522824e5b
e1982368-275b-97fc-4174-151084428a94
273e849a-dc05-a8c3-0281-c8a2e827318d
5cd8d703-abee-3948-b6a3-3b7f3232a166
bd155994-0316-6a21-8dae-5d670006ab46
2ff3093c-53e8-9814-d2a8-c58f6c866dbb","d24481dd-66b0-1408-8e57-e95689202eb9,ece1a9ae-ffd4-aa16-ba60-f4aaf994a432,f6669f7b-58ec-429f-30e4-b854d25735fa,6f77c1f5-b663-996c-c336-72c1d5493d4b,fb061221-316e-c954-1422-57bb4f6b9a46,a0bcc770-67eb-ddb1-2e42-b9b81a701feb,1933364a-bd6f-e0c0-752b-7c7f863d1df1,3f87d147-04c5-93fc-37f6-6343c972be35,6df3b9f5-dec6-d891-7ee6-e22e1cf34fad,fd40db72-259e-a2c9-ccee-db7522824e5b,e1982368-275b-97fc-4174-151084428a94,273e849a-dc05-a8c3-0281-c8a2e827318d,5cd8d703-abee-3948-b6a3-3b7f3232a166,bd155994-0316-6a21-8dae-5d670006ab46,2ff3093c-53e8-9814-d2a8-c58f6c866dbb"
"2026-05-24T17:49:17.000+0000",VISA,"VISA,MASTERCARD","1779644958.233",ERROR,"INFO,ERROR,EXIT","04/27","01/27,02/27,03/27,04/27,05/27,06/27,07/27,08/27,09/27,10/27,11/27,12/27",1233,1779644957,"a0bcc770-67eb-ddb1-2e42-b9b81a701feb","d24481dd-66b0-1408-8e57-e95689202eb9
ece1a9ae-ffd4-aa16-ba60-f4aaf994a432
f6669f7b-58ec-429f-30e4-b854d25735fa
6f77c1f5-b663-996c-c336-72c1d5493d4b
fb061221-316e-c954-1422-57bb4f6b9a46
a0bcc770-67eb-ddb1-2e42-b9b81a701feb
1933364a-bd6f-e0c0-752b-7c7f863d1df1
3f87d147-04c5-93fc-37f6-6343c972be35
6df3b9f5-dec6-d891-7ee6-e22e1cf34fad
fd40db72-259e-a2c9-ccee-db7522824e5b
e1982368-275b-97fc-4174-151084428a94
273e849a-dc05-a8c3-0281-c8a2e827318d
5cd8d703-abee-3948-b6a3-3b7f3232a166
bd155994-0316-6a21-8dae-5d670006ab46
2ff3093c-53e8-9814-d2a8-c58f6c866dbb","d24481dd-66b0-1408-8e57-e95689202eb9,ece1a9ae-ffd4-aa16-ba60-f4aaf994a432,f6669f7b-58ec-429f-30e4-b854d25735fa,6f77c1f5-b663-996c-c336-72c1d5493d4b,fb061221-316e-c954-1422-57bb4f6b9a46,a0bcc770-67eb-ddb1-2e42-b9b81a701feb,1933364a-bd6f-e0c0-752b-7c7f863d1df1,3f87d147-04c5-93fc-37f6-6343c972be35,6df3b9f5-dec6-d891-7ee6-e22e1cf34fad,fd40db72-259e-a2c9-ccee-db7522824e5b,e1982368-275b-97fc-4174-151084428a94,273e849a-dc05-a8c3-0281-c8a2e827318d,5cd8d703-abee-3948-b6a3-3b7f3232a166,bd155994-0316-6a21-8dae-5d670006ab46,2ff3093c-53e8-9814-d2a8-c58f6c866dbb"
"2026-05-19T17:56:41.000+0000",VISA,"VISA,MASTERCARD","1779213401.211",INFO,"INFO,ERROR,EXIT","10/27","01/27,02/27,03/27,04/27,05/27,06/27,07/27,08/27,09/27,10/27,11/27,12/27",211,1779213401,"2ff3093c-53e8-9814-d2a8-c58f6c866dbb","d24481dd-66b0-1408-8e57-e95689202eb9
ece1a9ae-ffd4-aa16-ba60-f4aaf994a432
f6669f7b-58ec-429f-30e4-b854d25735fa
6f77c1f5-b663-996c-c336-72c1d5493d4b
fb061221-316e-c954-1422-57bb4f6b9a46
a0bcc770-67eb-ddb1-2e42-b9b81a701feb
1933364a-bd6f-e0c0-752b-7c7f863d1df1
3f87d147-04c5-93fc-37f6-6343c972be35
6df3b9f5-dec6-d891-7ee6-e22e1cf34fad
fd40db72-259e-a2c9-ccee-db7522824e5b
e1982368-275b-97fc-4174-151084428a94
273e849a-dc05-a8c3-0281-c8a2e827318d
5cd8d703-abee-3948-b6a3-3b7f3232a166
bd155994-0316-6a21-8dae-5d670006ab46
2ff3093c-53e8-9814-d2a8-c58f6c866dbb","d24481dd-66b0-1408-8e57-e95689202eb9,ece1a9ae-ffd4-aa16-ba60-f4aaf994a432,f6669f7b-58ec-429f-30e4-b854d25735fa,6f77c1f5-b663-996c-c336-72c1d5493d4b,fb061221-316e-c954-1422-57bb4f6b9a46,a0bcc770-67eb-ddb1-2e42-b9b81a701feb,1933364a-bd6f-e0c0-752b-7c7f863d1df1,3f87d147-04c5-93fc-37f6-6343c972be35,6df3b9f5-dec6-d891-7ee6-e22e1cf34fad,fd40db72-259e-a2c9-ccee-db7522824e5b,e1982368-275b-97fc-4174-151084428a94,273e849a-dc05-a8c3-0281-c8a2e827318d,5cd8d703-abee-3948-b6a3-3b7f3232a166,bd155994-0316-6a21-8dae-5d670006ab46,2ff3093c-53e8-9814-d2a8-c58f6c866dbb"
"2026-05-24T16:59:26.000+0000",MASTERCARD,"VISA,MASTERCARD","1779641966.582",INFO,"INFO,ERROR,EXIT","12/27","01/27,02/27,03/27,04/27,05/27,06/27,07/27,08/27,09/27,10/27,11/27,12/27",582,1779641966,"6df3b9f5-dec6-d891-7ee6-e22e1cf34fad","d24481dd-66b0-1408-8e57-e95689202eb9
ece1a9ae-ffd4-aa16-ba60-f4aaf994a432
f6669f7b-58ec-429f-30e4-b854d25735fa
6f77c1f5-b663-996c-c336-72c1d5493d4b
fb061221-316e-c954-1422-57bb4f6b9a46
a0bcc770-67eb-ddb1-2e42-b9b81a701feb
1933364a-bd6f-e0c0-752b-7c7f863d1df1
3f87d147-04c5-93fc-37f6-6343c972be35
6df3b9f5-dec6-d891-7ee6-e22e1cf34fad
fd40db72-259e-a2c9-ccee-db7522824e5b
e1982368-275b-97fc-4174-151084428a94
273e849a-dc05-a8c3-0281-c8a2e827318d
5cd8d703-abee-3948-b6a3-3b7f3232a166
bd155994-0316-6a21-8dae-5d670006ab46
2ff3093c-53e8-9814-d2a8-c58f6c866dbb","d24481dd-66b0-1408-8e57-e95689202eb9,ece1a9ae-ffd4-aa16-ba60-f4aaf994a432,f6669f7b-58ec-429f-30e4-b854d25735fa,6f77c1f5-b663-996c-c336-72c1d5493d4b,fb061221-316e-c954-1422-57bb4f6b9a46,a0bcc770-67eb-ddb1-2e42-b9b81a701feb,1933364a-bd6f-e0c0-752b-7c7f863d1df1,3f87d147-04c5-93fc-37f6-6343c972be35,6df3b9f5-dec6-d891-7ee6-e22e1cf34fad,fd40db72-259e-a2c9-ccee-db7522824e5b,e1982368-275b-97fc-4174-151084428a94,273e849a-dc05-a8c3-0281-c8a2e827318d,5cd8d703-abee-3948-b6a3-3b7f3232a166,bd155994-0316-6a21-8dae-5d670006ab46,2ff3093c-53e8-9814-d2a8-c58f6c866dbb"
"2026-05-23T08:00:14.000+0000",VISA,"VISA,MASTERCARD","1779523214.563",EXIT,"INFO,ERROR,EXIT","10/27","01/27,02/27,03/27,04/27,05/27,06/27,07/27,08/27,09/27,10/27,11/27,12/27",563,1779523214,"6df3b9f5-dec6-d891-7ee6-e22e1cf34fad","d24481dd-66b0-1408-8e57-e95689202eb9
ece1a9ae-ffd4-aa16-ba60-f4aaf994a432
f6669f7b-58ec-429f-30e4-b854d25735fa
6f77c1f5-b663-996c-c336-72c1d5493d4b
fb061221-316e-c954-1422-57bb4f6b9a46
a0bcc770-67eb-ddb1-2e42-b9b81a701feb
1933364a-bd6f-e0c0-752b-7c7f863d1df1
3f87d147-04c5-93fc-37f6-6343c972be35
6df3b9f5-dec6-d891-7ee6-e22e1cf34fad
fd40db72-259e-a2c9-ccee-db7522824e5b
e1982368-275b-97fc-4174-151084428a94
273e849a-dc05-a8c3-0281-c8a2e827318d
5cd8d703-abee-3948-b6a3-3b7f3232a166
bd155994-0316-6a21-8dae-5d670006ab46
2ff3093c-53e8-9814-d2a8-c58f6c866dbb","d24481dd-66b0-1408-8e57-e95689202eb9,ece1a9ae-ffd4-aa16-ba60-f4aaf994a432,f6669f7b-58ec-429f-30e4-b854d25735fa,6f77c1f5-b663-996c-c336-72c1d5493d4b,fb061221-316e-c954-1422-57bb4f6b9a46,a0bcc770-67eb-ddb1-2e42-b9b81a701feb,1933364a-bd6f-e0c0-752b-7c7f863d1df1,3f87d147-04c5-93fc-37f6-6343c972be35,6df3b9f5-dec6-d891-7ee6-e22e1cf34fad,fd40db72-259e-a2c9-ccee-db7522824e5b,e1982368-275b-97fc-4174-151084428a94,273e849a-dc05-a8c3-0281-c8a2e827318d,5cd8d703-abee-3948-b6a3-3b7f3232a166,bd155994-0316-6a21-8dae-5d670006ab46,2ff3093c-53e8-9814-d2a8-c58f6c866dbb"
"2026-05-23T00:56:14.000+0000",VISA,"VISA,MASTERCARD","1779497774.941",ERROR,"INFO,ERROR,EXIT","02/27","01/27,02/27,03/27,04/27,05/27,06/27,07/27,08/27,09/27,10/27,11/27,12/27",941,1779497774,"f6669f7b-58ec-429f-30e4-b854d25735fa","d24481dd-66b0-1408-8e57-e95689202eb9
ece1a9ae-ffd4-aa16-ba60-f4aaf994a432
f6669f7b-58ec-429f-30e4-b854d25735fa
6f77c1f5-b663-996c-c336-72c1d5493d4b
fb061221-316e-c954-1422-57bb4f6b9a46
a0bcc770-67eb-ddb1-2e42-b9b81a701feb
1933364a-bd6f-e0c0-752b-7c7f863d1df1
3f87d147-04c5-93fc-37f6-6343c972be35
6df3b9f5-dec6-d891-7ee6-e22e1cf34fad
fd40db72-259e-a2c9-ccee-db7522824e5b
e1982368-275b-97fc-4174-151084428a94
273e849a-dc05-a8c3-0281-c8a2e827318d
5cd8d703-abee-3948-b6a3-3b7f3232a166
bd155994-0316-6a21-8dae-5d670006ab46
2ff3093c-53e8-9814-d2a8-c58f6c866dbb","d24481dd-66b0-1408-8e57-e95689202eb9,ece1a9ae-ffd4-aa16-ba60-f4aaf994a432,f6669f7b-58ec-429f-30e4-b854d25735fa,6f77c1f5-b663-996c-c336-72c1d5493d4b,fb061221-316e-c954-1422-57bb4f6b9a46,a0bcc770-67eb-ddb1-2e42-b9b81a701feb,1933364a-bd6f-e0c0-752b-7c7f863d1df1,3f87d147-04c5-93fc-37f6-6343c972be35,6df3b9f5-dec6-d891-7ee6-e22e1cf34fad,fd40db72-259e-a2c9-ccee-db7522824e5b,e1982368-275b-97fc-4174-151084428a94,273e849a-dc05-a8c3-0281-c8a2e827318d,5cd8d703-abee-3948-b6a3-3b7f3232a166,bd155994-0316-6a21-8dae-5d670006ab46,2ff3093c-53e8-9814-d2a8-c58f6c866dbb"
"2026-05-20T07:00:22.000+0000",MASTERCARD,"VISA,MASTERCARD","1779260423.424",ERROR,"INFO,ERROR,EXIT","11/27","01/27,02/27,03/27,04/27,05/27,06/27,07/27,08/27,09/27,10/27,11/27,12/27",1424,1779260422,"1933364a-bd6f-e0c0-752b-7c7f863d1df1","d24481dd-66b0-1408-8e57-e95689202eb9
ece1a9ae-ffd4-aa16-ba60-f4aaf994a432
f6669f7b-58ec-429f-30e4-b854d25735fa
6f77c1f5-b663-996c-c336-72c1d5493d4b
fb061221-316e-c954-1422-57bb4f6b9a46
a0bcc770-67eb-ddb1-2e42-b9b81a701feb
1933364a-bd6f-e0c0-752b-7c7f863d1df1
3f87d147-04c5-93fc-37f6-6343c972be35
6df3b9f5-dec6-d891-7ee6-e22e1cf34fad
fd40db72-259e-a2c9-ccee-db7522824e5b
e1982368-275b-97fc-4174-151084428a94
273e849a-dc05-a8c3-0281-c8a2e827318d
5cd8d703-abee-3948-b6a3-3b7f3232a166
bd155994-0316-6a21-8dae-5d670006ab46
2ff3093c-53e8-9814-d2a8-c58f6c866dbb","d24481dd-66b0-1408-8e57-e95689202eb9,ece1a9ae-ffd4-aa16-ba60-f4aaf994a432,f6669f7b-58ec-429f-30e4-b854d25735fa,6f77c1f5-b663-996c-c336-72c1d5493d4b,fb061221-316e-c954-1422-57bb4f6b9a46,a0bcc770-67eb-ddb1-2e42-b9b81a701feb,1933364a-bd6f-e0c0-752b-7c7f863d1df1,3f87d147-04c5-93fc-37f6-6343c972be35,6df3b9f5-dec6-d891-7ee6-e22e1cf34fad,fd40db72-259e-a2c9-ccee-db7522824e5b,e1982368-275b-97fc-4174-151084428a94,273e849a-dc05-a8c3-0281-c8a2e827318d,5cd8d703-abee-3948-b6a3-3b7f3232a166,bd155994-0316-6a21-8dae-5d670006ab46,2ff3093c-53e8-9814-d2a8-c58f6c866dbb"
"2026-05-23T13:00:49.000+0000",VISA,"VISA,MASTERCARD","1779541249.26",INFO,"INFO,ERROR,EXIT","07/27","01/27,02/27,03/27,04/27,05/27,06/27,07/27,08/27,09/27,10/27,11/27,12/27",260,1779541249,"5cd8d703-abee-3948-b6a3-3b7f3232a166","d24481dd-66b0-1408-8e57-e95689202eb9
ece1a9ae-ffd4-aa16-ba60-f4aaf994a432
f6669f7b-58ec-429f-30e4-b854d25735fa
6f77c1f5-b663-996c-c336-72c1d5493d4b
fb061221-316e-c954-1422-57bb4f6b9a46
a0bcc770-67eb-ddb1-2e42-b9b81a701feb
1933364a-bd6f-e0c0-752b-7c7f863d1df1
3f87d147-04c5-93fc-37f6-6343c972be35
6df3b9f5-dec6-d891-7ee6-e22e1cf34fad
fd40db72-259e-a2c9-ccee-db7522824e5b
e1982368-275b-97fc-4174-151084428a94
273e849a-dc05-a8c3-0281-c8a2e827318d
5cd8d703-abee-3948-b6a3-3b7f3232a166
bd155994-0316-6a21-8dae-5d670006ab46
2ff3093c-53e8-9814-d2a8-c58f6c866dbb","d24481dd-66b0-1408-8e57-e95689202eb9,ece1a9ae-ffd4-aa16-ba60-f4aaf994a432,f6669f7b-58ec-429f-30e4-b854d25735fa,6f77c1f5-b663-996c-c336-72c1d5493d4b,fb061221-316e-c954-1422-57bb4f6b9a46,a0bcc770-67eb-ddb1-2e42-b9b81a701feb,1933364a-bd6f-e0c0-752b-7c7f863d1df1,3f87d147-04c5-93fc-37f6-6343c972be35,6df3b9f5-dec6-d891-7ee6-e22e1cf34fad,fd40db72-259e-a2c9-ccee-db7522824e5b,e1982368-275b-97fc-4174-151084428a94,273e849a-dc05-a8c3-0281-c8a2e827318d,5cd8d703-abee-3948-b6a3-3b7f3232a166,bd155994-0316-6a21-8dae-5d670006ab46,2ff3093c-53e8-9814-d2a8-c58f6c866dbb"
"2026-05-25T07:17:21.000+0000",VISA,"VISA,MASTERCARD","1779693441.906",INFO,"INFO,ERROR,EXIT","01/27","01/27,02/27,03/27,04/27,05/27,06/27,07/27,08/27,09/27,10/27,11/27,12/27",906,1779693441,"6f77c1f5-b663-996c-c336-72c1d5493d4b","d24481dd-66b0-1408-8e57-e95689202eb9
ece1a9ae-ffd4-aa16-ba60-f4aaf994a432
f6669f7b-58ec-429f-30e4-b854d25735fa
6f77c1f5-b663-996c-c336-72c1d5493d4b
fb061221-316e-c954-1422-57bb4f6b9a46
a0bcc770-67eb-ddb1-2e42-b9b81a701feb
1933364a-bd6f-e0c0-752b-7c7f863d1df1
3f87d147-04c5-93fc-37f6-6343c972be35
6df3b9f5-dec6-d891-7ee6-e22e1cf34fad
fd40db72-259e-a2c9-ccee-db7522824e5b
e1982368-275b-97fc-4174-151084428a94
273e849a-dc05-a8c3-0281-c8a2e827318d
5cd8d703-abee-3948-b6a3-3b7f3232a166
bd155994-0316-6a21-8dae-5d670006ab46
2ff3093c-53e8-9814-d2a8-c58f6c866dbb","d24481dd-66b0-1408-8e57-e95689202eb9,ece1a9ae-ffd4-aa16-ba60-f4aaf994a432,f6669f7b-58ec-429f-30e4-b854d25735fa,6f77c1f5-b663-996c-c336-72c1d5493d4b,fb061221-316e-c954-1422-57bb4f6b9a46,a0bcc770-67eb-ddb1-2e42-b9b81a701feb,1933364a-bd6f-e0c0-752b-7c7f863d1df1,3f87d147-04c5-93fc-37f6-6343c972be35,6df3b9f5-dec6-d891-7ee6-e22e1cf34fad,fd40db72-259e-a2c9-ccee-db7522824e5b,e1982368-275b-97fc-4174-151084428a94,273e849a-dc05-a8c3-0281-c8a2e827318d,5cd8d703-abee-3948-b6a3-3b7f3232a166,bd155994-0316-6a21-8dae-5d670006ab46,2ff3093c-53e8-9814-d2a8-c58f6c866dbb"
"2026-05-20T17:22:31.000+0000",VISA,"VISA,MASTERCARD","1779297751.387",EXIT,"INFO,ERROR,EXIT","12/27","01/27,02/27,03/27,04/27,05/27,06/27,07/27,08/27,09/27,10/27,11/27,12/27",387,1779297751,"273e849a-dc05-a8c3-0281-c8a2e827318d","d24481dd-66b0-1408-8e57-e95689202eb9
ece1a9ae-ffd4-aa16-ba60-f4aaf994a432
f6669f7b-58ec-429f-30e4-b854d25735fa
6f77c1f5-b663-996c-c336-72c1d5493d4b
fb061221-316e-c954-1422-57bb4f6b9a46
a0bcc770-67eb-ddb1-2e42-b9b81a701feb
1933364a-bd6f-e0c0-752b-7c7f863d1df1
3f87d147-04c5-93fc-37f6-6343c972be35
6df3b9f5-dec6-d891-7ee6-e22e1cf34fad
fd40db72-259e-a2c9-ccee-db7522824e5b
e1982368-275b-97fc-4174-151084428a94
273e849a-dc05-a8c3-0281-c8a2e827318d
5cd8d703-abee-3948-b6a3-3b7f3232a166
bd155994-0316-6a21-8dae-5d670006ab46
2ff3093c-53e8-9814-d2a8-c58f6c866dbb","d24481dd-66b0-1408-8e57-e95689202eb9,ece1a9ae-ffd4-aa16-ba60-f4aaf994a432,f6669f7b-58ec-429f-30e4-b854d25735fa,6f77c1f5-b663-996c-c336-72c1d5493d4b,fb061221-316e-c954-1422-57bb4f6b9a46,a0bcc770-67eb-ddb1-2e42-b9b81a701feb,1933364a-bd6f-e0c0-752b-7c7f863d1df1,3f87d147-04c5-93fc-37f6-6343c972be35,6df3b9f5-dec6-d891-7ee6-e22e1cf34fad,fd40db72-259e-a2c9-ccee-db7522824e5b,e1982368-275b-97fc-4174-151084428a94,273e849a-dc05-a8c3-0281-c8a2e827318d,5cd8d703-abee-3948-b6a3-3b7f3232a166,bd155994-0316-6a21-8dae-5d670006ab46,2ff3093c-53e8-9814-d2a8-c58f6c866dbb"
"2026-05-24T19:57:34.000+0000",VISA,"VISA,MASTERCARD","1779652654.954",ERROR,"INFO,ERROR,EXIT","11/27","01/27,02/27,03/27,04/27,05/27,06/27,07/27,08/27,09/27,10/27,11/27,12/27",954,1779652654,"a0bcc770-67eb-ddb1-2e42-b9b81a701feb","d24481dd-66b0-1408-8e57-e95689202eb9
ece1a9ae-ffd4-aa16-ba60-f4aaf994a432
f6669f7b-58ec-429f-30e4-b854d25735fa
6f77c1f5-b663-996c-c336-72c1d5493d4b
fb061221-316e-c954-1422-57bb4f6b9a46
a0bcc770-67eb-ddb1-2e42-b9b81a701feb
1933364a-bd6f-e0c0-752b-7c7f863d1df1
3f87d147-04c5-93fc-37f6-6343c972be35
6df3b9f5-dec6-d891-7ee6-e22e1cf34fad
fd40db72-259e-a2c9-ccee-db7522824e5b
e1982368-275b-97fc-4174-151084428a94
273e849a-dc05-a8c3-0281-c8a2e827318d
5cd8d703-abee-3948-b6a3-3b7f3232a166
bd155994-0316-6a21-8dae-5d670006ab46
2ff3093c-53e8-9814-d2a8-c58f6c866dbb","d24481dd-66b0-1408-8e57-e95689202eb9,ece1a9ae-ffd4-aa16-ba60-f4aaf994a432,f6669f7b-58ec-429f-30e4-b854d25735fa,6f77c1f5-b663-996c-c336-72c1d5493d4b,fb061221-316e-c954-1422-57bb4f6b9a46,a0bcc770-67eb-ddb1-2e42-b9b81a701feb,1933364a-bd6f-e0c0-752b-7c7f863d1df1,3f87d147-04c5-93fc-37f6-6343c972be35,6df3b9f5-dec6-d891-7ee6-e22e1cf34fad,fd40db72-259e-a2c9-ccee-db7522824e5b,e1982368-275b-97fc-4174-151084428a94,273e849a-dc05-a8c3-0281-c8a2e827318d,5cd8d703-abee-3948-b6a3-3b7f3232a166,bd155994-0316-6a21-8dae-5d670006ab46,2ff3093c-53e8-9814-d2a8-c58f6c866dbb"
"2026-05-20T21:54:22.000+0000",VISA,"VISA,MASTERCARD","1779314062.349",EXIT,"INFO,ERROR,EXIT","12/27","01/27,02/27,03/27,04/27,05/27,06/27,07/27,08/27,09/27,10/27,11/27,12/27",349,1779314062,"3f87d147-04c5-93fc-37f6-6343c972be35","d24481dd-66b0-1408-8e57-e95689202eb9
ece1a9ae-ffd4-aa16-ba60-f4aaf994a432
f6669f7b-58ec-429f-30e4-b854d25735fa
6f77c1f5-b663-996c-c336-72c1d5493d4b
fb061221-316e-c954-1422-57bb4f6b9a46
a0bcc770-67eb-ddb1-2e42-b9b81a701feb
1933364a-bd6f-e0c0-752b-7c7f863d1df1
3f87d147-04c5-93fc-37f6-6343c972be35
6df3b9f5-dec6-d891-7ee6-e22e1cf34fad
fd40db72-259e-a2c9-ccee-db7522824e5b
e1982368-275b-97fc-4174-151084428a94
273e849a-dc05-a8c3-0281-c8a2e827318d
5cd8d703-abee-3948-b6a3-3b7f3232a166
bd155994-0316-6a21-8dae-5d670006ab46
2ff3093c-53e8-9814-d2a8-c58f6c866dbb","d24481dd-66b0-1408-8e57-e95689202eb9,ece1a9ae-ffd4-aa16-ba60-f4aaf994a432,f6669f7b-58ec-429f-30e4-b854d25735fa,6f77c1f5-b663-996c-c336-72c1d5493d4b,fb061221-316e-c954-1422-57bb4f6b9a46,a0bcc770-67eb-ddb1-2e42-b9b81a701feb,1933364a-bd6f-e0c0-752b-7c7f863d1df1,3f87d147-04c5-93fc-37f6-6343c972be35,6df3b9f5-dec6-d891-7ee6-e22e1cf34fad,fd40db72-259e-a2c9-ccee-db7522824e5b,e1982368-275b-97fc-4174-151084428a94,273e849a-dc05-a8c3-0281-c8a2e827318d,5cd8d703-abee-3948-b6a3-3b7f3232a166,bd155994-0316-6a21-8dae-5d670006ab46,2ff3093c-53e8-9814-d2a8-c58f6c866dbb"
"2026-05-26T03:00:16.000+0000",VISA,"VISA,MASTERCARD","1779764416.574",INFO,"INFO,ERROR,EXIT","08/27","01/27,02/27,03/27,04/27,05/27,06/27,07/27,08/27,09/27,10/27,11/27,12/27",574,1779764416,"a0bcc770-67eb-ddb1-2e42-b9b81a701feb","d24481dd-66b0-1408-8e57-e95689202eb9
ece1a9ae-ffd4-aa16-ba60-f4aaf994a432
f6669f7b-58ec-429f-30e4-b854d25735fa
6f77c1f5-b663-996c-c336-72c1d5493d4b
fb061221-316e-c954-1422-57bb4f6b9a46
a0bcc770-67eb-ddb1-2e42-b9b81a701feb
1933364a-bd6f-e0c0-752b-7c7f863d1df1
3f87d147-04c5-93fc-37f6-6343c972be35
6df3b9f5-dec6-d891-7ee6-e22e1cf34fad
fd40db72-259e-a2c9-ccee-db7522824e5b
e1982368-275b-97fc-4174-151084428a94
273e849a-dc05-a8c3-0281-c8a2e827318d
5cd8d703-abee-3948-b6a3-3b7f3232a166
bd155994-0316-6a21-8dae-5d670006ab46
2ff3093c-53e8-9814-d2a8-c58f6c866dbb","d24481dd-66b0-1408-8e57-e95689202eb9,ece1a9ae-ffd4-aa16-ba60-f4aaf994a432,f6669f7b-58ec-429f-30e4-b854d25735fa,6f77c1f5-b663-996c-c336-72c1d5493d4b,fb061221-316e-c954-1422-57bb4f6b9a46,a0bcc770-67eb-ddb1-2e42-b9b81a701feb,1933364a-bd6f-e0c0-752b-7c7f863d1df1,3f87d147-04c5-93fc-37f6-6343c972be35,6df3b9f5-dec6-d891-7ee6-e22e1cf34fad,fd40db72-259e-a2c9-ccee-db7522824e5b,e1982368-275b-97fc-4174-151084428a94,273e849a-dc05-a8c3-0281-c8a2e827318d,5cd8d703-abee-3948-b6a3-3b7f3232a166,bd155994-0316-6a21-8dae-5d670006ab46,2ff3093c-53e8-9814-d2a8-c58f6c866dbb"
"2026-05-23T12:21:54.000+0000",VISA,"VISA,MASTERCARD","1779538914.834",EXIT,"INFO,ERROR,EXIT","12/27","01/27,02/27,03/27,04/27,05/27,06/27,07/27,08/27,09/27,10/27,11/27,12/27",834,1779538914,"3f87d147-04c5-93fc-37f6-6343c972be35","d24481dd-66b0-1408-8e57-e95689202eb9
ece1a9ae-ffd4-aa16-ba60-f4aaf994a432
f6669f7b-58ec-429f-30e4-b854d25735fa
6f77c1f5-b663-996c-c336-72c1d5493d4b
fb061221-316e-c954-1422-57bb4f6b9a46
a0bcc770-67eb-ddb1-2e42-b9b81a701feb
1933364a-bd6f-e0c0-752b-7c7f863d1df1
3f87d147-04c5-93fc-37f6-6343c972be35
6df3b9f5-dec6-d891-7ee6-e22e1cf34fad
fd40db72-259e-a2c9-ccee-db7522824e5b
e1982368-275b-97fc-4174-151084428a94
273e849a-dc05-a8c3-0281-c8a2e827318d
5cd8d703-abee-3948-b6a3-3b7f3232a166
bd155994-0316-6a21-8dae-5d670006ab46
2ff3093c-53e8-9814-d2a8-c58f6c866dbb","d24481dd-66b0-1408-8e57-e95689202eb9,ece1a9ae-ffd4-aa16-ba60-f4aaf994a432,f6669f7b-58ec-429f-30e4-b854d25735fa,6f77c1f5-b663-996c-c336-72c1d5493d4b,fb061221-316e-c954-1422-57bb4f6b9a46,a0bcc770-67eb-ddb1-2e42-b9b81a701feb,1933364a-bd6f-e0c0-752b-7c7f863d1df1,3f87d147-04c5-93fc-37f6-6343c972be35,6df3b9f5-dec6-d891-7ee6-e22e1cf34fad,fd40db72-259e-a2c9-ccee-db7522824e5b,e1982368-275b-97fc-4174-151084428a94,273e849a-dc05-a8c3-0281-c8a2e827318d,5cd8d703-abee-3948-b6a3-3b7f3232a166,bd155994-0316-6a21-8dae-5d670006ab46,2ff3093c-53e8-9814-d2a8-c58f6c866dbb"
"2026-05-22T06:54:51.000+0000",VISA,"VISA,MASTERCARD","1779432891.278",ERROR,"INFO,ERROR,EXIT","01/27","01/27,02/27,03/27,04/27,05/27,06/27,07/27,08/27,09/27,10/27,11/27,12/27",278,1779432891,"f6669f7b-58ec-429f-30e4-b854d25735fa","d24481dd-66b0-1408-8e57-e95689202eb9
ece1a9ae-ffd4-aa16-ba60-f4aaf994a432
f6669f7b-58ec-429f-30e4-b854d25735fa
6f77c1f5-b663-996c-c336-72c1d5493d4b
fb061221-316e-c954-1422-57bb4f6b9a46
a0bcc770-67eb-ddb1-2e42-b9b81a701feb
1933364a-bd6f-e0c0-752b-7c7f863d1df1
3f87d147-04c5-93fc-37f6-6343c972be35
6df3b9f5-dec6-d891-7ee6-e22e1cf34fad
fd40db72-259e-a2c9-ccee-db7522824e5b
e1982368-275b-97fc-4174-151084428a94
273e849a-dc05-a8c3-0281-c8a2e827318d
5cd8d703-abee-3948-b6a3-3b7f3232a166
bd155994-0316-6a21-8dae-5d670006ab46
2ff3093c-53e8-9814-d2a8-c58f6c866dbb","d24481dd-66b0-1408-8e57-e95689202eb9,ece1a9ae-ffd4-aa16-ba60-f4aaf994a432,f6669f7b-58ec-429f-30e4-b854d25735fa,6f77c1f5-b663-996c-c336-72c1d5493d4b,fb061221-316e-c954-1422-57bb4f6b9a46,a0bcc770-67eb-ddb1-2e42-b9b81a701feb,1933364a-bd6f-e0c0-752b-7c7f863d1df1,3f87d147-04c5-93fc-37f6-6343c972be35,6df3b9f5-dec6-d891-7ee6-e22e1cf34fad,fd40db72-259e-a2c9-ccee-db7522824e5b,e1982368-275b-97fc-4174-151084428a94,273e849a-dc05-a8c3-0281-c8a2e827318d,5cd8d703-abee-3948-b6a3-3b7f3232a166,bd155994-0316-6a21-8dae-5d670006ab46,2ff3093c-53e8-9814-d2a8-c58f6c866dbb"
"2026-05-25T12:46:54.000+0000",VISA,"VISA,MASTERCARD","1779713215.012",INFO,"INFO,ERROR,EXIT","07/27","01/27,02/27,03/27,04/27,05/27,06/27,07/27,08/27,09/27,10/27,11/27,12/27",1012,1779713214,"bd155994-0316-6a21-8dae-5d670006ab46","d24481dd-66b0-1408-8e57-e95689202eb9
ece1a9ae-ffd4-aa16-ba60-f4aaf994a432
f6669f7b-58ec-429f-30e4-b854d25735fa
6f77c1f5-b663-996c-c336-72c1d5493d4b
fb061221-316e-c954-1422-57bb4f6b9a46
a0bcc770-67eb-ddb1-2e42-b9b81a701feb
1933364a-bd6f-e0c0-752b-7c7f863d1df1
3f87d147-04c5-93fc-37f6-6343c972be35
6df3b9f5-dec6-d891-7ee6-e22e1cf34fad
fd40db72-259e-a2c9-ccee-db7522824e5b
e1982368-275b-97fc-4174-151084428a94
273e849a-dc05-a8c3-0281-c8a2e827318d
5cd8d703-abee-3948-b6a3-3b7f3232a166
bd155994-0316-6a21-8dae-5d670006ab46
2ff3093c-53e8-9814-d2a8-c58f6c866dbb","d24481dd-66b0-1408-8e57-e95689202eb9,ece1a9ae-ffd4-aa16-ba60-f4aaf994a432,f6669f7b-58ec-429f-30e4-b854d25735fa,6f77c1f5-b663-996c-c336-72c1d5493d4b,fb061221-316e-c954-1422-57bb4f6b9a46,a0bcc770-67eb-ddb1-2e42-b9b81a701feb,1933364a-bd6f-e0c0-752b-7c7f863d1df1,3f87d147-04c5-93fc-37f6-6343c972be35,6df3b9f5-dec6-d891-7ee6-e22e1cf34fad,fd40db72-259e-a2c9-ccee-db7522824e5b,e1982368-275b-97fc-4174-151084428a94,273e849a-dc05-a8c3-0281-c8a2e827318d,5cd8d703-abee-3948-b6a3-3b7f3232a166,bd155994-0316-6a21-8dae-5d670006ab46,2ff3093c-53e8-9814-d2a8-c58f6c866dbb"
"2026-05-20T12:40:41.000+0000",MASTERCARD,"VISA,MASTERCARD","1779280841.639",EXIT,"INFO,ERROR,EXIT","01/27","01/27,02/27,03/27,04/27,05/27,06/27,07/27,08/27,09/27,10/27,11/27,12/27",639,1779280841,"fd40db72-259e-a2c9-ccee-db7522824e5b","d24481dd-66b0-1408-8e57-e95689202eb9
ece1a9ae-ffd4-aa16-ba60-f4aaf994a432
f6669f7b-58ec-429f-30e4-b854d25735fa
6f77c1f5-b663-996c-c336-72c1d5493d4b
fb061221-316e-c954-1422-57bb4f6b9a46
a0bcc770-67eb-ddb1-2e42-b9b81a701feb
1933364a-bd6f-e0c0-752b-7c7f863d1df1
3f87d147-04c5-93fc-37f6-6343c972be35
6df3b9f5-dec6-d891-7ee6-e22e1cf34fad
fd40db72-259e-a2c9-ccee-db7522824e5b
e1982368-275b-97fc-4174-151084428a94
273e849a-dc05-a8c3-0281-c8a2e827318d
5cd8d703-abee-3948-b6a3-3b7f3232a166
bd155994-0316-6a21-8dae-5d670006ab46
2ff3093c-53e8-9814-d2a8-c58f6c866dbb","d24481dd-66b0-1408-8e57-e95689202eb9,ece1a9ae-ffd4-aa16-ba60-f4aaf994a432,f6669f7b-58ec-429f-30e4-b854d25735fa,6f77c1f5-b663-996c-c336-72c1d5493d4b,fb061221-316e-c954-1422-57bb4f6b9a46,a0bcc770-67eb-ddb1-2e42-b9b81a701feb,1933364a-bd6f-e0c0-752b-7c7f863d1df1,3f87d147-04c5-93fc-37f6-6343c972be35,6df3b9f5-dec6-d891-7ee6-e22e1cf34fad,fd40db72-259e-a2c9-ccee-db7522824e5b,e1982368-275b-97fc-4174-151084428a94,273e849a-dc05-a8c3-0281-c8a2e827318d,5cd8d703-abee-3948-b6a3-3b7f3232a166,bd155994-0316-6a21-8dae-5d670006ab46,2ff3093c-53e8-9814-d2a8-c58f6c866dbb"
"2026-05-25T09:44:02.000+0000",VISA,"VISA,MASTERCARD","1779702243.522",EXIT,"INFO,ERROR,EXIT","08/27","01/27,02/27,03/27,04/27,05/27,06/27,07/27,08/27,09/27,10/27,11/27,12/27",1522,1779702242,"3f87d147-04c5-93fc-37f6-6343c972be35","d24481dd-66b0-1408-8e57-e95689202eb9
ece1a9ae-ffd4-aa16-ba60-f4aaf994a432
f6669f7b-58ec-429f-30e4-b854d25735fa
6f77c1f5-b663-996c-c336-72c1d5493d4b
fb061221-316e-c954-1422-57bb4f6b9a46
a0bcc770-67eb-ddb1-2e42-b9b81a701feb
1933364a-bd6f-e0c0-752b-7c7f863d1df1
3f87d147-04c5-93fc-37f6-6343c972be35
6df3b9f5-dec6-d891-7ee6-e22e1cf34fad
fd40db72-259e-a2c9-ccee-db7522824e5b
e1982368-275b-97fc-4174-151084428a94
273e849a-dc05-a8c3-0281-c8a2e827318d
5cd8d703-abee-3948-b6a3-3b7f3232a166
bd155994-0316-6a21-8dae-5d670006ab46
2ff3093c-53e8-9814-d2a8-c58f6c866dbb","d24481dd-66b0-1408-8e57-e95689202eb9,ece1a9ae-ffd4-aa16-ba60-f4aaf994a432,f6669f7b-58ec-429f-30e4-b854d25735fa,6f77c1f5-b663-996c-c336-72c1d5493d4b,fb061221-316e-c954-1422-57bb4f6b9a46,a0bcc770-67eb-ddb1-2e42-b9b81a701feb,1933364a-bd6f-e0c0-752b-7c7f863d1df1,3f87d147-04c5-93fc-37f6-6343c972be35,6df3b9f5-dec6-d891-7ee6-e22e1cf34fad,fd40db72-259e-a2c9-ccee-db7522824e5b,e1982368-275b-97fc-4174-151084428a94,273e849a-dc05-a8c3-0281-c8a2e827318d,5cd8d703-abee-3948-b6a3-3b7f3232a166,bd155994-0316-6a21-8dae-5d670006ab46,2ff3093c-53e8-9814-d2a8-c58f6c866dbb"
"2026-05-20T09:08:56.000+0000",VISA,"VISA,MASTERCARD","1779268136.177",EXIT,"INFO,ERROR,EXIT","12/27","01/27,02/27,03/27,04/27,05/27,06/27,07/27,08/27,09/27,10/27,11/27,12/27",177,1779268136,"6f77c1f5-b663-996c-c336-72c1d5493d4b","d24481dd-66b0-1408-8e57-e95689202eb9
ece1a9ae-ffd4-aa16-ba60-f4aaf994a432
f6669f7b-58ec-429f-30e4-b854d25735fa
6f77c1f5-b663-996c-c336-72c1d5493d4b
fb061221-316e-c954-1422-57bb4f6b9a46
a0bcc770-67eb-ddb1-2e42-b9b81a701feb
1933364a-bd6f-e0c0-752b-7c7f863d1df1
3f87d147-04c5-93fc-37f6-6343c972be35
6df3b9f5-dec6-d891-7ee6-e22e1cf34fad
fd40db72-259e-a2c9-ccee-db7522824e5b
e1982368-275b-97fc-4174-151084428a94
273e849a-dc05-a8c3-0281-c8a2e827318d
5cd8d703-abee-3948-b6a3-3b7f3232a166
bd155994-0316-6a21-8dae-5d670006ab46
2ff3093c-53e8-9814-d2a8-c58f6c866dbb","d24481dd-66b0-1408-8e57-e95689202eb9,ece1a9ae-ffd4-aa16-ba60-f4aaf994a432,f6669f7b-58ec-429f-30e4-b854d25735fa,6f77c1f5-b663-996c-c336-72c1d5493d4b,fb061221-316e-c954-1422-57bb4f6b9a46,a0bcc770-67eb-ddb1-2e42-b9b81a701feb,1933364a-bd6f-e0c0-752b-7c7f863d1df1,3f87d147-04c5-93fc-37f6-6343c972be35,6df3b9f5-dec6-d891-7ee6-e22e1cf34fad,fd40db72-259e-a2c9-ccee-db7522824e5b,e1982368-275b-97fc-4174-151084428a94,273e849a-dc05-a8c3-0281-c8a2e827318d,5cd8d703-abee-3948-b6a3-3b7f3232a166,bd155994-0316-6a21-8dae-5d670006ab46,2ff3093c-53e8-9814-d2a8-c58f6c866dbb"
"2026-05-26T06:17:12.000+0000",VISA,"VISA,MASTERCARD","1779776233.447",ERROR,"INFO,ERROR,EXIT","01/27","01/27,02/27,03/27,04/27,05/27,06/27,07/27,08/27,09/27,10/27,11/27,12/27",1447,1779776232,"6df3b9f5-dec6-d891-7ee6-e22e1cf34fad","d24481dd-66b0-1408-8e57-e95689202eb9
ece1a9ae-ffd4-aa16-ba60-f4aaf994a432
f6669f7b-58ec-429f-30e4-b854d25735fa
6f77c1f5-b663-996c-c336-72c1d5493d4b
fb061221-316e-c954-1422-57bb4f6b9a46
a0bcc770-67eb-ddb1-2e42-b9b81a701feb
1933364a-bd6f-e0c0-752b-7c7f863d1df1
3f87d147-04c5-93fc-37f6-6343c972be35
6df3b9f5-dec6-d891-7ee6-e22e1cf34fad
fd40db72-259e-a2c9-ccee-db7522824e5b
e1982368-275b-97fc-4174-151084428a94
273e849a-dc05-a8c3-0281-c8a2e827318d
5cd8d703-abee-3948-b6a3-3b7f3232a166
bd155994-0316-6a21-8dae-5d670006ab46
2ff3093c-53e8-9814-d2a8-c58f6c866dbb","d24481dd-66b0-1408-8e57-e95689202eb9,ece1a9ae-ffd4-aa16-ba60-f4aaf994a432,f6669f7b-58ec-429f-30e4-b854d25735fa,6f77c1f5-b663-996c-c336-72c1d5493d4b,fb061221-316e-c954-1422-57bb4f6b9a46,a0bcc770-67eb-ddb1-2e42-b9b81a701feb,1933364a-bd6f-e0c0-752b-7c7f863d1df1,3f87d147-04c5-93fc-37f6-6343c972be35,6df3b9f5-dec6-d891-7ee6-e22e1cf34fad,fd40db72-259e-a2c9-ccee-db7522824e5b,e1982368-275b-97fc-4174-151084428a94,273e849a-dc05-a8c3-0281-c8a2e827318d,5cd8d703-abee-3948-b6a3-3b7f3232a166,bd155994-0316-6a21-8dae-5d670006ab46,2ff3093c-53e8-9814-d2a8-c58f6c866dbb"
"2026-05-20T06:38:55.000+0000",MASTERCARD,"VISA,MASTERCARD","1779259135.854",INFO,"INFO,ERROR,EXIT","12/27","01/27,02/27,03/27,04/27,05/27,06/27,07/27,08/27,09/27,10/27,11/27,12/27",854,1779259135,"5cd8d703-abee-3948-b6a3-3b7f3232a166","d24481dd-66b0-1408-8e57-e95689202eb9
ece1a9ae-ffd4-aa16-ba60-f4aaf994a432
f6669f7b-58ec-429f-30e4-b854d25735fa
6f77c1f5-b663-996c-c336-72c1d5493d4b
fb061221-316e-c954-1422-57bb4f6b9a46
a0bcc770-67eb-ddb1-2e42-b9b81a701feb
1933364a-bd6f-e0c0-752b-7c7f863d1df1
3f87d147-04c5-93fc-37f6-6343c972be35
6df3b9f5-dec6-d891-7ee6-e22e1cf34fad
fd40db72-259e-a2c9-ccee-db7522824e5b
e1982368-275b-97fc-4174-151084428a94
273e849a-dc05-a8c3-0281-c8a2e827318d
5cd8d703-abee-3948-b6a3-3b7f3232a166
bd155994-0316-6a21-8dae-5d670006ab46
2ff3093c-53e8-9814-d2a8-c58f6c866dbb","d24481dd-66b0-1408-8e57-e95689202eb9,ece1a9ae-ffd4-aa16-ba60-f4aaf994a432,f6669f7b-58ec-429f-30e4-b854d25735fa,6f77c1f5-b663-996c-c336-72c1d5493d4b,fb061221-316e-c954-1422-57bb4f6b9a46,a0bcc770-67eb-ddb1-2e42-b9b81a701feb,1933364a-bd6f-e0c0-752b-7c7f863d1df1,3f87d147-04c5-93fc-37f6-6343c972be35,6df3b9f5-dec6-d891-7ee6-e22e1cf34fad,fd40db72-259e-a2c9-ccee-db7522824e5b,e1982368-275b-97fc-4174-151084428a94,273e849a-dc05-a8c3-0281-c8a2e827318d,5cd8d703-abee-3948-b6a3-3b7f3232a166,bd155994-0316-6a21-8dae-5d670006ab46,2ff3093c-53e8-9814-d2a8-c58f6c866dbb"
"2026-05-22T06:45:17.000+0000",VISA,"VISA,MASTERCARD","1779432318.488",EXIT,"INFO,ERROR,EXIT","04/27","01/27,02/27,03/27,04/27,05/27,06/27,07/27,08/27,09/27,10/27,11/27,12/27",1488,1779432317,"a0bcc770-67eb-ddb1-2e42-b9b81a701feb","d24481dd-66b0-1408-8e57-e95689202eb9
ece1a9ae-ffd4-aa16-ba60-f4aaf994a432
f6669f7b-58ec-429f-30e4-b854d25735fa
6f77c1f5-b663-996c-c336-72c1d5493d4b
fb061221-316e-c954-1422-57bb4f6b9a46
a0bcc770-67eb-ddb1-2e42-b9b81a701feb
1933364a-bd6f-e0c0-752b-7c7f863d1df1
3f87d147-04c5-93fc-37f6-6343c972be35
6df3b9f5-dec6-d891-7ee6-e22e1cf34fad
fd40db72-259e-a2c9-ccee-db7522824e5b
e1982368-275b-97fc-4174-151084428a94
273e849a-dc05-a8c3-0281-c8a2e827318d
5cd8d703-abee-3948-b6a3-3b7f3232a166
bd155994-0316-6a21-8dae-5d670006ab46
2ff3093c-53e8-9814-d2a8-c58f6c866dbb","d24481dd-66b0-1408-8e57-e95689202eb9,ece1a9ae-ffd4-aa16-ba60-f4aaf994a432,f6669f7b-58ec-429f-30e4-b854d25735fa,6f77c1f5-b663-996c-c336-72c1d5493d4b,fb061221-316e-c954-1422-57bb4f6b9a46,a0bcc770-67eb-ddb1-2e42-b9b81a701feb,1933364a-bd6f-e0c0-752b-7c7f863d1df1,3f87d147-04c5-93fc-37f6-6343c972be35,6df3b9f5-dec6-d891-7ee6-e22e1cf34fad,fd40db72-259e-a2c9-ccee-db7522824e5b,e1982368-275b-97fc-4174-151084428a94,273e849a-dc05-a8c3-0281-c8a2e827318d,5cd8d703-abee-3948-b6a3-3b7f3232a166,bd155994-0316-6a21-8dae-5d670006ab46,2ff3093c-53e8-9814-d2a8-c58f6c866dbb"
"2026-05-20T07:25:14.000+0000",MASTERCARD,"VISA,MASTERCARD","1779261914.978",EXIT,"INFO,ERROR,EXIT","05/27","01/27,02/27,03/27,04/27,05/27,06/27,07/27,08/27,09/27,10/27,11/27,12/27",978,1779261914,"6df3b9f5-dec6-d891-7ee6-e22e1cf34fad","d24481dd-66b0-1408-8e57-e95689202eb9
ece1a9ae-ffd4-aa16-ba60-f4aaf994a432
f6669f7b-58ec-429f-30e4-b854d25735fa
6f77c1f5-b663-996c-c336-72c1d5493d4b
fb061221-316e-c954-1422-57bb4f6b9a46
a0bcc770-67eb-ddb1-2e42-b9b81a701feb
1933364a-bd6f-e0c0-752b-7c7f863d1df1
3f87d147-04c5-93fc-37f6-6343c972be35
6df3b9f5-dec6-d891-7ee6-e22e1cf34fad
fd40db72-259e-a2c9-ccee-db7522824e5b
e1982368-275b-97fc-4174-151084428a94
273e849a-dc05-a8c3-0281-c8a2e827318d
5cd8d703-abee-3948-b6a3-3b7f3232a166
bd155994-0316-6a21-8dae-5d670006ab46
2ff3093c-53e8-9814-d2a8-c58f6c866dbb","d24481dd-66b0-1408-8e57-e95689202eb9,ece1a9ae-ffd4-aa16-ba60-f4aaf994a432,f6669f7b-58ec-429f-30e4-b854d25735fa,6f77c1f5-b663-996c-c336-72c1d5493d4b,fb061221-316e-c954-1422-57bb4f6b9a46,a0bcc770-67eb-ddb1-2e42-b9b81a701feb,1933364a-bd6f-e0c0-752b-7c7f863d1df1,3f87d147-04c5-93fc-37f6-6343c972be35,6df3b9f5-dec6-d891-7ee6-e22e1cf34fad,fd40db72-259e-a2c9-ccee-db7522824e5b,e1982368-275b-97fc-4174-151084428a94,273e849a-dc05-a8c3-0281-c8a2e827318d,5cd8d703-abee-3948-b6a3-3b7f3232a166,bd155994-0316-6a21-8dae-5d670006ab46,2ff3093c-53e8-9814-d2a8-c58f6c866dbb"
"2026-05-20T14:20:59.000+0000",MASTERCARD,"VISA,MASTERCARD","1779286860.456",INFO,"INFO,ERROR,EXIT","10/27","01/27,02/27,03/27,04/27,05/27,06/27,07/27,08/27,09/27,10/27,11/27,12/27",1456,1779286859,"5cd8d703-abee-3948-b6a3-3b7f3232a166","d24481dd-66b0-1408-8e57-e95689202eb9
ece1a9ae-ffd4-aa16-ba60-f4aaf994a432
f6669f7b-58ec-429f-30e4-b854d25735fa
6f77c1f5-b663-996c-c336-72c1d5493d4b
fb061221-316e-c954-1422-57bb4f6b9a46
a0bcc770-67eb-ddb1-2e42-b9b81a701feb
1933364a-bd6f-e0c0-752b-7c7f863d1df1
3f87d147-04c5-93fc-37f6-6343c972be35
6df3b9f5-dec6-d891-7ee6-e22e1cf34fad
fd40db72-259e-a2c9-ccee-db7522824e5b
e1982368-275b-97fc-4174-151084428a94
273e849a-dc05-a8c3-0281-c8a2e827318d
5cd8d703-abee-3948-b6a3-3b7f3232a166
bd155994-0316-6a21-8dae-5d670006ab46
2ff3093c-53e8-9814-d2a8-c58f6c866dbb","d24481dd-66b0-1408-8e57-e95689202eb9,ece1a9ae-ffd4-aa16-ba60-f4aaf994a432,f6669f7b-58ec-429f-30e4-b854d25735fa,6f77c1f5-b663-996c-c336-72c1d5493d4b,fb061221-316e-c954-1422-57bb4f6b9a46,a0bcc770-67eb-ddb1-2e42-b9b81a701feb,1933364a-bd6f-e0c0-752b-7c7f863d1df1,3f87d147-04c5-93fc-37f6-6343c972be35,6df3b9f5-dec6-d891-7ee6-e22e1cf34fad,fd40db72-259e-a2c9-ccee-db7522824e5b,e1982368-275b-97fc-4174-151084428a94,273e849a-dc05-a8c3-0281-c8a2e827318d,5cd8d703-abee-3948-b6a3-3b7f3232a166,bd155994-0316-6a21-8dae-5d670006ab46,2ff3093c-53e8-9814-d2a8-c58f6c866dbb"
"2026-05-22T16:32:12.000+0000",VISA,"VISA,MASTERCARD","1779467532.896",ERROR,"INFO,ERROR,EXIT","04/27","01/27,02/27,03/27,04/27,05/27,06/27,07/27,08/27,09/27,10/27,11/27,12/27",896,1779467532,"e1982368-275b-97fc-4174-151084428a94","d24481dd-66b0-1408-8e57-e95689202eb9
ece1a9ae-ffd4-aa16-ba60-f4aaf994a432
f6669f7b-58ec-429f-30e4-b854d25735fa
6f77c1f5-b663-996c-c336-72c1d5493d4b
fb061221-316e-c954-1422-57bb4f6b9a46
a0bcc770-67eb-ddb1-2e42-b9b81a701feb
1933364a-bd6f-e0c0-752b-7c7f863d1df1
3f87d147-04c5-93fc-37f6-6343c972be35
6df3b9f5-dec6-d891-7ee6-e22e1cf34fad
fd40db72-259e-a2c9-ccee-db7522824e5b
e1982368-275b-97fc-4174-151084428a94
273e849a-dc05-a8c3-0281-c8a2e827318d
5cd8d703-abee-3948-b6a3-3b7f3232a166
bd155994-0316-6a21-8dae-5d670006ab46
2ff3093c-53e8-9814-d2a8-c58f6c866dbb","d24481dd-66b0-1408-8e57-e95689202eb9,ece1a9ae-ffd4-aa16-ba60-f4aaf994a432,f6669f7b-58ec-429f-30e4-b854d25735fa,6f77c1f5-b663-996c-c336-72c1d5493d4b,fb061221-316e-c954-1422-57bb4f6b9a46,a0bcc770-67eb-ddb1-2e42-b9b81a701feb,1933364a-bd6f-e0c0-752b-7c7f863d1df1,3f87d147-04c5-93fc-37f6-6343c972be35,6df3b9f5-dec6-d891-7ee6-e22e1cf34fad,fd40db72-259e-a2c9-ccee-db7522824e5b,e1982368-275b-97fc-4174-151084428a94,273e849a-dc05-a8c3-0281-c8a2e827318d,5cd8d703-abee-3948-b6a3-3b7f3232a166,bd155994-0316-6a21-8dae-5d670006ab46,2ff3093c-53e8-9814-d2a8-c58f6c866dbb"
"2026-05-22T13:03:07.000+0000",VISA,"VISA,MASTERCARD","1779454988.518",ERROR,"INFO,ERROR,EXIT","08/27","01/27,02/27,03/27,04/27,05/27,06/27,07/27,08/27,09/27,10/27,11/27,12/27",1518,1779454987,"a0bcc770-67eb-ddb1-2e42-b9b81a701feb","d24481dd-66b0-1408-8e57-e95689202eb9
ece1a9ae-ffd4-aa16-ba60-f4aaf994a432
f6669f7b-58ec-429f-30e4-b854d25735fa
6f77c1f5-b663-996c-c336-72c1d5493d4b
fb061221-316e-c954-1422-57bb4f6b9a46
a0bcc770-67eb-ddb1-2e42-b9b81a701feb
1933364a-bd6f-e0c0-752b-7c7f863d1df1
3f87d147-04c5-93fc-37f6-6343c972be35
6df3b9f5-dec6-d891-7ee6-e22e1cf34fad
fd40db72-259e-a2c9-ccee-db7522824e5b
e1982368-275b-97fc-4174-151084428a94
273e849a-dc05-a8c3-0281-c8a2e827318d
5cd8d703-abee-3948-b6a3-3b7f3232a166
bd155994-0316-6a21-8dae-5d670006ab46
2ff3093c-53e8-9814-d2a8-c58f6c866dbb","d24481dd-66b0-1408-8e57-e95689202eb9,ece1a9ae-ffd4-aa16-ba60-f4aaf994a432,f6669f7b-58ec-429f-30e4-b854d25735fa,6f77c1f5-b663-996c-c336-72c1d5493d4b,fb061221-316e-c954-1422-57bb4f6b9a46,a0bcc770-67eb-ddb1-2e42-b9b81a701feb,1933364a-bd6f-e0c0-752b-7c7f863d1df1,3f87d147-04c5-93fc-37f6-6343c972be35,6df3b9f5-dec6-d891-7ee6-e22e1cf34fad,fd40db72-259e-a2c9-ccee-db7522824e5b,e1982368-275b-97fc-4174-151084428a94,273e849a-dc05-a8c3-0281-c8a2e827318d,5cd8d703-abee-3948-b6a3-3b7f3232a166,bd155994-0316-6a21-8dae-5d670006ab46,2ff3093c-53e8-9814-d2a8-c58f6c866dbb"
"2026-05-24T04:22:52.000+0000",MASTERCARD,"VISA,MASTERCARD","1779596573.481",INFO,"INFO,ERROR,EXIT","09/27","01/27,02/27,03/27,04/27,05/27,06/27,07/27,08/27,09/27,10/27,11/27,12/27",1481,1779596572,"ece1a9ae-ffd4-aa16-ba60-f4aaf994a432","d24481dd-66b0-1408-8e57-e95689202eb9
ece1a9ae-ffd4-aa16-ba60-f4aaf994a432
f6669f7b-58ec-429f-30e4-b854d25735fa
6f77c1f5-b663-996c-c336-72c1d5493d4b
fb061221-316e-c954-1422-57bb4f6b9a46
a0bcc770-67eb-ddb1-2e42-b9b81a701feb
1933364a-bd6f-e0c0-752b-7c7f863d1df1
3f87d147-04c5-93fc-37f6-6343c972be35
6df3b9f5-dec6-d891-7ee6-e22e1cf34fad
fd40db72-259e-a2c9-ccee-db7522824e5b
e1982368-275b-97fc-4174-151084428a94
273e849a-dc05-a8c3-0281-c8a2e827318d
5cd8d703-abee-3948-b6a3-3b7f3232a166
bd155994-0316-6a21-8dae-5d670006ab46
2ff3093c-53e8-9814-d2a8-c58f6c866dbb","d24481dd-66b0-1408-8e57-e95689202eb9,ece1a9ae-ffd4-aa16-ba60-f4aaf994a432,f6669f7b-58ec-429f-30e4-b854d25735fa,6f77c1f5-b663-996c-c336-72c1d5493d4b,fb061221-316e-c954-1422-57bb4f6b9a46,a0bcc770-67eb-ddb1-2e42-b9b81a701feb,1933364a-bd6f-e0c0-752b-7c7f863d1df1,3f87d147-04c5-93fc-37f6-6343c972be35,6df3b9f5-dec6-d891-7ee6-e22e1cf34fad,fd40db72-259e-a2c9-ccee-db7522824e5b,e1982368-275b-97fc-4174-151084428a94,273e849a-dc05-a8c3-0281-c8a2e827318d,5cd8d703-abee-3948-b6a3-3b7f3232a166,bd155994-0316-6a21-8dae-5d670006ab46,2ff3093c-53e8-9814-d2a8-c58f6c866dbb"
"2026-05-24T04:28:51.000+0000",MASTERCARD,"VISA,MASTERCARD","1779596932.27",EXIT,"INFO,ERROR,EXIT","04/27","01/27,02/27,03/27,04/27,05/27,06/27,07/27,08/27,09/27,10/27,11/27,12/27",1270,1779596931,"3f87d147-04c5-93fc-37f6-6343c972be35","d24481dd-66b0-1408-8e57-e95689202eb9
ece1a9ae-ffd4-aa16-ba60-f4aaf994a432
f6669f7b-58ec-429f-30e4-b854d25735fa
6f77c1f5-b663-996c-c336-72c1d5493d4b
fb061221-316e-c954-1422-57bb4f6b9a46
a0bcc770-67eb-ddb1-2e42-b9b81a701feb
1933364a-bd6f-e0c0-752b-7c7f863d1df1
3f87d147-04c5-93fc-37f6-6343c972be35
6df3b9f5-dec6-d891-7ee6-e22e1cf34fad
fd40db72-259e-a2c9-ccee-db7522824e5b
e1982368-275b-97fc-4174-151084428a94
273e849a-dc05-a8c3-0281-c8a2e827318d
5cd8d703-abee-3948-b6a3-3b7f3232a166
bd155994-0316-6a21-8dae-5d670006ab46
2ff3093c-53e8-9814-d2a8-c58f6c866dbb","d24481dd-66b0-1408-8e57-e95689202eb9,ece1a9ae-ffd4-aa16-ba60-f4aaf994a432,f6669f7b-58ec-429f-30e4-b854d25735fa,6f77c1f5-b663-996c-c336-72c1d5493d4b,fb061221-316e-c954-1422-57bb4f6b9a46,a0bcc770-67eb-ddb1-2e42-b9b81a701feb,1933364a-bd6f-e0c0-752b-7c7f863d1df1,3f87d147-04c5-93fc-37f6-6343c972be35,6df3b9f5-dec6-d891-7ee6-e22e1cf34fad,fd40db72-259e-a2c9-ccee-db7522824e5b,e1982368-275b-97fc-4174-151084428a94,273e849a-dc05-a8c3-0281-c8a2e827318d,5cd8d703-abee-3948-b6a3-3b7f3232a166,bd155994-0316-6a21-8dae-5d670006ab46,2ff3093c-53e8-9814-d2a8-c58f6c866dbb"
"2026-05-24T10:49:48.000+0000",VISA,"VISA,MASTERCARD","1779619788.557",EXIT,"INFO,ERROR,EXIT","01/27","01/27,02/27,03/27,04/27,05/27,06/27,07/27,08/27,09/27,10/27,11/27,12/27",557,1779619788,"fd40db72-259e-a2c9-ccee-db7522824e5b","d24481dd-66b0-1408-8e57-e95689202eb9
ece1a9ae-ffd4-aa16-ba60-f4aaf994a432
f6669f7b-58ec-429f-30e4-b854d25735fa
6f77c1f5-b663-996c-c336-72c1d5493d4b
fb061221-316e-c954-1422-57bb4f6b9a46
a0bcc770-67eb-ddb1-2e42-b9b81a701feb
1933364a-bd6f-e0c0-752b-7c7f863d1df1
3f87d147-04c5-93fc-37f6-6343c972be35
6df3b9f5-dec6-d891-7ee6-e22e1cf34fad
fd40db72-259e-a2c9-ccee-db7522824e5b
e1982368-275b-97fc-4174-151084428a94
273e849a-dc05-a8c3-0281-c8a2e827318d
5cd8d703-abee-3948-b6a3-3b7f3232a166
bd155994-0316-6a21-8dae-5d670006ab46
2ff3093c-53e8-9814-d2a8-c58f6c866dbb","d24481dd-66b0-1408-8e57-e95689202eb9,ece1a9ae-ffd4-aa16-ba60-f4aaf994a432,f6669f7b-58ec-429f-30e4-b854d25735fa,6f77c1f5-b663-996c-c336-72c1d5493d4b,fb061221-316e-c954-1422-57bb4f6b9a46,a0bcc770-67eb-ddb1-2e42-b9b81a701feb,1933364a-bd6f-e0c0-752b-7c7f863d1df1,3f87d147-04c5-93fc-37f6-6343c972be35,6df3b9f5-dec6-d891-7ee6-e22e1cf34fad,fd40db72-259e-a2c9-ccee-db7522824e5b,e1982368-275b-97fc-4174-151084428a94,273e849a-dc05-a8c3-0281-c8a2e827318d,5cd8d703-abee-3948-b6a3-3b7f3232a166,bd155994-0316-6a21-8dae-5d670006ab46,2ff3093c-53e8-9814-d2a8-c58f6c866dbb"
"2026-05-23T13:12:50.000+0000",VISA,"VISA,MASTERCARD","1779541971.159",EXIT,"INFO,ERROR,EXIT","05/27","01/27,02/27,03/27,04/27,05/27,06/27,07/27,08/27,09/27,10/27,11/27,12/27",1159,1779541970,"a0bcc770-67eb-ddb1-2e42-b9b81a701feb","d24481dd-66b0-1408-8e57-e95689202eb9
ece1a9ae-ffd4-aa16-ba60-f4aaf994a432
f6669f7b-58ec-429f-30e4-b854d25735fa
6f77c1f5-b663-996c-c336-72c1d5493d4b
fb061221-316e-c954-1422-57bb4f6b9a46
a0bcc770-67eb-ddb1-2e42-b9b81a701feb
1933364a-bd6f-e0c0-752b-7c7f863d1df1
3f87d147-04c5-93fc-37f6-6343c972be35
6df3b9f5-dec6-d891-7ee6-e22e1cf34fad
fd40db72-259e-a2c9-ccee-db7522824e5b
e1982368-275b-97fc-4174-151084428a94
273e849a-dc05-a8c3-0281-c8a2e827318d
5cd8d703-abee-3948-b6a3-3b7f3232a166
bd155994-0316-6a21-8dae-5d670006ab46
2ff3093c-53e8-9814-d2a8-c58f6c866dbb","d24481dd-66b0-1408-8e57-e95689202eb9,ece1a9ae-ffd4-aa16-ba60-f4aaf994a432,f6669f7b-58ec-429f-30e4-b854d25735fa,6f77c1f5-b663-996c-c336-72c1d5493d4b,fb061221-316e-c954-1422-57bb4f6b9a46,a0bcc770-67eb-ddb1-2e42-b9b81a701feb,1933364a-bd6f-e0c0-752b-7c7f863d1df1,3f87d147-04c5-93fc-37f6-6343c972be35,6df3b9f5-dec6-d891-7ee6-e22e1cf34fad,fd40db72-259e-a2c9-ccee-db7522824e5b,e1982368-275b-97fc-4174-151084428a94,273e849a-dc05-a8c3-0281-c8a2e827318d,5cd8d703-abee-3948-b6a3-3b7f3232a166,bd155994-0316-6a21-8dae-5d670006ab46,2ff3093c-53e8-9814-d2a8-c58f6c866dbb"
"2026-05-24T18:33:13.000+0000",VISA,"VISA,MASTERCARD","1779647593.626",INFO,"INFO,ERROR,EXIT","08/27","01/27,02/27,03/27,04/27,05/27,06/27,07/27,08/27,09/27,10/27,11/27,12/27",626,1779647593,"3f87d147-04c5-93fc-37f6-6343c972be35","d24481dd-66b0-1408-8e57-e95689202eb9
ece1a9ae-ffd4-aa16-ba60-f4aaf994a432
f6669f7b-58ec-429f-30e4-b854d25735fa
6f77c1f5-b663-996c-c336-72c1d5493d4b
fb061221-316e-c954-1422-57bb4f6b9a46
a0bcc770-67eb-ddb1-2e42-b9b81a701feb
1933364a-bd6f-e0c0-752b-7c7f863d1df1
3f87d147-04c5-93fc-37f6-6343c972be35
6df3b9f5-dec6-d891-7ee6-e22e1cf34fad
fd40db72-259e-a2c9-ccee-db7522824e5b
e1982368-275b-97fc-4174-151084428a94
273e849a-dc05-a8c3-0281-c8a2e827318d
5cd8d703-abee-3948-b6a3-3b7f3232a166
bd155994-0316-6a21-8dae-5d670006ab46
2ff3093c-53e8-9814-d2a8-c58f6c866dbb","d24481dd-66b0-1408-8e57-e95689202eb9,ece1a9ae-ffd4-aa16-ba60-f4aaf994a432,f6669f7b-58ec-429f-30e4-b854d25735fa,6f77c1f5-b663-996c-c336-72c1d5493d4b,fb061221-316e-c954-1422-57bb4f6b9a46,a0bcc770-67eb-ddb1-2e42-b9b81a701feb,1933364a-bd6f-e0c0-752b-7c7f863d1df1,3f87d147-04c5-93fc-37f6-6343c972be35,6df3b9f5-dec6-d891-7ee6-e22e1cf34fad,fd40db72-259e-a2c9-ccee-db7522824e5b,e1982368-275b-97fc-4174-151084428a94,273e849a-dc05-a8c3-0281-c8a2e827318d,5cd8d703-abee-3948-b6a3-3b7f3232a166,bd155994-0316-6a21-8dae-5d670006ab46,2ff3093c-53e8-9814-d2a8-c58f6c866dbb"
"2026-05-22T04:21:39.000+0000",VISA,"VISA,MASTERCARD","1779423699.463",ERROR,"INFO,ERROR,EXIT","03/27","01/27,02/27,03/27,04/27,05/27,06/27,07/27,08/27,09/27,10/27,11/27,12/27",463,1779423699,"3f87d147-04c5-93fc-37f6-6343c972be35","d24481dd-66b0-1408-8e57-e95689202eb9
ece1a9ae-ffd4-aa16-ba60-f4aaf994a432
f6669f7b-58ec-429f-30e4-b854d25735fa
6f77c1f5-b663-996c-c336-72c1d5493d4b
fb061221-316e-c954-1422-57bb4f6b9a46
a0bcc770-67eb-ddb1-2e42-b9b81a701feb
1933364a-bd6f-e0c0-752b-7c7f863d1df1
3f87d147-04c5-93fc-37f6-6343c972be35
6df3b9f5-dec6-d891-7ee6-e22e1cf34fad
fd40db72-259e-a2c9-ccee-db7522824e5b
e1982368-275b-97fc-4174-151084428a94
273e849a-dc05-a8c3-0281-c8a2e827318d
5cd8d703-abee-3948-b6a3-3b7f3232a166
bd155994-0316-6a21-8dae-5d670006ab46
2ff3093c-53e8-9814-d2a8-c58f6c866dbb","d24481dd-66b0-1408-8e57-e95689202eb9,ece1a9ae-ffd4-aa16-ba60-f4aaf994a432,f6669f7b-58ec-429f-30e4-b854d25735fa,6f77c1f5-b663-996c-c336-72c1d5493d4b,fb061221-316e-c954-1422-57bb4f6b9a46,a0bcc770-67eb-ddb1-2e42-b9b81a701feb,1933364a-bd6f-e0c0-752b-7c7f863d1df1,3f87d147-04c5-93fc-37f6-6343c972be35,6df3b9f5-dec6-d891-7ee6-e22e1cf34fad,fd40db72-259e-a2c9-ccee-db7522824e5b,e1982368-275b-97fc-4174-151084428a94,273e849a-dc05-a8c3-0281-c8a2e827318d,5cd8d703-abee-3948-b6a3-3b7f3232a166,bd155994-0316-6a21-8dae-5d670006ab46,2ff3093c-53e8-9814-d2a8-c58f6c866dbb"
"2026-05-23T07:01:04.000+0000",VISA,"VISA,MASTERCARD","1779519665.063",EXIT,"INFO,ERROR,EXIT","08/27","01/27,02/27,03/27,04/27,05/27,06/27,07/27,08/27,09/27,10/27,11/27,12/27",1063,1779519664,"6df3b9f5-dec6-d891-7ee6-e22e1cf34fad","d24481dd-66b0-1408-8e57-e95689202eb9
ece1a9ae-ffd4-aa16-ba60-f4aaf994a432
f6669f7b-58ec-429f-30e4-b854d25735fa
6f77c1f5-b663-996c-c336-72c1d5493d4b
fb061221-316e-c954-1422-57bb4f6b9a46
a0bcc770-67eb-ddb1-2e42-b9b81a701feb
1933364a-bd6f-e0c0-752b-7c7f863d1df1
3f87d147-04c5-93fc-37f6-6343c972be35
6df3b9f5-dec6-d891-7ee6-e22e1cf34fad
fd40db72-259e-a2c9-ccee-db7522824e5b
e1982368-275b-97fc-4174-151084428a94
273e849a-dc05-a8c3-0281-c8a2e827318d
5cd8d703-abee-3948-b6a3-3b7f3232a166
bd155994-0316-6a21-8dae-5d670006ab46
2ff3093c-53e8-9814-d2a8-c58f6c866dbb","d24481dd-66b0-1408-8e57-e95689202eb9,ece1a9ae-ffd4-aa16-ba60-f4aaf994a432,f6669f7b-58ec-429f-30e4-b854d25735fa,6f77c1f5-b663-996c-c336-72c1d5493d4b,fb061221-316e-c954-1422-57bb4f6b9a46,a0bcc770-67eb-ddb1-2e42-b9b81a701feb,1933364a-bd6f-e0c0-752b-7c7f863d1df1,3f87d147-04c5-93fc-37f6-6343c972be35,6df3b9f5-dec6-d891-7ee6-e22e1cf34fad,fd40db72-259e-a2c9-ccee-db7522824e5b,e1982368-275b-97fc-4174-151084428a94,273e849a-dc05-a8c3-0281-c8a2e827318d,5cd8d703-abee-3948-b6a3-3b7f3232a166,bd155994-0316-6a21-8dae-5d670006ab46,2ff3093c-53e8-9814-d2a8-c58f6c866dbb"
"2026-05-24T13:12:28.000+0000",MASTERCARD,"VISA,MASTERCARD","1779628349.403",EXIT,"INFO,ERROR,EXIT","04/27","01/27,02/27,03/27,04/27,05/27,06/27,07/27,08/27,09/27,10/27,11/27,12/27",1403,1779628348,"bd155994-0316-6a21-8dae-5d670006ab46","d24481dd-66b0-1408-8e57-e95689202eb9
ece1a9ae-ffd4-aa16-ba60-f4aaf994a432
f6669f7b-58ec-429f-30e4-b854d25735fa
6f77c1f5-b663-996c-c336-72c1d5493d4b
fb061221-316e-c954-1422-57bb4f6b9a46
a0bcc770-67eb-ddb1-2e42-b9b81a701feb
1933364a-bd6f-e0c0-752b-7c7f863d1df1
3f87d147-04c5-93fc-37f6-6343c972be35
6df3b9f5-dec6-d891-7ee6-e22e1cf34fad
fd40db72-259e-a2c9-ccee-db7522824e5b
e1982368-275b-97fc-4174-151084428a94
273e849a-dc05-a8c3-0281-c8a2e827318d
5cd8d703-abee-3948-b6a3-3b7f3232a166
bd155994-0316-6a21-8dae-5d670006ab46
2ff3093c-53e8-9814-d2a8-c58f6c866dbb","d24481dd-66b0-1408-8e57-e95689202eb9,ece1a9ae-ffd4-aa16-ba60-f4aaf994a432,f6669f7b-58ec-429f-30e4-b854d25735fa,6f77c1f5-b663-996c-c336-72c1d5493d4b,fb061221-316e-c954-1422-57bb4f6b9a46,a0bcc770-67eb-ddb1-2e42-b9b81a701feb,1933364a-bd6f-e0c0-752b-7c7f863d1df1,3f87d147-04c5-93fc-37f6-6343c972be35,6df3b9f5-dec6-d891-7ee6-e22e1cf34fad,fd40db72-259e-a2c9-ccee-db7522824e5b,e1982368-275b-97fc-4174-151084428a94,273e849a-dc05-a8c3-0281-c8a2e827318d,5cd8d703-abee-3948-b6a3-3b7f3232a166,bd155994-0316-6a21-8dae-5d670006ab46,2ff3093c-53e8-9814-d2a8-c58f6c866dbb"
"2026-05-19T18:54:21.000+0000",MASTERCARD,"VISA,MASTERCARD","1779216862.252",EXIT,"INFO,ERROR,EXIT","06/27","01/27,02/27,03/27,04/27,05/27,06/27,07/27,08/27,09/27,10/27,11/27,12/27",1252,1779216861,"6df3b9f5-dec6-d891-7ee6-e22e1cf34fad","d24481dd-66b0-1408-8e57-e95689202eb9
ece1a9ae-ffd4-aa16-ba60-f4aaf994a432
f6669f7b-58ec-429f-30e4-b854d25735fa
6f77c1f5-b663-996c-c336-72c1d5493d4b
fb061221-316e-c954-1422-57bb4f6b9a46
a0bcc770-67eb-ddb1-2e42-b9b81a701feb
1933364a-bd6f-e0c0-752b-7c7f863d1df1
3f87d147-04c5-93fc-37f6-6343c972be35
6df3b9f5-dec6-d891-7ee6-e22e1cf34fad
fd40db72-259e-a2c9-ccee-db7522824e5b
e1982368-275b-97fc-4174-151084428a94
273e849a-dc05-a8c3-0281-c8a2e827318d
5cd8d703-abee-3948-b6a3-3b7f3232a166
bd155994-0316-6a21-8dae-5d670006ab46
2ff3093c-53e8-9814-d2a8-c58f6c866dbb","d24481dd-66b0-1408-8e57-e95689202eb9,ece1a9ae-ffd4-aa16-ba60-f4aaf994a432,f6669f7b-58ec-429f-30e4-b854d25735fa,6f77c1f5-b663-996c-c336-72c1d5493d4b,fb061221-316e-c954-1422-57bb4f6b9a46,a0bcc770-67eb-ddb1-2e42-b9b81a701feb,1933364a-bd6f-e0c0-752b-7c7f863d1df1,3f87d147-04c5-93fc-37f6-6343c972be35,6df3b9f5-dec6-d891-7ee6-e22e1cf34fad,fd40db72-259e-a2c9-ccee-db7522824e5b,e1982368-275b-97fc-4174-151084428a94,273e849a-dc05-a8c3-0281-c8a2e827318d,5cd8d703-abee-3948-b6a3-3b7f3232a166,bd155994-0316-6a21-8dae-5d670006ab46,2ff3093c-53e8-9814-d2a8-c58f6c866dbb"
"2026-05-21T08:50:38.000+0000",VISA,"VISA,MASTERCARD","1779353439.508",EXIT,"INFO,ERROR,EXIT","02/27","01/27,02/27,03/27,04/27,05/27,06/27,07/27,08/27,09/27,10/27,11/27,12/27",1508,1779353438,"1933364a-bd6f-e0c0-752b-7c7f863d1df1","d24481dd-66b0-1408-8e57-e95689202eb9
ece1a9ae-ffd4-aa16-ba60-f4aaf994a432
f6669f7b-58ec-429f-30e4-b854d25735fa
6f77c1f5-b663-996c-c336-72c1d5493d4b
fb061221-316e-c954-1422-57bb4f6b9a46
a0bcc770-67eb-ddb1-2e42-b9b81a701feb
1933364a-bd6f-e0c0-752b-7c7f863d1df1
3f87d147-04c5-93fc-37f6-6343c972be35
6df3b9f5-dec6-d891-7ee6-e22e1cf34fad
fd40db72-259e-a2c9-ccee-db7522824e5b
e1982368-275b-97fc-4174-151084428a94
273e849a-dc05-a8c3-0281-c8a2e827318d
5cd8d703-abee-3948-b6a3-3b7f3232a166
bd155994-0316-6a21-8dae-5d670006ab46
2ff3093c-53e8-9814-d2a8-c58f6c866dbb","d24481dd-66b0-1408-8e57-e95689202eb9,ece1a9ae-ffd4-aa16-ba60-f4aaf994a432,f6669f7b-58ec-429f-30e4-b854d25735fa,6f77c1f5-b663-996c-c336-72c1d5493d4b,fb061221-316e-c954-1422-57bb4f6b9a46,a0bcc770-67eb-ddb1-2e42-b9b81a701feb,1933364a-bd6f-e0c0-752b-7c7f863d1df1,3f87d147-04c5-93fc-37f6-6343c972be35,6df3b9f5-dec6-d891-7ee6-e22e1cf34fad,fd40db72-259e-a2c9-ccee-db7522824e5b,e1982368-275b-97fc-4174-151084428a94,273e849a-dc05-a8c3-0281-c8a2e827318d,5cd8d703-abee-3948-b6a3-3b7f3232a166,bd155994-0316-6a21-8dae-5d670006ab46,2ff3093c-53e8-9814-d2a8-c58f6c866dbb"
"2026-05-19T17:05:13.000+0000",VISA,"VISA,MASTERCARD","1779210313.087",EXIT,"INFO,ERROR,EXIT","06/27","01/27,02/27,03/27,04/27,05/27,06/27,07/27,08/27,09/27,10/27,11/27,12/27",87,1779210313,"e1982368-275b-97fc-4174-151084428a94","d24481dd-66b0-1408-8e57-e95689202eb9
ece1a9ae-ffd4-aa16-ba60-f4aaf994a432
f6669f7b-58ec-429f-30e4-b854d25735fa
6f77c1f5-b663-996c-c336-72c1d5493d4b
fb061221-316e-c954-1422-57bb4f6b9a46
a0bcc770-67eb-ddb1-2e42-b9b81a701feb
1933364a-bd6f-e0c0-752b-7c7f863d1df1
3f87d147-04c5-93fc-37f6-6343c972be35
6df3b9f5-dec6-d891-7ee6-e22e1cf34fad
fd40db72-259e-a2c9-ccee-db7522824e5b
e1982368-275b-97fc-4174-151084428a94
273e849a-dc05-a8c3-0281-c8a2e827318d
5cd8d703-abee-3948-b6a3-3b7f3232a166
bd155994-0316-6a21-8dae-5d670006ab46
2ff3093c-53e8-9814-d2a8-c58f6c866dbb","d24481dd-66b0-1408-8e57-e95689202eb9,ece1a9ae-ffd4-aa16-ba60-f4aaf994a432,f6669f7b-58ec-429f-30e4-b854d25735fa,6f77c1f5-b663-996c-c336-72c1d5493d4b,fb061221-316e-c954-1422-57bb4f6b9a46,a0bcc770-67eb-ddb1-2e42-b9b81a701feb,1933364a-bd6f-e0c0-752b-7c7f863d1df1,3f87d147-04c5-93fc-37f6-6343c972be35,6df3b9f5-dec6-d891-7ee6-e22e1cf34fad,fd40db72-259e-a2c9-ccee-db7522824e5b,e1982368-275b-97fc-4174-151084428a94,273e849a-dc05-a8c3-0281-c8a2e827318d,5cd8d703-abee-3948-b6a3-3b7f3232a166,bd155994-0316-6a21-8dae-5d670006ab46,2ff3093c-53e8-9814-d2a8-c58f6c866dbb"
"2026-05-19T14:51:13.000+0000",MASTERCARD,"VISA,MASTERCARD","1779202274.546",EXIT,"INFO,ERROR,EXIT","09/27","01/27,02/27,03/27,04/27,05/27,06/27,07/27,08/27,09/27,10/27,11/27,12/27",1546,1779202273,"bd155994-0316-6a21-8dae-5d670006ab46","d24481dd-66b0-1408-8e57-e95689202eb9
ece1a9ae-ffd4-aa16-ba60-f4aaf994a432
f6669f7b-58ec-429f-30e4-b854d25735fa
6f77c1f5-b663-996c-c336-72c1d5493d4b
fb061221-316e-c954-1422-57bb4f6b9a46
a0bcc770-67eb-ddb1-2e42-b9b81a701feb
1933364a-bd6f-e0c0-752b-7c7f863d1df1
3f87d147-04c5-93fc-37f6-6343c972be35
6df3b9f5-dec6-d891-7ee6-e22e1cf34fad
fd40db72-259e-a2c9-ccee-db7522824e5b
e1982368-275b-97fc-4174-151084428a94
273e849a-dc05-a8c3-0281-c8a2e827318d
5cd8d703-abee-3948-b6a3-3b7f3232a166
bd155994-0316-6a21-8dae-5d670006ab46
2ff3093c-53e8-9814-d2a8-c58f6c866dbb","d24481dd-66b0-1408-8e57-e95689202eb9,ece1a9ae-ffd4-aa16-ba60-f4aaf994a432,f6669f7b-58ec-429f-30e4-b854d25735fa,6f77c1f5-b663-996c-c336-72c1d5493d4b,fb061221-316e-c954-1422-57bb4f6b9a46,a0bcc770-67eb-ddb1-2e42-b9b81a701feb,1933364a-bd6f-e0c0-752b-7c7f863d1df1,3f87d147-04c5-93fc-37f6-6343c972be35,6df3b9f5-dec6-d891-7ee6-e22e1cf34fad,fd40db72-259e-a2c9-ccee-db7522824e5b,e1982368-275b-97fc-4174-151084428a94,273e849a-dc05-a8c3-0281-c8a2e827318d,5cd8d703-abee-3948-b6a3-3b7f3232a166,bd155994-0316-6a21-8dae-5d670006ab46,2ff3093c-53e8-9814-d2a8-c58f6c866dbb"
"2026-05-19T18:18:19.000+0000",MASTERCARD,"VISA,MASTERCARD","1779214700.264",EXIT,"INFO,ERROR,EXIT","06/27","01/27,02/27,03/27,04/27,05/27,06/27,07/27,08/27,09/27,10/27,11/27,12/27",1264,1779214699,"f6669f7b-58ec-429f-30e4-b854d25735fa","d24481dd-66b0-1408-8e57-e95689202eb9
ece1a9ae-ffd4-aa16-ba60-f4aaf994a432
f6669f7b-58ec-429f-30e4-b854d25735fa
6f77c1f5-b663-996c-c336-72c1d5493d4b
fb061221-316e-c954-1422-57bb4f6b9a46
a0bcc770-67eb-ddb1-2e42-b9b81a701feb
1933364a-bd6f-e0c0-752b-7c7f863d1df1
3f87d147-04c5-93fc-37f6-6343c972be35
6df3b9f5-dec6-d891-7ee6-e22e1cf34fad
fd40db72-259e-a2c9-ccee-db7522824e5b
e1982368-275b-97fc-4174-151084428a94
273e849a-dc05-a8c3-0281-c8a2e827318d
5cd8d703-abee-3948-b6a3-3b7f3232a166
bd155994-0316-6a21-8dae-5d670006ab46
2ff3093c-53e8-9814-d2a8-c58f6c866dbb","d24481dd-66b0-1408-8e57-e95689202eb9,ece1a9ae-ffd4-aa16-ba60-f4aaf994a432,f6669f7b-58ec-429f-30e4-b854d25735fa,6f77c1f5-b663-996c-c336-72c1d5493d4b,fb061221-316e-c954-1422-57bb4f6b9a46,a0bcc770-67eb-ddb1-2e42-b9b81a701feb,1933364a-bd6f-e0c0-752b-7c7f863d1df1,3f87d147-04c5-93fc-37f6-6343c972be35,6df3b9f5-dec6-d891-7ee6-e22e1cf34fad,fd40db72-259e-a2c9-ccee-db7522824e5b,e1982368-275b-97fc-4174-151084428a94,273e849a-dc05-a8c3-0281-c8a2e827318d,5cd8d703-abee-3948-b6a3-3b7f3232a166,bd155994-0316-6a21-8dae-5d670006ab46,2ff3093c-53e8-9814-d2a8-c58f6c866dbb"
"2026-05-24T01:30:54.000+0000",MASTERCARD,"VISA,MASTERCARD","1779586254.403",INFO,"INFO,ERROR,EXIT","03/27","01/27,02/27,03/27,04/27,05/27,06/27,07/27,08/27,09/27,10/27,11/27,12/27",403,1779586254,"ece1a9ae-ffd4-aa16-ba60-f4aaf994a432","d24481dd-66b0-1408-8e57-e95689202eb9
ece1a9ae-ffd4-aa16-ba60-f4aaf994a432
f6669f7b-58ec-429f-30e4-b854d25735fa
6f77c1f5-b663-996c-c336-72c1d5493d4b
fb061221-316e-c954-1422-57bb4f6b9a46
a0bcc770-67eb-ddb1-2e42-b9b81a701feb
1933364a-bd6f-e0c0-752b-7c7f863d1df1
3f87d147-04c5-93fc-37f6-6343c972be35
6df3b9f5-dec6-d891-7ee6-e22e1cf34fad
fd40db72-259e-a2c9-ccee-db7522824e5b
e1982368-275b-97fc-4174-151084428a94
273e849a-dc05-a8c3-0281-c8a2e827318d
5cd8d703-abee-3948-b6a3-3b7f3232a166
bd155994-0316-6a21-8dae-5d670006ab46
2ff3093c-53e8-9814-d2a8-c58f6c866dbb","d24481dd-66b0-1408-8e57-e95689202eb9,ece1a9ae-ffd4-aa16-ba60-f4aaf994a432,f6669f7b-58ec-429f-30e4-b854d25735fa,6f77c1f5-b663-996c-c336-72c1d5493d4b,fb061221-316e-c954-1422-57bb4f6b9a46,a0bcc770-67eb-ddb1-2e42-b9b81a701feb,1933364a-bd6f-e0c0-752b-7c7f863d1df1,3f87d147-04c5-93fc-37f6-6343c972be35,6df3b9f5-dec6-d891-7ee6-e22e1cf34fad,fd40db72-259e-a2c9-ccee-db7522824e5b,e1982368-275b-97fc-4174-151084428a94,273e849a-dc05-a8c3-0281-c8a2e827318d,5cd8d703-abee-3948-b6a3-3b7f3232a166,bd155994-0316-6a21-8dae-5d670006ab46,2ff3093c-53e8-9814-d2a8-c58f6c866dbb"
"2026-05-19T18:39:59.000+0000",VISA,"VISA,MASTERCARD","1779216000.383",INFO,"INFO,ERROR,EXIT","08/27","01/27,02/27,03/27,04/27,05/27,06/27,07/27,08/27,09/27,10/27,11/27,12/27",1383,1779215999,"6f77c1f5-b663-996c-c336-72c1d5493d4b","d24481dd-66b0-1408-8e57-e95689202eb9
ece1a9ae-ffd4-aa16-ba60-f4aaf994a432
f6669f7b-58ec-429f-30e4-b854d25735fa
6f77c1f5-b663-996c-c336-72c1d5493d4b
fb061221-316e-c954-1422-57bb4f6b9a46
a0bcc770-67eb-ddb1-2e42-b9b81a701feb
1933364a-bd6f-e0c0-752b-7c7f863d1df1
3f87d147-04c5-93fc-37f6-6343c972be35
6df3b9f5-dec6-d891-7ee6-e22e1cf34fad
fd40db72-259e-a2c9-ccee-db7522824e5b
e1982368-275b-97fc-4174-151084428a94
273e849a-dc05-a8c3-0281-c8a2e827318d
5cd8d703-abee-3948-b6a3-3b7f3232a166
bd155994-0316-6a21-8dae-5d670006ab46
2ff3093c-53e8-9814-d2a8-c58f6c866dbb","d24481dd-66b0-1408-8e57-e95689202eb9,ece1a9ae-ffd4-aa16-ba60-f4aaf994a432,f6669f7b-58ec-429f-30e4-b854d25735fa,6f77c1f5-b663-996c-c336-72c1d5493d4b,fb061221-316e-c954-1422-57bb4f6b9a46,a0bcc770-67eb-ddb1-2e42-b9b81a701feb,1933364a-bd6f-e0c0-752b-7c7f863d1df1,3f87d147-04c5-93fc-37f6-6343c972be35,6df3b9f5-dec6-d891-7ee6-e22e1cf34fad,fd40db72-259e-a2c9-ccee-db7522824e5b,e1982368-275b-97fc-4174-151084428a94,273e849a-dc05-a8c3-0281-c8a2e827318d,5cd8d703-abee-3948-b6a3-3b7f3232a166,bd155994-0316-6a21-8dae-5d670006ab46,2ff3093c-53e8-9814-d2a8-c58f6c866dbb"
"2026-05-19T23:32:04.000+0000",MASTERCARD,"VISA,MASTERCARD","1779233525.392",EXIT,"INFO,ERROR,EXIT","03/27","01/27,02/27,03/27,04/27,05/27,06/27,07/27,08/27,09/27,10/27,11/27,12/27",1392,1779233524,"bd155994-0316-6a21-8dae-5d670006ab46","d24481dd-66b0-1408-8e57-e95689202eb9
ece1a9ae-ffd4-aa16-ba60-f4aaf994a432
f6669f7b-58ec-429f-30e4-b854d25735fa
6f77c1f5-b663-996c-c336-72c1d5493d4b
fb061221-316e-c954-1422-57bb4f6b9a46
a0bcc770-67eb-ddb1-2e42-b9b81a701feb
1933364a-bd6f-e0c0-752b-7c7f863d1df1
3f87d147-04c5-93fc-37f6-6343c972be35
6df3b9f5-dec6-d891-7ee6-e22e1cf34fad
fd40db72-259e-a2c9-ccee-db7522824e5b
e1982368-275b-97fc-4174-151084428a94
273e849a-dc05-a8c3-0281-c8a2e827318d
5cd8d703-abee-3948-b6a3-3b7f3232a166
bd155994-0316-6a21-8dae-5d670006ab46
2ff3093c-53e8-9814-d2a8-c58f6c866dbb","d24481dd-66b0-1408-8e57-e95689202eb9,ece1a9ae-ffd4-aa16-ba60-f4aaf994a432,f6669f7b-58ec-429f-30e4-b854d25735fa,6f77c1f5-b663-996c-c336-72c1d5493d4b,fb061221-316e-c954-1422-57bb4f6b9a46,a0bcc770-67eb-ddb1-2e42-b9b81a701feb,1933364a-bd6f-e0c0-752b-7c7f863d1df1,3f87d147-04c5-93fc-37f6-6343c972be35,6df3b9f5-dec6-d891-7ee6-e22e1cf34fad,fd40db72-259e-a2c9-ccee-db7522824e5b,e1982368-275b-97fc-4174-151084428a94,273e849a-dc05-a8c3-0281-c8a2e827318d,5cd8d703-abee-3948-b6a3-3b7f3232a166,bd155994-0316-6a21-8dae-5d670006ab46,2ff3093c-53e8-9814-d2a8-c58f6c866dbb"
"2026-05-21T16:56:43.000+0000",MASTERCARD,"VISA,MASTERCARD","1779382603.649",INFO,"INFO,ERROR,EXIT","11/27","01/27,02/27,03/27,04/27,05/27,06/27,07/27,08/27,09/27,10/27,11/27,12/27",649,1779382603,"d24481dd-66b0-1408-8e57-e95689202eb9","d24481dd-66b0-1408-8e57-e95689202eb9
ece1a9ae-ffd4-aa16-ba60-f4aaf994a432
f6669f7b-58ec-429f-30e4-b854d25735fa
6f77c1f5-b663-996c-c336-72c1d5493d4b
fb061221-316e-c954-1422-57bb4f6b9a46
a0bcc770-67eb-ddb1-2e42-b9b81a701feb
1933364a-bd6f-e0c0-752b-7c7f863d1df1
3f87d147-04c5-93fc-37f6-6343c972be35
6df3b9f5-dec6-d891-7ee6-e22e1cf34fad
fd40db72-259e-a2c9-ccee-db7522824e5b
e1982368-275b-97fc-4174-151084428a94
273e849a-dc05-a8c3-0281-c8a2e827318d
5cd8d703-abee-3948-b6a3-3b7f3232a166
bd155994-0316-6a21-8dae-5d670006ab46
2ff3093c-53e8-9814-d2a8-c58f6c866dbb","d24481dd-66b0-1408-8e57-e95689202eb9,ece1a9ae-ffd4-aa16-ba60-f4aaf994a432,f6669f7b-58ec-429f-30e4-b854d25735fa,6f77c1f5-b663-996c-c336-72c1d5493d4b,fb061221-316e-c954-1422-57bb4f6b9a46,a0bcc770-67eb-ddb1-2e42-b9b81a701feb,1933364a-bd6f-e0c0-752b-7c7f863d1df1,3f87d147-04c5-93fc-37f6-6343c972be35,6df3b9f5-dec6-d891-7ee6-e22e1cf34fad,fd40db72-259e-a2c9-ccee-db7522824e5b,e1982368-275b-97fc-4174-151084428a94,273e849a-dc05-a8c3-0281-c8a2e827318d,5cd8d703-abee-3948-b6a3-3b7f3232a166,bd155994-0316-6a21-8dae-5d670006ab46,2ff3093c-53e8-9814-d2a8-c58f6c866dbb"
"2026-05-23T10:15:08.000+0000",VISA,"VISA,MASTERCARD","1779531308.315",INFO,"INFO,ERROR,EXIT","03/27","01/27,02/27,03/27,04/27,05/27,06/27,07/27,08/27,09/27,10/27,11/27,12/27",315,1779531308,"e1982368-275b-97fc-4174-151084428a94","d24481dd-66b0-1408-8e57-e95689202eb9
ece1a9ae-ffd4-aa16-ba60-f4aaf994a432
f6669f7b-58ec-429f-30e4-b854d25735fa
6f77c1f5-b663-996c-c336-72c1d5493d4b
fb061221-316e-c954-1422-57bb4f6b9a46
a0bcc770-67eb-ddb1-2e42-b9b81a701feb
1933364a-bd6f-e0c0-752b-7c7f863d1df1
3f87d147-04c5-93fc-37f6-6343c972be35
6df3b9f5-dec6-d891-7ee6-e22e1cf34fad
fd40db72-259e-a2c9-ccee-db7522824e5b
e1982368-275b-97fc-4174-151084428a94
273e849a-dc05-a8c3-0281-c8a2e827318d
5cd8d703-abee-3948-b6a3-3b7f3232a166
bd155994-0316-6a21-8dae-5d670006ab46
2ff3093c-53e8-9814-d2a8-c58f6c866dbb","d24481dd-66b0-1408-8e57-e95689202eb9,ece1a9ae-ffd4-aa16-ba60-f4aaf994a432,f6669f7b-58ec-429f-30e4-b854d25735fa,6f77c1f5-b663-996c-c336-72c1d5493d4b,fb061221-316e-c954-1422-57bb4f6b9a46,a0bcc770-67eb-ddb1-2e42-b9b81a701feb,1933364a-bd6f-e0c0-752b-7c7f863d1df1,3f87d147-04c5-93fc-37f6-6343c972be35,6df3b9f5-dec6-d891-7ee6-e22e1cf34fad,fd40db72-259e-a2c9-ccee-db7522824e5b,e1982368-275b-97fc-4174-151084428a94,273e849a-dc05-a8c3-0281-c8a2e827318d,5cd8d703-abee-3948-b6a3-3b7f3232a166,bd155994-0316-6a21-8dae-5d670006ab46,2ff3093c-53e8-9814-d2a8-c58f6c866dbb"
"2026-05-21T20:14:47.000+0000",VISA,"VISA,MASTERCARD","1779394488.361",EXIT,"INFO,ERROR,EXIT","12/27","01/27,02/27,03/27,04/27,05/27,06/27,07/27,08/27,09/27,10/27,11/27,12/27",1361,1779394487,"6df3b9f5-dec6-d891-7ee6-e22e1cf34fad","d24481dd-66b0-1408-8e57-e95689202eb9
ece1a9ae-ffd4-aa16-ba60-f4aaf994a432
f6669f7b-58ec-429f-30e4-b854d25735fa
6f77c1f5-b663-996c-c336-72c1d5493d4b
fb061221-316e-c954-1422-57bb4f6b9a46
a0bcc770-67eb-ddb1-2e42-b9b81a701feb
1933364a-bd6f-e0c0-752b-7c7f863d1df1
3f87d147-04c5-93fc-37f6-6343c972be35
6df3b9f5-dec6-d891-7ee6-e22e1cf34fad
fd40db72-259e-a2c9-ccee-db7522824e5b
e1982368-275b-97fc-4174-151084428a94
273e849a-dc05-a8c3-0281-c8a2e827318d
5cd8d703-abee-3948-b6a3-3b7f3232a166
bd155994-0316-6a21-8dae-5d670006ab46
2ff3093c-53e8-9814-d2a8-c58f6c866dbb","d24481dd-66b0-1408-8e57-e95689202eb9,ece1a9ae-ffd4-aa16-ba60-f4aaf994a432,f6669f7b-58ec-429f-30e4-b854d25735fa,6f77c1f5-b663-996c-c336-72c1d5493d4b,fb061221-316e-c954-1422-57bb4f6b9a46,a0bcc770-67eb-ddb1-2e42-b9b81a701feb,1933364a-bd6f-e0c0-752b-7c7f863d1df1,3f87d147-04c5-93fc-37f6-6343c972be35,6df3b9f5-dec6-d891-7ee6-e22e1cf34fad,fd40db72-259e-a2c9-ccee-db7522824e5b,e1982368-275b-97fc-4174-151084428a94,273e849a-dc05-a8c3-0281-c8a2e827318d,5cd8d703-abee-3948-b6a3-3b7f3232a166,bd155994-0316-6a21-8dae-5d670006ab46,2ff3093c-53e8-9814-d2a8-c58f6c866dbb"
"2026-05-21T17:45:41.000+0000",MASTERCARD,"VISA,MASTERCARD","1779385541.883",INFO,"INFO,ERROR,EXIT","05/27","01/27,02/27,03/27,04/27,05/27,06/27,07/27,08/27,09/27,10/27,11/27,12/27",883,1779385541,"fd40db72-259e-a2c9-ccee-db7522824e5b","d24481dd-66b0-1408-8e57-e95689202eb9
ece1a9ae-ffd4-aa16-ba60-f4aaf994a432
f6669f7b-58ec-429f-30e4-b854d25735fa
6f77c1f5-b663-996c-c336-72c1d5493d4b
fb061221-316e-c954-1422-57bb4f6b9a46
a0bcc770-67eb-ddb1-2e42-b9b81a701feb
1933364a-bd6f-e0c0-752b-7c7f863d1df1
3f87d147-04c5-93fc-37f6-6343c972be35
6df3b9f5-dec6-d891-7ee6-e22e1cf34fad
fd40db72-259e-a2c9-ccee-db7522824e5b
e1982368-275b-97fc-4174-151084428a94
273e849a-dc05-a8c3-0281-c8a2e827318d
5cd8d703-abee-3948-b6a3-3b7f3232a166
bd155994-0316-6a21-8dae-5d670006ab46
2ff3093c-53e8-9814-d2a8-c58f6c866dbb","d24481dd-66b0-1408-8e57-e95689202eb9,ece1a9ae-ffd4-aa16-ba60-f4aaf994a432,f6669f7b-58ec-429f-30e4-b854d25735fa,6f77c1f5-b663-996c-c336-72c1d5493d4b,fb061221-316e-c954-1422-57bb4f6b9a46,a0bcc770-67eb-ddb1-2e42-b9b81a701feb,1933364a-bd6f-e0c0-752b-7c7f863d1df1,3f87d147-04c5-93fc-37f6-6343c972be35,6df3b9f5-dec6-d891-7ee6-e22e1cf34fad,fd40db72-259e-a2c9-ccee-db7522824e5b,e1982368-275b-97fc-4174-151084428a94,273e849a-dc05-a8c3-0281-c8a2e827318d,5cd8d703-abee-3948-b6a3-3b7f3232a166,bd155994-0316-6a21-8dae-5d670006ab46,2ff3093c-53e8-9814-d2a8-c58f6c866dbb"
"2026-05-23T00:38:30.000+0000",MASTERCARD,"VISA,MASTERCARD","1779496711.481",INFO,"INFO,ERROR,EXIT","03/27","01/27,02/27,03/27,04/27,05/27,06/27,07/27,08/27,09/27,10/27,11/27,12/27",1481,1779496710,"ece1a9ae-ffd4-aa16-ba60-f4aaf994a432","d24481dd-66b0-1408-8e57-e95689202eb9
ece1a9ae-ffd4-aa16-ba60-f4aaf994a432
f6669f7b-58ec-429f-30e4-b854d25735fa
6f77c1f5-b663-996c-c336-72c1d5493d4b
fb061221-316e-c954-1422-57bb4f6b9a46
a0bcc770-67eb-ddb1-2e42-b9b81a701feb
1933364a-bd6f-e0c0-752b-7c7f863d1df1
3f87d147-04c5-93fc-37f6-6343c972be35
6df3b9f5-dec6-d891-7ee6-e22e1cf34fad
fd40db72-259e-a2c9-ccee-db7522824e5b
e1982368-275b-97fc-4174-151084428a94
273e849a-dc05-a8c3-0281-c8a2e827318d
5cd8d703-abee-3948-b6a3-3b7f3232a166
bd155994-0316-6a21-8dae-5d670006ab46
2ff3093c-53e8-9814-d2a8-c58f6c866dbb","d24481dd-66b0-1408-8e57-e95689202eb9,ece1a9ae-ffd4-aa16-ba60-f4aaf994a432,f6669f7b-58ec-429f-30e4-b854d25735fa,6f77c1f5-b663-996c-c336-72c1d5493d4b,fb061221-316e-c954-1422-57bb4f6b9a46,a0bcc770-67eb-ddb1-2e42-b9b81a701feb,1933364a-bd6f-e0c0-752b-7c7f863d1df1,3f87d147-04c5-93fc-37f6-6343c972be35,6df3b9f5-dec6-d891-7ee6-e22e1cf34fad,fd40db72-259e-a2c9-ccee-db7522824e5b,e1982368-275b-97fc-4174-151084428a94,273e849a-dc05-a8c3-0281-c8a2e827318d,5cd8d703-abee-3948-b6a3-3b7f3232a166,bd155994-0316-6a21-8dae-5d670006ab46,2ff3093c-53e8-9814-d2a8-c58f6c866dbb"
"2026-05-24T07:07:32.000+0000",VISA,"VISA,MASTERCARD","1779606452.055",EXIT,"INFO,ERROR,EXIT","06/27","01/27,02/27,03/27,04/27,05/27,06/27,07/27,08/27,09/27,10/27,11/27,12/27",55,1779606452,"5cd8d703-abee-3948-b6a3-3b7f3232a166","d24481dd-66b0-1408-8e57-e95689202eb9
ece1a9ae-ffd4-aa16-ba60-f4aaf994a432
f6669f7b-58ec-429f-30e4-b854d25735fa
6f77c1f5-b663-996c-c336-72c1d5493d4b
fb061221-316e-c954-1422-57bb4f6b9a46
a0bcc770-67eb-ddb1-2e42-b9b81a701feb
1933364a-bd6f-e0c0-752b-7c7f863d1df1
3f87d147-04c5-93fc-37f6-6343c972be35
6df3b9f5-dec6-d891-7ee6-e22e1cf34fad
fd40db72-259e-a2c9-ccee-db7522824e5b
e1982368-275b-97fc-4174-151084428a94
273e849a-dc05-a8c3-0281-c8a2e827318d
5cd8d703-abee-3948-b6a3-3b7f3232a166
bd155994-0316-6a21-8dae-5d670006ab46
2ff3093c-53e8-9814-d2a8-c58f6c866dbb","d24481dd-66b0-1408-8e57-e95689202eb9,ece1a9ae-ffd4-aa16-ba60-f4aaf994a432,f6669f7b-58ec-429f-30e4-b854d25735fa,6f77c1f5-b663-996c-c336-72c1d5493d4b,fb061221-316e-c954-1422-57bb4f6b9a46,a0bcc770-67eb-ddb1-2e42-b9b81a701feb,1933364a-bd6f-e0c0-752b-7c7f863d1df1,3f87d147-04c5-93fc-37f6-6343c972be35,6df3b9f5-dec6-d891-7ee6-e22e1cf34fad,fd40db72-259e-a2c9-ccee-db7522824e5b,e1982368-275b-97fc-4174-151084428a94,273e849a-dc05-a8c3-0281-c8a2e827318d,5cd8d703-abee-3948-b6a3-3b7f3232a166,bd155994-0316-6a21-8dae-5d670006ab46,2ff3093c-53e8-9814-d2a8-c58f6c866dbb"
"2026-05-22T22:31:16.000+0000",VISA,"VISA,MASTERCARD","1779489077.404",EXIT,"INFO,ERROR,EXIT","02/27","01/27,02/27,03/27,04/27,05/27,06/27,07/27,08/27,09/27,10/27,11/27,12/27",1404,1779489076,"a0bcc770-67eb-ddb1-2e42-b9b81a701feb","d24481dd-66b0-1408-8e57-e95689202eb9
ece1a9ae-ffd4-aa16-ba60-f4aaf994a432
f6669f7b-58ec-429f-30e4-b854d25735fa
6f77c1f5-b663-996c-c336-72c1d5493d4b
fb061221-316e-c954-1422-57bb4f6b9a46
a0bcc770-67eb-ddb1-2e42-b9b81a701feb
1933364a-bd6f-e0c0-752b-7c7f863d1df1
3f87d147-04c5-93fc-37f6-6343c972be35
6df3b9f5-dec6-d891-7ee6-e22e1cf34fad
fd40db72-259e-a2c9-ccee-db7522824e5b
e1982368-275b-97fc-4174-151084428a94
273e849a-dc05-a8c3-0281-c8a2e827318d
5cd8d703-abee-3948-b6a3-3b7f3232a166
bd155994-0316-6a21-8dae-5d670006ab46
2ff3093c-53e8-9814-d2a8-c58f6c866dbb","d24481dd-66b0-1408-8e57-e95689202eb9,ece1a9ae-ffd4-aa16-ba60-f4aaf994a432,f6669f7b-58ec-429f-30e4-b854d25735fa,6f77c1f5-b663-996c-c336-72c1d5493d4b,fb061221-316e-c954-1422-57bb4f6b9a46,a0bcc770-67eb-ddb1-2e42-b9b81a701feb,1933364a-bd6f-e0c0-752b-7c7f863d1df1,3f87d147-04c5-93fc-37f6-6343c972be35,6df3b9f5-dec6-d891-7ee6-e22e1cf34fad,fd40db72-259e-a2c9-ccee-db7522824e5b,e1982368-275b-97fc-4174-151084428a94,273e849a-dc05-a8c3-0281-c8a2e827318d,5cd8d703-abee-3948-b6a3-3b7f3232a166,bd155994-0316-6a21-8dae-5d670006ab46,2ff3093c-53e8-9814-d2a8-c58f6c866dbb"
"2026-05-19T13:32:31.000+0000",MASTERCARD,"VISA,MASTERCARD","1779197551.841",INFO,"INFO,ERROR,EXIT","05/27","01/27,02/27,03/27,04/27,05/27,06/27,07/27,08/27,09/27,10/27,11/27,12/27",841,1779197551,"a0bcc770-67eb-ddb1-2e42-b9b81a701feb","d24481dd-66b0-1408-8e57-e95689202eb9
ece1a9ae-ffd4-aa16-ba60-f4aaf994a432
f6669f7b-58ec-429f-30e4-b854d25735fa
6f77c1f5-b663-996c-c336-72c1d5493d4b
fb061221-316e-c954-1422-57bb4f6b9a46
a0bcc770-67eb-ddb1-2e42-b9b81a701feb
1933364a-bd6f-e0c0-752b-7c7f863d1df1
3f87d147-04c5-93fc-37f6-6343c972be35
6df3b9f5-dec6-d891-7ee6-e22e1cf34fad
fd40db72-259e-a2c9-ccee-db7522824e5b
e1982368-275b-97fc-4174-151084428a94
273e849a-dc05-a8c3-0281-c8a2e827318d
5cd8d703-abee-3948-b6a3-3b7f3232a166
bd155994-0316-6a21-8dae-5d670006ab46
2ff3093c-53e8-9814-d2a8-c58f6c866dbb","d24481dd-66b0-1408-8e57-e95689202eb9,ece1a9ae-ffd4-aa16-ba60-f4aaf994a432,f6669f7b-58ec-429f-30e4-b854d25735fa,6f77c1f5-b663-996c-c336-72c1d5493d4b,fb061221-316e-c954-1422-57bb4f6b9a46,a0bcc770-67eb-ddb1-2e42-b9b81a701feb,1933364a-bd6f-e0c0-752b-7c7f863d1df1,3f87d147-04c5-93fc-37f6-6343c972be35,6df3b9f5-dec6-d891-7ee6-e22e1cf34fad,fd40db72-259e-a2c9-ccee-db7522824e5b,e1982368-275b-97fc-4174-151084428a94,273e849a-dc05-a8c3-0281-c8a2e827318d,5cd8d703-abee-3948-b6a3-3b7f3232a166,bd155994-0316-6a21-8dae-5d670006ab46,2ff3093c-53e8-9814-d2a8-c58f6c866dbb"
"2026-05-20T09:25:53.000+0000",VISA,"VISA,MASTERCARD","1779269154.052",INFO,"INFO,ERROR,EXIT","01/27","01/27,02/27,03/27,04/27,05/27,06/27,07/27,08/27,09/27,10/27,11/27,12/27",1052,1779269153,"fb061221-316e-c954-1422-57bb4f6b9a46","d24481dd-66b0-1408-8e57-e95689202eb9
ece1a9ae-ffd4-aa16-ba60-f4aaf994a432
f6669f7b-58ec-429f-30e4-b854d25735fa
6f77c1f5-b663-996c-c336-72c1d5493d4b
fb061221-316e-c954-1422-57bb4f6b9a46
a0bcc770-67eb-ddb1-2e42-b9b81a701feb
1933364a-bd6f-e0c0-752b-7c7f863d1df1
3f87d147-04c5-93fc-37f6-6343c972be35
6df3b9f5-dec6-d891-7ee6-e22e1cf34fad
fd40db72-259e-a2c9-ccee-db7522824e5b
e1982368-275b-97fc-4174-151084428a94
273e849a-dc05-a8c3-0281-c8a2e827318d
5cd8d703-abee-3948-b6a3-3b7f3232a166
bd155994-0316-6a21-8dae-5d670006ab46
2ff3093c-53e8-9814-d2a8-c58f6c866dbb","d24481dd-66b0-1408-8e57-e95689202eb9,ece1a9ae-ffd4-aa16-ba60-f4aaf994a432,f6669f7b-58ec-429f-30e4-b854d25735fa,6f77c1f5-b663-996c-c336-72c1d5493d4b,fb061221-316e-c954-1422-57bb4f6b9a46,a0bcc770-67eb-ddb1-2e42-b9b81a701feb,1933364a-bd6f-e0c0-752b-7c7f863d1df1,3f87d147-04c5-93fc-37f6-6343c972be35,6df3b9f5-dec6-d891-7ee6-e22e1cf34fad,fd40db72-259e-a2c9-ccee-db7522824e5b,e1982368-275b-97fc-4174-151084428a94,273e849a-dc05-a8c3-0281-c8a2e827318d,5cd8d703-abee-3948-b6a3-3b7f3232a166,bd155994-0316-6a21-8dae-5d670006ab46,2ff3093c-53e8-9814-d2a8-c58f6c866dbb"
"2026-05-21T10:18:27.000+0000",VISA,"VISA,MASTERCARD","1779358707.355",ERROR,"INFO,ERROR,EXIT","11/27","01/27,02/27,03/27,04/27,05/27,06/27,07/27,08/27,09/27,10/27,11/27,12/27",355,1779358707,"6f77c1f5-b663-996c-c336-72c1d5493d4b","d24481dd-66b0-1408-8e57-e95689202eb9
ece1a9ae-ffd4-aa16-ba60-f4aaf994a432
f6669f7b-58ec-429f-30e4-b854d25735fa
6f77c1f5-b663-996c-c336-72c1d5493d4b
fb061221-316e-c954-1422-57bb4f6b9a46
a0bcc770-67eb-ddb1-2e42-b9b81a701feb
1933364a-bd6f-e0c0-752b-7c7f863d1df1
3f87d147-04c5-93fc-37f6-6343c972be35
6df3b9f5-dec6-d891-7ee6-e22e1cf34fad
fd40db72-259e-a2c9-ccee-db7522824e5b
e1982368-275b-97fc-4174-151084428a94
273e849a-dc05-a8c3-0281-c8a2e827318d
5cd8d703-abee-3948-b6a3-3b7f3232a166
bd155994-0316-6a21-8dae-5d670006ab46
2ff3093c-53e8-9814-d2a8-c58f6c866dbb","d24481dd-66b0-1408-8e57-e95689202eb9,ece1a9ae-ffd4-aa16-ba60-f4aaf994a432,f6669f7b-58ec-429f-30e4-b854d25735fa,6f77c1f5-b663-996c-c336-72c1d5493d4b,fb061221-316e-c954-1422-57bb4f6b9a46,a0bcc770-67eb-ddb1-2e42-b9b81a701feb,1933364a-bd6f-e0c0-752b-7c7f863d1df1,3f87d147-04c5-93fc-37f6-6343c972be35,6df3b9f5-dec6-d891-7ee6-e22e1cf34fad,fd40db72-259e-a2c9-ccee-db7522824e5b,e1982368-275b-97fc-4174-151084428a94,273e849a-dc05-a8c3-0281-c8a2e827318d,5cd8d703-abee-3948-b6a3-3b7f3232a166,bd155994-0316-6a21-8dae-5d670006ab46,2ff3093c-53e8-9814-d2a8-c58f6c866dbb"
"2026-05-24T20:36:24.000+0000",VISA,"VISA,MASTERCARD","1779654984.287",INFO,"INFO,ERROR,EXIT","09/27","01/27,02/27,03/27,04/27,05/27,06/27,07/27,08/27,09/27,10/27,11/27,12/27",287,1779654984,"d24481dd-66b0-1408-8e57-e95689202eb9","d24481dd-66b0-1408-8e57-e95689202eb9
ece1a9ae-ffd4-aa16-ba60-f4aaf994a432
f6669f7b-58ec-429f-30e4-b854d25735fa
6f77c1f5-b663-996c-c336-72c1d5493d4b
fb061221-316e-c954-1422-57bb4f6b9a46
a0bcc770-67eb-ddb1-2e42-b9b81a701feb
1933364a-bd6f-e0c0-752b-7c7f863d1df1
3f87d147-04c5-93fc-37f6-6343c972be35
6df3b9f5-dec6-d891-7ee6-e22e1cf34fad
fd40db72-259e-a2c9-ccee-db7522824e5b
e1982368-275b-97fc-4174-151084428a94
273e849a-dc05-a8c3-0281-c8a2e827318d
5cd8d703-abee-3948-b6a3-3b7f3232a166
bd155994-0316-6a21-8dae-5d670006ab46
2ff3093c-53e8-9814-d2a8-c58f6c866dbb","d24481dd-66b0-1408-8e57-e95689202eb9,ece1a9ae-ffd4-aa16-ba60-f4aaf994a432,f6669f7b-58ec-429f-30e4-b854d25735fa,6f77c1f5-b663-996c-c336-72c1d5493d4b,fb061221-316e-c954-1422-57bb4f6b9a46,a0bcc770-67eb-ddb1-2e42-b9b81a701feb,1933364a-bd6f-e0c0-752b-7c7f863d1df1,3f87d147-04c5-93fc-37f6-6343c972be35,6df3b9f5-dec6-d891-7ee6-e22e1cf34fad,fd40db72-259e-a2c9-ccee-db7522824e5b,e1982368-275b-97fc-4174-151084428a94,273e849a-dc05-a8c3-0281-c8a2e827318d,5cd8d703-abee-3948-b6a3-3b7f3232a166,bd155994-0316-6a21-8dae-5d670006ab46,2ff3093c-53e8-9814-d2a8-c58f6c866dbb"
"2026-05-20T07:42:41.000+0000",VISA,"VISA,MASTERCARD","1779262961.499",INFO,"INFO,ERROR,EXIT","07/27","01/27,02/27,03/27,04/27,05/27,06/27,07/27,08/27,09/27,10/27,11/27,12/27",499,1779262961,"e1982368-275b-97fc-4174-151084428a94","d24481dd-66b0-1408-8e57-e95689202eb9
ece1a9ae-ffd4-aa16-ba60-f4aaf994a432
f6669f7b-58ec-429f-30e4-b854d25735fa
6f77c1f5-b663-996c-c336-72c1d5493d4b
fb061221-316e-c954-1422-57bb4f6b9a46
a0bcc770-67eb-ddb1-2e42-b9b81a701feb
1933364a-bd6f-e0c0-752b-7c7f863d1df1
3f87d147-04c5-93fc-37f6-6343c972be35
6df3b9f5-dec6-d891-7ee6-e22e1cf34fad
fd40db72-259e-a2c9-ccee-db7522824e5b
e1982368-275b-97fc-4174-151084428a94
273e849a-dc05-a8c3-0281-c8a2e827318d
5cd8d703-abee-3948-b6a3-3b7f3232a166
bd155994-0316-6a21-8dae-5d670006ab46
2ff3093c-53e8-9814-d2a8-c58f6c866dbb","d24481dd-66b0-1408-8e57-e95689202eb9,ece1a9ae-ffd4-aa16-ba60-f4aaf994a432,f6669f7b-58ec-429f-30e4-b854d25735fa,6f77c1f5-b663-996c-c336-72c1d5493d4b,fb061221-316e-c954-1422-57bb4f6b9a46,a0bcc770-67eb-ddb1-2e42-b9b81a701feb,1933364a-bd6f-e0c0-752b-7c7f863d1df1,3f87d147-04c5-93fc-37f6-6343c972be35,6df3b9f5-dec6-d891-7ee6-e22e1cf34fad,fd40db72-259e-a2c9-ccee-db7522824e5b,e1982368-275b-97fc-4174-151084428a94,273e849a-dc05-a8c3-0281-c8a2e827318d,5cd8d703-abee-3948-b6a3-3b7f3232a166,bd155994-0316-6a21-8dae-5d670006ab46,2ff3093c-53e8-9814-d2a8-c58f6c866dbb"
"2026-05-21T12:16:47.000+0000",MASTERCARD,"VISA,MASTERCARD","1779365807.339",ERROR,"INFO,ERROR,EXIT","01/27","01/27,02/27,03/27,04/27,05/27,06/27,07/27,08/27,09/27,10/27,11/27,12/27",339,1779365807,"e1982368-275b-97fc-4174-151084428a94","d24481dd-66b0-1408-8e57-e95689202eb9
ece1a9ae-ffd4-aa16-ba60-f4aaf994a432
f6669f7b-58ec-429f-30e4-b854d25735fa
6f77c1f5-b663-996c-c336-72c1d5493d4b
fb061221-316e-c954-1422-57bb4f6b9a46
a0bcc770-67eb-ddb1-2e42-b9b81a701feb
1933364a-bd6f-e0c0-752b-7c7f863d1df1
3f87d147-04c5-93fc-37f6-6343c972be35
6df3b9f5-dec6-d891-7ee6-e22e1cf34fad
fd40db72-259e-a2c9-ccee-db7522824e5b
e1982368-275b-97fc-4174-151084428a94
273e849a-dc05-a8c3-0281-c8a2e827318d
5cd8d703-abee-3948-b6a3-3b7f3232a166
bd155994-0316-6a21-8dae-5d670006ab46
2ff3093c-53e8-9814-d2a8-c58f6c866dbb","d24481dd-66b0-1408-8e57-e95689202eb9,ece1a9ae-ffd4-aa16-ba60-f4aaf994a432,f6669f7b-58ec-429f-30e4-b854d25735fa,6f77c1f5-b663-996c-c336-72c1d5493d4b,fb061221-316e-c954-1422-57bb4f6b9a46,a0bcc770-67eb-ddb1-2e42-b9b81a701feb,1933364a-bd6f-e0c0-752b-7c7f863d1df1,3f87d147-04c5-93fc-37f6-6343c972be35,6df3b9f5-dec6-d891-7ee6-e22e1cf34fad,fd40db72-259e-a2c9-ccee-db7522824e5b,e1982368-275b-97fc-4174-151084428a94,273e849a-dc05-a8c3-0281-c8a2e827318d,5cd8d703-abee-3948-b6a3-3b7f3232a166,bd155994-0316-6a21-8dae-5d670006ab46,2ff3093c-53e8-9814-d2a8-c58f6c866dbb"
"2026-05-24T12:52:35.000+0000",MASTERCARD,"VISA,MASTERCARD","1779627155.82",EXIT,"INFO,ERROR,EXIT","04/27","01/27,02/27,03/27,04/27,05/27,06/27,07/27,08/27,09/27,10/27,11/27,12/27",820,1779627155,"1933364a-bd6f-e0c0-752b-7c7f863d1df1","d24481dd-66b0-1408-8e57-e95689202eb9
ece1a9ae-ffd4-aa16-ba60-f4aaf994a432
f6669f7b-58ec-429f-30e4-b854d25735fa
6f77c1f5-b663-996c-c336-72c1d5493d4b
fb061221-316e-c954-1422-57bb4f6b9a46
a0bcc770-67eb-ddb1-2e42-b9b81a701feb
1933364a-bd6f-e0c0-752b-7c7f863d1df1
3f87d147-04c5-93fc-37f6-6343c972be35
6df3b9f5-dec6-d891-7ee6-e22e1cf34fad
fd40db72-259e-a2c9-ccee-db7522824e5b
e1982368-275b-97fc-4174-151084428a94
273e849a-dc05-a8c3-0281-c8a2e827318d
5cd8d703-abee-3948-b6a3-3b7f3232a166
bd155994-0316-6a21-8dae-5d670006ab46
2ff3093c-53e8-9814-d2a8-c58f6c866dbb","d24481dd-66b0-1408-8e57-e95689202eb9,ece1a9ae-ffd4-aa16-ba60-f4aaf994a432,f6669f7b-58ec-429f-30e4-b854d25735fa,6f77c1f5-b663-996c-c336-72c1d5493d4b,fb061221-316e-c954-1422-57bb4f6b9a46,a0bcc770-67eb-ddb1-2e42-b9b81a701feb,1933364a-bd6f-e0c0-752b-7c7f863d1df1,3f87d147-04c5-93fc-37f6-6343c972be35,6df3b9f5-dec6-d891-7ee6-e22e1cf34fad,fd40db72-259e-a2c9-ccee-db7522824e5b,e1982368-275b-97fc-4174-151084428a94,273e849a-dc05-a8c3-0281-c8a2e827318d,5cd8d703-abee-3948-b6a3-3b7f3232a166,bd155994-0316-6a21-8dae-5d670006ab46,2ff3093c-53e8-9814-d2a8-c58f6c866dbb"
"2026-05-23T18:16:12.000+0000",MASTERCARD,"VISA,MASTERCARD","1779560172.789",INFO,"INFO,ERROR,EXIT","08/27","01/27,02/27,03/27,04/27,05/27,06/27,07/27,08/27,09/27,10/27,11/27,12/27",789,1779560172,"d24481dd-66b0-1408-8e57-e95689202eb9","d24481dd-66b0-1408-8e57-e95689202eb9
ece1a9ae-ffd4-aa16-ba60-f4aaf994a432
f6669f7b-58ec-429f-30e4-b854d25735fa
6f77c1f5-b663-996c-c336-72c1d5493d4b
fb061221-316e-c954-1422-57bb4f6b9a46
a0bcc770-67eb-ddb1-2e42-b9b81a701feb
1933364a-bd6f-e0c0-752b-7c7f863d1df1
3f87d147-04c5-93fc-37f6-6343c972be35
6df3b9f5-dec6-d891-7ee6-e22e1cf34fad
fd40db72-259e-a2c9-ccee-db7522824e5b
e1982368-275b-97fc-4174-151084428a94
273e849a-dc05-a8c3-0281-c8a2e827318d
5cd8d703-abee-3948-b6a3-3b7f3232a166
bd155994-0316-6a21-8dae-5d670006ab46
2ff3093c-53e8-9814-d2a8-c58f6c866dbb","d24481dd-66b0-1408-8e57-e95689202eb9,ece1a9ae-ffd4-aa16-ba60-f4aaf994a432,f6669f7b-58ec-429f-30e4-b854d25735fa,6f77c1f5-b663-996c-c336-72c1d5493d4b,fb061221-316e-c954-1422-57bb4f6b9a46,a0bcc770-67eb-ddb1-2e42-b9b81a701feb,1933364a-bd6f-e0c0-752b-7c7f863d1df1,3f87d147-04c5-93fc-37f6-6343c972be35,6df3b9f5-dec6-d891-7ee6-e22e1cf34fad,fd40db72-259e-a2c9-ccee-db7522824e5b,e1982368-275b-97fc-4174-151084428a94,273e849a-dc05-a8c3-0281-c8a2e827318d,5cd8d703-abee-3948-b6a3-3b7f3232a166,bd155994-0316-6a21-8dae-5d670006ab46,2ff3093c-53e8-9814-d2a8-c58f6c866dbb"
"2026-05-23T23:51:26.000+0000",MASTERCARD,"VISA,MASTERCARD","1779580286.48",ERROR,"INFO,ERROR,EXIT","06/27","01/27,02/27,03/27,04/27,05/27,06/27,07/27,08/27,09/27,10/27,11/27,12/27",480,1779580286,"1933364a-bd6f-e0c0-752b-7c7f863d1df1","d24481dd-66b0-1408-8e57-e95689202eb9
ece1a9ae-ffd4-aa16-ba60-f4aaf994a432
f6669f7b-58ec-429f-30e4-b854d25735fa
6f77c1f5-b663-996c-c336-72c1d5493d4b
fb061221-316e-c954-1422-57bb4f6b9a46
a0bcc770-67eb-ddb1-2e42-b9b81a701feb
1933364a-bd6f-e0c0-752b-7c7f863d1df1
3f87d147-04c5-93fc-37f6-6343c972be35
6df3b9f5-dec6-d891-7ee6-e22e1cf34fad
fd40db72-259e-a2c9-ccee-db7522824e5b
e1982368-275b-97fc-4174-151084428a94
273e849a-dc05-a8c3-0281-c8a2e827318d
5cd8d703-abee-3948-b6a3-3b7f3232a166
bd155994-0316-6a21-8dae-5d670006ab46
2ff3093c-53e8-9814-d2a8-c58f6c866dbb","d24481dd-66b0-1408-8e57-e95689202eb9,ece1a9ae-ffd4-aa16-ba60-f4aaf994a432,f6669f7b-58ec-429f-30e4-b854d25735fa,6f77c1f5-b663-996c-c336-72c1d5493d4b,fb061221-316e-c954-1422-57bb4f6b9a46,a0bcc770-67eb-ddb1-2e42-b9b81a701feb,1933364a-bd6f-e0c0-752b-7c7f863d1df1,3f87d147-04c5-93fc-37f6-6343c972be35,6df3b9f5-dec6-d891-7ee6-e22e1cf34fad,fd40db72-259e-a2c9-ccee-db7522824e5b,e1982368-275b-97fc-4174-151084428a94,273e849a-dc05-a8c3-0281-c8a2e827318d,5cd8d703-abee-3948-b6a3-3b7f3232a166,bd155994-0316-6a21-8dae-5d670006ab46,2ff3093c-53e8-9814-d2a8-c58f6c866dbb"
"2026-05-24T03:22:26.000+0000",MASTERCARD,"VISA,MASTERCARD","1779592946.667",EXIT,"INFO,ERROR,EXIT","03/27","01/27,02/27,03/27,04/27,05/27,06/27,07/27,08/27,09/27,10/27,11/27,12/27",667,1779592946,"e1982368-275b-97fc-4174-151084428a94","d24481dd-66b0-1408-8e57-e95689202eb9
ece1a9ae-ffd4-aa16-ba60-f4aaf994a432
f6669f7b-58ec-429f-30e4-b854d25735fa
6f77c1f5-b663-996c-c336-72c1d5493d4b
fb061221-316e-c954-1422-57bb4f6b9a46
a0bcc770-67eb-ddb1-2e42-b9b81a701feb
1933364a-bd6f-e0c0-752b-7c7f863d1df1
3f87d147-04c5-93fc-37f6-6343c972be35
6df3b9f5-dec6-d891-7ee6-e22e1cf34fad
fd40db72-259e-a2c9-ccee-db7522824e5b
e1982368-275b-97fc-4174-151084428a94
273e849a-dc05-a8c3-0281-c8a2e827318d
5cd8d703-abee-3948-b6a3-3b7f3232a166
bd155994-0316-6a21-8dae-5d670006ab46
2ff3093c-53e8-9814-d2a8-c58f6c866dbb","d24481dd-66b0-1408-8e57-e95689202eb9,ece1a9ae-ffd4-aa16-ba60-f4aaf994a432,f6669f7b-58ec-429f-30e4-b854d25735fa,6f77c1f5-b663-996c-c336-72c1d5493d4b,fb061221-316e-c954-1422-57bb4f6b9a46,a0bcc770-67eb-ddb1-2e42-b9b81a701feb,1933364a-bd6f-e0c0-752b-7c7f863d1df1,3f87d147-04c5-93fc-37f6-6343c972be35,6df3b9f5-dec6-d891-7ee6-e22e1cf34fad,fd40db72-259e-a2c9-ccee-db7522824e5b,e1982368-275b-97fc-4174-151084428a94,273e849a-dc05-a8c3-0281-c8a2e827318d,5cd8d703-abee-3948-b6a3-3b7f3232a166,bd155994-0316-6a21-8dae-5d670006ab46,2ff3093c-53e8-9814-d2a8-c58f6c866dbb"
"2026-05-23T07:18:02.000+0000",VISA,"VISA,MASTERCARD","1779520682.986",ERROR,"INFO,ERROR,EXIT","06/27","01/27,02/27,03/27,04/27,05/27,06/27,07/27,08/27,09/27,10/27,11/27,12/27",986,1779520682,"d24481dd-66b0-1408-8e57-e95689202eb9","d24481dd-66b0-1408-8e57-e95689202eb9
ece1a9ae-ffd4-aa16-ba60-f4aaf994a432
f6669f7b-58ec-429f-30e4-b854d25735fa
6f77c1f5-b663-996c-c336-72c1d5493d4b
fb061221-316e-c954-1422-57bb4f6b9a46
a0bcc770-67eb-ddb1-2e42-b9b81a701feb
1933364a-bd6f-e0c0-752b-7c7f863d1df1
3f87d147-04c5-93fc-37f6-6343c972be35
6df3b9f5-dec6-d891-7ee6-e22e1cf34fad
fd40db72-259e-a2c9-ccee-db7522824e5b
e1982368-275b-97fc-4174-151084428a94
273e849a-dc05-a8c3-0281-c8a2e827318d
5cd8d703-abee-3948-b6a3-3b7f3232a166
bd155994-0316-6a21-8dae-5d670006ab46
2ff3093c-53e8-9814-d2a8-c58f6c866dbb","d24481dd-66b0-1408-8e57-e95689202eb9,ece1a9ae-ffd4-aa16-ba60-f4aaf994a432,f6669f7b-58ec-429f-30e4-b854d25735fa,6f77c1f5-b663-996c-c336-72c1d5493d4b,fb061221-316e-c954-1422-57bb4f6b9a46,a0bcc770-67eb-ddb1-2e42-b9b81a701feb,1933364a-bd6f-e0c0-752b-7c7f863d1df1,3f87d147-04c5-93fc-37f6-6343c972be35,6df3b9f5-dec6-d891-7ee6-e22e1cf34fad,fd40db72-259e-a2c9-ccee-db7522824e5b,e1982368-275b-97fc-4174-151084428a94,273e849a-dc05-a8c3-0281-c8a2e827318d,5cd8d703-abee-3948-b6a3-3b7f3232a166,bd155994-0316-6a21-8dae-5d670006ab46,2ff3093c-53e8-9814-d2a8-c58f6c866dbb"
"2026-05-20T22:42:20.000+0000",VISA,"VISA,MASTERCARD","1779316940.373",INFO,"INFO,ERROR,EXIT","01/27","01/27,02/27,03/27,04/27,05/27,06/27,07/27,08/27,09/27,10/27,11/27,12/27",373,1779316940,"e1982368-275b-97fc-4174-151084428a94","d24481dd-66b0-1408-8e57-e95689202eb9
ece1a9ae-ffd4-aa16-ba60-f4aaf994a432
f6669f7b-58ec-429f-30e4-b854d25735fa
6f77c1f5-b663-996c-c336-72c1d5493d4b
fb061221-316e-c954-1422-57bb4f6b9a46
a0bcc770-67eb-ddb1-2e42-b9b81a701feb
1933364a-bd6f-e0c0-752b-7c7f863d1df1
3f87d147-04c5-93fc-37f6-6343c972be35
6df3b9f5-dec6-d891-7ee6-e22e1cf34fad
fd40db72-259e-a2c9-ccee-db7522824e5b
e1982368-275b-97fc-4174-151084428a94
273e849a-dc05-a8c3-0281-c8a2e827318d
5cd8d703-abee-3948-b6a3-3b7f3232a166
bd155994-0316-6a21-8dae-5d670006ab46
2ff3093c-53e8-9814-d2a8-c58f6c866dbb","d24481dd-66b0-1408-8e57-e95689202eb9,ece1a9ae-ffd4-aa16-ba60-f4aaf994a432,f6669f7b-58ec-429f-30e4-b854d25735fa,6f77c1f5-b663-996c-c336-72c1d5493d4b,fb061221-316e-c954-1422-57bb4f6b9a46,a0bcc770-67eb-ddb1-2e42-b9b81a701feb,1933364a-bd6f-e0c0-752b-7c7f863d1df1,3f87d147-04c5-93fc-37f6-6343c972be35,6df3b9f5-dec6-d891-7ee6-e22e1cf34fad,fd40db72-259e-a2c9-ccee-db7522824e5b,e1982368-275b-97fc-4174-151084428a94,273e849a-dc05-a8c3-0281-c8a2e827318d,5cd8d703-abee-3948-b6a3-3b7f3232a166,bd155994-0316-6a21-8dae-5d670006ab46,2ff3093c-53e8-9814-d2a8-c58f6c866dbb"
"2026-05-21T20:04:17.000+0000",MASTERCARD,"VISA,MASTERCARD","1779393857.634",INFO,"INFO,ERROR,EXIT","12/27","01/27,02/27,03/27,04/27,05/27,06/27,07/27,08/27,09/27,10/27,11/27,12/27",634,1779393857,"6f77c1f5-b663-996c-c336-72c1d5493d4b","d24481dd-66b0-1408-8e57-e95689202eb9
ece1a9ae-ffd4-aa16-ba60-f4aaf994a432
f6669f7b-58ec-429f-30e4-b854d25735fa
6f77c1f5-b663-996c-c336-72c1d5493d4b
fb061221-316e-c954-1422-57bb4f6b9a46
a0bcc770-67eb-ddb1-2e42-b9b81a701feb
1933364a-bd6f-e0c0-752b-7c7f863d1df1
3f87d147-04c5-93fc-37f6-6343c972be35
6df3b9f5-dec6-d891-7ee6-e22e1cf34fad
fd40db72-259e-a2c9-ccee-db7522824e5b
e1982368-275b-97fc-4174-151084428a94
273e849a-dc05-a8c3-0281-c8a2e827318d
5cd8d703-abee-3948-b6a3-3b7f3232a166
bd155994-0316-6a21-8dae-5d670006ab46
2ff3093c-53e8-9814-d2a8-c58f6c866dbb","d24481dd-66b0-1408-8e57-e95689202eb9,ece1a9ae-ffd4-aa16-ba60-f4aaf994a432,f6669f7b-58ec-429f-30e4-b854d25735fa,6f77c1f5-b663-996c-c336-72c1d5493d4b,fb061221-316e-c954-1422-57bb4f6b9a46,a0bcc770-67eb-ddb1-2e42-b9b81a701feb,1933364a-bd6f-e0c0-752b-7c7f863d1df1,3f87d147-04c5-93fc-37f6-6343c972be35,6df3b9f5-dec6-d891-7ee6-e22e1cf34fad,fd40db72-259e-a2c9-ccee-db7522824e5b,e1982368-275b-97fc-4174-151084428a94,273e849a-dc05-a8c3-0281-c8a2e827318d,5cd8d703-abee-3948-b6a3-3b7f3232a166,bd155994-0316-6a21-8dae-5d670006ab46,2ff3093c-53e8-9814-d2a8-c58f6c866dbb"
"2026-05-24T09:07:00.000+0000",MASTERCARD,"VISA,MASTERCARD","1779613620.071",ERROR,"INFO,ERROR,EXIT","12/27","01/27,02/27,03/27,04/27,05/27,06/27,07/27,08/27,09/27,10/27,11/27,12/27",71,1779613620,"1933364a-bd6f-e0c0-752b-7c7f863d1df1","d24481dd-66b0-1408-8e57-e95689202eb9
ece1a9ae-ffd4-aa16-ba60-f4aaf994a432
f6669f7b-58ec-429f-30e4-b854d25735fa
6f77c1f5-b663-996c-c336-72c1d5493d4b
fb061221-316e-c954-1422-57bb4f6b9a46
a0bcc770-67eb-ddb1-2e42-b9b81a701feb
1933364a-bd6f-e0c0-752b-7c7f863d1df1
3f87d147-04c5-93fc-37f6-6343c972be35
6df3b9f5-dec6-d891-7ee6-e22e1cf34fad
fd40db72-259e-a2c9-ccee-db7522824e5b
e1982368-275b-97fc-4174-151084428a94
273e849a-dc05-a8c3-0281-c8a2e827318d
5cd8d703-abee-3948-b6a3-3b7f3232a166
bd155994-0316-6a21-8dae-5d670006ab46
2ff3093c-53e8-9814-d2a8-c58f6c866dbb","d24481dd-66b0-1408-8e57-e95689202eb9,ece1a9ae-ffd4-aa16-ba60-f4aaf994a432,f6669f7b-58ec-429f-30e4-b854d25735fa,6f77c1f5-b663-996c-c336-72c1d5493d4b,fb061221-316e-c954-1422-57bb4f6b9a46,a0bcc770-67eb-ddb1-2e42-b9b81a701feb,1933364a-bd6f-e0c0-752b-7c7f863d1df1,3f87d147-04c5-93fc-37f6-6343c972be35,6df3b9f5-dec6-d891-7ee6-e22e1cf34fad,fd40db72-259e-a2c9-ccee-db7522824e5b,e1982368-275b-97fc-4174-151084428a94,273e849a-dc05-a8c3-0281-c8a2e827318d,5cd8d703-abee-3948-b6a3-3b7f3232a166,bd155994-0316-6a21-8dae-5d670006ab46,2ff3093c-53e8-9814-d2a8-c58f6c866dbb"
"2026-05-24T14:11:18.000+0000",MASTERCARD,"VISA,MASTERCARD","1779631878.346",ERROR,"INFO,ERROR,EXIT","08/27","01/27,02/27,03/27,04/27,05/27,06/27,07/27,08/27,09/27,10/27,11/27,12/27",346,1779631878,"d24481dd-66b0-1408-8e57-e95689202eb9","d24481dd-66b0-1408-8e57-e95689202eb9
ece1a9ae-ffd4-aa16-ba60-f4aaf994a432
f6669f7b-58ec-429f-30e4-b854d25735fa
6f77c1f5-b663-996c-c336-72c1d5493d4b
fb061221-316e-c954-1422-57bb4f6b9a46
a0bcc770-67eb-ddb1-2e42-b9b81a701feb
1933364a-bd6f-e0c0-752b-7c7f863d1df1
3f87d147-04c5-93fc-37f6-6343c972be35
6df3b9f5-dec6-d891-7ee6-e22e1cf34fad
fd40db72-259e-a2c9-ccee-db7522824e5b
e1982368-275b-97fc-4174-151084428a94
273e849a-dc05-a8c3-0281-c8a2e827318d
5cd8d703-abee-3948-b6a3-3b7f3232a166
bd155994-0316-6a21-8dae-5d670006ab46
2ff3093c-53e8-9814-d2a8-c58f6c866dbb","d24481dd-66b0-1408-8e57-e95689202eb9,ece1a9ae-ffd4-aa16-ba60-f4aaf994a432,f6669f7b-58ec-429f-30e4-b854d25735fa,6f77c1f5-b663-996c-c336-72c1d5493d4b,fb061221-316e-c954-1422-57bb4f6b9a46,a0bcc770-67eb-ddb1-2e42-b9b81a701feb,1933364a-bd6f-e0c0-752b-7c7f863d1df1,3f87d147-04c5-93fc-37f6-6343c972be35,6df3b9f5-dec6-d891-7ee6-e22e1cf34fad,fd40db72-259e-a2c9-ccee-db7522824e5b,e1982368-275b-97fc-4174-151084428a94,273e849a-dc05-a8c3-0281-c8a2e827318d,5cd8d703-abee-3948-b6a3-3b7f3232a166,bd155994-0316-6a21-8dae-5d670006ab46,2ff3093c-53e8-9814-d2a8-c58f6c866dbb"
"2026-05-24T07:42:41.000+0000",VISA,"VISA,MASTERCARD","1779608561.411",INFO,"INFO,ERROR,EXIT","05/27","01/27,02/27,03/27,04/27,05/27,06/27,07/27,08/27,09/27,10/27,11/27,12/27",411,1779608561,"e1982368-275b-97fc-4174-151084428a94","d24481dd-66b0-1408-8e57-e95689202eb9
ece1a9ae-ffd4-aa16-ba60-f4aaf994a432
f6669f7b-58ec-429f-30e4-b854d25735fa
6f77c1f5-b663-996c-c336-72c1d5493d4b
fb061221-316e-c954-1422-57bb4f6b9a46
a0bcc770-67eb-ddb1-2e42-b9b81a701feb
1933364a-bd6f-e0c0-752b-7c7f863d1df1
3f87d147-04c5-93fc-37f6-6343c972be35
6df3b9f5-dec6-d891-7ee6-e22e1cf34fad
fd40db72-259e-a2c9-ccee-db7522824e5b
e1982368-275b-97fc-4174-151084428a94
273e849a-dc05-a8c3-0281-c8a2e827318d
5cd8d703-abee-3948-b6a3-3b7f3232a166
bd155994-0316-6a21-8dae-5d670006ab46
2ff3093c-53e8-9814-d2a8-c58f6c866dbb","d24481dd-66b0-1408-8e57-e95689202eb9,ece1a9ae-ffd4-aa16-ba60-f4aaf994a432,f6669f7b-58ec-429f-30e4-b854d25735fa,6f77c1f5-b663-996c-c336-72c1d5493d4b,fb061221-316e-c954-1422-57bb4f6b9a46,a0bcc770-67eb-ddb1-2e42-b9b81a701feb,1933364a-bd6f-e0c0-752b-7c7f863d1df1,3f87d147-04c5-93fc-37f6-6343c972be35,6df3b9f5-dec6-d891-7ee6-e22e1cf34fad,fd40db72-259e-a2c9-ccee-db7522824e5b,e1982368-275b-97fc-4174-151084428a94,273e849a-dc05-a8c3-0281-c8a2e827318d,5cd8d703-abee-3948-b6a3-3b7f3232a166,bd155994-0316-6a21-8dae-5d670006ab46,2ff3093c-53e8-9814-d2a8-c58f6c866dbb"
"2026-05-21T15:51:03.000+0000",MASTERCARD,"VISA,MASTERCARD","1779378664.443",ERROR,"INFO,ERROR,EXIT","10/27","01/27,02/27,03/27,04/27,05/27,06/27,07/27,08/27,09/27,10/27,11/27,12/27",1443,1779378663,"273e849a-dc05-a8c3-0281-c8a2e827318d","d24481dd-66b0-1408-8e57-e95689202eb9
ece1a9ae-ffd4-aa16-ba60-f4aaf994a432
f6669f7b-58ec-429f-30e4-b854d25735fa
6f77c1f5-b663-996c-c336-72c1d5493d4b
fb061221-316e-c954-1422-57bb4f6b9a46
a0bcc770-67eb-ddb1-2e42-b9b81a701feb
1933364a-bd6f-e0c0-752b-7c7f863d1df1
3f87d147-04c5-93fc-37f6-6343c972be35
6df3b9f5-dec6-d891-7ee6-e22e1cf34fad
fd40db72-259e-a2c9-ccee-db7522824e5b
e1982368-275b-97fc-4174-151084428a94
273e849a-dc05-a8c3-0281-c8a2e827318d
5cd8d703-abee-3948-b6a3-3b7f3232a166
bd155994-0316-6a21-8dae-5d670006ab46
2ff3093c-53e8-9814-d2a8-c58f6c866dbb","d24481dd-66b0-1408-8e57-e95689202eb9,ece1a9ae-ffd4-aa16-ba60-f4aaf994a432,f6669f7b-58ec-429f-30e4-b854d25735fa,6f77c1f5-b663-996c-c336-72c1d5493d4b,fb061221-316e-c954-1422-57bb4f6b9a46,a0bcc770-67eb-ddb1-2e42-b9b81a701feb,1933364a-bd6f-e0c0-752b-7c7f863d1df1,3f87d147-04c5-93fc-37f6-6343c972be35,6df3b9f5-dec6-d891-7ee6-e22e1cf34fad,fd40db72-259e-a2c9-ccee-db7522824e5b,e1982368-275b-97fc-4174-151084428a94,273e849a-dc05-a8c3-0281-c8a2e827318d,5cd8d703-abee-3948-b6a3-3b7f3232a166,bd155994-0316-6a21-8dae-5d670006ab46,2ff3093c-53e8-9814-d2a8-c58f6c866dbb"
"2026-05-22T17:13:08.000+0000",MASTERCARD,"VISA,MASTERCARD","1779469988.566",EXIT,"INFO,ERROR,EXIT","01/27","01/27,02/27,03/27,04/27,05/27,06/27,07/27,08/27,09/27,10/27,11/27,12/27",566,1779469988,"273e849a-dc05-a8c3-0281-c8a2e827318d","d24481dd-66b0-1408-8e57-e95689202eb9
ece1a9ae-ffd4-aa16-ba60-f4aaf994a432
f6669f7b-58ec-429f-30e4-b854d25735fa
6f77c1f5-b663-996c-c336-72c1d5493d4b
fb061221-316e-c954-1422-57bb4f6b9a46
a0bcc770-67eb-ddb1-2e42-b9b81a701feb
1933364a-bd6f-e0c0-752b-7c7f863d1df1
3f87d147-04c5-93fc-37f6-6343c972be35
6df3b9f5-dec6-d891-7ee6-e22e1cf34fad
fd40db72-259e-a2c9-ccee-db7522824e5b
e1982368-275b-97fc-4174-151084428a94
273e849a-dc05-a8c3-0281-c8a2e827318d
5cd8d703-abee-3948-b6a3-3b7f3232a166
bd155994-0316-6a21-8dae-5d670006ab46
2ff3093c-53e8-9814-d2a8-c58f6c866dbb","d24481dd-66b0-1408-8e57-e95689202eb9,ece1a9ae-ffd4-aa16-ba60-f4aaf994a432,f6669f7b-58ec-429f-30e4-b854d25735fa,6f77c1f5-b663-996c-c336-72c1d5493d4b,fb061221-316e-c954-1422-57bb4f6b9a46,a0bcc770-67eb-ddb1-2e42-b9b81a701feb,1933364a-bd6f-e0c0-752b-7c7f863d1df1,3f87d147-04c5-93fc-37f6-6343c972be35,6df3b9f5-dec6-d891-7ee6-e22e1cf34fad,fd40db72-259e-a2c9-ccee-db7522824e5b,e1982368-275b-97fc-4174-151084428a94,273e849a-dc05-a8c3-0281-c8a2e827318d,5cd8d703-abee-3948-b6a3-3b7f3232a166,bd155994-0316-6a21-8dae-5d670006ab46,2ff3093c-53e8-9814-d2a8-c58f6c866dbb"
"2026-05-24T13:45:12.000+0000",MASTERCARD,"VISA,MASTERCARD","1779630312.312",EXIT,"INFO,ERROR,EXIT","02/27","01/27,02/27,03/27,04/27,05/27,06/27,07/27,08/27,09/27,10/27,11/27,12/27",312,1779630312,"fd40db72-259e-a2c9-ccee-db7522824e5b","d24481dd-66b0-1408-8e57-e95689202eb9
ece1a9ae-ffd4-aa16-ba60-f4aaf994a432
f6669f7b-58ec-429f-30e4-b854d25735fa
6f77c1f5-b663-996c-c336-72c1d5493d4b
fb061221-316e-c954-1422-57bb4f6b9a46
a0bcc770-67eb-ddb1-2e42-b9b81a701feb
1933364a-bd6f-e0c0-752b-7c7f863d1df1
3f87d147-04c5-93fc-37f6-6343c972be35
6df3b9f5-dec6-d891-7ee6-e22e1cf34fad
fd40db72-259e-a2c9-ccee-db7522824e5b
e1982368-275b-97fc-4174-151084428a94
273e849a-dc05-a8c3-0281-c8a2e827318d
5cd8d703-abee-3948-b6a3-3b7f3232a166
bd155994-0316-6a21-8dae-5d670006ab46
2ff3093c-53e8-9814-d2a8-c58f6c866dbb","d24481dd-66b0-1408-8e57-e95689202eb9,ece1a9ae-ffd4-aa16-ba60-f4aaf994a432,f6669f7b-58ec-429f-30e4-b854d25735fa,6f77c1f5-b663-996c-c336-72c1d5493d4b,fb061221-316e-c954-1422-57bb4f6b9a46,a0bcc770-67eb-ddb1-2e42-b9b81a701feb,1933364a-bd6f-e0c0-752b-7c7f863d1df1,3f87d147-04c5-93fc-37f6-6343c972be35,6df3b9f5-dec6-d891-7ee6-e22e1cf34fad,fd40db72-259e-a2c9-ccee-db7522824e5b,e1982368-275b-97fc-4174-151084428a94,273e849a-dc05-a8c3-0281-c8a2e827318d,5cd8d703-abee-3948-b6a3-3b7f3232a166,bd155994-0316-6a21-8dae-5d670006ab46,2ff3093c-53e8-9814-d2a8-c58f6c866dbb"
"2026-05-23T16:51:25.000+0000",MASTERCARD,"VISA,MASTERCARD","1779555085.845",INFO,"INFO,ERROR,EXIT","12/27","01/27,02/27,03/27,04/27,05/27,06/27,07/27,08/27,09/27,10/27,11/27,12/27",845,1779555085,"6df3b9f5-dec6-d891-7ee6-e22e1cf34fad","d24481dd-66b0-1408-8e57-e95689202eb9
ece1a9ae-ffd4-aa16-ba60-f4aaf994a432
f6669f7b-58ec-429f-30e4-b854d25735fa
6f77c1f5-b663-996c-c336-72c1d5493d4b
fb061221-316e-c954-1422-57bb4f6b9a46
a0bcc770-67eb-ddb1-2e42-b9b81a701feb
1933364a-bd6f-e0c0-752b-7c7f863d1df1
3f87d147-04c5-93fc-37f6-6343c972be35
6df3b9f5-dec6-d891-7ee6-e22e1cf34fad
fd40db72-259e-a2c9-ccee-db7522824e5b
e1982368-275b-97fc-4174-151084428a94
273e849a-dc05-a8c3-0281-c8a2e827318d
5cd8d703-abee-3948-b6a3-3b7f3232a166
bd155994-0316-6a21-8dae-5d670006ab46
2ff3093c-53e8-9814-d2a8-c58f6c866dbb","d24481dd-66b0-1408-8e57-e95689202eb9,ece1a9ae-ffd4-aa16-ba60-f4aaf994a432,f6669f7b-58ec-429f-30e4-b854d25735fa,6f77c1f5-b663-996c-c336-72c1d5493d4b,fb061221-316e-c954-1422-57bb4f6b9a46,a0bcc770-67eb-ddb1-2e42-b9b81a701feb,1933364a-bd6f-e0c0-752b-7c7f863d1df1,3f87d147-04c5-93fc-37f6-6343c972be35,6df3b9f5-dec6-d891-7ee6-e22e1cf34fad,fd40db72-259e-a2c9-ccee-db7522824e5b,e1982368-275b-97fc-4174-151084428a94,273e849a-dc05-a8c3-0281-c8a2e827318d,5cd8d703-abee-3948-b6a3-3b7f3232a166,bd155994-0316-6a21-8dae-5d670006ab46,2ff3093c-53e8-9814-d2a8-c58f6c866dbb"
"2026-05-25T08:25:22.000+0000",VISA,"VISA,MASTERCARD","1779697522.607",INFO,"INFO,ERROR,EXIT","05/27","01/27,02/27,03/27,04/27,05/27,06/27,07/27,08/27,09/27,10/27,11/27,12/27",607,1779697522,"2ff3093c-53e8-9814-d2a8-c58f6c866dbb","d24481dd-66b0-1408-8e57-e95689202eb9
ece1a9ae-ffd4-aa16-ba60-f4aaf994a432
f6669f7b-58ec-429f-30e4-b854d25735fa
6f77c1f5-b663-996c-c336-72c1d5493d4b
fb061221-316e-c954-1422-57bb4f6b9a46
a0bcc770-67eb-ddb1-2e42-b9b81a701feb
1933364a-bd6f-e0c0-752b-7c7f863d1df1
3f87d147-04c5-93fc-37f6-6343c972be35
6df3b9f5-dec6-d891-7ee6-e22e1cf34fad
fd40db72-259e-a2c9-ccee-db7522824e5b
e1982368-275b-97fc-4174-151084428a94
273e849a-dc05-a8c3-0281-c8a2e827318d
5cd8d703-abee-3948-b6a3-3b7f3232a166
bd155994-0316-6a21-8dae-5d670006ab46
2ff3093c-53e8-9814-d2a8-c58f6c866dbb","d24481dd-66b0-1408-8e57-e95689202eb9,ece1a9ae-ffd4-aa16-ba60-f4aaf994a432,f6669f7b-58ec-429f-30e4-b854d25735fa,6f77c1f5-b663-996c-c336-72c1d5493d4b,fb061221-316e-c954-1422-57bb4f6b9a46,a0bcc770-67eb-ddb1-2e42-b9b81a701feb,1933364a-bd6f-e0c0-752b-7c7f863d1df1,3f87d147-04c5-93fc-37f6-6343c972be35,6df3b9f5-dec6-d891-7ee6-e22e1cf34fad,fd40db72-259e-a2c9-ccee-db7522824e5b,e1982368-275b-97fc-4174-151084428a94,273e849a-dc05-a8c3-0281-c8a2e827318d,5cd8d703-abee-3948-b6a3-3b7f3232a166,bd155994-0316-6a21-8dae-5d670006ab46,2ff3093c-53e8-9814-d2a8-c58f6c866dbb"
"2026-05-21T10:28:33.000+0000",VISA,"VISA,MASTERCARD","1779359314.347",EXIT,"INFO,ERROR,EXIT","10/27","01/27,02/27,03/27,04/27,05/27,06/27,07/27,08/27,09/27,10/27,11/27,12/27",1347,1779359313,"3f87d147-04c5-93fc-37f6-6343c972be35","d24481dd-66b0-1408-8e57-e95689202eb9
ece1a9ae-ffd4-aa16-ba60-f4aaf994a432
f6669f7b-58ec-429f-30e4-b854d25735fa
6f77c1f5-b663-996c-c336-72c1d5493d4b
fb061221-316e-c954-1422-57bb4f6b9a46
a0bcc770-67eb-ddb1-2e42-b9b81a701feb
1933364a-bd6f-e0c0-752b-7c7f863d1df1
3f87d147-04c5-93fc-37f6-6343c972be35
6df3b9f5-dec6-d891-7ee6-e22e1cf34fad
fd40db72-259e-a2c9-ccee-db7522824e5b
e1982368-275b-97fc-4174-151084428a94
273e849a-dc05-a8c3-0281-c8a2e827318d
5cd8d703-abee-3948-b6a3-3b7f3232a166
bd155994-0316-6a21-8dae-5d670006ab46
2ff3093c-53e8-9814-d2a8-c58f6c866dbb","d24481dd-66b0-1408-8e57-e95689202eb9,ece1a9ae-ffd4-aa16-ba60-f4aaf994a432,f6669f7b-58ec-429f-30e4-b854d25735fa,6f77c1f5-b663-996c-c336-72c1d5493d4b,fb061221-316e-c954-1422-57bb4f6b9a46,a0bcc770-67eb-ddb1-2e42-b9b81a701feb,1933364a-bd6f-e0c0-752b-7c7f863d1df1,3f87d147-04c5-93fc-37f6-6343c972be35,6df3b9f5-dec6-d891-7ee6-e22e1cf34fad,fd40db72-259e-a2c9-ccee-db7522824e5b,e1982368-275b-97fc-4174-151084428a94,273e849a-dc05-a8c3-0281-c8a2e827318d,5cd8d703-abee-3948-b6a3-3b7f3232a166,bd155994-0316-6a21-8dae-5d670006ab46,2ff3093c-53e8-9814-d2a8-c58f6c866dbb"
"2026-05-21T14:07:42.000+0000",VISA,"VISA,MASTERCARD","1779372462.98",EXIT,"INFO,ERROR,EXIT","08/27","01/27,02/27,03/27,04/27,05/27,06/27,07/27,08/27,09/27,10/27,11/27,12/27",980,1779372462,"fd40db72-259e-a2c9-ccee-db7522824e5b","d24481dd-66b0-1408-8e57-e95689202eb9
ece1a9ae-ffd4-aa16-ba60-f4aaf994a432
f6669f7b-58ec-429f-30e4-b854d25735fa
6f77c1f5-b663-996c-c336-72c1d5493d4b
fb061221-316e-c954-1422-57bb4f6b9a46
a0bcc770-67eb-ddb1-2e42-b9b81a701feb
1933364a-bd6f-e0c0-752b-7c7f863d1df1
3f87d147-04c5-93fc-37f6-6343c972be35
6df3b9f5-dec6-d891-7ee6-e22e1cf34fad
fd40db72-259e-a2c9-ccee-db7522824e5b
e1982368-275b-97fc-4174-151084428a94
273e849a-dc05-a8c3-0281-c8a2e827318d
5cd8d703-abee-3948-b6a3-3b7f3232a166
bd155994-0316-6a21-8dae-5d670006ab46
2ff3093c-53e8-9814-d2a8-c58f6c866dbb","d24481dd-66b0-1408-8e57-e95689202eb9,ece1a9ae-ffd4-aa16-ba60-f4aaf994a432,f6669f7b-58ec-429f-30e4-b854d25735fa,6f77c1f5-b663-996c-c336-72c1d5493d4b,fb061221-316e-c954-1422-57bb4f6b9a46,a0bcc770-67eb-ddb1-2e42-b9b81a701feb,1933364a-bd6f-e0c0-752b-7c7f863d1df1,3f87d147-04c5-93fc-37f6-6343c972be35,6df3b9f5-dec6-d891-7ee6-e22e1cf34fad,fd40db72-259e-a2c9-ccee-db7522824e5b,e1982368-275b-97fc-4174-151084428a94,273e849a-dc05-a8c3-0281-c8a2e827318d,5cd8d703-abee-3948-b6a3-3b7f3232a166,bd155994-0316-6a21-8dae-5d670006ab46,2ff3093c-53e8-9814-d2a8-c58f6c866dbb"
"2026-05-21T04:57:37.000+0000",MASTERCARD,"VISA,MASTERCARD","1779339458.428",ERROR,"INFO,ERROR,EXIT","04/27","01/27,02/27,03/27,04/27,05/27,06/27,07/27,08/27,09/27,10/27,11/27,12/27",1428,1779339457,"bd155994-0316-6a21-8dae-5d670006ab46","d24481dd-66b0-1408-8e57-e95689202eb9
ece1a9ae-ffd4-aa16-ba60-f4aaf994a432
f6669f7b-58ec-429f-30e4-b854d25735fa
6f77c1f5-b663-996c-c336-72c1d5493d4b
fb061221-316e-c954-1422-57bb4f6b9a46
a0bcc770-67eb-ddb1-2e42-b9b81a701feb
1933364a-bd6f-e0c0-752b-7c7f863d1df1
3f87d147-04c5-93fc-37f6-6343c972be35
6df3b9f5-dec6-d891-7ee6-e22e1cf34fad
fd40db72-259e-a2c9-ccee-db7522824e5b
e1982368-275b-97fc-4174-151084428a94
273e849a-dc05-a8c3-0281-c8a2e827318d
5cd8d703-abee-3948-b6a3-3b7f3232a166
bd155994-0316-6a21-8dae-5d670006ab46
2ff3093c-53e8-9814-d2a8-c58f6c866dbb","d24481dd-66b0-1408-8e57-e95689202eb9,ece1a9ae-ffd4-aa16-ba60-f4aaf994a432,f6669f7b-58ec-429f-30e4-b854d25735fa,6f77c1f5-b663-996c-c336-72c1d5493d4b,fb061221-316e-c954-1422-57bb4f6b9a46,a0bcc770-67eb-ddb1-2e42-b9b81a701feb,1933364a-bd6f-e0c0-752b-7c7f863d1df1,3f87d147-04c5-93fc-37f6-6343c972be35,6df3b9f5-dec6-d891-7ee6-e22e1cf34fad,fd40db72-259e-a2c9-ccee-db7522824e5b,e1982368-275b-97fc-4174-151084428a94,273e849a-dc05-a8c3-0281-c8a2e827318d,5cd8d703-abee-3948-b6a3-3b7f3232a166,bd155994-0316-6a21-8dae-5d670006ab46,2ff3093c-53e8-9814-d2a8-c58f6c866dbb"
"2026-05-24T12:30:29.000+0000",MASTERCARD,"VISA,MASTERCARD","1779625829.905",EXIT,"INFO,ERROR,EXIT","09/27","01/27,02/27,03/27,04/27,05/27,06/27,07/27,08/27,09/27,10/27,11/27,12/27",905,1779625829,"a0bcc770-67eb-ddb1-2e42-b9b81a701feb","d24481dd-66b0-1408-8e57-e95689202eb9
ece1a9ae-ffd4-aa16-ba60-f4aaf994a432
f6669f7b-58ec-429f-30e4-b854d25735fa
6f77c1f5-b663-996c-c336-72c1d5493d4b
fb061221-316e-c954-1422-57bb4f6b9a46
a0bcc770-67eb-ddb1-2e42-b9b81a701feb
1933364a-bd6f-e0c0-752b-7c7f863d1df1
3f87d147-04c5-93fc-37f6-6343c972be35
6df3b9f5-dec6-d891-7ee6-e22e1cf34fad
fd40db72-259e-a2c9-ccee-db7522824e5b
e1982368-275b-97fc-4174-151084428a94
273e849a-dc05-a8c3-0281-c8a2e827318d
5cd8d703-abee-3948-b6a3-3b7f3232a166
bd155994-0316-6a21-8dae-5d670006ab46
2ff3093c-53e8-9814-d2a8-c58f6c866dbb","d24481dd-66b0-1408-8e57-e95689202eb9,ece1a9ae-ffd4-aa16-ba60-f4aaf994a432,f6669f7b-58ec-429f-30e4-b854d25735fa,6f77c1f5-b663-996c-c336-72c1d5493d4b,fb061221-316e-c954-1422-57bb4f6b9a46,a0bcc770-67eb-ddb1-2e42-b9b81a701feb,1933364a-bd6f-e0c0-752b-7c7f863d1df1,3f87d147-04c5-93fc-37f6-6343c972be35,6df3b9f5-dec6-d891-7ee6-e22e1cf34fad,fd40db72-259e-a2c9-ccee-db7522824e5b,e1982368-275b-97fc-4174-151084428a94,273e849a-dc05-a8c3-0281-c8a2e827318d,5cd8d703-abee-3948-b6a3-3b7f3232a166,bd155994-0316-6a21-8dae-5d670006ab46,2ff3093c-53e8-9814-d2a8-c58f6c866dbb"
"2026-05-22T17:17:48.000+0000",MASTERCARD,"VISA,MASTERCARD","1779470269.184",EXIT,"INFO,ERROR,EXIT","04/27","01/27,02/27,03/27,04/27,05/27,06/27,07/27,08/27,09/27,10/27,11/27,12/27",1184,1779470268,"6f77c1f5-b663-996c-c336-72c1d5493d4b","d24481dd-66b0-1408-8e57-e95689202eb9
ece1a9ae-ffd4-aa16-ba60-f4aaf994a432
f6669f7b-58ec-429f-30e4-b854d25735fa
6f77c1f5-b663-996c-c336-72c1d5493d4b
fb061221-316e-c954-1422-57bb4f6b9a46
a0bcc770-67eb-ddb1-2e42-b9b81a701feb
1933364a-bd6f-e0c0-752b-7c7f863d1df1
3f87d147-04c5-93fc-37f6-6343c972be35
6df3b9f5-dec6-d891-7ee6-e22e1cf34fad
fd40db72-259e-a2c9-ccee-db7522824e5b
e1982368-275b-97fc-4174-151084428a94
273e849a-dc05-a8c3-0281-c8a2e827318d
5cd8d703-abee-3948-b6a3-3b7f3232a166
bd155994-0316-6a21-8dae-5d670006ab46
2ff3093c-53e8-9814-d2a8-c58f6c866dbb","d24481dd-66b0-1408-8e57-e95689202eb9,ece1a9ae-ffd4-aa16-ba60-f4aaf994a432,f6669f7b-58ec-429f-30e4-b854d25735fa,6f77c1f5-b663-996c-c336-72c1d5493d4b,fb061221-316e-c954-1422-57bb4f6b9a46,a0bcc770-67eb-ddb1-2e42-b9b81a701feb,1933364a-bd6f-e0c0-752b-7c7f863d1df1,3f87d147-04c5-93fc-37f6-6343c972be35,6df3b9f5-dec6-d891-7ee6-e22e1cf34fad,fd40db72-259e-a2c9-ccee-db7522824e5b,e1982368-275b-97fc-4174-151084428a94,273e849a-dc05-a8c3-0281-c8a2e827318d,5cd8d703-abee-3948-b6a3-3b7f3232a166,bd155994-0316-6a21-8dae-5d670006ab46,2ff3093c-53e8-9814-d2a8-c58f6c866dbb"
"2026-05-22T14:22:54.000+0000",VISA,"VISA,MASTERCARD","1779459775.507",EXIT,"INFO,ERROR,EXIT","04/27","01/27,02/27,03/27,04/27,05/27,06/27,07/27,08/27,09/27,10/27,11/27,12/27",1507,1779459774,"fb061221-316e-c954-1422-57bb4f6b9a46","d24481dd-66b0-1408-8e57-e95689202eb9
ece1a9ae-ffd4-aa16-ba60-f4aaf994a432
f6669f7b-58ec-429f-30e4-b854d25735fa
6f77c1f5-b663-996c-c336-72c1d5493d4b
fb061221-316e-c954-1422-57bb4f6b9a46
a0bcc770-67eb-ddb1-2e42-b9b81a701feb
1933364a-bd6f-e0c0-752b-7c7f863d1df1
3f87d147-04c5-93fc-37f6-6343c972be35
6df3b9f5-dec6-d891-7ee6-e22e1cf34fad
fd40db72-259e-a2c9-ccee-db7522824e5b
e1982368-275b-97fc-4174-151084428a94
273e849a-dc05-a8c3-0281-c8a2e827318d
5cd8d703-abee-3948-b6a3-3b7f3232a166
bd155994-0316-6a21-8dae-5d670006ab46
2ff3093c-53e8-9814-d2a8-c58f6c866dbb","d24481dd-66b0-1408-8e57-e95689202eb9,ece1a9ae-ffd4-aa16-ba60-f4aaf994a432,f6669f7b-58ec-429f-30e4-b854d25735fa,6f77c1f5-b663-996c-c336-72c1d5493d4b,fb061221-316e-c954-1422-57bb4f6b9a46,a0bcc770-67eb-ddb1-2e42-b9b81a701feb,1933364a-bd6f-e0c0-752b-7c7f863d1df1,3f87d147-04c5-93fc-37f6-6343c972be35,6df3b9f5-dec6-d891-7ee6-e22e1cf34fad,fd40db72-259e-a2c9-ccee-db7522824e5b,e1982368-275b-97fc-4174-151084428a94,273e849a-dc05-a8c3-0281-c8a2e827318d,5cd8d703-abee-3948-b6a3-3b7f3232a166,bd155994-0316-6a21-8dae-5d670006ab46,2ff3093c-53e8-9814-d2a8-c58f6c866dbb"
"2026-05-22T10:06:10.000+0000",MASTERCARD,"VISA,MASTERCARD","1779444371.292",INFO,"INFO,ERROR,EXIT","05/27","01/27,02/27,03/27,04/27,05/27,06/27,07/27,08/27,09/27,10/27,11/27,12/27",1292,1779444370,"f6669f7b-58ec-429f-30e4-b854d25735fa","d24481dd-66b0-1408-8e57-e95689202eb9
ece1a9ae-ffd4-aa16-ba60-f4aaf994a432
f6669f7b-58ec-429f-30e4-b854d25735fa
6f77c1f5-b663-996c-c336-72c1d5493d4b
fb061221-316e-c954-1422-57bb4f6b9a46
a0bcc770-67eb-ddb1-2e42-b9b81a701feb
1933364a-bd6f-e0c0-752b-7c7f863d1df1
3f87d147-04c5-93fc-37f6-6343c972be35
6df3b9f5-dec6-d891-7ee6-e22e1cf34fad
fd40db72-259e-a2c9-ccee-db7522824e5b
e1982368-275b-97fc-4174-151084428a94
273e849a-dc05-a8c3-0281-c8a2e827318d
5cd8d703-abee-3948-b6a3-3b7f3232a166
bd155994-0316-6a21-8dae-5d670006ab46
2ff3093c-53e8-9814-d2a8-c58f6c866dbb","d24481dd-66b0-1408-8e57-e95689202eb9,ece1a9ae-ffd4-aa16-ba60-f4aaf994a432,f6669f7b-58ec-429f-30e4-b854d25735fa,6f77c1f5-b663-996c-c336-72c1d5493d4b,fb061221-316e-c954-1422-57bb4f6b9a46,a0bcc770-67eb-ddb1-2e42-b9b81a701feb,1933364a-bd6f-e0c0-752b-7c7f863d1df1,3f87d147-04c5-93fc-37f6-6343c972be35,6df3b9f5-dec6-d891-7ee6-e22e1cf34fad,fd40db72-259e-a2c9-ccee-db7522824e5b,e1982368-275b-97fc-4174-151084428a94,273e849a-dc05-a8c3-0281-c8a2e827318d,5cd8d703-abee-3948-b6a3-3b7f3232a166,bd155994-0316-6a21-8dae-5d670006ab46,2ff3093c-53e8-9814-d2a8-c58f6c866dbb"
"2026-05-22T09:15:55.000+0000",VISA,"VISA,MASTERCARD","1779441356.051",INFO,"INFO,ERROR,EXIT","01/27","01/27,02/27,03/27,04/27,05/27,06/27,07/27,08/27,09/27,10/27,11/27,12/27",1051,1779441355,"fd40db72-259e-a2c9-ccee-db7522824e5b","d24481dd-66b0-1408-8e57-e95689202eb9
ece1a9ae-ffd4-aa16-ba60-f4aaf994a432
f6669f7b-58ec-429f-30e4-b854d25735fa
6f77c1f5-b663-996c-c336-72c1d5493d4b
fb061221-316e-c954-1422-57bb4f6b9a46
a0bcc770-67eb-ddb1-2e42-b9b81a701feb
1933364a-bd6f-e0c0-752b-7c7f863d1df1
3f87d147-04c5-93fc-37f6-6343c972be35
6df3b9f5-dec6-d891-7ee6-e22e1cf34fad
fd40db72-259e-a2c9-ccee-db7522824e5b
e1982368-275b-97fc-4174-151084428a94
273e849a-dc05-a8c3-0281-c8a2e827318d
5cd8d703-abee-3948-b6a3-3b7f3232a166
bd155994-0316-6a21-8dae-5d670006ab46
2ff3093c-53e8-9814-d2a8-c58f6c866dbb","d24481dd-66b0-1408-8e57-e95689202eb9,ece1a9ae-ffd4-aa16-ba60-f4aaf994a432,f6669f7b-58ec-429f-30e4-b854d25735fa,6f77c1f5-b663-996c-c336-72c1d5493d4b,fb061221-316e-c954-1422-57bb4f6b9a46,a0bcc770-67eb-ddb1-2e42-b9b81a701feb,1933364a-bd6f-e0c0-752b-7c7f863d1df1,3f87d147-04c5-93fc-37f6-6343c972be35,6df3b9f5-dec6-d891-7ee6-e22e1cf34fad,fd40db72-259e-a2c9-ccee-db7522824e5b,e1982368-275b-97fc-4174-151084428a94,273e849a-dc05-a8c3-0281-c8a2e827318d,5cd8d703-abee-3948-b6a3-3b7f3232a166,bd155994-0316-6a21-8dae-5d670006ab46,2ff3093c-53e8-9814-d2a8-c58f6c866dbb"
"2026-05-22T01:02:24.000+0000",VISA,"VISA,MASTERCARD","1779411744.1",EXIT,"INFO,ERROR,EXIT","07/27","01/27,02/27,03/27,04/27,05/27,06/27,07/27,08/27,09/27,10/27,11/27,12/27",100,1779411744,"bd155994-0316-6a21-8dae-5d670006ab46","d24481dd-66b0-1408-8e57-e95689202eb9
ece1a9ae-ffd4-aa16-ba60-f4aaf994a432
f6669f7b-58ec-429f-30e4-b854d25735fa
6f77c1f5-b663-996c-c336-72c1d5493d4b
fb061221-316e-c954-1422-57bb4f6b9a46
a0bcc770-67eb-ddb1-2e42-b9b81a701feb
1933364a-bd6f-e0c0-752b-7c7f863d1df1
3f87d147-04c5-93fc-37f6-6343c972be35
6df3b9f5-dec6-d891-7ee6-e22e1cf34fad
fd40db72-259e-a2c9-ccee-db7522824e5b
e1982368-275b-97fc-4174-151084428a94
273e849a-dc05-a8c3-0281-c8a2e827318d
5cd8d703-abee-3948-b6a3-3b7f3232a166
bd155994-0316-6a21-8dae-5d670006ab46
2ff3093c-53e8-9814-d2a8-c58f6c866dbb","d24481dd-66b0-1408-8e57-e95689202eb9,ece1a9ae-ffd4-aa16-ba60-f4aaf994a432,f6669f7b-58ec-429f-30e4-b854d25735fa,6f77c1f5-b663-996c-c336-72c1d5493d4b,fb061221-316e-c954-1422-57bb4f6b9a46,a0bcc770-67eb-ddb1-2e42-b9b81a701feb,1933364a-bd6f-e0c0-752b-7c7f863d1df1,3f87d147-04c5-93fc-37f6-6343c972be35,6df3b9f5-dec6-d891-7ee6-e22e1cf34fad,fd40db72-259e-a2c9-ccee-db7522824e5b,e1982368-275b-97fc-4174-151084428a94,273e849a-dc05-a8c3-0281-c8a2e827318d,5cd8d703-abee-3948-b6a3-3b7f3232a166,bd155994-0316-6a21-8dae-5d670006ab46,2ff3093c-53e8-9814-d2a8-c58f6c866dbb"
"2026-05-24T16:15:17.000+0000",VISA,"VISA,MASTERCARD","1779639318.374",INFO,"INFO,ERROR,EXIT","02/27","01/27,02/27,03/27,04/27,05/27,06/27,07/27,08/27,09/27,10/27,11/27,12/27",1374,1779639317,"e1982368-275b-97fc-4174-151084428a94","d24481dd-66b0-1408-8e57-e95689202eb9
ece1a9ae-ffd4-aa16-ba60-f4aaf994a432
f6669f7b-58ec-429f-30e4-b854d25735fa
6f77c1f5-b663-996c-c336-72c1d5493d4b
fb061221-316e-c954-1422-57bb4f6b9a46
a0bcc770-67eb-ddb1-2e42-b9b81a701feb
1933364a-bd6f-e0c0-752b-7c7f863d1df1
3f87d147-04c5-93fc-37f6-6343c972be35
6df3b9f5-dec6-d891-7ee6-e22e1cf34fad
fd40db72-259e-a2c9-ccee-db7522824e5b
e1982368-275b-97fc-4174-151084428a94
273e849a-dc05-a8c3-0281-c8a2e827318d
5cd8d703-abee-3948-b6a3-3b7f3232a166
bd155994-0316-6a21-8dae-5d670006ab46
2ff3093c-53e8-9814-d2a8-c58f6c866dbb","d24481dd-66b0-1408-8e57-e95689202eb9,ece1a9ae-ffd4-aa16-ba60-f4aaf994a432,f6669f7b-58ec-429f-30e4-b854d25735fa,6f77c1f5-b663-996c-c336-72c1d5493d4b,fb061221-316e-c954-1422-57bb4f6b9a46,a0bcc770-67eb-ddb1-2e42-b9b81a701feb,1933364a-bd6f-e0c0-752b-7c7f863d1df1,3f87d147-04c5-93fc-37f6-6343c972be35,6df3b9f5-dec6-d891-7ee6-e22e1cf34fad,fd40db72-259e-a2c9-ccee-db7522824e5b,e1982368-275b-97fc-4174-151084428a94,273e849a-dc05-a8c3-0281-c8a2e827318d,5cd8d703-abee-3948-b6a3-3b7f3232a166,bd155994-0316-6a21-8dae-5d670006ab46,2ff3093c-53e8-9814-d2a8-c58f6c866dbb"
"2026-05-20T05:39:49.000+0000",VISA,"VISA,MASTERCARD","1779255590.424",INFO,"INFO,ERROR,EXIT","04/27","01/27,02/27,03/27,04/27,05/27,06/27,07/27,08/27,09/27,10/27,11/27,12/27",1424,1779255589,"fd40db72-259e-a2c9-ccee-db7522824e5b","d24481dd-66b0-1408-8e57-e95689202eb9
ece1a9ae-ffd4-aa16-ba60-f4aaf994a432
f6669f7b-58ec-429f-30e4-b854d25735fa
6f77c1f5-b663-996c-c336-72c1d5493d4b
fb061221-316e-c954-1422-57bb4f6b9a46
a0bcc770-67eb-ddb1-2e42-b9b81a701feb
1933364a-bd6f-e0c0-752b-7c7f863d1df1
3f87d147-04c5-93fc-37f6-6343c972be35
6df3b9f5-dec6-d891-7ee6-e22e1cf34fad
fd40db72-259e-a2c9-ccee-db7522824e5b
e1982368-275b-97fc-4174-151084428a94
273e849a-dc05-a8c3-0281-c8a2e827318d
5cd8d703-abee-3948-b6a3-3b7f3232a166
bd155994-0316-6a21-8dae-5d670006ab46
2ff3093c-53e8-9814-d2a8-c58f6c866dbb","d24481dd-66b0-1408-8e57-e95689202eb9,ece1a9ae-ffd4-aa16-ba60-f4aaf994a432,f6669f7b-58ec-429f-30e4-b854d25735fa,6f77c1f5-b663-996c-c336-72c1d5493d4b,fb061221-316e-c954-1422-57bb4f6b9a46,a0bcc770-67eb-ddb1-2e42-b9b81a701feb,1933364a-bd6f-e0c0-752b-7c7f863d1df1,3f87d147-04c5-93fc-37f6-6343c972be35,6df3b9f5-dec6-d891-7ee6-e22e1cf34fad,fd40db72-259e-a2c9-ccee-db7522824e5b,e1982368-275b-97fc-4174-151084428a94,273e849a-dc05-a8c3-0281-c8a2e827318d,5cd8d703-abee-3948-b6a3-3b7f3232a166,bd155994-0316-6a21-8dae-5d670006ab46,2ff3093c-53e8-9814-d2a8-c58f6c866dbb"
"2026-05-24T09:10:41.000+0000",MASTERCARD,"VISA,MASTERCARD","1779613841.497",INFO,"INFO,ERROR,EXIT","09/27","01/27,02/27,03/27,04/27,05/27,06/27,07/27,08/27,09/27,10/27,11/27,12/27",497,1779613841,"d24481dd-66b0-1408-8e57-e95689202eb9","d24481dd-66b0-1408-8e57-e95689202eb9
ece1a9ae-ffd4-aa16-ba60-f4aaf994a432
f6669f7b-58ec-429f-30e4-b854d25735fa
6f77c1f5-b663-996c-c336-72c1d5493d4b
fb061221-316e-c954-1422-57bb4f6b9a46
a0bcc770-67eb-ddb1-2e42-b9b81a701feb
1933364a-bd6f-e0c0-752b-7c7f863d1df1
3f87d147-04c5-93fc-37f6-6343c972be35
6df3b9f5-dec6-d891-7ee6-e22e1cf34fad
fd40db72-259e-a2c9-ccee-db7522824e5b
e1982368-275b-97fc-4174-151084428a94
273e849a-dc05-a8c3-0281-c8a2e827318d
5cd8d703-abee-3948-b6a3-3b7f3232a166
bd155994-0316-6a21-8dae-5d670006ab46
2ff3093c-53e8-9814-d2a8-c58f6c866dbb","d24481dd-66b0-1408-8e57-e95689202eb9,ece1a9ae-ffd4-aa16-ba60-f4aaf994a432,f6669f7b-58ec-429f-30e4-b854d25735fa,6f77c1f5-b663-996c-c336-72c1d5493d4b,fb061221-316e-c954-1422-57bb4f6b9a46,a0bcc770-67eb-ddb1-2e42-b9b81a701feb,1933364a-bd6f-e0c0-752b-7c7f863d1df1,3f87d147-04c5-93fc-37f6-6343c972be35,6df3b9f5-dec6-d891-7ee6-e22e1cf34fad,fd40db72-259e-a2c9-ccee-db7522824e5b,e1982368-275b-97fc-4174-151084428a94,273e849a-dc05-a8c3-0281-c8a2e827318d,5cd8d703-abee-3948-b6a3-3b7f3232a166,bd155994-0316-6a21-8dae-5d670006ab46,2ff3093c-53e8-9814-d2a8-c58f6c866dbb"
"2026-05-22T22:06:11.000+0000",VISA,"VISA,MASTERCARD","1779487571.323",ERROR,"INFO,ERROR,EXIT","02/27","01/27,02/27,03/27,04/27,05/27,06/27,07/27,08/27,09/27,10/27,11/27,12/27",323,1779487571,"3f87d147-04c5-93fc-37f6-6343c972be35","d24481dd-66b0-1408-8e57-e95689202eb9
ece1a9ae-ffd4-aa16-ba60-f4aaf994a432
f6669f7b-58ec-429f-30e4-b854d25735fa
6f77c1f5-b663-996c-c336-72c1d5493d4b
fb061221-316e-c954-1422-57bb4f6b9a46
a0bcc770-67eb-ddb1-2e42-b9b81a701feb
1933364a-bd6f-e0c0-752b-7c7f863d1df1
3f87d147-04c5-93fc-37f6-6343c972be35
6df3b9f5-dec6-d891-7ee6-e22e1cf34fad
fd40db72-259e-a2c9-ccee-db7522824e5b
e1982368-275b-97fc-4174-151084428a94
273e849a-dc05-a8c3-0281-c8a2e827318d
5cd8d703-abee-3948-b6a3-3b7f3232a166
bd155994-0316-6a21-8dae-5d670006ab46
2ff3093c-53e8-9814-d2a8-c58f6c866dbb","d24481dd-66b0-1408-8e57-e95689202eb9,ece1a9ae-ffd4-aa16-ba60-f4aaf994a432,f6669f7b-58ec-429f-30e4-b854d25735fa,6f77c1f5-b663-996c-c336-72c1d5493d4b,fb061221-316e-c954-1422-57bb4f6b9a46,a0bcc770-67eb-ddb1-2e42-b9b81a701feb,1933364a-bd6f-e0c0-752b-7c7f863d1df1,3f87d147-04c5-93fc-37f6-6343c972be35,6df3b9f5-dec6-d891-7ee6-e22e1cf34fad,fd40db72-259e-a2c9-ccee-db7522824e5b,e1982368-275b-97fc-4174-151084428a94,273e849a-dc05-a8c3-0281-c8a2e827318d,5cd8d703-abee-3948-b6a3-3b7f3232a166,bd155994-0316-6a21-8dae-5d670006ab46,2ff3093c-53e8-9814-d2a8-c58f6c866dbb"
"2026-05-25T08:00:36.000+0000",VISA,"VISA,MASTERCARD","1779696037.165",EXIT,"INFO,ERROR,EXIT","04/27","01/27,02/27,03/27,04/27,05/27,06/27,07/27,08/27,09/27,10/27,11/27,12/27",1165,1779696036,"273e849a-dc05-a8c3-0281-c8a2e827318d","d24481dd-66b0-1408-8e57-e95689202eb9
ece1a9ae-ffd4-aa16-ba60-f4aaf994a432
f6669f7b-58ec-429f-30e4-b854d25735fa
6f77c1f5-b663-996c-c336-72c1d5493d4b
fb061221-316e-c954-1422-57bb4f6b9a46
a0bcc770-67eb-ddb1-2e42-b9b81a701feb
1933364a-bd6f-e0c0-752b-7c7f863d1df1
3f87d147-04c5-93fc-37f6-6343c972be35
6df3b9f5-dec6-d891-7ee6-e22e1cf34fad
fd40db72-259e-a2c9-ccee-db7522824e5b
e1982368-275b-97fc-4174-151084428a94
273e849a-dc05-a8c3-0281-c8a2e827318d
5cd8d703-abee-3948-b6a3-3b7f3232a166
bd155994-0316-6a21-8dae-5d670006ab46
2ff3093c-53e8-9814-d2a8-c58f6c866dbb","d24481dd-66b0-1408-8e57-e95689202eb9,ece1a9ae-ffd4-aa16-ba60-f4aaf994a432,f6669f7b-58ec-429f-30e4-b854d25735fa,6f77c1f5-b663-996c-c336-72c1d5493d4b,fb061221-316e-c954-1422-57bb4f6b9a46,a0bcc770-67eb-ddb1-2e42-b9b81a701feb,1933364a-bd6f-e0c0-752b-7c7f863d1df1,3f87d147-04c5-93fc-37f6-6343c972be35,6df3b9f5-dec6-d891-7ee6-e22e1cf34fad,fd40db72-259e-a2c9-ccee-db7522824e5b,e1982368-275b-97fc-4174-151084428a94,273e849a-dc05-a8c3-0281-c8a2e827318d,5cd8d703-abee-3948-b6a3-3b7f3232a166,bd155994-0316-6a21-8dae-5d670006ab46,2ff3093c-53e8-9814-d2a8-c58f6c866dbb"
"2026-05-22T17:14:57.000+0000",VISA,"VISA,MASTERCARD","1779470097.1",INFO,"INFO,ERROR,EXIT","08/27","01/27,02/27,03/27,04/27,05/27,06/27,07/27,08/27,09/27,10/27,11/27,12/27",100,1779470097,"5cd8d703-abee-3948-b6a3-3b7f3232a166","d24481dd-66b0-1408-8e57-e95689202eb9
ece1a9ae-ffd4-aa16-ba60-f4aaf994a432
f6669f7b-58ec-429f-30e4-b854d25735fa
6f77c1f5-b663-996c-c336-72c1d5493d4b
fb061221-316e-c954-1422-57bb4f6b9a46
a0bcc770-67eb-ddb1-2e42-b9b81a701feb
1933364a-bd6f-e0c0-752b-7c7f863d1df1
3f87d147-04c5-93fc-37f6-6343c972be35
6df3b9f5-dec6-d891-7ee6-e22e1cf34fad
fd40db72-259e-a2c9-ccee-db7522824e5b
e1982368-275b-97fc-4174-151084428a94
273e849a-dc05-a8c3-0281-c8a2e827318d
5cd8d703-abee-3948-b6a3-3b7f3232a166
bd155994-0316-6a21-8dae-5d670006ab46
2ff3093c-53e8-9814-d2a8-c58f6c866dbb","d24481dd-66b0-1408-8e57-e95689202eb9,ece1a9ae-ffd4-aa16-ba60-f4aaf994a432,f6669f7b-58ec-429f-30e4-b854d25735fa,6f77c1f5-b663-996c-c336-72c1d5493d4b,fb061221-316e-c954-1422-57bb4f6b9a46,a0bcc770-67eb-ddb1-2e42-b9b81a701feb,1933364a-bd6f-e0c0-752b-7c7f863d1df1,3f87d147-04c5-93fc-37f6-6343c972be35,6df3b9f5-dec6-d891-7ee6-e22e1cf34fad,fd40db72-259e-a2c9-ccee-db7522824e5b,e1982368-275b-97fc-4174-151084428a94,273e849a-dc05-a8c3-0281-c8a2e827318d,5cd8d703-abee-3948-b6a3-3b7f3232a166,bd155994-0316-6a21-8dae-5d670006ab46,2ff3093c-53e8-9814-d2a8-c58f6c866dbb"
"2026-05-22T16:57:50.000+0000",VISA,"VISA,MASTERCARD","1779469070.889",INFO,"INFO,ERROR,EXIT","11/27","01/27,02/27,03/27,04/27,05/27,06/27,07/27,08/27,09/27,10/27,11/27,12/27",889,1779469070,"1933364a-bd6f-e0c0-752b-7c7f863d1df1","d24481dd-66b0-1408-8e57-e95689202eb9
ece1a9ae-ffd4-aa16-ba60-f4aaf994a432
f6669f7b-58ec-429f-30e4-b854d25735fa
6f77c1f5-b663-996c-c336-72c1d5493d4b
fb061221-316e-c954-1422-57bb4f6b9a46
a0bcc770-67eb-ddb1-2e42-b9b81a701feb
1933364a-bd6f-e0c0-752b-7c7f863d1df1
3f87d147-04c5-93fc-37f6-6343c972be35
6df3b9f5-dec6-d891-7ee6-e22e1cf34fad
fd40db72-259e-a2c9-ccee-db7522824e5b
e1982368-275b-97fc-4174-151084428a94
273e849a-dc05-a8c3-0281-c8a2e827318d
5cd8d703-abee-3948-b6a3-3b7f3232a166
bd155994-0316-6a21-8dae-5d670006ab46
2ff3093c-53e8-9814-d2a8-c58f6c866dbb","d24481dd-66b0-1408-8e57-e95689202eb9,ece1a9ae-ffd4-aa16-ba60-f4aaf994a432,f6669f7b-58ec-429f-30e4-b854d25735fa,6f77c1f5-b663-996c-c336-72c1d5493d4b,fb061221-316e-c954-1422-57bb4f6b9a46,a0bcc770-67eb-ddb1-2e42-b9b81a701feb,1933364a-bd6f-e0c0-752b-7c7f863d1df1,3f87d147-04c5-93fc-37f6-6343c972be35,6df3b9f5-dec6-d891-7ee6-e22e1cf34fad,fd40db72-259e-a2c9-ccee-db7522824e5b,e1982368-275b-97fc-4174-151084428a94,273e849a-dc05-a8c3-0281-c8a2e827318d,5cd8d703-abee-3948-b6a3-3b7f3232a166,bd155994-0316-6a21-8dae-5d670006ab46,2ff3093c-53e8-9814-d2a8-c58f6c866dbb"
"2026-05-24T00:55:20.000+0000",VISA,"VISA,MASTERCARD","1779584121.545",ERROR,"INFO,ERROR,EXIT","12/27","01/27,02/27,03/27,04/27,05/27,06/27,07/27,08/27,09/27,10/27,11/27,12/27",1545,1779584120,"6f77c1f5-b663-996c-c336-72c1d5493d4b","d24481dd-66b0-1408-8e57-e95689202eb9
ece1a9ae-ffd4-aa16-ba60-f4aaf994a432
f6669f7b-58ec-429f-30e4-b854d25735fa
6f77c1f5-b663-996c-c336-72c1d5493d4b
fb061221-316e-c954-1422-57bb4f6b9a46
a0bcc770-67eb-ddb1-2e42-b9b81a701feb
1933364a-bd6f-e0c0-752b-7c7f863d1df1
3f87d147-04c5-93fc-37f6-6343c972be35
6df3b9f5-dec6-d891-7ee6-e22e1cf34fad
fd40db72-259e-a2c9-ccee-db7522824e5b
e1982368-275b-97fc-4174-151084428a94
273e849a-dc05-a8c3-0281-c8a2e827318d
5cd8d703-abee-3948-b6a3-3b7f3232a166
bd155994-0316-6a21-8dae-5d670006ab46
2ff3093c-53e8-9814-d2a8-c58f6c866dbb","d24481dd-66b0-1408-8e57-e95689202eb9,ece1a9ae-ffd4-aa16-ba60-f4aaf994a432,f6669f7b-58ec-429f-30e4-b854d25735fa,6f77c1f5-b663-996c-c336-72c1d5493d4b,fb061221-316e-c954-1422-57bb4f6b9a46,a0bcc770-67eb-ddb1-2e42-b9b81a701feb,1933364a-bd6f-e0c0-752b-7c7f863d1df1,3f87d147-04c5-93fc-37f6-6343c972be35,6df3b9f5-dec6-d891-7ee6-e22e1cf34fad,fd40db72-259e-a2c9-ccee-db7522824e5b,e1982368-275b-97fc-4174-151084428a94,273e849a-dc05-a8c3-0281-c8a2e827318d,5cd8d703-abee-3948-b6a3-3b7f3232a166,bd155994-0316-6a21-8dae-5d670006ab46,2ff3093c-53e8-9814-d2a8-c58f6c866dbb"
"2026-05-25T21:12:15.000+0000",VISA,"VISA,MASTERCARD","1779743535.409",INFO,"INFO,ERROR,EXIT","10/27","01/27,02/27,03/27,04/27,05/27,06/27,07/27,08/27,09/27,10/27,11/27,12/27",409,1779743535,"6df3b9f5-dec6-d891-7ee6-e22e1cf34fad","d24481dd-66b0-1408-8e57-e95689202eb9
ece1a9ae-ffd4-aa16-ba60-f4aaf994a432
f6669f7b-58ec-429f-30e4-b854d25735fa
6f77c1f5-b663-996c-c336-72c1d5493d4b
fb061221-316e-c954-1422-57bb4f6b9a46
a0bcc770-67eb-ddb1-2e42-b9b81a701feb
1933364a-bd6f-e0c0-752b-7c7f863d1df1
3f87d147-04c5-93fc-37f6-6343c972be35
6df3b9f5-dec6-d891-7ee6-e22e1cf34fad
fd40db72-259e-a2c9-ccee-db7522824e5b
e1982368-275b-97fc-4174-151084428a94
273e849a-dc05-a8c3-0281-c8a2e827318d
5cd8d703-abee-3948-b6a3-3b7f3232a166
bd155994-0316-6a21-8dae-5d670006ab46
2ff3093c-53e8-9814-d2a8-c58f6c866dbb","d24481dd-66b0-1408-8e57-e95689202eb9,ece1a9ae-ffd4-aa16-ba60-f4aaf994a432,f6669f7b-58ec-429f-30e4-b854d25735fa,6f77c1f5-b663-996c-c336-72c1d5493d4b,fb061221-316e-c954-1422-57bb4f6b9a46,a0bcc770-67eb-ddb1-2e42-b9b81a701feb,1933364a-bd6f-e0c0-752b-7c7f863d1df1,3f87d147-04c5-93fc-37f6-6343c972be35,6df3b9f5-dec6-d891-7ee6-e22e1cf34fad,fd40db72-259e-a2c9-ccee-db7522824e5b,e1982368-275b-97fc-4174-151084428a94,273e849a-dc05-a8c3-0281-c8a2e827318d,5cd8d703-abee-3948-b6a3-3b7f3232a166,bd155994-0316-6a21-8dae-5d670006ab46,2ff3093c-53e8-9814-d2a8-c58f6c866dbb"
"2026-05-21T06:51:41.000+0000",MASTERCARD,"VISA,MASTERCARD","1779346301.888",ERROR,"INFO,ERROR,EXIT","06/27","01/27,02/27,03/27,04/27,05/27,06/27,07/27,08/27,09/27,10/27,11/27,12/27",888,1779346301,"273e849a-dc05-a8c3-0281-c8a2e827318d","d24481dd-66b0-1408-8e57-e95689202eb9
ece1a9ae-ffd4-aa16-ba60-f4aaf994a432
f6669f7b-58ec-429f-30e4-b854d25735fa
6f77c1f5-b663-996c-c336-72c1d5493d4b
fb061221-316e-c954-1422-57bb4f6b9a46
a0bcc770-67eb-ddb1-2e42-b9b81a701feb
1933364a-bd6f-e0c0-752b-7c7f863d1df1
3f87d147-04c5-93fc-37f6-6343c972be35
6df3b9f5-dec6-d891-7ee6-e22e1cf34fad
fd40db72-259e-a2c9-ccee-db7522824e5b
e1982368-275b-97fc-4174-151084428a94
273e849a-dc05-a8c3-0281-c8a2e827318d
5cd8d703-abee-3948-b6a3-3b7f3232a166
bd155994-0316-6a21-8dae-5d670006ab46
2ff3093c-53e8-9814-d2a8-c58f6c866dbb","d24481dd-66b0-1408-8e57-e95689202eb9,ece1a9ae-ffd4-aa16-ba60-f4aaf994a432,f6669f7b-58ec-429f-30e4-b854d25735fa,6f77c1f5-b663-996c-c336-72c1d5493d4b,fb061221-316e-c954-1422-57bb4f6b9a46,a0bcc770-67eb-ddb1-2e42-b9b81a701feb,1933364a-bd6f-e0c0-752b-7c7f863d1df1,3f87d147-04c5-93fc-37f6-6343c972be35,6df3b9f5-dec6-d891-7ee6-e22e1cf34fad,fd40db72-259e-a2c9-ccee-db7522824e5b,e1982368-275b-97fc-4174-151084428a94,273e849a-dc05-a8c3-0281-c8a2e827318d,5cd8d703-abee-3948-b6a3-3b7f3232a166,bd155994-0316-6a21-8dae-5d670006ab46,2ff3093c-53e8-9814-d2a8-c58f6c866dbb"
"2026-05-23T22:33:11.000+0000",MASTERCARD,"VISA,MASTERCARD","1779575592.146",ERROR,"INFO,ERROR,EXIT","11/27","01/27,02/27,03/27,04/27,05/27,06/27,07/27,08/27,09/27,10/27,11/27,12/27",1146,1779575591,"2ff3093c-53e8-9814-d2a8-c58f6c866dbb","d24481dd-66b0-1408-8e57-e95689202eb9
ece1a9ae-ffd4-aa16-ba60-f4aaf994a432
f6669f7b-58ec-429f-30e4-b854d25735fa
6f77c1f5-b663-996c-c336-72c1d5493d4b
fb061221-316e-c954-1422-57bb4f6b9a46
a0bcc770-67eb-ddb1-2e42-b9b81a701feb
1933364a-bd6f-e0c0-752b-7c7f863d1df1
3f87d147-04c5-93fc-37f6-6343c972be35
6df3b9f5-dec6-d891-7ee6-e22e1cf34fad
fd40db72-259e-a2c9-ccee-db7522824e5b
e1982368-275b-97fc-4174-151084428a94
273e849a-dc05-a8c3-0281-c8a2e827318d
5cd8d703-abee-3948-b6a3-3b7f3232a166
bd155994-0316-6a21-8dae-5d670006ab46
2ff3093c-53e8-9814-d2a8-c58f6c866dbb","d24481dd-66b0-1408-8e57-e95689202eb9,ece1a9ae-ffd4-aa16-ba60-f4aaf994a432,f6669f7b-58ec-429f-30e4-b854d25735fa,6f77c1f5-b663-996c-c336-72c1d5493d4b,fb061221-316e-c954-1422-57bb4f6b9a46,a0bcc770-67eb-ddb1-2e42-b9b81a701feb,1933364a-bd6f-e0c0-752b-7c7f863d1df1,3f87d147-04c5-93fc-37f6-6343c972be35,6df3b9f5-dec6-d891-7ee6-e22e1cf34fad,fd40db72-259e-a2c9-ccee-db7522824e5b,e1982368-275b-97fc-4174-151084428a94,273e849a-dc05-a8c3-0281-c8a2e827318d,5cd8d703-abee-3948-b6a3-3b7f3232a166,bd155994-0316-6a21-8dae-5d670006ab46,2ff3093c-53e8-9814-d2a8-c58f6c866dbb"
"2026-05-22T00:50:31.000+0000",VISA,"VISA,MASTERCARD","1779411032.505",ERROR,"INFO,ERROR,EXIT","05/27","01/27,02/27,03/27,04/27,05/27,06/27,07/27,08/27,09/27,10/27,11/27,12/27",1505,1779411031,"3f87d147-04c5-93fc-37f6-6343c972be35","d24481dd-66b0-1408-8e57-e95689202eb9
ece1a9ae-ffd4-aa16-ba60-f4aaf994a432
f6669f7b-58ec-429f-30e4-b854d25735fa
6f77c1f5-b663-996c-c336-72c1d5493d4b
fb061221-316e-c954-1422-57bb4f6b9a46
a0bcc770-67eb-ddb1-2e42-b9b81a701feb
1933364a-bd6f-e0c0-752b-7c7f863d1df1
3f87d147-04c5-93fc-37f6-6343c972be35
6df3b9f5-dec6-d891-7ee6-e22e1cf34fad
fd40db72-259e-a2c9-ccee-db7522824e5b
e1982368-275b-97fc-4174-151084428a94
273e849a-dc05-a8c3-0281-c8a2e827318d
5cd8d703-abee-3948-b6a3-3b7f3232a166
bd155994-0316-6a21-8dae-5d670006ab46
2ff3093c-53e8-9814-d2a8-c58f6c866dbb","d24481dd-66b0-1408-8e57-e95689202eb9,ece1a9ae-ffd4-aa16-ba60-f4aaf994a432,f6669f7b-58ec-429f-30e4-b854d25735fa,6f77c1f5-b663-996c-c336-72c1d5493d4b,fb061221-316e-c954-1422-57bb4f6b9a46,a0bcc770-67eb-ddb1-2e42-b9b81a701feb,1933364a-bd6f-e0c0-752b-7c7f863d1df1,3f87d147-04c5-93fc-37f6-6343c972be35,6df3b9f5-dec6-d891-7ee6-e22e1cf34fad,fd40db72-259e-a2c9-ccee-db7522824e5b,e1982368-275b-97fc-4174-151084428a94,273e849a-dc05-a8c3-0281-c8a2e827318d,5cd8d703-abee-3948-b6a3-3b7f3232a166,bd155994-0316-6a21-8dae-5d670006ab46,2ff3093c-53e8-9814-d2a8-c58f6c866dbb"
"2026-05-21T07:10:36.000+0000",VISA,"VISA,MASTERCARD","1779347436.07",ERROR,"INFO,ERROR,EXIT","05/27","01/27,02/27,03/27,04/27,05/27,06/27,07/27,08/27,09/27,10/27,11/27,12/27",70,1779347436,"e1982368-275b-97fc-4174-151084428a94","d24481dd-66b0-1408-8e57-e95689202eb9
ece1a9ae-ffd4-aa16-ba60-f4aaf994a432
f6669f7b-58ec-429f-30e4-b854d25735fa
6f77c1f5-b663-996c-c336-72c1d5493d4b
fb061221-316e-c954-1422-57bb4f6b9a46
a0bcc770-67eb-ddb1-2e42-b9b81a701feb
1933364a-bd6f-e0c0-752b-7c7f863d1df1
3f87d147-04c5-93fc-37f6-6343c972be35
6df3b9f5-dec6-d891-7ee6-e22e1cf34fad
fd40db72-259e-a2c9-ccee-db7522824e5b
e1982368-275b-97fc-4174-151084428a94
273e849a-dc05-a8c3-0281-c8a2e827318d
5cd8d703-abee-3948-b6a3-3b7f3232a166
bd155994-0316-6a21-8dae-5d670006ab46
2ff3093c-53e8-9814-d2a8-c58f6c866dbb","d24481dd-66b0-1408-8e57-e95689202eb9,ece1a9ae-ffd4-aa16-ba60-f4aaf994a432,f6669f7b-58ec-429f-30e4-b854d25735fa,6f77c1f5-b663-996c-c336-72c1d5493d4b,fb061221-316e-c954-1422-57bb4f6b9a46,a0bcc770-67eb-ddb1-2e42-b9b81a701feb,1933364a-bd6f-e0c0-752b-7c7f863d1df1,3f87d147-04c5-93fc-37f6-6343c972be35,6df3b9f5-dec6-d891-7ee6-e22e1cf34fad,fd40db72-259e-a2c9-ccee-db7522824e5b,e1982368-275b-97fc-4174-151084428a94,273e849a-dc05-a8c3-0281-c8a2e827318d,5cd8d703-abee-3948-b6a3-3b7f3232a166,bd155994-0316-6a21-8dae-5d670006ab46,2ff3093c-53e8-9814-d2a8-c58f6c866dbb"
"2026-05-20T03:04:09.000+0000",VISA,"VISA,MASTERCARD","1779246249.72",ERROR,"INFO,ERROR,EXIT","07/27","01/27,02/27,03/27,04/27,05/27,06/27,07/27,08/27,09/27,10/27,11/27,12/27",720,1779246249,"f6669f7b-58ec-429f-30e4-b854d25735fa","d24481dd-66b0-1408-8e57-e95689202eb9
ece1a9ae-ffd4-aa16-ba60-f4aaf994a432
f6669f7b-58ec-429f-30e4-b854d25735fa
6f77c1f5-b663-996c-c336-72c1d5493d4b
fb061221-316e-c954-1422-57bb4f6b9a46
a0bcc770-67eb-ddb1-2e42-b9b81a701feb
1933364a-bd6f-e0c0-752b-7c7f863d1df1
3f87d147-04c5-93fc-37f6-6343c972be35
6df3b9f5-dec6-d891-7ee6-e22e1cf34fad
fd40db72-259e-a2c9-ccee-db7522824e5b
e1982368-275b-97fc-4174-151084428a94
273e849a-dc05-a8c3-0281-c8a2e827318d
5cd8d703-abee-3948-b6a3-3b7f3232a166
bd155994-0316-6a21-8dae-5d670006ab46
2ff3093c-53e8-9814-d2a8-c58f6c866dbb","d24481dd-66b0-1408-8e57-e95689202eb9,ece1a9ae-ffd4-aa16-ba60-f4aaf994a432,f6669f7b-58ec-429f-30e4-b854d25735fa,6f77c1f5-b663-996c-c336-72c1d5493d4b,fb061221-316e-c954-1422-57bb4f6b9a46,a0bcc770-67eb-ddb1-2e42-b9b81a701feb,1933364a-bd6f-e0c0-752b-7c7f863d1df1,3f87d147-04c5-93fc-37f6-6343c972be35,6df3b9f5-dec6-d891-7ee6-e22e1cf34fad,fd40db72-259e-a2c9-ccee-db7522824e5b,e1982368-275b-97fc-4174-151084428a94,273e849a-dc05-a8c3-0281-c8a2e827318d,5cd8d703-abee-3948-b6a3-3b7f3232a166,bd155994-0316-6a21-8dae-5d670006ab46,2ff3093c-53e8-9814-d2a8-c58f6c866dbb"
"2026-05-21T16:42:36.000+0000",VISA,"VISA,MASTERCARD","1779381756.638",EXIT,"INFO,ERROR,EXIT","12/27","01/27,02/27,03/27,04/27,05/27,06/27,07/27,08/27,09/27,10/27,11/27,12/27",638,1779381756,"f6669f7b-58ec-429f-30e4-b854d25735fa","d24481dd-66b0-1408-8e57-e95689202eb9
ece1a9ae-ffd4-aa16-ba60-f4aaf994a432
f6669f7b-58ec-429f-30e4-b854d25735fa
6f77c1f5-b663-996c-c336-72c1d5493d4b
fb061221-316e-c954-1422-57bb4f6b9a46
a0bcc770-67eb-ddb1-2e42-b9b81a701feb
1933364a-bd6f-e0c0-752b-7c7f863d1df1
3f87d147-04c5-93fc-37f6-6343c972be35
6df3b9f5-dec6-d891-7ee6-e22e1cf34fad
fd40db72-259e-a2c9-ccee-db7522824e5b
e1982368-275b-97fc-4174-151084428a94
273e849a-dc05-a8c3-0281-c8a2e827318d
5cd8d703-abee-3948-b6a3-3b7f3232a166
bd155994-0316-6a21-8dae-5d670006ab46
2ff3093c-53e8-9814-d2a8-c58f6c866dbb","d24481dd-66b0-1408-8e57-e95689202eb9,ece1a9ae-ffd4-aa16-ba60-f4aaf994a432,f6669f7b-58ec-429f-30e4-b854d25735fa,6f77c1f5-b663-996c-c336-72c1d5493d4b,fb061221-316e-c954-1422-57bb4f6b9a46,a0bcc770-67eb-ddb1-2e42-b9b81a701feb,1933364a-bd6f-e0c0-752b-7c7f863d1df1,3f87d147-04c5-93fc-37f6-6343c972be35,6df3b9f5-dec6-d891-7ee6-e22e1cf34fad,fd40db72-259e-a2c9-ccee-db7522824e5b,e1982368-275b-97fc-4174-151084428a94,273e849a-dc05-a8c3-0281-c8a2e827318d,5cd8d703-abee-3948-b6a3-3b7f3232a166,bd155994-0316-6a21-8dae-5d670006ab46,2ff3093c-53e8-9814-d2a8-c58f6c866dbb"
"2026-05-20T18:57:11.000+0000",VISA,"VISA,MASTERCARD","1779303432.248",ERROR,"INFO,ERROR,EXIT","08/27","01/27,02/27,03/27,04/27,05/27,06/27,07/27,08/27,09/27,10/27,11/27,12/27",1248,1779303431,"5cd8d703-abee-3948-b6a3-3b7f3232a166","d24481dd-66b0-1408-8e57-e95689202eb9
ece1a9ae-ffd4-aa16-ba60-f4aaf994a432
f6669f7b-58ec-429f-30e4-b854d25735fa
6f77c1f5-b663-996c-c336-72c1d5493d4b
fb061221-316e-c954-1422-57bb4f6b9a46
a0bcc770-67eb-ddb1-2e42-b9b81a701feb
1933364a-bd6f-e0c0-752b-7c7f863d1df1
3f87d147-04c5-93fc-37f6-6343c972be35
6df3b9f5-dec6-d891-7ee6-e22e1cf34fad
fd40db72-259e-a2c9-ccee-db7522824e5b
e1982368-275b-97fc-4174-151084428a94
273e849a-dc05-a8c3-0281-c8a2e827318d
5cd8d703-abee-3948-b6a3-3b7f3232a166
bd155994-0316-6a21-8dae-5d670006ab46
2ff3093c-53e8-9814-d2a8-c58f6c866dbb","d24481dd-66b0-1408-8e57-e95689202eb9,ece1a9ae-ffd4-aa16-ba60-f4aaf994a432,f6669f7b-58ec-429f-30e4-b854d25735fa,6f77c1f5-b663-996c-c336-72c1d5493d4b,fb061221-316e-c954-1422-57bb4f6b9a46,a0bcc770-67eb-ddb1-2e42-b9b81a701feb,1933364a-bd6f-e0c0-752b-7c7f863d1df1,3f87d147-04c5-93fc-37f6-6343c972be35,6df3b9f5-dec6-d891-7ee6-e22e1cf34fad,fd40db72-259e-a2c9-ccee-db7522824e5b,e1982368-275b-97fc-4174-151084428a94,273e849a-dc05-a8c3-0281-c8a2e827318d,5cd8d703-abee-3948-b6a3-3b7f3232a166,bd155994-0316-6a21-8dae-5d670006ab46,2ff3093c-53e8-9814-d2a8-c58f6c866dbb"
"2026-05-19T09:35:15.000+0000",MASTERCARD,"VISA,MASTERCARD","1779183315.883",EXIT,"INFO,ERROR,EXIT","02/27","01/27,02/27,03/27,04/27,05/27,06/27,07/27,08/27,09/27,10/27,11/27,12/27",883,1779183315,"e1982368-275b-97fc-4174-151084428a94","d24481dd-66b0-1408-8e57-e95689202eb9
ece1a9ae-ffd4-aa16-ba60-f4aaf994a432
f6669f7b-58ec-429f-30e4-b854d25735fa
6f77c1f5-b663-996c-c336-72c1d5493d4b
fb061221-316e-c954-1422-57bb4f6b9a46
a0bcc770-67eb-ddb1-2e42-b9b81a701feb
1933364a-bd6f-e0c0-752b-7c7f863d1df1
3f87d147-04c5-93fc-37f6-6343c972be35
6df3b9f5-dec6-d891-7ee6-e22e1cf34fad
fd40db72-259e-a2c9-ccee-db7522824e5b
e1982368-275b-97fc-4174-151084428a94
273e849a-dc05-a8c3-0281-c8a2e827318d
5cd8d703-abee-3948-b6a3-3b7f3232a166
bd155994-0316-6a21-8dae-5d670006ab46
2ff3093c-53e8-9814-d2a8-c58f6c866dbb","d24481dd-66b0-1408-8e57-e95689202eb9,ece1a9ae-ffd4-aa16-ba60-f4aaf994a432,f6669f7b-58ec-429f-30e4-b854d25735fa,6f77c1f5-b663-996c-c336-72c1d5493d4b,fb061221-316e-c954-1422-57bb4f6b9a46,a0bcc770-67eb-ddb1-2e42-b9b81a701feb,1933364a-bd6f-e0c0-752b-7c7f863d1df1,3f87d147-04c5-93fc-37f6-6343c972be35,6df3b9f5-dec6-d891-7ee6-e22e1cf34fad,fd40db72-259e-a2c9-ccee-db7522824e5b,e1982368-275b-97fc-4174-151084428a94,273e849a-dc05-a8c3-0281-c8a2e827318d,5cd8d703-abee-3948-b6a3-3b7f3232a166,bd155994-0316-6a21-8dae-5d670006ab46,2ff3093c-53e8-9814-d2a8-c58f6c866dbb"
"2026-05-21T09:41:03.000+0000",MASTERCARD,"VISA,MASTERCARD","1779356464.079",INFO,"INFO,ERROR,EXIT","05/27","01/27,02/27,03/27,04/27,05/27,06/27,07/27,08/27,09/27,10/27,11/27,12/27",1079,1779356463,"d24481dd-66b0-1408-8e57-e95689202eb9","d24481dd-66b0-1408-8e57-e95689202eb9
ece1a9ae-ffd4-aa16-ba60-f4aaf994a432
f6669f7b-58ec-429f-30e4-b854d25735fa
6f77c1f5-b663-996c-c336-72c1d5493d4b
fb061221-316e-c954-1422-57bb4f6b9a46
a0bcc770-67eb-ddb1-2e42-b9b81a701feb
1933364a-bd6f-e0c0-752b-7c7f863d1df1
3f87d147-04c5-93fc-37f6-6343c972be35
6df3b9f5-dec6-d891-7ee6-e22e1cf34fad
fd40db72-259e-a2c9-ccee-db7522824e5b
e1982368-275b-97fc-4174-151084428a94
273e849a-dc05-a8c3-0281-c8a2e827318d
5cd8d703-abee-3948-b6a3-3b7f3232a166
bd155994-0316-6a21-8dae-5d670006ab46
2ff3093c-53e8-9814-d2a8-c58f6c866dbb","d24481dd-66b0-1408-8e57-e95689202eb9,ece1a9ae-ffd4-aa16-ba60-f4aaf994a432,f6669f7b-58ec-429f-30e4-b854d25735fa,6f77c1f5-b663-996c-c336-72c1d5493d4b,fb061221-316e-c954-1422-57bb4f6b9a46,a0bcc770-67eb-ddb1-2e42-b9b81a701feb,1933364a-bd6f-e0c0-752b-7c7f863d1df1,3f87d147-04c5-93fc-37f6-6343c972be35,6df3b9f5-dec6-d891-7ee6-e22e1cf34fad,fd40db72-259e-a2c9-ccee-db7522824e5b,e1982368-275b-97fc-4174-151084428a94,273e849a-dc05-a8c3-0281-c8a2e827318d,5cd8d703-abee-3948-b6a3-3b7f3232a166,bd155994-0316-6a21-8dae-5d670006ab46,2ff3093c-53e8-9814-d2a8-c58f6c866dbb"
"2026-05-21T18:03:53.000+0000",VISA,"VISA,MASTERCARD","1779386633.503",ERROR,"INFO,ERROR,EXIT","04/27","01/27,02/27,03/27,04/27,05/27,06/27,07/27,08/27,09/27,10/27,11/27,12/27",503,1779386633,"1933364a-bd6f-e0c0-752b-7c7f863d1df1","d24481dd-66b0-1408-8e57-e95689202eb9
ece1a9ae-ffd4-aa16-ba60-f4aaf994a432
f6669f7b-58ec-429f-30e4-b854d25735fa
6f77c1f5-b663-996c-c336-72c1d5493d4b
fb061221-316e-c954-1422-57bb4f6b9a46
a0bcc770-67eb-ddb1-2e42-b9b81a701feb
1933364a-bd6f-e0c0-752b-7c7f863d1df1
3f87d147-04c5-93fc-37f6-6343c972be35
6df3b9f5-dec6-d891-7ee6-e22e1cf34fad
fd40db72-259e-a2c9-ccee-db7522824e5b
e1982368-275b-97fc-4174-151084428a94
273e849a-dc05-a8c3-0281-c8a2e827318d
5cd8d703-abee-3948-b6a3-3b7f3232a166
bd155994-0316-6a21-8dae-5d670006ab46
2ff3093c-53e8-9814-d2a8-c58f6c866dbb","d24481dd-66b0-1408-8e57-e95689202eb9,ece1a9ae-ffd4-aa16-ba60-f4aaf994a432,f6669f7b-58ec-429f-30e4-b854d25735fa,6f77c1f5-b663-996c-c336-72c1d5493d4b,fb061221-316e-c954-1422-57bb4f6b9a46,a0bcc770-67eb-ddb1-2e42-b9b81a701feb,1933364a-bd6f-e0c0-752b-7c7f863d1df1,3f87d147-04c5-93fc-37f6-6343c972be35,6df3b9f5-dec6-d891-7ee6-e22e1cf34fad,fd40db72-259e-a2c9-ccee-db7522824e5b,e1982368-275b-97fc-4174-151084428a94,273e849a-dc05-a8c3-0281-c8a2e827318d,5cd8d703-abee-3948-b6a3-3b7f3232a166,bd155994-0316-6a21-8dae-5d670006ab46,2ff3093c-53e8-9814-d2a8-c58f6c866dbb"
"2026-05-20T02:27:48.000+0000",VISA,"VISA,MASTERCARD","1779244069.191",EXIT,"INFO,ERROR,EXIT","01/27","01/27,02/27,03/27,04/27,05/27,06/27,07/27,08/27,09/27,10/27,11/27,12/27",1191,1779244068,"fb061221-316e-c954-1422-57bb4f6b9a46","d24481dd-66b0-1408-8e57-e95689202eb9
ece1a9ae-ffd4-aa16-ba60-f4aaf994a432
f6669f7b-58ec-429f-30e4-b854d25735fa
6f77c1f5-b663-996c-c336-72c1d5493d4b
fb061221-316e-c954-1422-57bb4f6b9a46
a0bcc770-67eb-ddb1-2e42-b9b81a701feb
1933364a-bd6f-e0c0-752b-7c7f863d1df1
3f87d147-04c5-93fc-37f6-6343c972be35
6df3b9f5-dec6-d891-7ee6-e22e1cf34fad
fd40db72-259e-a2c9-ccee-db7522824e5b
e1982368-275b-97fc-4174-151084428a94
273e849a-dc05-a8c3-0281-c8a2e827318d
5cd8d703-abee-3948-b6a3-3b7f3232a166
bd155994-0316-6a21-8dae-5d670006ab46
2ff3093c-53e8-9814-d2a8-c58f6c866dbb","d24481dd-66b0-1408-8e57-e95689202eb9,ece1a9ae-ffd4-aa16-ba60-f4aaf994a432,f6669f7b-58ec-429f-30e4-b854d25735fa,6f77c1f5-b663-996c-c336-72c1d5493d4b,fb061221-316e-c954-1422-57bb4f6b9a46,a0bcc770-67eb-ddb1-2e42-b9b81a701feb,1933364a-bd6f-e0c0-752b-7c7f863d1df1,3f87d147-04c5-93fc-37f6-6343c972be35,6df3b9f5-dec6-d891-7ee6-e22e1cf34fad,fd40db72-259e-a2c9-ccee-db7522824e5b,e1982368-275b-97fc-4174-151084428a94,273e849a-dc05-a8c3-0281-c8a2e827318d,5cd8d703-abee-3948-b6a3-3b7f3232a166,bd155994-0316-6a21-8dae-5d670006ab46,2ff3093c-53e8-9814-d2a8-c58f6c866dbb"
"2026-05-21T06:15:18.000+0000",MASTERCARD,"VISA,MASTERCARD","1779344118.276",INFO,"INFO,ERROR,EXIT","10/27","01/27,02/27,03/27,04/27,05/27,06/27,07/27,08/27,09/27,10/27,11/27,12/27",276,1779344118,"2ff3093c-53e8-9814-d2a8-c58f6c866dbb","d24481dd-66b0-1408-8e57-e95689202eb9
ece1a9ae-ffd4-aa16-ba60-f4aaf994a432
f6669f7b-58ec-429f-30e4-b854d25735fa
6f77c1f5-b663-996c-c336-72c1d5493d4b
fb061221-316e-c954-1422-57bb4f6b9a46
a0bcc770-67eb-ddb1-2e42-b9b81a701feb
1933364a-bd6f-e0c0-752b-7c7f863d1df1
3f87d147-04c5-93fc-37f6-6343c972be35
6df3b9f5-dec6-d891-7ee6-e22e1cf34fad
fd40db72-259e-a2c9-ccee-db7522824e5b
e1982368-275b-97fc-4174-151084428a94
273e849a-dc05-a8c3-0281-c8a2e827318d
5cd8d703-abee-3948-b6a3-3b7f3232a166
bd155994-0316-6a21-8dae-5d670006ab46
2ff3093c-53e8-9814-d2a8-c58f6c866dbb","d24481dd-66b0-1408-8e57-e95689202eb9,ece1a9ae-ffd4-aa16-ba60-f4aaf994a432,f6669f7b-58ec-429f-30e4-b854d25735fa,6f77c1f5-b663-996c-c336-72c1d5493d4b,fb061221-316e-c954-1422-57bb4f6b9a46,a0bcc770-67eb-ddb1-2e42-b9b81a701feb,1933364a-bd6f-e0c0-752b-7c7f863d1df1,3f87d147-04c5-93fc-37f6-6343c972be35,6df3b9f5-dec6-d891-7ee6-e22e1cf34fad,fd40db72-259e-a2c9-ccee-db7522824e5b,e1982368-275b-97fc-4174-151084428a94,273e849a-dc05-a8c3-0281-c8a2e827318d,5cd8d703-abee-3948-b6a3-3b7f3232a166,bd155994-0316-6a21-8dae-5d670006ab46,2ff3093c-53e8-9814-d2a8-c58f6c866dbb"
"2026-05-23T03:05:50.000+0000",VISA,"VISA,MASTERCARD","1779505550.477",ERROR,"INFO,ERROR,EXIT","11/27","01/27,02/27,03/27,04/27,05/27,06/27,07/27,08/27,09/27,10/27,11/27,12/27",477,1779505550,"6f77c1f5-b663-996c-c336-72c1d5493d4b","d24481dd-66b0-1408-8e57-e95689202eb9
ece1a9ae-ffd4-aa16-ba60-f4aaf994a432
f6669f7b-58ec-429f-30e4-b854d25735fa
6f77c1f5-b663-996c-c336-72c1d5493d4b
fb061221-316e-c954-1422-57bb4f6b9a46
a0bcc770-67eb-ddb1-2e42-b9b81a701feb
1933364a-bd6f-e0c0-752b-7c7f863d1df1
3f87d147-04c5-93fc-37f6-6343c972be35
6df3b9f5-dec6-d891-7ee6-e22e1cf34fad
fd40db72-259e-a2c9-ccee-db7522824e5b
e1982368-275b-97fc-4174-151084428a94
273e849a-dc05-a8c3-0281-c8a2e827318d
5cd8d703-abee-3948-b6a3-3b7f3232a166
bd155994-0316-6a21-8dae-5d670006ab46
2ff3093c-53e8-9814-d2a8-c58f6c866dbb","d24481dd-66b0-1408-8e57-e95689202eb9,ece1a9ae-ffd4-aa16-ba60-f4aaf994a432,f6669f7b-58ec-429f-30e4-b854d25735fa,6f77c1f5-b663-996c-c336-72c1d5493d4b,fb061221-316e-c954-1422-57bb4f6b9a46,a0bcc770-67eb-ddb1-2e42-b9b81a701feb,1933364a-bd6f-e0c0-752b-7c7f863d1df1,3f87d147-04c5-93fc-37f6-6343c972be35,6df3b9f5-dec6-d891-7ee6-e22e1cf34fad,fd40db72-259e-a2c9-ccee-db7522824e5b,e1982368-275b-97fc-4174-151084428a94,273e849a-dc05-a8c3-0281-c8a2e827318d,5cd8d703-abee-3948-b6a3-3b7f3232a166,bd155994-0316-6a21-8dae-5d670006ab46,2ff3093c-53e8-9814-d2a8-c58f6c866dbb"
"2026-05-23T19:55:06.000+0000",VISA,"VISA,MASTERCARD","1779566106.79",ERROR,"INFO,ERROR,EXIT","04/27","01/27,02/27,03/27,04/27,05/27,06/27,07/27,08/27,09/27,10/27,11/27,12/27",790,1779566106,"bd155994-0316-6a21-8dae-5d670006ab46","d24481dd-66b0-1408-8e57-e95689202eb9
ece1a9ae-ffd4-aa16-ba60-f4aaf994a432
f6669f7b-58ec-429f-30e4-b854d25735fa
6f77c1f5-b663-996c-c336-72c1d5493d4b
fb061221-316e-c954-1422-57bb4f6b9a46
a0bcc770-67eb-ddb1-2e42-b9b81a701feb
1933364a-bd6f-e0c0-752b-7c7f863d1df1
3f87d147-04c5-93fc-37f6-6343c972be35
6df3b9f5-dec6-d891-7ee6-e22e1cf34fad
fd40db72-259e-a2c9-ccee-db7522824e5b
e1982368-275b-97fc-4174-151084428a94
273e849a-dc05-a8c3-0281-c8a2e827318d
5cd8d703-abee-3948-b6a3-3b7f3232a166
bd155994-0316-6a21-8dae-5d670006ab46
2ff3093c-53e8-9814-d2a8-c58f6c866dbb","d24481dd-66b0-1408-8e57-e95689202eb9,ece1a9ae-ffd4-aa16-ba60-f4aaf994a432,f6669f7b-58ec-429f-30e4-b854d25735fa,6f77c1f5-b663-996c-c336-72c1d5493d4b,fb061221-316e-c954-1422-57bb4f6b9a46,a0bcc770-67eb-ddb1-2e42-b9b81a701feb,1933364a-bd6f-e0c0-752b-7c7f863d1df1,3f87d147-04c5-93fc-37f6-6343c972be35,6df3b9f5-dec6-d891-7ee6-e22e1cf34fad,fd40db72-259e-a2c9-ccee-db7522824e5b,e1982368-275b-97fc-4174-151084428a94,273e849a-dc05-a8c3-0281-c8a2e827318d,5cd8d703-abee-3948-b6a3-3b7f3232a166,bd155994-0316-6a21-8dae-5d670006ab46,2ff3093c-53e8-9814-d2a8-c58f6c866dbb"
"2026-05-26T02:11:54.000+0000",VISA,"VISA,MASTERCARD","1779761514.231",INFO,"INFO,ERROR,EXIT","10/27","01/27,02/27,03/27,04/27,05/27,06/27,07/27,08/27,09/27,10/27,11/27,12/27",231,1779761514,"bd155994-0316-6a21-8dae-5d670006ab46","d24481dd-66b0-1408-8e57-e95689202eb9
ece1a9ae-ffd4-aa16-ba60-f4aaf994a432
f6669f7b-58ec-429f-30e4-b854d25735fa
6f77c1f5-b663-996c-c336-72c1d5493d4b
fb061221-316e-c954-1422-57bb4f6b9a46
a0bcc770-67eb-ddb1-2e42-b9b81a701feb
1933364a-bd6f-e0c0-752b-7c7f863d1df1
3f87d147-04c5-93fc-37f6-6343c972be35
6df3b9f5-dec6-d891-7ee6-e22e1cf34fad
fd40db72-259e-a2c9-ccee-db7522824e5b
e1982368-275b-97fc-4174-151084428a94
273e849a-dc05-a8c3-0281-c8a2e827318d
5cd8d703-abee-3948-b6a3-3b7f3232a166
bd155994-0316-6a21-8dae-5d670006ab46
2ff3093c-53e8-9814-d2a8-c58f6c866dbb","d24481dd-66b0-1408-8e57-e95689202eb9,ece1a9ae-ffd4-aa16-ba60-f4aaf994a432,f6669f7b-58ec-429f-30e4-b854d25735fa,6f77c1f5-b663-996c-c336-72c1d5493d4b,fb061221-316e-c954-1422-57bb4f6b9a46,a0bcc770-67eb-ddb1-2e42-b9b81a701feb,1933364a-bd6f-e0c0-752b-7c7f863d1df1,3f87d147-04c5-93fc-37f6-6343c972be35,6df3b9f5-dec6-d891-7ee6-e22e1cf34fad,fd40db72-259e-a2c9-ccee-db7522824e5b,e1982368-275b-97fc-4174-151084428a94,273e849a-dc05-a8c3-0281-c8a2e827318d,5cd8d703-abee-3948-b6a3-3b7f3232a166,bd155994-0316-6a21-8dae-5d670006ab46,2ff3093c-53e8-9814-d2a8-c58f6c866dbb"
"2026-05-23T22:22:50.000+0000",VISA,"VISA,MASTERCARD","1779574970.155",INFO,"INFO,ERROR,EXIT","04/27","01/27,02/27,03/27,04/27,05/27,06/27,07/27,08/27,09/27,10/27,11/27,12/27",155,1779574970,"f6669f7b-58ec-429f-30e4-b854d25735fa","d24481dd-66b0-1408-8e57-e95689202eb9
ece1a9ae-ffd4-aa16-ba60-f4aaf994a432
f6669f7b-58ec-429f-30e4-b854d25735fa
6f77c1f5-b663-996c-c336-72c1d5493d4b
fb061221-316e-c954-1422-57bb4f6b9a46
a0bcc770-67eb-ddb1-2e42-b9b81a701feb
1933364a-bd6f-e0c0-752b-7c7f863d1df1
3f87d147-04c5-93fc-37f6-6343c972be35
6df3b9f5-dec6-d891-7ee6-e22e1cf34fad
fd40db72-259e-a2c9-ccee-db7522824e5b
e1982368-275b-97fc-4174-151084428a94
273e849a-dc05-a8c3-0281-c8a2e827318d
5cd8d703-abee-3948-b6a3-3b7f3232a166
bd155994-0316-6a21-8dae-5d670006ab46
2ff3093c-53e8-9814-d2a8-c58f6c866dbb","d24481dd-66b0-1408-8e57-e95689202eb9,ece1a9ae-ffd4-aa16-ba60-f4aaf994a432,f6669f7b-58ec-429f-30e4-b854d25735fa,6f77c1f5-b663-996c-c336-72c1d5493d4b,fb061221-316e-c954-1422-57bb4f6b9a46,a0bcc770-67eb-ddb1-2e42-b9b81a701feb,1933364a-bd6f-e0c0-752b-7c7f863d1df1,3f87d147-04c5-93fc-37f6-6343c972be35,6df3b9f5-dec6-d891-7ee6-e22e1cf34fad,fd40db72-259e-a2c9-ccee-db7522824e5b,e1982368-275b-97fc-4174-151084428a94,273e849a-dc05-a8c3-0281-c8a2e827318d,5cd8d703-abee-3948-b6a3-3b7f3232a166,bd155994-0316-6a21-8dae-5d670006ab46,2ff3093c-53e8-9814-d2a8-c58f6c866dbb"
"2026-05-23T06:50:15.000+0000",MASTERCARD,"VISA,MASTERCARD","1779519015.11",INFO,"INFO,ERROR,EXIT","02/27","01/27,02/27,03/27,04/27,05/27,06/27,07/27,08/27,09/27,10/27,11/27,12/27",110,1779519015,"f6669f7b-58ec-429f-30e4-b854d25735fa","d24481dd-66b0-1408-8e57-e95689202eb9
ece1a9ae-ffd4-aa16-ba60-f4aaf994a432
f6669f7b-58ec-429f-30e4-b854d25735fa
6f77c1f5-b663-996c-c336-72c1d5493d4b
fb061221-316e-c954-1422-57bb4f6b9a46
a0bcc770-67eb-ddb1-2e42-b9b81a701feb
1933364a-bd6f-e0c0-752b-7c7f863d1df1
3f87d147-04c5-93fc-37f6-6343c972be35
6df3b9f5-dec6-d891-7ee6-e22e1cf34fad
fd40db72-259e-a2c9-ccee-db7522824e5b
e1982368-275b-97fc-4174-151084428a94
273e849a-dc05-a8c3-0281-c8a2e827318d
5cd8d703-abee-3948-b6a3-3b7f3232a166
bd155994-0316-6a21-8dae-5d670006ab46
2ff3093c-53e8-9814-d2a8-c58f6c866dbb","d24481dd-66b0-1408-8e57-e95689202eb9,ece1a9ae-ffd4-aa16-ba60-f4aaf994a432,f6669f7b-58ec-429f-30e4-b854d25735fa,6f77c1f5-b663-996c-c336-72c1d5493d4b,fb061221-316e-c954-1422-57bb4f6b9a46,a0bcc770-67eb-ddb1-2e42-b9b81a701feb,1933364a-bd6f-e0c0-752b-7c7f863d1df1,3f87d147-04c5-93fc-37f6-6343c972be35,6df3b9f5-dec6-d891-7ee6-e22e1cf34fad,fd40db72-259e-a2c9-ccee-db7522824e5b,e1982368-275b-97fc-4174-151084428a94,273e849a-dc05-a8c3-0281-c8a2e827318d,5cd8d703-abee-3948-b6a3-3b7f3232a166,bd155994-0316-6a21-8dae-5d670006ab46,2ff3093c-53e8-9814-d2a8-c58f6c866dbb"
"2026-05-20T05:33:20.000+0000",VISA,"VISA,MASTERCARD","1779255200.08",EXIT,"INFO,ERROR,EXIT","09/27","01/27,02/27,03/27,04/27,05/27,06/27,07/27,08/27,09/27,10/27,11/27,12/27",80,1779255200,"5cd8d703-abee-3948-b6a3-3b7f3232a166","d24481dd-66b0-1408-8e57-e95689202eb9
ece1a9ae-ffd4-aa16-ba60-f4aaf994a432
f6669f7b-58ec-429f-30e4-b854d25735fa
6f77c1f5-b663-996c-c336-72c1d5493d4b
fb061221-316e-c954-1422-57bb4f6b9a46
a0bcc770-67eb-ddb1-2e42-b9b81a701feb
1933364a-bd6f-e0c0-752b-7c7f863d1df1
3f87d147-04c5-93fc-37f6-6343c972be35
6df3b9f5-dec6-d891-7ee6-e22e1cf34fad
fd40db72-259e-a2c9-ccee-db7522824e5b
e1982368-275b-97fc-4174-151084428a94
273e849a-dc05-a8c3-0281-c8a2e827318d
5cd8d703-abee-3948-b6a3-3b7f3232a166
bd155994-0316-6a21-8dae-5d670006ab46
2ff3093c-53e8-9814-d2a8-c58f6c866dbb","d24481dd-66b0-1408-8e57-e95689202eb9,ece1a9ae-ffd4-aa16-ba60-f4aaf994a432,f6669f7b-58ec-429f-30e4-b854d25735fa,6f77c1f5-b663-996c-c336-72c1d5493d4b,fb061221-316e-c954-1422-57bb4f6b9a46,a0bcc770-67eb-ddb1-2e42-b9b81a701feb,1933364a-bd6f-e0c0-752b-7c7f863d1df1,3f87d147-04c5-93fc-37f6-6343c972be35,6df3b9f5-dec6-d891-7ee6-e22e1cf34fad,fd40db72-259e-a2c9-ccee-db7522824e5b,e1982368-275b-97fc-4174-151084428a94,273e849a-dc05-a8c3-0281-c8a2e827318d,5cd8d703-abee-3948-b6a3-3b7f3232a166,bd155994-0316-6a21-8dae-5d670006ab46,2ff3093c-53e8-9814-d2a8-c58f6c866dbb"
"2026-05-20T19:00:38.000+0000",VISA,"VISA,MASTERCARD","1779303638.378",EXIT,"INFO,ERROR,EXIT","01/27","01/27,02/27,03/27,04/27,05/27,06/27,07/27,08/27,09/27,10/27,11/27,12/27",378,1779303638,"fb061221-316e-c954-1422-57bb4f6b9a46","d24481dd-66b0-1408-8e57-e95689202eb9
ece1a9ae-ffd4-aa16-ba60-f4aaf994a432
f6669f7b-58ec-429f-30e4-b854d25735fa
6f77c1f5-b663-996c-c336-72c1d5493d4b
fb061221-316e-c954-1422-57bb4f6b9a46
a0bcc770-67eb-ddb1-2e42-b9b81a701feb
1933364a-bd6f-e0c0-752b-7c7f863d1df1
3f87d147-04c5-93fc-37f6-6343c972be35
6df3b9f5-dec6-d891-7ee6-e22e1cf34fad
fd40db72-259e-a2c9-ccee-db7522824e5b
e1982368-275b-97fc-4174-151084428a94
273e849a-dc05-a8c3-0281-c8a2e827318d
5cd8d703-abee-3948-b6a3-3b7f3232a166
bd155994-0316-6a21-8dae-5d670006ab46
2ff3093c-53e8-9814-d2a8-c58f6c866dbb","d24481dd-66b0-1408-8e57-e95689202eb9,ece1a9ae-ffd4-aa16-ba60-f4aaf994a432,f6669f7b-58ec-429f-30e4-b854d25735fa,6f77c1f5-b663-996c-c336-72c1d5493d4b,fb061221-316e-c954-1422-57bb4f6b9a46,a0bcc770-67eb-ddb1-2e42-b9b81a701feb,1933364a-bd6f-e0c0-752b-7c7f863d1df1,3f87d147-04c5-93fc-37f6-6343c972be35,6df3b9f5-dec6-d891-7ee6-e22e1cf34fad,fd40db72-259e-a2c9-ccee-db7522824e5b,e1982368-275b-97fc-4174-151084428a94,273e849a-dc05-a8c3-0281-c8a2e827318d,5cd8d703-abee-3948-b6a3-3b7f3232a166,bd155994-0316-6a21-8dae-5d670006ab46,2ff3093c-53e8-9814-d2a8-c58f6c866dbb"
"2026-05-25T16:33:46.000+0000",MASTERCARD,"VISA,MASTERCARD","1779726826.966",ERROR,"INFO,ERROR,EXIT","11/27","01/27,02/27,03/27,04/27,05/27,06/27,07/27,08/27,09/27,10/27,11/27,12/27",966,1779726826,"273e849a-dc05-a8c3-0281-c8a2e827318d","d24481dd-66b0-1408-8e57-e95689202eb9
ece1a9ae-ffd4-aa16-ba60-f4aaf994a432
f6669f7b-58ec-429f-30e4-b854d25735fa
6f77c1f5-b663-996c-c336-72c1d5493d4b
fb061221-316e-c954-1422-57bb4f6b9a46
a0bcc770-67eb-ddb1-2e42-b9b81a701feb
1933364a-bd6f-e0c0-752b-7c7f863d1df1
3f87d147-04c5-93fc-37f6-6343c972be35
6df3b9f5-dec6-d891-7ee6-e22e1cf34fad
fd40db72-259e-a2c9-ccee-db7522824e5b
e1982368-275b-97fc-4174-151084428a94
273e849a-dc05-a8c3-0281-c8a2e827318d
5cd8d703-abee-3948-b6a3-3b7f3232a166
bd155994-0316-6a21-8dae-5d670006ab46
2ff3093c-53e8-9814-d2a8-c58f6c866dbb","d24481dd-66b0-1408-8e57-e95689202eb9,ece1a9ae-ffd4-aa16-ba60-f4aaf994a432,f6669f7b-58ec-429f-30e4-b854d25735fa,6f77c1f5-b663-996c-c336-72c1d5493d4b,fb061221-316e-c954-1422-57bb4f6b9a46,a0bcc770-67eb-ddb1-2e42-b9b81a701feb,1933364a-bd6f-e0c0-752b-7c7f863d1df1,3f87d147-04c5-93fc-37f6-6343c972be35,6df3b9f5-dec6-d891-7ee6-e22e1cf34fad,fd40db72-259e-a2c9-ccee-db7522824e5b,e1982368-275b-97fc-4174-151084428a94,273e849a-dc05-a8c3-0281-c8a2e827318d,5cd8d703-abee-3948-b6a3-3b7f3232a166,bd155994-0316-6a21-8dae-5d670006ab46,2ff3093c-53e8-9814-d2a8-c58f6c866dbb"
"2026-05-19T19:08:26.000+0000",MASTERCARD,"VISA,MASTERCARD","1779217706.518",EXIT,"INFO,ERROR,EXIT","10/27","01/27,02/27,03/27,04/27,05/27,06/27,07/27,08/27,09/27,10/27,11/27,12/27",518,1779217706,"bd155994-0316-6a21-8dae-5d670006ab46","d24481dd-66b0-1408-8e57-e95689202eb9
ece1a9ae-ffd4-aa16-ba60-f4aaf994a432
f6669f7b-58ec-429f-30e4-b854d25735fa
6f77c1f5-b663-996c-c336-72c1d5493d4b
fb061221-316e-c954-1422-57bb4f6b9a46
a0bcc770-67eb-ddb1-2e42-b9b81a701feb
1933364a-bd6f-e0c0-752b-7c7f863d1df1
3f87d147-04c5-93fc-37f6-6343c972be35
6df3b9f5-dec6-d891-7ee6-e22e1cf34fad
fd40db72-259e-a2c9-ccee-db7522824e5b
e1982368-275b-97fc-4174-151084428a94
273e849a-dc05-a8c3-0281-c8a2e827318d
5cd8d703-abee-3948-b6a3-3b7f3232a166
bd155994-0316-6a21-8dae-5d670006ab46
2ff3093c-53e8-9814-d2a8-c58f6c866dbb","d24481dd-66b0-1408-8e57-e95689202eb9,ece1a9ae-ffd4-aa16-ba60-f4aaf994a432,f6669f7b-58ec-429f-30e4-b854d25735fa,6f77c1f5-b663-996c-c336-72c1d5493d4b,fb061221-316e-c954-1422-57bb4f6b9a46,a0bcc770-67eb-ddb1-2e42-b9b81a701feb,1933364a-bd6f-e0c0-752b-7c7f863d1df1,3f87d147-04c5-93fc-37f6-6343c972be35,6df3b9f5-dec6-d891-7ee6-e22e1cf34fad,fd40db72-259e-a2c9-ccee-db7522824e5b,e1982368-275b-97fc-4174-151084428a94,273e849a-dc05-a8c3-0281-c8a2e827318d,5cd8d703-abee-3948-b6a3-3b7f3232a166,bd155994-0316-6a21-8dae-5d670006ab46,2ff3093c-53e8-9814-d2a8-c58f6c866dbb"
"2026-05-26T03:16:04.000+0000",MASTERCARD,"VISA,MASTERCARD","1779765364.94",EXIT,"INFO,ERROR,EXIT","02/27","01/27,02/27,03/27,04/27,05/27,06/27,07/27,08/27,09/27,10/27,11/27,12/27",940,1779765364,"6df3b9f5-dec6-d891-7ee6-e22e1cf34fad","d24481dd-66b0-1408-8e57-e95689202eb9
ece1a9ae-ffd4-aa16-ba60-f4aaf994a432
f6669f7b-58ec-429f-30e4-b854d25735fa
6f77c1f5-b663-996c-c336-72c1d5493d4b
fb061221-316e-c954-1422-57bb4f6b9a46
a0bcc770-67eb-ddb1-2e42-b9b81a701feb
1933364a-bd6f-e0c0-752b-7c7f863d1df1
3f87d147-04c5-93fc-37f6-6343c972be35
6df3b9f5-dec6-d891-7ee6-e22e1cf34fad
fd40db72-259e-a2c9-ccee-db7522824e5b
e1982368-275b-97fc-4174-151084428a94
273e849a-dc05-a8c3-0281-c8a2e827318d
5cd8d703-abee-3948-b6a3-3b7f3232a166
bd155994-0316-6a21-8dae-5d670006ab46
2ff3093c-53e8-9814-d2a8-c58f6c866dbb","d24481dd-66b0-1408-8e57-e95689202eb9,ece1a9ae-ffd4-aa16-ba60-f4aaf994a432,f6669f7b-58ec-429f-30e4-b854d25735fa,6f77c1f5-b663-996c-c336-72c1d5493d4b,fb061221-316e-c954-1422-57bb4f6b9a46,a0bcc770-67eb-ddb1-2e42-b9b81a701feb,1933364a-bd6f-e0c0-752b-7c7f863d1df1,3f87d147-04c5-93fc-37f6-6343c972be35,6df3b9f5-dec6-d891-7ee6-e22e1cf34fad,fd40db72-259e-a2c9-ccee-db7522824e5b,e1982368-275b-97fc-4174-151084428a94,273e849a-dc05-a8c3-0281-c8a2e827318d,5cd8d703-abee-3948-b6a3-3b7f3232a166,bd155994-0316-6a21-8dae-5d670006ab46,2ff3093c-53e8-9814-d2a8-c58f6c866dbb"
"2026-05-19T20:21:12.000+0000",MASTERCARD,"VISA,MASTERCARD","1779222073.313",EXIT,"INFO,ERROR,EXIT","12/27","01/27,02/27,03/27,04/27,05/27,06/27,07/27,08/27,09/27,10/27,11/27,12/27",1313,1779222072,"1933364a-bd6f-e0c0-752b-7c7f863d1df1","d24481dd-66b0-1408-8e57-e95689202eb9
ece1a9ae-ffd4-aa16-ba60-f4aaf994a432
f6669f7b-58ec-429f-30e4-b854d25735fa
6f77c1f5-b663-996c-c336-72c1d5493d4b
fb061221-316e-c954-1422-57bb4f6b9a46
a0bcc770-67eb-ddb1-2e42-b9b81a701feb
1933364a-bd6f-e0c0-752b-7c7f863d1df1
3f87d147-04c5-93fc-37f6-6343c972be35
6df3b9f5-dec6-d891-7ee6-e22e1cf34fad
fd40db72-259e-a2c9-ccee-db7522824e5b
e1982368-275b-97fc-4174-151084428a94
273e849a-dc05-a8c3-0281-c8a2e827318d
5cd8d703-abee-3948-b6a3-3b7f3232a166
bd155994-0316-6a21-8dae-5d670006ab46
2ff3093c-53e8-9814-d2a8-c58f6c866dbb","d24481dd-66b0-1408-8e57-e95689202eb9,ece1a9ae-ffd4-aa16-ba60-f4aaf994a432,f6669f7b-58ec-429f-30e4-b854d25735fa,6f77c1f5-b663-996c-c336-72c1d5493d4b,fb061221-316e-c954-1422-57bb4f6b9a46,a0bcc770-67eb-ddb1-2e42-b9b81a701feb,1933364a-bd6f-e0c0-752b-7c7f863d1df1,3f87d147-04c5-93fc-37f6-6343c972be35,6df3b9f5-dec6-d891-7ee6-e22e1cf34fad,fd40db72-259e-a2c9-ccee-db7522824e5b,e1982368-275b-97fc-4174-151084428a94,273e849a-dc05-a8c3-0281-c8a2e827318d,5cd8d703-abee-3948-b6a3-3b7f3232a166,bd155994-0316-6a21-8dae-5d670006ab46,2ff3093c-53e8-9814-d2a8-c58f6c866dbb"
"2026-05-24T23:18:34.000+0000",VISA,"VISA,MASTERCARD","1779664714.8",ERROR,"INFO,ERROR,EXIT","03/27","01/27,02/27,03/27,04/27,05/27,06/27,07/27,08/27,09/27,10/27,11/27,12/27",800,1779664714,"3f87d147-04c5-93fc-37f6-6343c972be35","d24481dd-66b0-1408-8e57-e95689202eb9
ece1a9ae-ffd4-aa16-ba60-f4aaf994a432
f6669f7b-58ec-429f-30e4-b854d25735fa
6f77c1f5-b663-996c-c336-72c1d5493d4b
fb061221-316e-c954-1422-57bb4f6b9a46
a0bcc770-67eb-ddb1-2e42-b9b81a701feb
1933364a-bd6f-e0c0-752b-7c7f863d1df1
3f87d147-04c5-93fc-37f6-6343c972be35
6df3b9f5-dec6-d891-7ee6-e22e1cf34fad
fd40db72-259e-a2c9-ccee-db7522824e5b
e1982368-275b-97fc-4174-151084428a94
273e849a-dc05-a8c3-0281-c8a2e827318d
5cd8d703-abee-3948-b6a3-3b7f3232a166
bd155994-0316-6a21-8dae-5d670006ab46
2ff3093c-53e8-9814-d2a8-c58f6c866dbb","d24481dd-66b0-1408-8e57-e95689202eb9,ece1a9ae-ffd4-aa16-ba60-f4aaf994a432,f6669f7b-58ec-429f-30e4-b854d25735fa,6f77c1f5-b663-996c-c336-72c1d5493d4b,fb061221-316e-c954-1422-57bb4f6b9a46,a0bcc770-67eb-ddb1-2e42-b9b81a701feb,1933364a-bd6f-e0c0-752b-7c7f863d1df1,3f87d147-04c5-93fc-37f6-6343c972be35,6df3b9f5-dec6-d891-7ee6-e22e1cf34fad,fd40db72-259e-a2c9-ccee-db7522824e5b,e1982368-275b-97fc-4174-151084428a94,273e849a-dc05-a8c3-0281-c8a2e827318d,5cd8d703-abee-3948-b6a3-3b7f3232a166,bd155994-0316-6a21-8dae-5d670006ab46,2ff3093c-53e8-9814-d2a8-c58f6c866dbb"
"2026-05-26T02:40:44.000+0000",MASTERCARD,"VISA,MASTERCARD","1779763244.916",INFO,"INFO,ERROR,EXIT","10/27","01/27,02/27,03/27,04/27,05/27,06/27,07/27,08/27,09/27,10/27,11/27,12/27",916,1779763244,"5cd8d703-abee-3948-b6a3-3b7f3232a166","d24481dd-66b0-1408-8e57-e95689202eb9
ece1a9ae-ffd4-aa16-ba60-f4aaf994a432
f6669f7b-58ec-429f-30e4-b854d25735fa
6f77c1f5-b663-996c-c336-72c1d5493d4b
fb061221-316e-c954-1422-57bb4f6b9a46
a0bcc770-67eb-ddb1-2e42-b9b81a701feb
1933364a-bd6f-e0c0-752b-7c7f863d1df1
3f87d147-04c5-93fc-37f6-6343c972be35
6df3b9f5-dec6-d891-7ee6-e22e1cf34fad
fd40db72-259e-a2c9-ccee-db7522824e5b
e1982368-275b-97fc-4174-151084428a94
273e849a-dc05-a8c3-0281-c8a2e827318d
5cd8d703-abee-3948-b6a3-3b7f3232a166
bd155994-0316-6a21-8dae-5d670006ab46
2ff3093c-53e8-9814-d2a8-c58f6c866dbb","d24481dd-66b0-1408-8e57-e95689202eb9,ece1a9ae-ffd4-aa16-ba60-f4aaf994a432,f6669f7b-58ec-429f-30e4-b854d25735fa,6f77c1f5-b663-996c-c336-72c1d5493d4b,fb061221-316e-c954-1422-57bb4f6b9a46,a0bcc770-67eb-ddb1-2e42-b9b81a701feb,1933364a-bd6f-e0c0-752b-7c7f863d1df1,3f87d147-04c5-93fc-37f6-6343c972be35,6df3b9f5-dec6-d891-7ee6-e22e1cf34fad,fd40db72-259e-a2c9-ccee-db7522824e5b,e1982368-275b-97fc-4174-151084428a94,273e849a-dc05-a8c3-0281-c8a2e827318d,5cd8d703-abee-3948-b6a3-3b7f3232a166,bd155994-0316-6a21-8dae-5d670006ab46,2ff3093c-53e8-9814-d2a8-c58f6c866dbb"
"2026-05-20T13:00:00.000+0000",VISA,"VISA,MASTERCARD","1779282000.346",ERROR,"INFO,ERROR,EXIT","05/27","01/27,02/27,03/27,04/27,05/27,06/27,07/27,08/27,09/27,10/27,11/27,12/27",346,1779282000,"f6669f7b-58ec-429f-30e4-b854d25735fa","d24481dd-66b0-1408-8e57-e95689202eb9
ece1a9ae-ffd4-aa16-ba60-f4aaf994a432
f6669f7b-58ec-429f-30e4-b854d25735fa
6f77c1f5-b663-996c-c336-72c1d5493d4b
fb061221-316e-c954-1422-57bb4f6b9a46
a0bcc770-67eb-ddb1-2e42-b9b81a701feb
1933364a-bd6f-e0c0-752b-7c7f863d1df1
3f87d147-04c5-93fc-37f6-6343c972be35
6df3b9f5-dec6-d891-7ee6-e22e1cf34fad
fd40db72-259e-a2c9-ccee-db7522824e5b
e1982368-275b-97fc-4174-151084428a94
273e849a-dc05-a8c3-0281-c8a2e827318d
5cd8d703-abee-3948-b6a3-3b7f3232a166
bd155994-0316-6a21-8dae-5d670006ab46
2ff3093c-53e8-9814-d2a8-c58f6c866dbb","d24481dd-66b0-1408-8e57-e95689202eb9,ece1a9ae-ffd4-aa16-ba60-f4aaf994a432,f6669f7b-58ec-429f-30e4-b854d25735fa,6f77c1f5-b663-996c-c336-72c1d5493d4b,fb061221-316e-c954-1422-57bb4f6b9a46,a0bcc770-67eb-ddb1-2e42-b9b81a701feb,1933364a-bd6f-e0c0-752b-7c7f863d1df1,3f87d147-04c5-93fc-37f6-6343c972be35,6df3b9f5-dec6-d891-7ee6-e22e1cf34fad,fd40db72-259e-a2c9-ccee-db7522824e5b,e1982368-275b-97fc-4174-151084428a94,273e849a-dc05-a8c3-0281-c8a2e827318d,5cd8d703-abee-3948-b6a3-3b7f3232a166,bd155994-0316-6a21-8dae-5d670006ab46,2ff3093c-53e8-9814-d2a8-c58f6c866dbb"
"2026-05-21T06:29:48.000+0000",MASTERCARD,"VISA,MASTERCARD","1779344988.656",INFO,"INFO,ERROR,EXIT","10/27","01/27,02/27,03/27,04/27,05/27,06/27,07/27,08/27,09/27,10/27,11/27,12/27",656,1779344988,"5cd8d703-abee-3948-b6a3-3b7f3232a166","d24481dd-66b0-1408-8e57-e95689202eb9
ece1a9ae-ffd4-aa16-ba60-f4aaf994a432
f6669f7b-58ec-429f-30e4-b854d25735fa
6f77c1f5-b663-996c-c336-72c1d5493d4b
fb061221-316e-c954-1422-57bb4f6b9a46
a0bcc770-67eb-ddb1-2e42-b9b81a701feb
1933364a-bd6f-e0c0-752b-7c7f863d1df1
3f87d147-04c5-93fc-37f6-6343c972be35
6df3b9f5-dec6-d891-7ee6-e22e1cf34fad
fd40db72-259e-a2c9-ccee-db7522824e5b
e1982368-275b-97fc-4174-151084428a94
273e849a-dc05-a8c3-0281-c8a2e827318d
5cd8d703-abee-3948-b6a3-3b7f3232a166
bd155994-0316-6a21-8dae-5d670006ab46
2ff3093c-53e8-9814-d2a8-c58f6c866dbb","d24481dd-66b0-1408-8e57-e95689202eb9,ece1a9ae-ffd4-aa16-ba60-f4aaf994a432,f6669f7b-58ec-429f-30e4-b854d25735fa,6f77c1f5-b663-996c-c336-72c1d5493d4b,fb061221-316e-c954-1422-57bb4f6b9a46,a0bcc770-67eb-ddb1-2e42-b9b81a701feb,1933364a-bd6f-e0c0-752b-7c7f863d1df1,3f87d147-04c5-93fc-37f6-6343c972be35,6df3b9f5-dec6-d891-7ee6-e22e1cf34fad,fd40db72-259e-a2c9-ccee-db7522824e5b,e1982368-275b-97fc-4174-151084428a94,273e849a-dc05-a8c3-0281-c8a2e827318d,5cd8d703-abee-3948-b6a3-3b7f3232a166,bd155994-0316-6a21-8dae-5d670006ab46,2ff3093c-53e8-9814-d2a8-c58f6c866dbb"
"2026-05-21T02:27:12.000+0000",MASTERCARD,"VISA,MASTERCARD","1779330432.437",INFO,"INFO,ERROR,EXIT","01/27","01/27,02/27,03/27,04/27,05/27,06/27,07/27,08/27,09/27,10/27,11/27,12/27",437,1779330432,"a0bcc770-67eb-ddb1-2e42-b9b81a701feb","d24481dd-66b0-1408-8e57-e95689202eb9
ece1a9ae-ffd4-aa16-ba60-f4aaf994a432
f6669f7b-58ec-429f-30e4-b854d25735fa
6f77c1f5-b663-996c-c336-72c1d5493d4b
fb061221-316e-c954-1422-57bb4f6b9a46
a0bcc770-67eb-ddb1-2e42-b9b81a701feb
1933364a-bd6f-e0c0-752b-7c7f863d1df1
3f87d147-04c5-93fc-37f6-6343c972be35
6df3b9f5-dec6-d891-7ee6-e22e1cf34fad
fd40db72-259e-a2c9-ccee-db7522824e5b
e1982368-275b-97fc-4174-151084428a94
273e849a-dc05-a8c3-0281-c8a2e827318d
5cd8d703-abee-3948-b6a3-3b7f3232a166
bd155994-0316-6a21-8dae-5d670006ab46
2ff3093c-53e8-9814-d2a8-c58f6c866dbb","d24481dd-66b0-1408-8e57-e95689202eb9,ece1a9ae-ffd4-aa16-ba60-f4aaf994a432,f6669f7b-58ec-429f-30e4-b854d25735fa,6f77c1f5-b663-996c-c336-72c1d5493d4b,fb061221-316e-c954-1422-57bb4f6b9a46,a0bcc770-67eb-ddb1-2e42-b9b81a701feb,1933364a-bd6f-e0c0-752b-7c7f863d1df1,3f87d147-04c5-93fc-37f6-6343c972be35,6df3b9f5-dec6-d891-7ee6-e22e1cf34fad,fd40db72-259e-a2c9-ccee-db7522824e5b,e1982368-275b-97fc-4174-151084428a94,273e849a-dc05-a8c3-0281-c8a2e827318d,5cd8d703-abee-3948-b6a3-3b7f3232a166,bd155994-0316-6a21-8dae-5d670006ab46,2ff3093c-53e8-9814-d2a8-c58f6c866dbb"
"2026-05-24T12:54:08.000+0000",VISA,"VISA,MASTERCARD","1779627248.53",ERROR,"INFO,ERROR,EXIT","02/27","01/27,02/27,03/27,04/27,05/27,06/27,07/27,08/27,09/27,10/27,11/27,12/27",530,1779627248,"fd40db72-259e-a2c9-ccee-db7522824e5b","d24481dd-66b0-1408-8e57-e95689202eb9
ece1a9ae-ffd4-aa16-ba60-f4aaf994a432
f6669f7b-58ec-429f-30e4-b854d25735fa
6f77c1f5-b663-996c-c336-72c1d5493d4b
fb061221-316e-c954-1422-57bb4f6b9a46
a0bcc770-67eb-ddb1-2e42-b9b81a701feb
1933364a-bd6f-e0c0-752b-7c7f863d1df1
3f87d147-04c5-93fc-37f6-6343c972be35
6df3b9f5-dec6-d891-7ee6-e22e1cf34fad
fd40db72-259e-a2c9-ccee-db7522824e5b
e1982368-275b-97fc-4174-151084428a94
273e849a-dc05-a8c3-0281-c8a2e827318d
5cd8d703-abee-3948-b6a3-3b7f3232a166
bd155994-0316-6a21-8dae-5d670006ab46
2ff3093c-53e8-9814-d2a8-c58f6c866dbb","d24481dd-66b0-1408-8e57-e95689202eb9,ece1a9ae-ffd4-aa16-ba60-f4aaf994a432,f6669f7b-58ec-429f-30e4-b854d25735fa,6f77c1f5-b663-996c-c336-72c1d5493d4b,fb061221-316e-c954-1422-57bb4f6b9a46,a0bcc770-67eb-ddb1-2e42-b9b81a701feb,1933364a-bd6f-e0c0-752b-7c7f863d1df1,3f87d147-04c5-93fc-37f6-6343c972be35,6df3b9f5-dec6-d891-7ee6-e22e1cf34fad,fd40db72-259e-a2c9-ccee-db7522824e5b,e1982368-275b-97fc-4174-151084428a94,273e849a-dc05-a8c3-0281-c8a2e827318d,5cd8d703-abee-3948-b6a3-3b7f3232a166,bd155994-0316-6a21-8dae-5d670006ab46,2ff3093c-53e8-9814-d2a8-c58f6c866dbb"
"2026-05-19T07:56:05.000+0000",MASTERCARD,"VISA,MASTERCARD","1779177365.573",ERROR,"INFO,ERROR,EXIT","06/27","01/27,02/27,03/27,04/27,05/27,06/27,07/27,08/27,09/27,10/27,11/27,12/27",573,1779177365,"fd40db72-259e-a2c9-ccee-db7522824e5b","d24481dd-66b0-1408-8e57-e95689202eb9
ece1a9ae-ffd4-aa16-ba60-f4aaf994a432
f6669f7b-58ec-429f-30e4-b854d25735fa
6f77c1f5-b663-996c-c336-72c1d5493d4b
fb061221-316e-c954-1422-57bb4f6b9a46
a0bcc770-67eb-ddb1-2e42-b9b81a701feb
1933364a-bd6f-e0c0-752b-7c7f863d1df1
3f87d147-04c5-93fc-37f6-6343c972be35
6df3b9f5-dec6-d891-7ee6-e22e1cf34fad
fd40db72-259e-a2c9-ccee-db7522824e5b
e1982368-275b-97fc-4174-151084428a94
273e849a-dc05-a8c3-0281-c8a2e827318d
5cd8d703-abee-3948-b6a3-3b7f3232a166
bd155994-0316-6a21-8dae-5d670006ab46
2ff3093c-53e8-9814-d2a8-c58f6c866dbb","d24481dd-66b0-1408-8e57-e95689202eb9,ece1a9ae-ffd4-aa16-ba60-f4aaf994a432,f6669f7b-58ec-429f-30e4-b854d25735fa,6f77c1f5-b663-996c-c336-72c1d5493d4b,fb061221-316e-c954-1422-57bb4f6b9a46,a0bcc770-67eb-ddb1-2e42-b9b81a701feb,1933364a-bd6f-e0c0-752b-7c7f863d1df1,3f87d147-04c5-93fc-37f6-6343c972be35,6df3b9f5-dec6-d891-7ee6-e22e1cf34fad,fd40db72-259e-a2c9-ccee-db7522824e5b,e1982368-275b-97fc-4174-151084428a94,273e849a-dc05-a8c3-0281-c8a2e827318d,5cd8d703-abee-3948-b6a3-3b7f3232a166,bd155994-0316-6a21-8dae-5d670006ab46,2ff3093c-53e8-9814-d2a8-c58f6c866dbb"
"2026-05-21T07:39:06.000+0000",MASTERCARD,"VISA,MASTERCARD","1779349146.804",ERROR,"INFO,ERROR,EXIT","03/27","01/27,02/27,03/27,04/27,05/27,06/27,07/27,08/27,09/27,10/27,11/27,12/27",804,1779349146,"ece1a9ae-ffd4-aa16-ba60-f4aaf994a432","d24481dd-66b0-1408-8e57-e95689202eb9
ece1a9ae-ffd4-aa16-ba60-f4aaf994a432
f6669f7b-58ec-429f-30e4-b854d25735fa
6f77c1f5-b663-996c-c336-72c1d5493d4b
fb061221-316e-c954-1422-57bb4f6b9a46
a0bcc770-67eb-ddb1-2e42-b9b81a701feb
1933364a-bd6f-e0c0-752b-7c7f863d1df1
3f87d147-04c5-93fc-37f6-6343c972be35
6df3b9f5-dec6-d891-7ee6-e22e1cf34fad
fd40db72-259e-a2c9-ccee-db7522824e5b
e1982368-275b-97fc-4174-151084428a94
273e849a-dc05-a8c3-0281-c8a2e827318d
5cd8d703-abee-3948-b6a3-3b7f3232a166
bd155994-0316-6a21-8dae-5d670006ab46
2ff3093c-53e8-9814-d2a8-c58f6c866dbb","d24481dd-66b0-1408-8e57-e95689202eb9,ece1a9ae-ffd4-aa16-ba60-f4aaf994a432,f6669f7b-58ec-429f-30e4-b854d25735fa,6f77c1f5-b663-996c-c336-72c1d5493d4b,fb061221-316e-c954-1422-57bb4f6b9a46,a0bcc770-67eb-ddb1-2e42-b9b81a701feb,1933364a-bd6f-e0c0-752b-7c7f863d1df1,3f87d147-04c5-93fc-37f6-6343c972be35,6df3b9f5-dec6-d891-7ee6-e22e1cf34fad,fd40db72-259e-a2c9-ccee-db7522824e5b,e1982368-275b-97fc-4174-151084428a94,273e849a-dc05-a8c3-0281-c8a2e827318d,5cd8d703-abee-3948-b6a3-3b7f3232a166,bd155994-0316-6a21-8dae-5d670006ab46,2ff3093c-53e8-9814-d2a8-c58f6c866dbb"
"2026-05-21T07:56:27.000+0000",VISA,"VISA,MASTERCARD","1779350187.668",INFO,"INFO,ERROR,EXIT","12/27","01/27,02/27,03/27,04/27,05/27,06/27,07/27,08/27,09/27,10/27,11/27,12/27",668,1779350187,"a0bcc770-67eb-ddb1-2e42-b9b81a701feb","d24481dd-66b0-1408-8e57-e95689202eb9
ece1a9ae-ffd4-aa16-ba60-f4aaf994a432
f6669f7b-58ec-429f-30e4-b854d25735fa
6f77c1f5-b663-996c-c336-72c1d5493d4b
fb061221-316e-c954-1422-57bb4f6b9a46
a0bcc770-67eb-ddb1-2e42-b9b81a701feb
1933364a-bd6f-e0c0-752b-7c7f863d1df1
3f87d147-04c5-93fc-37f6-6343c972be35
6df3b9f5-dec6-d891-7ee6-e22e1cf34fad
fd40db72-259e-a2c9-ccee-db7522824e5b
e1982368-275b-97fc-4174-151084428a94
273e849a-dc05-a8c3-0281-c8a2e827318d
5cd8d703-abee-3948-b6a3-3b7f3232a166
bd155994-0316-6a21-8dae-5d670006ab46
2ff3093c-53e8-9814-d2a8-c58f6c866dbb","d24481dd-66b0-1408-8e57-e95689202eb9,ece1a9ae-ffd4-aa16-ba60-f4aaf994a432,f6669f7b-58ec-429f-30e4-b854d25735fa,6f77c1f5-b663-996c-c336-72c1d5493d4b,fb061221-316e-c954-1422-57bb4f6b9a46,a0bcc770-67eb-ddb1-2e42-b9b81a701feb,1933364a-bd6f-e0c0-752b-7c7f863d1df1,3f87d147-04c5-93fc-37f6-6343c972be35,6df3b9f5-dec6-d891-7ee6-e22e1cf34fad,fd40db72-259e-a2c9-ccee-db7522824e5b,e1982368-275b-97fc-4174-151084428a94,273e849a-dc05-a8c3-0281-c8a2e827318d,5cd8d703-abee-3948-b6a3-3b7f3232a166,bd155994-0316-6a21-8dae-5d670006ab46,2ff3093c-53e8-9814-d2a8-c58f6c866dbb"
"2026-05-22T03:20:39.000+0000",MASTERCARD,"VISA,MASTERCARD","1779420039.725",EXIT,"INFO,ERROR,EXIT","10/27","01/27,02/27,03/27,04/27,05/27,06/27,07/27,08/27,09/27,10/27,11/27,12/27",725,1779420039,"6f77c1f5-b663-996c-c336-72c1d5493d4b","d24481dd-66b0-1408-8e57-e95689202eb9
ece1a9ae-ffd4-aa16-ba60-f4aaf994a432
f6669f7b-58ec-429f-30e4-b854d25735fa
6f77c1f5-b663-996c-c336-72c1d5493d4b
fb061221-316e-c954-1422-57bb4f6b9a46
a0bcc770-67eb-ddb1-2e42-b9b81a701feb
1933364a-bd6f-e0c0-752b-7c7f863d1df1
3f87d147-04c5-93fc-37f6-6343c972be35
6df3b9f5-dec6-d891-7ee6-e22e1cf34fad
fd40db72-259e-a2c9-ccee-db7522824e5b
e1982368-275b-97fc-4174-151084428a94
273e849a-dc05-a8c3-0281-c8a2e827318d
5cd8d703-abee-3948-b6a3-3b7f3232a166
bd155994-0316-6a21-8dae-5d670006ab46
2ff3093c-53e8-9814-d2a8-c58f6c866dbb","d24481dd-66b0-1408-8e57-e95689202eb9,ece1a9ae-ffd4-aa16-ba60-f4aaf994a432,f6669f7b-58ec-429f-30e4-b854d25735fa,6f77c1f5-b663-996c-c336-72c1d5493d4b,fb061221-316e-c954-1422-57bb4f6b9a46,a0bcc770-67eb-ddb1-2e42-b9b81a701feb,1933364a-bd6f-e0c0-752b-7c7f863d1df1,3f87d147-04c5-93fc-37f6-6343c972be35,6df3b9f5-dec6-d891-7ee6-e22e1cf34fad,fd40db72-259e-a2c9-ccee-db7522824e5b,e1982368-275b-97fc-4174-151084428a94,273e849a-dc05-a8c3-0281-c8a2e827318d,5cd8d703-abee-3948-b6a3-3b7f3232a166,bd155994-0316-6a21-8dae-5d670006ab46,2ff3093c-53e8-9814-d2a8-c58f6c866dbb"
"2026-05-24T20:20:47.000+0000",VISA,"VISA,MASTERCARD","1779654047.099",INFO,"INFO,ERROR,EXIT","12/27","01/27,02/27,03/27,04/27,05/27,06/27,07/27,08/27,09/27,10/27,11/27,12/27",99,1779654047,"bd155994-0316-6a21-8dae-5d670006ab46","d24481dd-66b0-1408-8e57-e95689202eb9
ece1a9ae-ffd4-aa16-ba60-f4aaf994a432
f6669f7b-58ec-429f-30e4-b854d25735fa
6f77c1f5-b663-996c-c336-72c1d5493d4b
fb061221-316e-c954-1422-57bb4f6b9a46
a0bcc770-67eb-ddb1-2e42-b9b81a701feb
1933364a-bd6f-e0c0-752b-7c7f863d1df1
3f87d147-04c5-93fc-37f6-6343c972be35
6df3b9f5-dec6-d891-7ee6-e22e1cf34fad
fd40db72-259e-a2c9-ccee-db7522824e5b
e1982368-275b-97fc-4174-151084428a94
273e849a-dc05-a8c3-0281-c8a2e827318d
5cd8d703-abee-3948-b6a3-3b7f3232a166
bd155994-0316-6a21-8dae-5d670006ab46
2ff3093c-53e8-9814-d2a8-c58f6c866dbb","d24481dd-66b0-1408-8e57-e95689202eb9,ece1a9ae-ffd4-aa16-ba60-f4aaf994a432,f6669f7b-58ec-429f-30e4-b854d25735fa,6f77c1f5-b663-996c-c336-72c1d5493d4b,fb061221-316e-c954-1422-57bb4f6b9a46,a0bcc770-67eb-ddb1-2e42-b9b81a701feb,1933364a-bd6f-e0c0-752b-7c7f863d1df1,3f87d147-04c5-93fc-37f6-6343c972be35,6df3b9f5-dec6-d891-7ee6-e22e1cf34fad,fd40db72-259e-a2c9-ccee-db7522824e5b,e1982368-275b-97fc-4174-151084428a94,273e849a-dc05-a8c3-0281-c8a2e827318d,5cd8d703-abee-3948-b6a3-3b7f3232a166,bd155994-0316-6a21-8dae-5d670006ab46,2ff3093c-53e8-9814-d2a8-c58f6c866dbb"
"2026-05-22T15:11:04.000+0000",MASTERCARD,"VISA,MASTERCARD","1779462664.952",ERROR,"INFO,ERROR,EXIT","05/27","01/27,02/27,03/27,04/27,05/27,06/27,07/27,08/27,09/27,10/27,11/27,12/27",952,1779462664,"fb061221-316e-c954-1422-57bb4f6b9a46","d24481dd-66b0-1408-8e57-e95689202eb9
ece1a9ae-ffd4-aa16-ba60-f4aaf994a432
f6669f7b-58ec-429f-30e4-b854d25735fa
6f77c1f5-b663-996c-c336-72c1d5493d4b
fb061221-316e-c954-1422-57bb4f6b9a46
a0bcc770-67eb-ddb1-2e42-b9b81a701feb
1933364a-bd6f-e0c0-752b-7c7f863d1df1
3f87d147-04c5-93fc-37f6-6343c972be35
6df3b9f5-dec6-d891-7ee6-e22e1cf34fad
fd40db72-259e-a2c9-ccee-db7522824e5b
e1982368-275b-97fc-4174-151084428a94
273e849a-dc05-a8c3-0281-c8a2e827318d
5cd8d703-abee-3948-b6a3-3b7f3232a166
bd155994-0316-6a21-8dae-5d670006ab46
2ff3093c-53e8-9814-d2a8-c58f6c866dbb","d24481dd-66b0-1408-8e57-e95689202eb9,ece1a9ae-ffd4-aa16-ba60-f4aaf994a432,f6669f7b-58ec-429f-30e4-b854d25735fa,6f77c1f5-b663-996c-c336-72c1d5493d4b,fb061221-316e-c954-1422-57bb4f6b9a46,a0bcc770-67eb-ddb1-2e42-b9b81a701feb,1933364a-bd6f-e0c0-752b-7c7f863d1df1,3f87d147-04c5-93fc-37f6-6343c972be35,6df3b9f5-dec6-d891-7ee6-e22e1cf34fad,fd40db72-259e-a2c9-ccee-db7522824e5b,e1982368-275b-97fc-4174-151084428a94,273e849a-dc05-a8c3-0281-c8a2e827318d,5cd8d703-abee-3948-b6a3-3b7f3232a166,bd155994-0316-6a21-8dae-5d670006ab46,2ff3093c-53e8-9814-d2a8-c58f6c866dbb"
"2026-05-23T22:00:43.000+0000",VISA,"VISA,MASTERCARD","1779573643.293",EXIT,"INFO,ERROR,EXIT","06/27","01/27,02/27,03/27,04/27,05/27,06/27,07/27,08/27,09/27,10/27,11/27,12/27",293,1779573643,"fd40db72-259e-a2c9-ccee-db7522824e5b","d24481dd-66b0-1408-8e57-e95689202eb9
ece1a9ae-ffd4-aa16-ba60-f4aaf994a432
f6669f7b-58ec-429f-30e4-b854d25735fa
6f77c1f5-b663-996c-c336-72c1d5493d4b
fb061221-316e-c954-1422-57bb4f6b9a46
a0bcc770-67eb-ddb1-2e42-b9b81a701feb
1933364a-bd6f-e0c0-752b-7c7f863d1df1
3f87d147-04c5-93fc-37f6-6343c972be35
6df3b9f5-dec6-d891-7ee6-e22e1cf34fad
fd40db72-259e-a2c9-ccee-db7522824e5b
e1982368-275b-97fc-4174-151084428a94
273e849a-dc05-a8c3-0281-c8a2e827318d
5cd8d703-abee-3948-b6a3-3b7f3232a166
bd155994-0316-6a21-8dae-5d670006ab46
2ff3093c-53e8-9814-d2a8-c58f6c866dbb","d24481dd-66b0-1408-8e57-e95689202eb9,ece1a9ae-ffd4-aa16-ba60-f4aaf994a432,f6669f7b-58ec-429f-30e4-b854d25735fa,6f77c1f5-b663-996c-c336-72c1d5493d4b,fb061221-316e-c954-1422-57bb4f6b9a46,a0bcc770-67eb-ddb1-2e42-b9b81a701feb,1933364a-bd6f-e0c0-752b-7c7f863d1df1,3f87d147-04c5-93fc-37f6-6343c972be35,6df3b9f5-dec6-d891-7ee6-e22e1cf34fad,fd40db72-259e-a2c9-ccee-db7522824e5b,e1982368-275b-97fc-4174-151084428a94,273e849a-dc05-a8c3-0281-c8a2e827318d,5cd8d703-abee-3948-b6a3-3b7f3232a166,bd155994-0316-6a21-8dae-5d670006ab46,2ff3093c-53e8-9814-d2a8-c58f6c866dbb"
"2026-05-22T13:38:19.000+0000",VISA,"VISA,MASTERCARD","1779457100.105",EXIT,"INFO,ERROR,EXIT","10/27","01/27,02/27,03/27,04/27,05/27,06/27,07/27,08/27,09/27,10/27,11/27,12/27",1105,1779457099,"d24481dd-66b0-1408-8e57-e95689202eb9","d24481dd-66b0-1408-8e57-e95689202eb9
ece1a9ae-ffd4-aa16-ba60-f4aaf994a432
f6669f7b-58ec-429f-30e4-b854d25735fa
6f77c1f5-b663-996c-c336-72c1d5493d4b
fb061221-316e-c954-1422-57bb4f6b9a46
a0bcc770-67eb-ddb1-2e42-b9b81a701feb
1933364a-bd6f-e0c0-752b-7c7f863d1df1
3f87d147-04c5-93fc-37f6-6343c972be35
6df3b9f5-dec6-d891-7ee6-e22e1cf34fad
fd40db72-259e-a2c9-ccee-db7522824e5b
e1982368-275b-97fc-4174-151084428a94
273e849a-dc05-a8c3-0281-c8a2e827318d
5cd8d703-abee-3948-b6a3-3b7f3232a166
bd155994-0316-6a21-8dae-5d670006ab46
2ff3093c-53e8-9814-d2a8-c58f6c866dbb","d24481dd-66b0-1408-8e57-e95689202eb9,ece1a9ae-ffd4-aa16-ba60-f4aaf994a432,f6669f7b-58ec-429f-30e4-b854d25735fa,6f77c1f5-b663-996c-c336-72c1d5493d4b,fb061221-316e-c954-1422-57bb4f6b9a46,a0bcc770-67eb-ddb1-2e42-b9b81a701feb,1933364a-bd6f-e0c0-752b-7c7f863d1df1,3f87d147-04c5-93fc-37f6-6343c972be35,6df3b9f5-dec6-d891-7ee6-e22e1cf34fad,fd40db72-259e-a2c9-ccee-db7522824e5b,e1982368-275b-97fc-4174-151084428a94,273e849a-dc05-a8c3-0281-c8a2e827318d,5cd8d703-abee-3948-b6a3-3b7f3232a166,bd155994-0316-6a21-8dae-5d670006ab46,2ff3093c-53e8-9814-d2a8-c58f6c866dbb"
"2026-05-20T07:48:41.000+0000",MASTERCARD,"VISA,MASTERCARD","1779263321.769",EXIT,"INFO,ERROR,EXIT","04/27","01/27,02/27,03/27,04/27,05/27,06/27,07/27,08/27,09/27,10/27,11/27,12/27",769,1779263321,"6f77c1f5-b663-996c-c336-72c1d5493d4b","d24481dd-66b0-1408-8e57-e95689202eb9
ece1a9ae-ffd4-aa16-ba60-f4aaf994a432
f6669f7b-58ec-429f-30e4-b854d25735fa
6f77c1f5-b663-996c-c336-72c1d5493d4b
fb061221-316e-c954-1422-57bb4f6b9a46
a0bcc770-67eb-ddb1-2e42-b9b81a701feb
1933364a-bd6f-e0c0-752b-7c7f863d1df1
3f87d147-04c5-93fc-37f6-6343c972be35
6df3b9f5-dec6-d891-7ee6-e22e1cf34fad
fd40db72-259e-a2c9-ccee-db7522824e5b
e1982368-275b-97fc-4174-151084428a94
273e849a-dc05-a8c3-0281-c8a2e827318d
5cd8d703-abee-3948-b6a3-3b7f3232a166
bd155994-0316-6a21-8dae-5d670006ab46
2ff3093c-53e8-9814-d2a8-c58f6c866dbb","d24481dd-66b0-1408-8e57-e95689202eb9,ece1a9ae-ffd4-aa16-ba60-f4aaf994a432,f6669f7b-58ec-429f-30e4-b854d25735fa,6f77c1f5-b663-996c-c336-72c1d5493d4b,fb061221-316e-c954-1422-57bb4f6b9a46,a0bcc770-67eb-ddb1-2e42-b9b81a701feb,1933364a-bd6f-e0c0-752b-7c7f863d1df1,3f87d147-04c5-93fc-37f6-6343c972be35,6df3b9f5-dec6-d891-7ee6-e22e1cf34fad,fd40db72-259e-a2c9-ccee-db7522824e5b,e1982368-275b-97fc-4174-151084428a94,273e849a-dc05-a8c3-0281-c8a2e827318d,5cd8d703-abee-3948-b6a3-3b7f3232a166,bd155994-0316-6a21-8dae-5d670006ab46,2ff3093c-53e8-9814-d2a8-c58f6c866dbb"
"2026-05-20T04:51:05.000+0000",MASTERCARD,"VISA,MASTERCARD","1779252666.532",INFO,"INFO,ERROR,EXIT","08/27","01/27,02/27,03/27,04/27,05/27,06/27,07/27,08/27,09/27,10/27,11/27,12/27",1532,1779252665,"d24481dd-66b0-1408-8e57-e95689202eb9","d24481dd-66b0-1408-8e57-e95689202eb9
ece1a9ae-ffd4-aa16-ba60-f4aaf994a432
f6669f7b-58ec-429f-30e4-b854d25735fa
6f77c1f5-b663-996c-c336-72c1d5493d4b
fb061221-316e-c954-1422-57bb4f6b9a46
a0bcc770-67eb-ddb1-2e42-b9b81a701feb
1933364a-bd6f-e0c0-752b-7c7f863d1df1
3f87d147-04c5-93fc-37f6-6343c972be35
6df3b9f5-dec6-d891-7ee6-e22e1cf34fad
fd40db72-259e-a2c9-ccee-db7522824e5b
e1982368-275b-97fc-4174-151084428a94
273e849a-dc05-a8c3-0281-c8a2e827318d
5cd8d703-abee-3948-b6a3-3b7f3232a166
bd155994-0316-6a21-8dae-5d670006ab46
2ff3093c-53e8-9814-d2a8-c58f6c866dbb","d24481dd-66b0-1408-8e57-e95689202eb9,ece1a9ae-ffd4-aa16-ba60-f4aaf994a432,f6669f7b-58ec-429f-30e4-b854d25735fa,6f77c1f5-b663-996c-c336-72c1d5493d4b,fb061221-316e-c954-1422-57bb4f6b9a46,a0bcc770-67eb-ddb1-2e42-b9b81a701feb,1933364a-bd6f-e0c0-752b-7c7f863d1df1,3f87d147-04c5-93fc-37f6-6343c972be35,6df3b9f5-dec6-d891-7ee6-e22e1cf34fad,fd40db72-259e-a2c9-ccee-db7522824e5b,e1982368-275b-97fc-4174-151084428a94,273e849a-dc05-a8c3-0281-c8a2e827318d,5cd8d703-abee-3948-b6a3-3b7f3232a166,bd155994-0316-6a21-8dae-5d670006ab46,2ff3093c-53e8-9814-d2a8-c58f6c866dbb"
"2026-05-23T11:34:06.000+0000",MASTERCARD,"VISA,MASTERCARD","1779536046.154",INFO,"INFO,ERROR,EXIT","05/27","01/27,02/27,03/27,04/27,05/27,06/27,07/27,08/27,09/27,10/27,11/27,12/27",154,1779536046,"1933364a-bd6f-e0c0-752b-7c7f863d1df1","d24481dd-66b0-1408-8e57-e95689202eb9
ece1a9ae-ffd4-aa16-ba60-f4aaf994a432
f6669f7b-58ec-429f-30e4-b854d25735fa
6f77c1f5-b663-996c-c336-72c1d5493d4b
fb061221-316e-c954-1422-57bb4f6b9a46
a0bcc770-67eb-ddb1-2e42-b9b81a701feb
1933364a-bd6f-e0c0-752b-7c7f863d1df1
3f87d147-04c5-93fc-37f6-6343c972be35
6df3b9f5-dec6-d891-7ee6-e22e1cf34fad
fd40db72-259e-a2c9-ccee-db7522824e5b
e1982368-275b-97fc-4174-151084428a94
273e849a-dc05-a8c3-0281-c8a2e827318d
5cd8d703-abee-3948-b6a3-3b7f3232a166
bd155994-0316-6a21-8dae-5d670006ab46
2ff3093c-53e8-9814-d2a8-c58f6c866dbb","d24481dd-66b0-1408-8e57-e95689202eb9,ece1a9ae-ffd4-aa16-ba60-f4aaf994a432,f6669f7b-58ec-429f-30e4-b854d25735fa,6f77c1f5-b663-996c-c336-72c1d5493d4b,fb061221-316e-c954-1422-57bb4f6b9a46,a0bcc770-67eb-ddb1-2e42-b9b81a701feb,1933364a-bd6f-e0c0-752b-7c7f863d1df1,3f87d147-04c5-93fc-37f6-6343c972be35,6df3b9f5-dec6-d891-7ee6-e22e1cf34fad,fd40db72-259e-a2c9-ccee-db7522824e5b,e1982368-275b-97fc-4174-151084428a94,273e849a-dc05-a8c3-0281-c8a2e827318d,5cd8d703-abee-3948-b6a3-3b7f3232a166,bd155994-0316-6a21-8dae-5d670006ab46,2ff3093c-53e8-9814-d2a8-c58f6c866dbb"
"2026-05-19T18:30:27.000+0000",VISA,"VISA,MASTERCARD","1779215428.536",ERROR,"INFO,ERROR,EXIT","07/27","01/27,02/27,03/27,04/27,05/27,06/27,07/27,08/27,09/27,10/27,11/27,12/27",1536,1779215427,"d24481dd-66b0-1408-8e57-e95689202eb9","d24481dd-66b0-1408-8e57-e95689202eb9
ece1a9ae-ffd4-aa16-ba60-f4aaf994a432
f6669f7b-58ec-429f-30e4-b854d25735fa
6f77c1f5-b663-996c-c336-72c1d5493d4b
fb061221-316e-c954-1422-57bb4f6b9a46
a0bcc770-67eb-ddb1-2e42-b9b81a701feb
1933364a-bd6f-e0c0-752b-7c7f863d1df1
3f87d147-04c5-93fc-37f6-6343c972be35
6df3b9f5-dec6-d891-7ee6-e22e1cf34fad
fd40db72-259e-a2c9-ccee-db7522824e5b
e1982368-275b-97fc-4174-151084428a94
273e849a-dc05-a8c3-0281-c8a2e827318d
5cd8d703-abee-3948-b6a3-3b7f3232a166
bd155994-0316-6a21-8dae-5d670006ab46
2ff3093c-53e8-9814-d2a8-c58f6c866dbb","d24481dd-66b0-1408-8e57-e95689202eb9,ece1a9ae-ffd4-aa16-ba60-f4aaf994a432,f6669f7b-58ec-429f-30e4-b854d25735fa,6f77c1f5-b663-996c-c336-72c1d5493d4b,fb061221-316e-c954-1422-57bb4f6b9a46,a0bcc770-67eb-ddb1-2e42-b9b81a701feb,1933364a-bd6f-e0c0-752b-7c7f863d1df1,3f87d147-04c5-93fc-37f6-6343c972be35,6df3b9f5-dec6-d891-7ee6-e22e1cf34fad,fd40db72-259e-a2c9-ccee-db7522824e5b,e1982368-275b-97fc-4174-151084428a94,273e849a-dc05-a8c3-0281-c8a2e827318d,5cd8d703-abee-3948-b6a3-3b7f3232a166,bd155994-0316-6a21-8dae-5d670006ab46,2ff3093c-53e8-9814-d2a8-c58f6c866dbb"
"2026-05-23T23:19:31.000+0000",VISA,"VISA,MASTERCARD","1779578371.172",ERROR,"INFO,ERROR,EXIT","06/27","01/27,02/27,03/27,04/27,05/27,06/27,07/27,08/27,09/27,10/27,11/27,12/27",172,1779578371,"fb061221-316e-c954-1422-57bb4f6b9a46","d24481dd-66b0-1408-8e57-e95689202eb9
ece1a9ae-ffd4-aa16-ba60-f4aaf994a432
f6669f7b-58ec-429f-30e4-b854d25735fa
6f77c1f5-b663-996c-c336-72c1d5493d4b
fb061221-316e-c954-1422-57bb4f6b9a46
a0bcc770-67eb-ddb1-2e42-b9b81a701feb
1933364a-bd6f-e0c0-752b-7c7f863d1df1
3f87d147-04c5-93fc-37f6-6343c972be35
6df3b9f5-dec6-d891-7ee6-e22e1cf34fad
fd40db72-259e-a2c9-ccee-db7522824e5b
e1982368-275b-97fc-4174-151084428a94
273e849a-dc05-a8c3-0281-c8a2e827318d
5cd8d703-abee-3948-b6a3-3b7f3232a166
bd155994-0316-6a21-8dae-5d670006ab46
2ff3093c-53e8-9814-d2a8-c58f6c866dbb","d24481dd-66b0-1408-8e57-e95689202eb9,ece1a9ae-ffd4-aa16-ba60-f4aaf994a432,f6669f7b-58ec-429f-30e4-b854d25735fa,6f77c1f5-b663-996c-c336-72c1d5493d4b,fb061221-316e-c954-1422-57bb4f6b9a46,a0bcc770-67eb-ddb1-2e42-b9b81a701feb,1933364a-bd6f-e0c0-752b-7c7f863d1df1,3f87d147-04c5-93fc-37f6-6343c972be35,6df3b9f5-dec6-d891-7ee6-e22e1cf34fad,fd40db72-259e-a2c9-ccee-db7522824e5b,e1982368-275b-97fc-4174-151084428a94,273e849a-dc05-a8c3-0281-c8a2e827318d,5cd8d703-abee-3948-b6a3-3b7f3232a166,bd155994-0316-6a21-8dae-5d670006ab46,2ff3093c-53e8-9814-d2a8-c58f6c866dbb"
"2026-05-22T17:09:29.000+0000",MASTERCARD,"VISA,MASTERCARD","1779469769.841",INFO,"INFO,ERROR,EXIT","08/27","01/27,02/27,03/27,04/27,05/27,06/27,07/27,08/27,09/27,10/27,11/27,12/27",841,1779469769,"fd40db72-259e-a2c9-ccee-db7522824e5b","d24481dd-66b0-1408-8e57-e95689202eb9
ece1a9ae-ffd4-aa16-ba60-f4aaf994a432
f6669f7b-58ec-429f-30e4-b854d25735fa
6f77c1f5-b663-996c-c336-72c1d5493d4b
fb061221-316e-c954-1422-57bb4f6b9a46
a0bcc770-67eb-ddb1-2e42-b9b81a701feb
1933364a-bd6f-e0c0-752b-7c7f863d1df1
3f87d147-04c5-93fc-37f6-6343c972be35
6df3b9f5-dec6-d891-7ee6-e22e1cf34fad
fd40db72-259e-a2c9-ccee-db7522824e5b
e1982368-275b-97fc-4174-151084428a94
273e849a-dc05-a8c3-0281-c8a2e827318d
5cd8d703-abee-3948-b6a3-3b7f3232a166
bd155994-0316-6a21-8dae-5d670006ab46
2ff3093c-53e8-9814-d2a8-c58f6c866dbb","d24481dd-66b0-1408-8e57-e95689202eb9,ece1a9ae-ffd4-aa16-ba60-f4aaf994a432,f6669f7b-58ec-429f-30e4-b854d25735fa,6f77c1f5-b663-996c-c336-72c1d5493d4b,fb061221-316e-c954-1422-57bb4f6b9a46,a0bcc770-67eb-ddb1-2e42-b9b81a701feb,1933364a-bd6f-e0c0-752b-7c7f863d1df1,3f87d147-04c5-93fc-37f6-6343c972be35,6df3b9f5-dec6-d891-7ee6-e22e1cf34fad,fd40db72-259e-a2c9-ccee-db7522824e5b,e1982368-275b-97fc-4174-151084428a94,273e849a-dc05-a8c3-0281-c8a2e827318d,5cd8d703-abee-3948-b6a3-3b7f3232a166,bd155994-0316-6a21-8dae-5d670006ab46,2ff3093c-53e8-9814-d2a8-c58f6c866dbb"
"2026-05-20T02:27:24.000+0000",MASTERCARD,"VISA,MASTERCARD","1779244044.371",INFO,"INFO,ERROR,EXIT","11/27","01/27,02/27,03/27,04/27,05/27,06/27,07/27,08/27,09/27,10/27,11/27,12/27",371,1779244044,"3f87d147-04c5-93fc-37f6-6343c972be35","d24481dd-66b0-1408-8e57-e95689202eb9
ece1a9ae-ffd4-aa16-ba60-f4aaf994a432
f6669f7b-58ec-429f-30e4-b854d25735fa
6f77c1f5-b663-996c-c336-72c1d5493d4b
fb061221-316e-c954-1422-57bb4f6b9a46
a0bcc770-67eb-ddb1-2e42-b9b81a701feb
1933364a-bd6f-e0c0-752b-7c7f863d1df1
3f87d147-04c5-93fc-37f6-6343c972be35
6df3b9f5-dec6-d891-7ee6-e22e1cf34fad
fd40db72-259e-a2c9-ccee-db7522824e5b
e1982368-275b-97fc-4174-151084428a94
273e849a-dc05-a8c3-0281-c8a2e827318d
5cd8d703-abee-3948-b6a3-3b7f3232a166
bd155994-0316-6a21-8dae-5d670006ab46
2ff3093c-53e8-9814-d2a8-c58f6c866dbb","d24481dd-66b0-1408-8e57-e95689202eb9,ece1a9ae-ffd4-aa16-ba60-f4aaf994a432,f6669f7b-58ec-429f-30e4-b854d25735fa,6f77c1f5-b663-996c-c336-72c1d5493d4b,fb061221-316e-c954-1422-57bb4f6b9a46,a0bcc770-67eb-ddb1-2e42-b9b81a701feb,1933364a-bd6f-e0c0-752b-7c7f863d1df1,3f87d147-04c5-93fc-37f6-6343c972be35,6df3b9f5-dec6-d891-7ee6-e22e1cf34fad,fd40db72-259e-a2c9-ccee-db7522824e5b,e1982368-275b-97fc-4174-151084428a94,273e849a-dc05-a8c3-0281-c8a2e827318d,5cd8d703-abee-3948-b6a3-3b7f3232a166,bd155994-0316-6a21-8dae-5d670006ab46,2ff3093c-53e8-9814-d2a8-c58f6c866dbb"
"2026-05-23T11:43:53.000+0000",VISA,"VISA,MASTERCARD","1779536633.137",INFO,"INFO,ERROR,EXIT","06/27","01/27,02/27,03/27,04/27,05/27,06/27,07/27,08/27,09/27,10/27,11/27,12/27",137,1779536633,"fd40db72-259e-a2c9-ccee-db7522824e5b","d24481dd-66b0-1408-8e57-e95689202eb9
ece1a9ae-ffd4-aa16-ba60-f4aaf994a432
f6669f7b-58ec-429f-30e4-b854d25735fa
6f77c1f5-b663-996c-c336-72c1d5493d4b
fb061221-316e-c954-1422-57bb4f6b9a46
a0bcc770-67eb-ddb1-2e42-b9b81a701feb
1933364a-bd6f-e0c0-752b-7c7f863d1df1
3f87d147-04c5-93fc-37f6-6343c972be35
6df3b9f5-dec6-d891-7ee6-e22e1cf34fad
fd40db72-259e-a2c9-ccee-db7522824e5b
e1982368-275b-97fc-4174-151084428a94
273e849a-dc05-a8c3-0281-c8a2e827318d
5cd8d703-abee-3948-b6a3-3b7f3232a166
bd155994-0316-6a21-8dae-5d670006ab46
2ff3093c-53e8-9814-d2a8-c58f6c866dbb","d24481dd-66b0-1408-8e57-e95689202eb9,ece1a9ae-ffd4-aa16-ba60-f4aaf994a432,f6669f7b-58ec-429f-30e4-b854d25735fa,6f77c1f5-b663-996c-c336-72c1d5493d4b,fb061221-316e-c954-1422-57bb4f6b9a46,a0bcc770-67eb-ddb1-2e42-b9b81a701feb,1933364a-bd6f-e0c0-752b-7c7f863d1df1,3f87d147-04c5-93fc-37f6-6343c972be35,6df3b9f5-dec6-d891-7ee6-e22e1cf34fad,fd40db72-259e-a2c9-ccee-db7522824e5b,e1982368-275b-97fc-4174-151084428a94,273e849a-dc05-a8c3-0281-c8a2e827318d,5cd8d703-abee-3948-b6a3-3b7f3232a166,bd155994-0316-6a21-8dae-5d670006ab46,2ff3093c-53e8-9814-d2a8-c58f6c866dbb"
"2026-05-20T16:15:24.000+0000",MASTERCARD,"VISA,MASTERCARD","1779293724.955",EXIT,"INFO,ERROR,EXIT","02/27","01/27,02/27,03/27,04/27,05/27,06/27,07/27,08/27,09/27,10/27,11/27,12/27",955,1779293724,"ece1a9ae-ffd4-aa16-ba60-f4aaf994a432","d24481dd-66b0-1408-8e57-e95689202eb9
ece1a9ae-ffd4-aa16-ba60-f4aaf994a432
f6669f7b-58ec-429f-30e4-b854d25735fa
6f77c1f5-b663-996c-c336-72c1d5493d4b
fb061221-316e-c954-1422-57bb4f6b9a46
a0bcc770-67eb-ddb1-2e42-b9b81a701feb
1933364a-bd6f-e0c0-752b-7c7f863d1df1
3f87d147-04c5-93fc-37f6-6343c972be35
6df3b9f5-dec6-d891-7ee6-e22e1cf34fad
fd40db72-259e-a2c9-ccee-db7522824e5b
e1982368-275b-97fc-4174-151084428a94
273e849a-dc05-a8c3-0281-c8a2e827318d
5cd8d703-abee-3948-b6a3-3b7f3232a166
bd155994-0316-6a21-8dae-5d670006ab46
2ff3093c-53e8-9814-d2a8-c58f6c866dbb","d24481dd-66b0-1408-8e57-e95689202eb9,ece1a9ae-ffd4-aa16-ba60-f4aaf994a432,f6669f7b-58ec-429f-30e4-b854d25735fa,6f77c1f5-b663-996c-c336-72c1d5493d4b,fb061221-316e-c954-1422-57bb4f6b9a46,a0bcc770-67eb-ddb1-2e42-b9b81a701feb,1933364a-bd6f-e0c0-752b-7c7f863d1df1,3f87d147-04c5-93fc-37f6-6343c972be35,6df3b9f5-dec6-d891-7ee6-e22e1cf34fad,fd40db72-259e-a2c9-ccee-db7522824e5b,e1982368-275b-97fc-4174-151084428a94,273e849a-dc05-a8c3-0281-c8a2e827318d,5cd8d703-abee-3948-b6a3-3b7f3232a166,bd155994-0316-6a21-8dae-5d670006ab46,2ff3093c-53e8-9814-d2a8-c58f6c866dbb"
"2026-05-21T12:50:59.000+0000",MASTERCARD,"VISA,MASTERCARD","1779367859.157",INFO,"INFO,ERROR,EXIT","11/27","01/27,02/27,03/27,04/27,05/27,06/27,07/27,08/27,09/27,10/27,11/27,12/27",157,1779367859,"f6669f7b-58ec-429f-30e4-b854d25735fa","d24481dd-66b0-1408-8e57-e95689202eb9
ece1a9ae-ffd4-aa16-ba60-f4aaf994a432
f6669f7b-58ec-429f-30e4-b854d25735fa
6f77c1f5-b663-996c-c336-72c1d5493d4b
fb061221-316e-c954-1422-57bb4f6b9a46
a0bcc770-67eb-ddb1-2e42-b9b81a701feb
1933364a-bd6f-e0c0-752b-7c7f863d1df1
3f87d147-04c5-93fc-37f6-6343c972be35
6df3b9f5-dec6-d891-7ee6-e22e1cf34fad
fd40db72-259e-a2c9-ccee-db7522824e5b
e1982368-275b-97fc-4174-151084428a94
273e849a-dc05-a8c3-0281-c8a2e827318d
5cd8d703-abee-3948-b6a3-3b7f3232a166
bd155994-0316-6a21-8dae-5d670006ab46
2ff3093c-53e8-9814-d2a8-c58f6c866dbb","d24481dd-66b0-1408-8e57-e95689202eb9,ece1a9ae-ffd4-aa16-ba60-f4aaf994a432,f6669f7b-58ec-429f-30e4-b854d25735fa,6f77c1f5-b663-996c-c336-72c1d5493d4b,fb061221-316e-c954-1422-57bb4f6b9a46,a0bcc770-67eb-ddb1-2e42-b9b81a701feb,1933364a-bd6f-e0c0-752b-7c7f863d1df1,3f87d147-04c5-93fc-37f6-6343c972be35,6df3b9f5-dec6-d891-7ee6-e22e1cf34fad,fd40db72-259e-a2c9-ccee-db7522824e5b,e1982368-275b-97fc-4174-151084428a94,273e849a-dc05-a8c3-0281-c8a2e827318d,5cd8d703-abee-3948-b6a3-3b7f3232a166,bd155994-0316-6a21-8dae-5d670006ab46,2ff3093c-53e8-9814-d2a8-c58f6c866dbb"
"2026-05-22T17:40:05.000+0000",MASTERCARD,"VISA,MASTERCARD","1779471605.256",EXIT,"INFO,ERROR,EXIT","09/27","01/27,02/27,03/27,04/27,05/27,06/27,07/27,08/27,09/27,10/27,11/27,12/27",256,1779471605,"1933364a-bd6f-e0c0-752b-7c7f863d1df1","d24481dd-66b0-1408-8e57-e95689202eb9
ece1a9ae-ffd4-aa16-ba60-f4aaf994a432
f6669f7b-58ec-429f-30e4-b854d25735fa
6f77c1f5-b663-996c-c336-72c1d5493d4b
fb061221-316e-c954-1422-57bb4f6b9a46
a0bcc770-67eb-ddb1-2e42-b9b81a701feb
1933364a-bd6f-e0c0-752b-7c7f863d1df1
3f87d147-04c5-93fc-37f6-6343c972be35
6df3b9f5-dec6-d891-7ee6-e22e1cf34fad
fd40db72-259e-a2c9-ccee-db7522824e5b
e1982368-275b-97fc-4174-151084428a94
273e849a-dc05-a8c3-0281-c8a2e827318d
5cd8d703-abee-3948-b6a3-3b7f3232a166
bd155994-0316-6a21-8dae-5d670006ab46
2ff3093c-53e8-9814-d2a8-c58f6c866dbb","d24481dd-66b0-1408-8e57-e95689202eb9,ece1a9ae-ffd4-aa16-ba60-f4aaf994a432,f6669f7b-58ec-429f-30e4-b854d25735fa,6f77c1f5-b663-996c-c336-72c1d5493d4b,fb061221-316e-c954-1422-57bb4f6b9a46,a0bcc770-67eb-ddb1-2e42-b9b81a701feb,1933364a-bd6f-e0c0-752b-7c7f863d1df1,3f87d147-04c5-93fc-37f6-6343c972be35,6df3b9f5-dec6-d891-7ee6-e22e1cf34fad,fd40db72-259e-a2c9-ccee-db7522824e5b,e1982368-275b-97fc-4174-151084428a94,273e849a-dc05-a8c3-0281-c8a2e827318d,5cd8d703-abee-3948-b6a3-3b7f3232a166,bd155994-0316-6a21-8dae-5d670006ab46,2ff3093c-53e8-9814-d2a8-c58f6c866dbb"
"2026-05-24T08:49:50.000+0000",VISA,"VISA,MASTERCARD","1779612590.312",INFO,"INFO,ERROR,EXIT","03/27","01/27,02/27,03/27,04/27,05/27,06/27,07/27,08/27,09/27,10/27,11/27,12/27",312,1779612590,"1933364a-bd6f-e0c0-752b-7c7f863d1df1","d24481dd-66b0-1408-8e57-e95689202eb9
ece1a9ae-ffd4-aa16-ba60-f4aaf994a432
f6669f7b-58ec-429f-30e4-b854d25735fa
6f77c1f5-b663-996c-c336-72c1d5493d4b
fb061221-316e-c954-1422-57bb4f6b9a46
a0bcc770-67eb-ddb1-2e42-b9b81a701feb
1933364a-bd6f-e0c0-752b-7c7f863d1df1
3f87d147-04c5-93fc-37f6-6343c972be35
6df3b9f5-dec6-d891-7ee6-e22e1cf34fad
fd40db72-259e-a2c9-ccee-db7522824e5b
e1982368-275b-97fc-4174-151084428a94
273e849a-dc05-a8c3-0281-c8a2e827318d
5cd8d703-abee-3948-b6a3-3b7f3232a166
bd155994-0316-6a21-8dae-5d670006ab46
2ff3093c-53e8-9814-d2a8-c58f6c866dbb","d24481dd-66b0-1408-8e57-e95689202eb9,ece1a9ae-ffd4-aa16-ba60-f4aaf994a432,f6669f7b-58ec-429f-30e4-b854d25735fa,6f77c1f5-b663-996c-c336-72c1d5493d4b,fb061221-316e-c954-1422-57bb4f6b9a46,a0bcc770-67eb-ddb1-2e42-b9b81a701feb,1933364a-bd6f-e0c0-752b-7c7f863d1df1,3f87d147-04c5-93fc-37f6-6343c972be35,6df3b9f5-dec6-d891-7ee6-e22e1cf34fad,fd40db72-259e-a2c9-ccee-db7522824e5b,e1982368-275b-97fc-4174-151084428a94,273e849a-dc05-a8c3-0281-c8a2e827318d,5cd8d703-abee-3948-b6a3-3b7f3232a166,bd155994-0316-6a21-8dae-5d670006ab46,2ff3093c-53e8-9814-d2a8-c58f6c866dbb"
"2026-05-24T01:10:49.000+0000",MASTERCARD,"VISA,MASTERCARD","1779585049.224",EXIT,"INFO,ERROR,EXIT","05/27","01/27,02/27,03/27,04/27,05/27,06/27,07/27,08/27,09/27,10/27,11/27,12/27",224,1779585049,"a0bcc770-67eb-ddb1-2e42-b9b81a701feb","d24481dd-66b0-1408-8e57-e95689202eb9
ece1a9ae-ffd4-aa16-ba60-f4aaf994a432
f6669f7b-58ec-429f-30e4-b854d25735fa
6f77c1f5-b663-996c-c336-72c1d5493d4b
fb061221-316e-c954-1422-57bb4f6b9a46
a0bcc770-67eb-ddb1-2e42-b9b81a701feb
1933364a-bd6f-e0c0-752b-7c7f863d1df1
3f87d147-04c5-93fc-37f6-6343c972be35
6df3b9f5-dec6-d891-7ee6-e22e1cf34fad
fd40db72-259e-a2c9-ccee-db7522824e5b
e1982368-275b-97fc-4174-151084428a94
273e849a-dc05-a8c3-0281-c8a2e827318d
5cd8d703-abee-3948-b6a3-3b7f3232a166
bd155994-0316-6a21-8dae-5d670006ab46
2ff3093c-53e8-9814-d2a8-c58f6c866dbb","d24481dd-66b0-1408-8e57-e95689202eb9,ece1a9ae-ffd4-aa16-ba60-f4aaf994a432,f6669f7b-58ec-429f-30e4-b854d25735fa,6f77c1f5-b663-996c-c336-72c1d5493d4b,fb061221-316e-c954-1422-57bb4f6b9a46,a0bcc770-67eb-ddb1-2e42-b9b81a701feb,1933364a-bd6f-e0c0-752b-7c7f863d1df1,3f87d147-04c5-93fc-37f6-6343c972be35,6df3b9f5-dec6-d891-7ee6-e22e1cf34fad,fd40db72-259e-a2c9-ccee-db7522824e5b,e1982368-275b-97fc-4174-151084428a94,273e849a-dc05-a8c3-0281-c8a2e827318d,5cd8d703-abee-3948-b6a3-3b7f3232a166,bd155994-0316-6a21-8dae-5d670006ab46,2ff3093c-53e8-9814-d2a8-c58f6c866dbb"
"2026-05-22T21:35:16.000+0000",VISA,"VISA,MASTERCARD","1779485716.326",ERROR,"INFO,ERROR,EXIT","06/27","01/27,02/27,03/27,04/27,05/27,06/27,07/27,08/27,09/27,10/27,11/27,12/27",326,1779485716,"5cd8d703-abee-3948-b6a3-3b7f3232a166","d24481dd-66b0-1408-8e57-e95689202eb9
ece1a9ae-ffd4-aa16-ba60-f4aaf994a432
f6669f7b-58ec-429f-30e4-b854d25735fa
6f77c1f5-b663-996c-c336-72c1d5493d4b
fb061221-316e-c954-1422-57bb4f6b9a46
a0bcc770-67eb-ddb1-2e42-b9b81a701feb
1933364a-bd6f-e0c0-752b-7c7f863d1df1
3f87d147-04c5-93fc-37f6-6343c972be35
6df3b9f5-dec6-d891-7ee6-e22e1cf34fad
fd40db72-259e-a2c9-ccee-db7522824e5b
e1982368-275b-97fc-4174-151084428a94
273e849a-dc05-a8c3-0281-c8a2e827318d
5cd8d703-abee-3948-b6a3-3b7f3232a166
bd155994-0316-6a21-8dae-5d670006ab46
2ff3093c-53e8-9814-d2a8-c58f6c866dbb","d24481dd-66b0-1408-8e57-e95689202eb9,ece1a9ae-ffd4-aa16-ba60-f4aaf994a432,f6669f7b-58ec-429f-30e4-b854d25735fa,6f77c1f5-b663-996c-c336-72c1d5493d4b,fb061221-316e-c954-1422-57bb4f6b9a46,a0bcc770-67eb-ddb1-2e42-b9b81a701feb,1933364a-bd6f-e0c0-752b-7c7f863d1df1,3f87d147-04c5-93fc-37f6-6343c972be35,6df3b9f5-dec6-d891-7ee6-e22e1cf34fad,fd40db72-259e-a2c9-ccee-db7522824e5b,e1982368-275b-97fc-4174-151084428a94,273e849a-dc05-a8c3-0281-c8a2e827318d,5cd8d703-abee-3948-b6a3-3b7f3232a166,bd155994-0316-6a21-8dae-5d670006ab46,2ff3093c-53e8-9814-d2a8-c58f6c866dbb"
"2026-05-21T15:35:21.000+0000",VISA,"VISA,MASTERCARD","1779377722.141",INFO,"INFO,ERROR,EXIT","10/27","01/27,02/27,03/27,04/27,05/27,06/27,07/27,08/27,09/27,10/27,11/27,12/27",1141,1779377721,"bd155994-0316-6a21-8dae-5d670006ab46","d24481dd-66b0-1408-8e57-e95689202eb9
ece1a9ae-ffd4-aa16-ba60-f4aaf994a432
f6669f7b-58ec-429f-30e4-b854d25735fa
6f77c1f5-b663-996c-c336-72c1d5493d4b
fb061221-316e-c954-1422-57bb4f6b9a46
a0bcc770-67eb-ddb1-2e42-b9b81a701feb
1933364a-bd6f-e0c0-752b-7c7f863d1df1
3f87d147-04c5-93fc-37f6-6343c972be35
6df3b9f5-dec6-d891-7ee6-e22e1cf34fad
fd40db72-259e-a2c9-ccee-db7522824e5b
e1982368-275b-97fc-4174-151084428a94
273e849a-dc05-a8c3-0281-c8a2e827318d
5cd8d703-abee-3948-b6a3-3b7f3232a166
bd155994-0316-6a21-8dae-5d670006ab46
2ff3093c-53e8-9814-d2a8-c58f6c866dbb","d24481dd-66b0-1408-8e57-e95689202eb9,ece1a9ae-ffd4-aa16-ba60-f4aaf994a432,f6669f7b-58ec-429f-30e4-b854d25735fa,6f77c1f5-b663-996c-c336-72c1d5493d4b,fb061221-316e-c954-1422-57bb4f6b9a46,a0bcc770-67eb-ddb1-2e42-b9b81a701feb,1933364a-bd6f-e0c0-752b-7c7f863d1df1,3f87d147-04c5-93fc-37f6-6343c972be35,6df3b9f5-dec6-d891-7ee6-e22e1cf34fad,fd40db72-259e-a2c9-ccee-db7522824e5b,e1982368-275b-97fc-4174-151084428a94,273e849a-dc05-a8c3-0281-c8a2e827318d,5cd8d703-abee-3948-b6a3-3b7f3232a166,bd155994-0316-6a21-8dae-5d670006ab46,2ff3093c-53e8-9814-d2a8-c58f6c866dbb"
"2026-05-21T00:15:11.000+0000",VISA,"VISA,MASTERCARD","1779322511.393",INFO,"INFO,ERROR,EXIT","06/27","01/27,02/27,03/27,04/27,05/27,06/27,07/27,08/27,09/27,10/27,11/27,12/27",393,1779322511,"ece1a9ae-ffd4-aa16-ba60-f4aaf994a432","d24481dd-66b0-1408-8e57-e95689202eb9
ece1a9ae-ffd4-aa16-ba60-f4aaf994a432
f6669f7b-58ec-429f-30e4-b854d25735fa
6f77c1f5-b663-996c-c336-72c1d5493d4b
fb061221-316e-c954-1422-57bb4f6b9a46
a0bcc770-67eb-ddb1-2e42-b9b81a701feb
1933364a-bd6f-e0c0-752b-7c7f863d1df1
3f87d147-04c5-93fc-37f6-6343c972be35
6df3b9f5-dec6-d891-7ee6-e22e1cf34fad
fd40db72-259e-a2c9-ccee-db7522824e5b
e1982368-275b-97fc-4174-151084428a94
273e849a-dc05-a8c3-0281-c8a2e827318d
5cd8d703-abee-3948-b6a3-3b7f3232a166
bd155994-0316-6a21-8dae-5d670006ab46
2ff3093c-53e8-9814-d2a8-c58f6c866dbb","d24481dd-66b0-1408-8e57-e95689202eb9,ece1a9ae-ffd4-aa16-ba60-f4aaf994a432,f6669f7b-58ec-429f-30e4-b854d25735fa,6f77c1f5-b663-996c-c336-72c1d5493d4b,fb061221-316e-c954-1422-57bb4f6b9a46,a0bcc770-67eb-ddb1-2e42-b9b81a701feb,1933364a-bd6f-e0c0-752b-7c7f863d1df1,3f87d147-04c5-93fc-37f6-6343c972be35,6df3b9f5-dec6-d891-7ee6-e22e1cf34fad,fd40db72-259e-a2c9-ccee-db7522824e5b,e1982368-275b-97fc-4174-151084428a94,273e849a-dc05-a8c3-0281-c8a2e827318d,5cd8d703-abee-3948-b6a3-3b7f3232a166,bd155994-0316-6a21-8dae-5d670006ab46,2ff3093c-53e8-9814-d2a8-c58f6c866dbb"
"2026-05-20T11:37:22.000+0000",VISA,"VISA,MASTERCARD","1779277042.888",ERROR,"INFO,ERROR,EXIT","07/27","01/27,02/27,03/27,04/27,05/27,06/27,07/27,08/27,09/27,10/27,11/27,12/27",888,1779277042,"ece1a9ae-ffd4-aa16-ba60-f4aaf994a432","d24481dd-66b0-1408-8e57-e95689202eb9
ece1a9ae-ffd4-aa16-ba60-f4aaf994a432
f6669f7b-58ec-429f-30e4-b854d25735fa
6f77c1f5-b663-996c-c336-72c1d5493d4b
fb061221-316e-c954-1422-57bb4f6b9a46
a0bcc770-67eb-ddb1-2e42-b9b81a701feb
1933364a-bd6f-e0c0-752b-7c7f863d1df1
3f87d147-04c5-93fc-37f6-6343c972be35
6df3b9f5-dec6-d891-7ee6-e22e1cf34fad
fd40db72-259e-a2c9-ccee-db7522824e5b
e1982368-275b-97fc-4174-151084428a94
273e849a-dc05-a8c3-0281-c8a2e827318d
5cd8d703-abee-3948-b6a3-3b7f3232a166
bd155994-0316-6a21-8dae-5d670006ab46
2ff3093c-53e8-9814-d2a8-c58f6c866dbb","d24481dd-66b0-1408-8e57-e95689202eb9,ece1a9ae-ffd4-aa16-ba60-f4aaf994a432,f6669f7b-58ec-429f-30e4-b854d25735fa,6f77c1f5-b663-996c-c336-72c1d5493d4b,fb061221-316e-c954-1422-57bb4f6b9a46,a0bcc770-67eb-ddb1-2e42-b9b81a701feb,1933364a-bd6f-e0c0-752b-7c7f863d1df1,3f87d147-04c5-93fc-37f6-6343c972be35,6df3b9f5-dec6-d891-7ee6-e22e1cf34fad,fd40db72-259e-a2c9-ccee-db7522824e5b,e1982368-275b-97fc-4174-151084428a94,273e849a-dc05-a8c3-0281-c8a2e827318d,5cd8d703-abee-3948-b6a3-3b7f3232a166,bd155994-0316-6a21-8dae-5d670006ab46,2ff3093c-53e8-9814-d2a8-c58f6c866dbb"
"2026-05-24T10:10:34.000+0000",MASTERCARD,"VISA,MASTERCARD","1779617434.492",INFO,"INFO,ERROR,EXIT","06/27","01/27,02/27,03/27,04/27,05/27,06/27,07/27,08/27,09/27,10/27,11/27,12/27",492,1779617434,"fd40db72-259e-a2c9-ccee-db7522824e5b","d24481dd-66b0-1408-8e57-e95689202eb9
ece1a9ae-ffd4-aa16-ba60-f4aaf994a432
f6669f7b-58ec-429f-30e4-b854d25735fa
6f77c1f5-b663-996c-c336-72c1d5493d4b
fb061221-316e-c954-1422-57bb4f6b9a46
a0bcc770-67eb-ddb1-2e42-b9b81a701feb
1933364a-bd6f-e0c0-752b-7c7f863d1df1
3f87d147-04c5-93fc-37f6-6343c972be35
6df3b9f5-dec6-d891-7ee6-e22e1cf34fad
fd40db72-259e-a2c9-ccee-db7522824e5b
e1982368-275b-97fc-4174-151084428a94
273e849a-dc05-a8c3-0281-c8a2e827318d
5cd8d703-abee-3948-b6a3-3b7f3232a166
bd155994-0316-6a21-8dae-5d670006ab46
2ff3093c-53e8-9814-d2a8-c58f6c866dbb","d24481dd-66b0-1408-8e57-e95689202eb9,ece1a9ae-ffd4-aa16-ba60-f4aaf994a432,f6669f7b-58ec-429f-30e4-b854d25735fa,6f77c1f5-b663-996c-c336-72c1d5493d4b,fb061221-316e-c954-1422-57bb4f6b9a46,a0bcc770-67eb-ddb1-2e42-b9b81a701feb,1933364a-bd6f-e0c0-752b-7c7f863d1df1,3f87d147-04c5-93fc-37f6-6343c972be35,6df3b9f5-dec6-d891-7ee6-e22e1cf34fad,fd40db72-259e-a2c9-ccee-db7522824e5b,e1982368-275b-97fc-4174-151084428a94,273e849a-dc05-a8c3-0281-c8a2e827318d,5cd8d703-abee-3948-b6a3-3b7f3232a166,bd155994-0316-6a21-8dae-5d670006ab46,2ff3093c-53e8-9814-d2a8-c58f6c866dbb"
"2026-05-23T18:11:56.000+0000",VISA,"VISA,MASTERCARD","1779559916.932",INFO,"INFO,ERROR,EXIT","09/27","01/27,02/27,03/27,04/27,05/27,06/27,07/27,08/27,09/27,10/27,11/27,12/27",932,1779559916,"fb061221-316e-c954-1422-57bb4f6b9a46","d24481dd-66b0-1408-8e57-e95689202eb9
ece1a9ae-ffd4-aa16-ba60-f4aaf994a432
f6669f7b-58ec-429f-30e4-b854d25735fa
6f77c1f5-b663-996c-c336-72c1d5493d4b
fb061221-316e-c954-1422-57bb4f6b9a46
a0bcc770-67eb-ddb1-2e42-b9b81a701feb
1933364a-bd6f-e0c0-752b-7c7f863d1df1
3f87d147-04c5-93fc-37f6-6343c972be35
6df3b9f5-dec6-d891-7ee6-e22e1cf34fad
fd40db72-259e-a2c9-ccee-db7522824e5b
e1982368-275b-97fc-4174-151084428a94
273e849a-dc05-a8c3-0281-c8a2e827318d
5cd8d703-abee-3948-b6a3-3b7f3232a166
bd155994-0316-6a21-8dae-5d670006ab46
2ff3093c-53e8-9814-d2a8-c58f6c866dbb","d24481dd-66b0-1408-8e57-e95689202eb9,ece1a9ae-ffd4-aa16-ba60-f4aaf994a432,f6669f7b-58ec-429f-30e4-b854d25735fa,6f77c1f5-b663-996c-c336-72c1d5493d4b,fb061221-316e-c954-1422-57bb4f6b9a46,a0bcc770-67eb-ddb1-2e42-b9b81a701feb,1933364a-bd6f-e0c0-752b-7c7f863d1df1,3f87d147-04c5-93fc-37f6-6343c972be35,6df3b9f5-dec6-d891-7ee6-e22e1cf34fad,fd40db72-259e-a2c9-ccee-db7522824e5b,e1982368-275b-97fc-4174-151084428a94,273e849a-dc05-a8c3-0281-c8a2e827318d,5cd8d703-abee-3948-b6a3-3b7f3232a166,bd155994-0316-6a21-8dae-5d670006ab46,2ff3093c-53e8-9814-d2a8-c58f6c866dbb"
"2026-05-22T15:44:04.000+0000",MASTERCARD,"VISA,MASTERCARD","1779464644.627",EXIT,"INFO,ERROR,EXIT","01/27","01/27,02/27,03/27,04/27,05/27,06/27,07/27,08/27,09/27,10/27,11/27,12/27",627,1779464644,"ece1a9ae-ffd4-aa16-ba60-f4aaf994a432","d24481dd-66b0-1408-8e57-e95689202eb9
ece1a9ae-ffd4-aa16-ba60-f4aaf994a432
f6669f7b-58ec-429f-30e4-b854d25735fa
6f77c1f5-b663-996c-c336-72c1d5493d4b
fb061221-316e-c954-1422-57bb4f6b9a46
a0bcc770-67eb-ddb1-2e42-b9b81a701feb
1933364a-bd6f-e0c0-752b-7c7f863d1df1
3f87d147-04c5-93fc-37f6-6343c972be35
6df3b9f5-dec6-d891-7ee6-e22e1cf34fad
fd40db72-259e-a2c9-ccee-db7522824e5b
e1982368-275b-97fc-4174-151084428a94
273e849a-dc05-a8c3-0281-c8a2e827318d
5cd8d703-abee-3948-b6a3-3b7f3232a166
bd155994-0316-6a21-8dae-5d670006ab46
2ff3093c-53e8-9814-d2a8-c58f6c866dbb","d24481dd-66b0-1408-8e57-e95689202eb9,ece1a9ae-ffd4-aa16-ba60-f4aaf994a432,f6669f7b-58ec-429f-30e4-b854d25735fa,6f77c1f5-b663-996c-c336-72c1d5493d4b,fb061221-316e-c954-1422-57bb4f6b9a46,a0bcc770-67eb-ddb1-2e42-b9b81a701feb,1933364a-bd6f-e0c0-752b-7c7f863d1df1,3f87d147-04c5-93fc-37f6-6343c972be35,6df3b9f5-dec6-d891-7ee6-e22e1cf34fad,fd40db72-259e-a2c9-ccee-db7522824e5b,e1982368-275b-97fc-4174-151084428a94,273e849a-dc05-a8c3-0281-c8a2e827318d,5cd8d703-abee-3948-b6a3-3b7f3232a166,bd155994-0316-6a21-8dae-5d670006ab46,2ff3093c-53e8-9814-d2a8-c58f6c866dbb"
"2026-05-24T04:37:46.000+0000",VISA,"VISA,MASTERCARD","1779597466.825",ERROR,"INFO,ERROR,EXIT","12/27","01/27,02/27,03/27,04/27,05/27,06/27,07/27,08/27,09/27,10/27,11/27,12/27",825,1779597466,"fd40db72-259e-a2c9-ccee-db7522824e5b","d24481dd-66b0-1408-8e57-e95689202eb9
ece1a9ae-ffd4-aa16-ba60-f4aaf994a432
f6669f7b-58ec-429f-30e4-b854d25735fa
6f77c1f5-b663-996c-c336-72c1d5493d4b
fb061221-316e-c954-1422-57bb4f6b9a46
a0bcc770-67eb-ddb1-2e42-b9b81a701feb
1933364a-bd6f-e0c0-752b-7c7f863d1df1
3f87d147-04c5-93fc-37f6-6343c972be35
6df3b9f5-dec6-d891-7ee6-e22e1cf34fad
fd40db72-259e-a2c9-ccee-db7522824e5b
e1982368-275b-97fc-4174-151084428a94
273e849a-dc05-a8c3-0281-c8a2e827318d
5cd8d703-abee-3948-b6a3-3b7f3232a166
bd155994-0316-6a21-8dae-5d670006ab46
2ff3093c-53e8-9814-d2a8-c58f6c866dbb","d24481dd-66b0-1408-8e57-e95689202eb9,ece1a9ae-ffd4-aa16-ba60-f4aaf994a432,f6669f7b-58ec-429f-30e4-b854d25735fa,6f77c1f5-b663-996c-c336-72c1d5493d4b,fb061221-316e-c954-1422-57bb4f6b9a46,a0bcc770-67eb-ddb1-2e42-b9b81a701feb,1933364a-bd6f-e0c0-752b-7c7f863d1df1,3f87d147-04c5-93fc-37f6-6343c972be35,6df3b9f5-dec6-d891-7ee6-e22e1cf34fad,fd40db72-259e-a2c9-ccee-db7522824e5b,e1982368-275b-97fc-4174-151084428a94,273e849a-dc05-a8c3-0281-c8a2e827318d,5cd8d703-abee-3948-b6a3-3b7f3232a166,bd155994-0316-6a21-8dae-5d670006ab46,2ff3093c-53e8-9814-d2a8-c58f6c866dbb"
"2026-05-19T18:16:00.000+0000",MASTERCARD,"VISA,MASTERCARD","1779214560.781",INFO,"INFO,ERROR,EXIT","06/27","01/27,02/27,03/27,04/27,05/27,06/27,07/27,08/27,09/27,10/27,11/27,12/27",781,1779214560,"5cd8d703-abee-3948-b6a3-3b7f3232a166","d24481dd-66b0-1408-8e57-e95689202eb9
ece1a9ae-ffd4-aa16-ba60-f4aaf994a432
f6669f7b-58ec-429f-30e4-b854d25735fa
6f77c1f5-b663-996c-c336-72c1d5493d4b
fb061221-316e-c954-1422-57bb4f6b9a46
a0bcc770-67eb-ddb1-2e42-b9b81a701feb
1933364a-bd6f-e0c0-752b-7c7f863d1df1
3f87d147-04c5-93fc-37f6-6343c972be35
6df3b9f5-dec6-d891-7ee6-e22e1cf34fad
fd40db72-259e-a2c9-ccee-db7522824e5b
e1982368-275b-97fc-4174-151084428a94
273e849a-dc05-a8c3-0281-c8a2e827318d
5cd8d703-abee-3948-b6a3-3b7f3232a166
bd155994-0316-6a21-8dae-5d670006ab46
2ff3093c-53e8-9814-d2a8-c58f6c866dbb","d24481dd-66b0-1408-8e57-e95689202eb9,ece1a9ae-ffd4-aa16-ba60-f4aaf994a432,f6669f7b-58ec-429f-30e4-b854d25735fa,6f77c1f5-b663-996c-c336-72c1d5493d4b,fb061221-316e-c954-1422-57bb4f6b9a46,a0bcc770-67eb-ddb1-2e42-b9b81a701feb,1933364a-bd6f-e0c0-752b-7c7f863d1df1,3f87d147-04c5-93fc-37f6-6343c972be35,6df3b9f5-dec6-d891-7ee6-e22e1cf34fad,fd40db72-259e-a2c9-ccee-db7522824e5b,e1982368-275b-97fc-4174-151084428a94,273e849a-dc05-a8c3-0281-c8a2e827318d,5cd8d703-abee-3948-b6a3-3b7f3232a166,bd155994-0316-6a21-8dae-5d670006ab46,2ff3093c-53e8-9814-d2a8-c58f6c866dbb"
"2026-05-24T08:50:52.000+0000",VISA,"VISA,MASTERCARD","1779612652.774",INFO,"INFO,ERROR,EXIT","04/27","01/27,02/27,03/27,04/27,05/27,06/27,07/27,08/27,09/27,10/27,11/27,12/27",774,1779612652,"1933364a-bd6f-e0c0-752b-7c7f863d1df1","d24481dd-66b0-1408-8e57-e95689202eb9
ece1a9ae-ffd4-aa16-ba60-f4aaf994a432
f6669f7b-58ec-429f-30e4-b854d25735fa
6f77c1f5-b663-996c-c336-72c1d5493d4b
fb061221-316e-c954-1422-57bb4f6b9a46
a0bcc770-67eb-ddb1-2e42-b9b81a701feb
1933364a-bd6f-e0c0-752b-7c7f863d1df1
3f87d147-04c5-93fc-37f6-6343c972be35
6df3b9f5-dec6-d891-7ee6-e22e1cf34fad
fd40db72-259e-a2c9-ccee-db7522824e5b
e1982368-275b-97fc-4174-151084428a94
273e849a-dc05-a8c3-0281-c8a2e827318d
5cd8d703-abee-3948-b6a3-3b7f3232a166
bd155994-0316-6a21-8dae-5d670006ab46
2ff3093c-53e8-9814-d2a8-c58f6c866dbb","d24481dd-66b0-1408-8e57-e95689202eb9,ece1a9ae-ffd4-aa16-ba60-f4aaf994a432,f6669f7b-58ec-429f-30e4-b854d25735fa,6f77c1f5-b663-996c-c336-72c1d5493d4b,fb061221-316e-c954-1422-57bb4f6b9a46,a0bcc770-67eb-ddb1-2e42-b9b81a701feb,1933364a-bd6f-e0c0-752b-7c7f863d1df1,3f87d147-04c5-93fc-37f6-6343c972be35,6df3b9f5-dec6-d891-7ee6-e22e1cf34fad,fd40db72-259e-a2c9-ccee-db7522824e5b,e1982368-275b-97fc-4174-151084428a94,273e849a-dc05-a8c3-0281-c8a2e827318d,5cd8d703-abee-3948-b6a3-3b7f3232a166,bd155994-0316-6a21-8dae-5d670006ab46,2ff3093c-53e8-9814-d2a8-c58f6c866dbb"
"2026-05-20T08:48:33.000+0000",MASTERCARD,"VISA,MASTERCARD","1779266914.073",INFO,"INFO,ERROR,EXIT","03/27","01/27,02/27,03/27,04/27,05/27,06/27,07/27,08/27,09/27,10/27,11/27,12/27",1073,1779266913,"ece1a9ae-ffd4-aa16-ba60-f4aaf994a432","d24481dd-66b0-1408-8e57-e95689202eb9
ece1a9ae-ffd4-aa16-ba60-f4aaf994a432
f6669f7b-58ec-429f-30e4-b854d25735fa
6f77c1f5-b663-996c-c336-72c1d5493d4b
fb061221-316e-c954-1422-57bb4f6b9a46
a0bcc770-67eb-ddb1-2e42-b9b81a701feb
1933364a-bd6f-e0c0-752b-7c7f863d1df1
3f87d147-04c5-93fc-37f6-6343c972be35
6df3b9f5-dec6-d891-7ee6-e22e1cf34fad
fd40db72-259e-a2c9-ccee-db7522824e5b
e1982368-275b-97fc-4174-151084428a94
273e849a-dc05-a8c3-0281-c8a2e827318d
5cd8d703-abee-3948-b6a3-3b7f3232a166
bd155994-0316-6a21-8dae-5d670006ab46
2ff3093c-53e8-9814-d2a8-c58f6c866dbb","d24481dd-66b0-1408-8e57-e95689202eb9,ece1a9ae-ffd4-aa16-ba60-f4aaf994a432,f6669f7b-58ec-429f-30e4-b854d25735fa,6f77c1f5-b663-996c-c336-72c1d5493d4b,fb061221-316e-c954-1422-57bb4f6b9a46,a0bcc770-67eb-ddb1-2e42-b9b81a701feb,1933364a-bd6f-e0c0-752b-7c7f863d1df1,3f87d147-04c5-93fc-37f6-6343c972be35,6df3b9f5-dec6-d891-7ee6-e22e1cf34fad,fd40db72-259e-a2c9-ccee-db7522824e5b,e1982368-275b-97fc-4174-151084428a94,273e849a-dc05-a8c3-0281-c8a2e827318d,5cd8d703-abee-3948-b6a3-3b7f3232a166,bd155994-0316-6a21-8dae-5d670006ab46,2ff3093c-53e8-9814-d2a8-c58f6c866dbb"
"2026-05-22T03:03:35.000+0000",MASTERCARD,"VISA,MASTERCARD","1779419016.207",INFO,"INFO,ERROR,EXIT","03/27","01/27,02/27,03/27,04/27,05/27,06/27,07/27,08/27,09/27,10/27,11/27,12/27",1207,1779419015,"5cd8d703-abee-3948-b6a3-3b7f3232a166","d24481dd-66b0-1408-8e57-e95689202eb9
ece1a9ae-ffd4-aa16-ba60-f4aaf994a432
f6669f7b-58ec-429f-30e4-b854d25735fa
6f77c1f5-b663-996c-c336-72c1d5493d4b
fb061221-316e-c954-1422-57bb4f6b9a46
a0bcc770-67eb-ddb1-2e42-b9b81a701feb
1933364a-bd6f-e0c0-752b-7c7f863d1df1
3f87d147-04c5-93fc-37f6-6343c972be35
6df3b9f5-dec6-d891-7ee6-e22e1cf34fad
fd40db72-259e-a2c9-ccee-db7522824e5b
e1982368-275b-97fc-4174-151084428a94
273e849a-dc05-a8c3-0281-c8a2e827318d
5cd8d703-abee-3948-b6a3-3b7f3232a166
bd155994-0316-6a21-8dae-5d670006ab46
2ff3093c-53e8-9814-d2a8-c58f6c866dbb","d24481dd-66b0-1408-8e57-e95689202eb9,ece1a9ae-ffd4-aa16-ba60-f4aaf994a432,f6669f7b-58ec-429f-30e4-b854d25735fa,6f77c1f5-b663-996c-c336-72c1d5493d4b,fb061221-316e-c954-1422-57bb4f6b9a46,a0bcc770-67eb-ddb1-2e42-b9b81a701feb,1933364a-bd6f-e0c0-752b-7c7f863d1df1,3f87d147-04c5-93fc-37f6-6343c972be35,6df3b9f5-dec6-d891-7ee6-e22e1cf34fad,fd40db72-259e-a2c9-ccee-db7522824e5b,e1982368-275b-97fc-4174-151084428a94,273e849a-dc05-a8c3-0281-c8a2e827318d,5cd8d703-abee-3948-b6a3-3b7f3232a166,bd155994-0316-6a21-8dae-5d670006ab46,2ff3093c-53e8-9814-d2a8-c58f6c866dbb"
"2026-05-19T14:10:52.000+0000",MASTERCARD,"VISA,MASTERCARD","1779199853.041",INFO,"INFO,ERROR,EXIT","02/27","01/27,02/27,03/27,04/27,05/27,06/27,07/27,08/27,09/27,10/27,11/27,12/27",1041,1779199852,"273e849a-dc05-a8c3-0281-c8a2e827318d","d24481dd-66b0-1408-8e57-e95689202eb9
ece1a9ae-ffd4-aa16-ba60-f4aaf994a432
f6669f7b-58ec-429f-30e4-b854d25735fa
6f77c1f5-b663-996c-c336-72c1d5493d4b
fb061221-316e-c954-1422-57bb4f6b9a46
a0bcc770-67eb-ddb1-2e42-b9b81a701feb
1933364a-bd6f-e0c0-752b-7c7f863d1df1
3f87d147-04c5-93fc-37f6-6343c972be35
6df3b9f5-dec6-d891-7ee6-e22e1cf34fad
fd40db72-259e-a2c9-ccee-db7522824e5b
e1982368-275b-97fc-4174-151084428a94
273e849a-dc05-a8c3-0281-c8a2e827318d
5cd8d703-abee-3948-b6a3-3b7f3232a166
bd155994-0316-6a21-8dae-5d670006ab46
2ff3093c-53e8-9814-d2a8-c58f6c866dbb","d24481dd-66b0-1408-8e57-e95689202eb9,ece1a9ae-ffd4-aa16-ba60-f4aaf994a432,f6669f7b-58ec-429f-30e4-b854d25735fa,6f77c1f5-b663-996c-c336-72c1d5493d4b,fb061221-316e-c954-1422-57bb4f6b9a46,a0bcc770-67eb-ddb1-2e42-b9b81a701feb,1933364a-bd6f-e0c0-752b-7c7f863d1df1,3f87d147-04c5-93fc-37f6-6343c972be35,6df3b9f5-dec6-d891-7ee6-e22e1cf34fad,fd40db72-259e-a2c9-ccee-db7522824e5b,e1982368-275b-97fc-4174-151084428a94,273e849a-dc05-a8c3-0281-c8a2e827318d,5cd8d703-abee-3948-b6a3-3b7f3232a166,bd155994-0316-6a21-8dae-5d670006ab46,2ff3093c-53e8-9814-d2a8-c58f6c866dbb"
"2026-05-20T13:55:42.000+0000",VISA,"VISA,MASTERCARD","1779285342.07",ERROR,"INFO,ERROR,EXIT","03/27","01/27,02/27,03/27,04/27,05/27,06/27,07/27,08/27,09/27,10/27,11/27,12/27",70,1779285342,"3f87d147-04c5-93fc-37f6-6343c972be35","d24481dd-66b0-1408-8e57-e95689202eb9
ece1a9ae-ffd4-aa16-ba60-f4aaf994a432
f6669f7b-58ec-429f-30e4-b854d25735fa
6f77c1f5-b663-996c-c336-72c1d5493d4b
fb061221-316e-c954-1422-57bb4f6b9a46
a0bcc770-67eb-ddb1-2e42-b9b81a701feb
1933364a-bd6f-e0c0-752b-7c7f863d1df1
3f87d147-04c5-93fc-37f6-6343c972be35
6df3b9f5-dec6-d891-7ee6-e22e1cf34fad
fd40db72-259e-a2c9-ccee-db7522824e5b
e1982368-275b-97fc-4174-151084428a94
273e849a-dc05-a8c3-0281-c8a2e827318d
5cd8d703-abee-3948-b6a3-3b7f3232a166
bd155994-0316-6a21-8dae-5d670006ab46
2ff3093c-53e8-9814-d2a8-c58f6c866dbb","d24481dd-66b0-1408-8e57-e95689202eb9,ece1a9ae-ffd4-aa16-ba60-f4aaf994a432,f6669f7b-58ec-429f-30e4-b854d25735fa,6f77c1f5-b663-996c-c336-72c1d5493d4b,fb061221-316e-c954-1422-57bb4f6b9a46,a0bcc770-67eb-ddb1-2e42-b9b81a701feb,1933364a-bd6f-e0c0-752b-7c7f863d1df1,3f87d147-04c5-93fc-37f6-6343c972be35,6df3b9f5-dec6-d891-7ee6-e22e1cf34fad,fd40db72-259e-a2c9-ccee-db7522824e5b,e1982368-275b-97fc-4174-151084428a94,273e849a-dc05-a8c3-0281-c8a2e827318d,5cd8d703-abee-3948-b6a3-3b7f3232a166,bd155994-0316-6a21-8dae-5d670006ab46,2ff3093c-53e8-9814-d2a8-c58f6c866dbb"
"2026-05-23T18:10:55.000+0000",MASTERCARD,"VISA,MASTERCARD","1779559855.122",EXIT,"INFO,ERROR,EXIT","10/27","01/27,02/27,03/27,04/27,05/27,06/27,07/27,08/27,09/27,10/27,11/27,12/27",122,1779559855,"ece1a9ae-ffd4-aa16-ba60-f4aaf994a432","d24481dd-66b0-1408-8e57-e95689202eb9
ece1a9ae-ffd4-aa16-ba60-f4aaf994a432
f6669f7b-58ec-429f-30e4-b854d25735fa
6f77c1f5-b663-996c-c336-72c1d5493d4b
fb061221-316e-c954-1422-57bb4f6b9a46
a0bcc770-67eb-ddb1-2e42-b9b81a701feb
1933364a-bd6f-e0c0-752b-7c7f863d1df1
3f87d147-04c5-93fc-37f6-6343c972be35
6df3b9f5-dec6-d891-7ee6-e22e1cf34fad
fd40db72-259e-a2c9-ccee-db7522824e5b
e1982368-275b-97fc-4174-151084428a94
273e849a-dc05-a8c3-0281-c8a2e827318d
5cd8d703-abee-3948-b6a3-3b7f3232a166
bd155994-0316-6a21-8dae-5d670006ab46
2ff3093c-53e8-9814-d2a8-c58f6c866dbb","d24481dd-66b0-1408-8e57-e95689202eb9,ece1a9ae-ffd4-aa16-ba60-f4aaf994a432,f6669f7b-58ec-429f-30e4-b854d25735fa,6f77c1f5-b663-996c-c336-72c1d5493d4b,fb061221-316e-c954-1422-57bb4f6b9a46,a0bcc770-67eb-ddb1-2e42-b9b81a701feb,1933364a-bd6f-e0c0-752b-7c7f863d1df1,3f87d147-04c5-93fc-37f6-6343c972be35,6df3b9f5-dec6-d891-7ee6-e22e1cf34fad,fd40db72-259e-a2c9-ccee-db7522824e5b,e1982368-275b-97fc-4174-151084428a94,273e849a-dc05-a8c3-0281-c8a2e827318d,5cd8d703-abee-3948-b6a3-3b7f3232a166,bd155994-0316-6a21-8dae-5d670006ab46,2ff3093c-53e8-9814-d2a8-c58f6c866dbb"
"2026-05-22T22:09:54.000+0000",MASTERCARD,"VISA,MASTERCARD","1779487795.515",EXIT,"INFO,ERROR,EXIT","07/27","01/27,02/27,03/27,04/27,05/27,06/27,07/27,08/27,09/27,10/27,11/27,12/27",1515,1779487794,"e1982368-275b-97fc-4174-151084428a94","d24481dd-66b0-1408-8e57-e95689202eb9
ece1a9ae-ffd4-aa16-ba60-f4aaf994a432
f6669f7b-58ec-429f-30e4-b854d25735fa
6f77c1f5-b663-996c-c336-72c1d5493d4b
fb061221-316e-c954-1422-57bb4f6b9a46
a0bcc770-67eb-ddb1-2e42-b9b81a701feb
1933364a-bd6f-e0c0-752b-7c7f863d1df1
3f87d147-04c5-93fc-37f6-6343c972be35
6df3b9f5-dec6-d891-7ee6-e22e1cf34fad
fd40db72-259e-a2c9-ccee-db7522824e5b
e1982368-275b-97fc-4174-151084428a94
273e849a-dc05-a8c3-0281-c8a2e827318d
5cd8d703-abee-3948-b6a3-3b7f3232a166
bd155994-0316-6a21-8dae-5d670006ab46
2ff3093c-53e8-9814-d2a8-c58f6c866dbb","d24481dd-66b0-1408-8e57-e95689202eb9,ece1a9ae-ffd4-aa16-ba60-f4aaf994a432,f6669f7b-58ec-429f-30e4-b854d25735fa,6f77c1f5-b663-996c-c336-72c1d5493d4b,fb061221-316e-c954-1422-57bb4f6b9a46,a0bcc770-67eb-ddb1-2e42-b9b81a701feb,1933364a-bd6f-e0c0-752b-7c7f863d1df1,3f87d147-04c5-93fc-37f6-6343c972be35,6df3b9f5-dec6-d891-7ee6-e22e1cf34fad,fd40db72-259e-a2c9-ccee-db7522824e5b,e1982368-275b-97fc-4174-151084428a94,273e849a-dc05-a8c3-0281-c8a2e827318d,5cd8d703-abee-3948-b6a3-3b7f3232a166,bd155994-0316-6a21-8dae-5d670006ab46,2ff3093c-53e8-9814-d2a8-c58f6c866dbb"
"2026-05-20T20:43:08.000+0000",VISA,"VISA,MASTERCARD","1779309789.436",INFO,"INFO,ERROR,EXIT","12/27","01/27,02/27,03/27,04/27,05/27,06/27,07/27,08/27,09/27,10/27,11/27,12/27",1436,1779309788,"6f77c1f5-b663-996c-c336-72c1d5493d4b","d24481dd-66b0-1408-8e57-e95689202eb9
ece1a9ae-ffd4-aa16-ba60-f4aaf994a432
f6669f7b-58ec-429f-30e4-b854d25735fa
6f77c1f5-b663-996c-c336-72c1d5493d4b
fb061221-316e-c954-1422-57bb4f6b9a46
a0bcc770-67eb-ddb1-2e42-b9b81a701feb
1933364a-bd6f-e0c0-752b-7c7f863d1df1
3f87d147-04c5-93fc-37f6-6343c972be35
6df3b9f5-dec6-d891-7ee6-e22e1cf34fad
fd40db72-259e-a2c9-ccee-db7522824e5b
e1982368-275b-97fc-4174-151084428a94
273e849a-dc05-a8c3-0281-c8a2e827318d
5cd8d703-abee-3948-b6a3-3b7f3232a166
bd155994-0316-6a21-8dae-5d670006ab46
2ff3093c-53e8-9814-d2a8-c58f6c866dbb","d24481dd-66b0-1408-8e57-e95689202eb9,ece1a9ae-ffd4-aa16-ba60-f4aaf994a432,f6669f7b-58ec-429f-30e4-b854d25735fa,6f77c1f5-b663-996c-c336-72c1d5493d4b,fb061221-316e-c954-1422-57bb4f6b9a46,a0bcc770-67eb-ddb1-2e42-b9b81a701feb,1933364a-bd6f-e0c0-752b-7c7f863d1df1,3f87d147-04c5-93fc-37f6-6343c972be35,6df3b9f5-dec6-d891-7ee6-e22e1cf34fad,fd40db72-259e-a2c9-ccee-db7522824e5b,e1982368-275b-97fc-4174-151084428a94,273e849a-dc05-a8c3-0281-c8a2e827318d,5cd8d703-abee-3948-b6a3-3b7f3232a166,bd155994-0316-6a21-8dae-5d670006ab46,2ff3093c-53e8-9814-d2a8-c58f6c866dbb"
"2026-05-25T23:24:32.000+0000",VISA,"VISA,MASTERCARD","1779751473.033",INFO,"INFO,ERROR,EXIT","04/27","01/27,02/27,03/27,04/27,05/27,06/27,07/27,08/27,09/27,10/27,11/27,12/27",1033,1779751472,"1933364a-bd6f-e0c0-752b-7c7f863d1df1","d24481dd-66b0-1408-8e57-e95689202eb9
ece1a9ae-ffd4-aa16-ba60-f4aaf994a432
f6669f7b-58ec-429f-30e4-b854d25735fa
6f77c1f5-b663-996c-c336-72c1d5493d4b
fb061221-316e-c954-1422-57bb4f6b9a46
a0bcc770-67eb-ddb1-2e42-b9b81a701feb
1933364a-bd6f-e0c0-752b-7c7f863d1df1
3f87d147-04c5-93fc-37f6-6343c972be35
6df3b9f5-dec6-d891-7ee6-e22e1cf34fad
fd40db72-259e-a2c9-ccee-db7522824e5b
e1982368-275b-97fc-4174-151084428a94
273e849a-dc05-a8c3-0281-c8a2e827318d
5cd8d703-abee-3948-b6a3-3b7f3232a166
bd155994-0316-6a21-8dae-5d670006ab46
2ff3093c-53e8-9814-d2a8-c58f6c866dbb","d24481dd-66b0-1408-8e57-e95689202eb9,ece1a9ae-ffd4-aa16-ba60-f4aaf994a432,f6669f7b-58ec-429f-30e4-b854d25735fa,6f77c1f5-b663-996c-c336-72c1d5493d4b,fb061221-316e-c954-1422-57bb4f6b9a46,a0bcc770-67eb-ddb1-2e42-b9b81a701feb,1933364a-bd6f-e0c0-752b-7c7f863d1df1,3f87d147-04c5-93fc-37f6-6343c972be35,6df3b9f5-dec6-d891-7ee6-e22e1cf34fad,fd40db72-259e-a2c9-ccee-db7522824e5b,e1982368-275b-97fc-4174-151084428a94,273e849a-dc05-a8c3-0281-c8a2e827318d,5cd8d703-abee-3948-b6a3-3b7f3232a166,bd155994-0316-6a21-8dae-5d670006ab46,2ff3093c-53e8-9814-d2a8-c58f6c866dbb"
"2026-05-25T02:11:12.000+0000",MASTERCARD,"VISA,MASTERCARD","1779675072.444",EXIT,"INFO,ERROR,EXIT","04/27","01/27,02/27,03/27,04/27,05/27,06/27,07/27,08/27,09/27,10/27,11/27,12/27",444,1779675072,"ece1a9ae-ffd4-aa16-ba60-f4aaf994a432","d24481dd-66b0-1408-8e57-e95689202eb9
ece1a9ae-ffd4-aa16-ba60-f4aaf994a432
f6669f7b-58ec-429f-30e4-b854d25735fa
6f77c1f5-b663-996c-c336-72c1d5493d4b
fb061221-316e-c954-1422-57bb4f6b9a46
a0bcc770-67eb-ddb1-2e42-b9b81a701feb
1933364a-bd6f-e0c0-752b-7c7f863d1df1
3f87d147-04c5-93fc-37f6-6343c972be35
6df3b9f5-dec6-d891-7ee6-e22e1cf34fad
fd40db72-259e-a2c9-ccee-db7522824e5b
e1982368-275b-97fc-4174-151084428a94
273e849a-dc05-a8c3-0281-c8a2e827318d
5cd8d703-abee-3948-b6a3-3b7f3232a166
bd155994-0316-6a21-8dae-5d670006ab46
2ff3093c-53e8-9814-d2a8-c58f6c866dbb","d24481dd-66b0-1408-8e57-e95689202eb9,ece1a9ae-ffd4-aa16-ba60-f4aaf994a432,f6669f7b-58ec-429f-30e4-b854d25735fa,6f77c1f5-b663-996c-c336-72c1d5493d4b,fb061221-316e-c954-1422-57bb4f6b9a46,a0bcc770-67eb-ddb1-2e42-b9b81a701feb,1933364a-bd6f-e0c0-752b-7c7f863d1df1,3f87d147-04c5-93fc-37f6-6343c972be35,6df3b9f5-dec6-d891-7ee6-e22e1cf34fad,fd40db72-259e-a2c9-ccee-db7522824e5b,e1982368-275b-97fc-4174-151084428a94,273e849a-dc05-a8c3-0281-c8a2e827318d,5cd8d703-abee-3948-b6a3-3b7f3232a166,bd155994-0316-6a21-8dae-5d670006ab46,2ff3093c-53e8-9814-d2a8-c58f6c866dbb"
"2026-05-24T15:15:15.000+0000",VISA,"VISA,MASTERCARD","1779635715.35",EXIT,"INFO,ERROR,EXIT","04/27","01/27,02/27,03/27,04/27,05/27,06/27,07/27,08/27,09/27,10/27,11/27,12/27",350,1779635715,"2ff3093c-53e8-9814-d2a8-c58f6c866dbb","d24481dd-66b0-1408-8e57-e95689202eb9
ece1a9ae-ffd4-aa16-ba60-f4aaf994a432
f6669f7b-58ec-429f-30e4-b854d25735fa
6f77c1f5-b663-996c-c336-72c1d5493d4b
fb061221-316e-c954-1422-57bb4f6b9a46
a0bcc770-67eb-ddb1-2e42-b9b81a701feb
1933364a-bd6f-e0c0-752b-7c7f863d1df1
3f87d147-04c5-93fc-37f6-6343c972be35
6df3b9f5-dec6-d891-7ee6-e22e1cf34fad
fd40db72-259e-a2c9-ccee-db7522824e5b
e1982368-275b-97fc-4174-151084428a94
273e849a-dc05-a8c3-0281-c8a2e827318d
5cd8d703-abee-3948-b6a3-3b7f3232a166
bd155994-0316-6a21-8dae-5d670006ab46
2ff3093c-53e8-9814-d2a8-c58f6c866dbb","d24481dd-66b0-1408-8e57-e95689202eb9,ece1a9ae-ffd4-aa16-ba60-f4aaf994a432,f6669f7b-58ec-429f-30e4-b854d25735fa,6f77c1f5-b663-996c-c336-72c1d5493d4b,fb061221-316e-c954-1422-57bb4f6b9a46,a0bcc770-67eb-ddb1-2e42-b9b81a701feb,1933364a-bd6f-e0c0-752b-7c7f863d1df1,3f87d147-04c5-93fc-37f6-6343c972be35,6df3b9f5-dec6-d891-7ee6-e22e1cf34fad,fd40db72-259e-a2c9-ccee-db7522824e5b,e1982368-275b-97fc-4174-151084428a94,273e849a-dc05-a8c3-0281-c8a2e827318d,5cd8d703-abee-3948-b6a3-3b7f3232a166,bd155994-0316-6a21-8dae-5d670006ab46,2ff3093c-53e8-9814-d2a8-c58f6c866dbb"
"2026-05-20T03:29:37.000+0000",VISA,"VISA,MASTERCARD","1779247778.223",EXIT,"INFO,ERROR,EXIT","06/27","01/27,02/27,03/27,04/27,05/27,06/27,07/27,08/27,09/27,10/27,11/27,12/27",1223,1779247777,"3f87d147-04c5-93fc-37f6-6343c972be35","d24481dd-66b0-1408-8e57-e95689202eb9
ece1a9ae-ffd4-aa16-ba60-f4aaf994a432
f6669f7b-58ec-429f-30e4-b854d25735fa
6f77c1f5-b663-996c-c336-72c1d5493d4b
fb061221-316e-c954-1422-57bb4f6b9a46
a0bcc770-67eb-ddb1-2e42-b9b81a701feb
1933364a-bd6f-e0c0-752b-7c7f863d1df1
3f87d147-04c5-93fc-37f6-6343c972be35
6df3b9f5-dec6-d891-7ee6-e22e1cf34fad
fd40db72-259e-a2c9-ccee-db7522824e5b
e1982368-275b-97fc-4174-151084428a94
273e849a-dc05-a8c3-0281-c8a2e827318d
5cd8d703-abee-3948-b6a3-3b7f3232a166
bd155994-0316-6a21-8dae-5d670006ab46
2ff3093c-53e8-9814-d2a8-c58f6c866dbb","d24481dd-66b0-1408-8e57-e95689202eb9,ece1a9ae-ffd4-aa16-ba60-f4aaf994a432,f6669f7b-58ec-429f-30e4-b854d25735fa,6f77c1f5-b663-996c-c336-72c1d5493d4b,fb061221-316e-c954-1422-57bb4f6b9a46,a0bcc770-67eb-ddb1-2e42-b9b81a701feb,1933364a-bd6f-e0c0-752b-7c7f863d1df1,3f87d147-04c5-93fc-37f6-6343c972be35,6df3b9f5-dec6-d891-7ee6-e22e1cf34fad,fd40db72-259e-a2c9-ccee-db7522824e5b,e1982368-275b-97fc-4174-151084428a94,273e849a-dc05-a8c3-0281-c8a2e827318d,5cd8d703-abee-3948-b6a3-3b7f3232a166,bd155994-0316-6a21-8dae-5d670006ab46,2ff3093c-53e8-9814-d2a8-c58f6c866dbb"
"2026-05-20T12:04:08.000+0000",VISA,"VISA,MASTERCARD","1779278648.691",ERROR,"INFO,ERROR,EXIT","07/27","01/27,02/27,03/27,04/27,05/27,06/27,07/27,08/27,09/27,10/27,11/27,12/27",691,1779278648,"2ff3093c-53e8-9814-d2a8-c58f6c866dbb","d24481dd-66b0-1408-8e57-e95689202eb9
ece1a9ae-ffd4-aa16-ba60-f4aaf994a432
f6669f7b-58ec-429f-30e4-b854d25735fa
6f77c1f5-b663-996c-c336-72c1d5493d4b
fb061221-316e-c954-1422-57bb4f6b9a46
a0bcc770-67eb-ddb1-2e42-b9b81a701feb
1933364a-bd6f-e0c0-752b-7c7f863d1df1
3f87d147-04c5-93fc-37f6-6343c972be35
6df3b9f5-dec6-d891-7ee6-e22e1cf34fad
fd40db72-259e-a2c9-ccee-db7522824e5b
e1982368-275b-97fc-4174-151084428a94
273e849a-dc05-a8c3-0281-c8a2e827318d
5cd8d703-abee-3948-b6a3-3b7f3232a166
bd155994-0316-6a21-8dae-5d670006ab46
2ff3093c-53e8-9814-d2a8-c58f6c866dbb","d24481dd-66b0-1408-8e57-e95689202eb9,ece1a9ae-ffd4-aa16-ba60-f4aaf994a432,f6669f7b-58ec-429f-30e4-b854d25735fa,6f77c1f5-b663-996c-c336-72c1d5493d4b,fb061221-316e-c954-1422-57bb4f6b9a46,a0bcc770-67eb-ddb1-2e42-b9b81a701feb,1933364a-bd6f-e0c0-752b-7c7f863d1df1,3f87d147-04c5-93fc-37f6-6343c972be35,6df3b9f5-dec6-d891-7ee6-e22e1cf34fad,fd40db72-259e-a2c9-ccee-db7522824e5b,e1982368-275b-97fc-4174-151084428a94,273e849a-dc05-a8c3-0281-c8a2e827318d,5cd8d703-abee-3948-b6a3-3b7f3232a166,bd155994-0316-6a21-8dae-5d670006ab46,2ff3093c-53e8-9814-d2a8-c58f6c866dbb"
"2026-05-19T18:30:20.000+0000",VISA,"VISA,MASTERCARD","1779215421.538",ERROR,"INFO,ERROR,EXIT","12/27","01/27,02/27,03/27,04/27,05/27,06/27,07/27,08/27,09/27,10/27,11/27,12/27",1538,1779215420,"273e849a-dc05-a8c3-0281-c8a2e827318d","d24481dd-66b0-1408-8e57-e95689202eb9
ece1a9ae-ffd4-aa16-ba60-f4aaf994a432
f6669f7b-58ec-429f-30e4-b854d25735fa
6f77c1f5-b663-996c-c336-72c1d5493d4b
fb061221-316e-c954-1422-57bb4f6b9a46
a0bcc770-67eb-ddb1-2e42-b9b81a701feb
1933364a-bd6f-e0c0-752b-7c7f863d1df1
3f87d147-04c5-93fc-37f6-6343c972be35
6df3b9f5-dec6-d891-7ee6-e22e1cf34fad
fd40db72-259e-a2c9-ccee-db7522824e5b
e1982368-275b-97fc-4174-151084428a94
273e849a-dc05-a8c3-0281-c8a2e827318d
5cd8d703-abee-3948-b6a3-3b7f3232a166
bd155994-0316-6a21-8dae-5d670006ab46
2ff3093c-53e8-9814-d2a8-c58f6c866dbb","d24481dd-66b0-1408-8e57-e95689202eb9,ece1a9ae-ffd4-aa16-ba60-f4aaf994a432,f6669f7b-58ec-429f-30e4-b854d25735fa,6f77c1f5-b663-996c-c336-72c1d5493d4b,fb061221-316e-c954-1422-57bb4f6b9a46,a0bcc770-67eb-ddb1-2e42-b9b81a701feb,1933364a-bd6f-e0c0-752b-7c7f863d1df1,3f87d147-04c5-93fc-37f6-6343c972be35,6df3b9f5-dec6-d891-7ee6-e22e1cf34fad,fd40db72-259e-a2c9-ccee-db7522824e5b,e1982368-275b-97fc-4174-151084428a94,273e849a-dc05-a8c3-0281-c8a2e827318d,5cd8d703-abee-3948-b6a3-3b7f3232a166,bd155994-0316-6a21-8dae-5d670006ab46,2ff3093c-53e8-9814-d2a8-c58f6c866dbb"
"2026-05-21T23:46:51.000+0000",VISA,"VISA,MASTERCARD","1779407211.431",EXIT,"INFO,ERROR,EXIT","12/27","01/27,02/27,03/27,04/27,05/27,06/27,07/27,08/27,09/27,10/27,11/27,12/27",431,1779407211,"e1982368-275b-97fc-4174-151084428a94","d24481dd-66b0-1408-8e57-e95689202eb9
ece1a9ae-ffd4-aa16-ba60-f4aaf994a432
f6669f7b-58ec-429f-30e4-b854d25735fa
6f77c1f5-b663-996c-c336-72c1d5493d4b
fb061221-316e-c954-1422-57bb4f6b9a46
a0bcc770-67eb-ddb1-2e42-b9b81a701feb
1933364a-bd6f-e0c0-752b-7c7f863d1df1
3f87d147-04c5-93fc-37f6-6343c972be35
6df3b9f5-dec6-d891-7ee6-e22e1cf34fad
fd40db72-259e-a2c9-ccee-db7522824e5b
e1982368-275b-97fc-4174-151084428a94
273e849a-dc05-a8c3-0281-c8a2e827318d
5cd8d703-abee-3948-b6a3-3b7f3232a166
bd155994-0316-6a21-8dae-5d670006ab46
2ff3093c-53e8-9814-d2a8-c58f6c866dbb","d24481dd-66b0-1408-8e57-e95689202eb9,ece1a9ae-ffd4-aa16-ba60-f4aaf994a432,f6669f7b-58ec-429f-30e4-b854d25735fa,6f77c1f5-b663-996c-c336-72c1d5493d4b,fb061221-316e-c954-1422-57bb4f6b9a46,a0bcc770-67eb-ddb1-2e42-b9b81a701feb,1933364a-bd6f-e0c0-752b-7c7f863d1df1,3f87d147-04c5-93fc-37f6-6343c972be35,6df3b9f5-dec6-d891-7ee6-e22e1cf34fad,fd40db72-259e-a2c9-ccee-db7522824e5b,e1982368-275b-97fc-4174-151084428a94,273e849a-dc05-a8c3-0281-c8a2e827318d,5cd8d703-abee-3948-b6a3-3b7f3232a166,bd155994-0316-6a21-8dae-5d670006ab46,2ff3093c-53e8-9814-d2a8-c58f6c866dbb"
"2026-05-19T19:44:10.000+0000",MASTERCARD,"VISA,MASTERCARD","1779219850.646",EXIT,"INFO,ERROR,EXIT","09/27","01/27,02/27,03/27,04/27,05/27,06/27,07/27,08/27,09/27,10/27,11/27,12/27",646,1779219850,"d24481dd-66b0-1408-8e57-e95689202eb9","d24481dd-66b0-1408-8e57-e95689202eb9
ece1a9ae-ffd4-aa16-ba60-f4aaf994a432
f6669f7b-58ec-429f-30e4-b854d25735fa
6f77c1f5-b663-996c-c336-72c1d5493d4b
fb061221-316e-c954-1422-57bb4f6b9a46
a0bcc770-67eb-ddb1-2e42-b9b81a701feb
1933364a-bd6f-e0c0-752b-7c7f863d1df1
3f87d147-04c5-93fc-37f6-6343c972be35
6df3b9f5-dec6-d891-7ee6-e22e1cf34fad
fd40db72-259e-a2c9-ccee-db7522824e5b
e1982368-275b-97fc-4174-151084428a94
273e849a-dc05-a8c3-0281-c8a2e827318d
5cd8d703-abee-3948-b6a3-3b7f3232a166
bd155994-0316-6a21-8dae-5d670006ab46
2ff3093c-53e8-9814-d2a8-c58f6c866dbb","d24481dd-66b0-1408-8e57-e95689202eb9,ece1a9ae-ffd4-aa16-ba60-f4aaf994a432,f6669f7b-58ec-429f-30e4-b854d25735fa,6f77c1f5-b663-996c-c336-72c1d5493d4b,fb061221-316e-c954-1422-57bb4f6b9a46,a0bcc770-67eb-ddb1-2e42-b9b81a701feb,1933364a-bd6f-e0c0-752b-7c7f863d1df1,3f87d147-04c5-93fc-37f6-6343c972be35,6df3b9f5-dec6-d891-7ee6-e22e1cf34fad,fd40db72-259e-a2c9-ccee-db7522824e5b,e1982368-275b-97fc-4174-151084428a94,273e849a-dc05-a8c3-0281-c8a2e827318d,5cd8d703-abee-3948-b6a3-3b7f3232a166,bd155994-0316-6a21-8dae-5d670006ab46,2ff3093c-53e8-9814-d2a8-c58f6c866dbb"
"2026-05-25T17:29:01.000+0000",VISA,"VISA,MASTERCARD","1779730141.296",EXIT,"INFO,ERROR,EXIT","04/27","01/27,02/27,03/27,04/27,05/27,06/27,07/27,08/27,09/27,10/27,11/27,12/27",296,1779730141,"f6669f7b-58ec-429f-30e4-b854d25735fa","d24481dd-66b0-1408-8e57-e95689202eb9
ece1a9ae-ffd4-aa16-ba60-f4aaf994a432
f6669f7b-58ec-429f-30e4-b854d25735fa
6f77c1f5-b663-996c-c336-72c1d5493d4b
fb061221-316e-c954-1422-57bb4f6b9a46
a0bcc770-67eb-ddb1-2e42-b9b81a701feb
1933364a-bd6f-e0c0-752b-7c7f863d1df1
3f87d147-04c5-93fc-37f6-6343c972be35
6df3b9f5-dec6-d891-7ee6-e22e1cf34fad
fd40db72-259e-a2c9-ccee-db7522824e5b
e1982368-275b-97fc-4174-151084428a94
273e849a-dc05-a8c3-0281-c8a2e827318d
5cd8d703-abee-3948-b6a3-3b7f3232a166
bd155994-0316-6a21-8dae-5d670006ab46
2ff3093c-53e8-9814-d2a8-c58f6c866dbb","d24481dd-66b0-1408-8e57-e95689202eb9,ece1a9ae-ffd4-aa16-ba60-f4aaf994a432,f6669f7b-58ec-429f-30e4-b854d25735fa,6f77c1f5-b663-996c-c336-72c1d5493d4b,fb061221-316e-c954-1422-57bb4f6b9a46,a0bcc770-67eb-ddb1-2e42-b9b81a701feb,1933364a-bd6f-e0c0-752b-7c7f863d1df1,3f87d147-04c5-93fc-37f6-6343c972be35,6df3b9f5-dec6-d891-7ee6-e22e1cf34fad,fd40db72-259e-a2c9-ccee-db7522824e5b,e1982368-275b-97fc-4174-151084428a94,273e849a-dc05-a8c3-0281-c8a2e827318d,5cd8d703-abee-3948-b6a3-3b7f3232a166,bd155994-0316-6a21-8dae-5d670006ab46,2ff3093c-53e8-9814-d2a8-c58f6c866dbb"
"2026-05-23T18:19:17.000+0000",VISA,"VISA,MASTERCARD","1779560358.478",INFO,"INFO,ERROR,EXIT","05/27","01/27,02/27,03/27,04/27,05/27,06/27,07/27,08/27,09/27,10/27,11/27,12/27",1478,1779560357,"6f77c1f5-b663-996c-c336-72c1d5493d4b","d24481dd-66b0-1408-8e57-e95689202eb9
ece1a9ae-ffd4-aa16-ba60-f4aaf994a432
f6669f7b-58ec-429f-30e4-b854d25735fa
6f77c1f5-b663-996c-c336-72c1d5493d4b
fb061221-316e-c954-1422-57bb4f6b9a46
a0bcc770-67eb-ddb1-2e42-b9b81a701feb
1933364a-bd6f-e0c0-752b-7c7f863d1df1
3f87d147-04c5-93fc-37f6-6343c972be35
6df3b9f5-dec6-d891-7ee6-e22e1cf34fad
fd40db72-259e-a2c9-ccee-db7522824e5b
e1982368-275b-97fc-4174-151084428a94
273e849a-dc05-a8c3-0281-c8a2e827318d
5cd8d703-abee-3948-b6a3-3b7f3232a166
bd155994-0316-6a21-8dae-5d670006ab46
2ff3093c-53e8-9814-d2a8-c58f6c866dbb","d24481dd-66b0-1408-8e57-e95689202eb9,ece1a9ae-ffd4-aa16-ba60-f4aaf994a432,f6669f7b-58ec-429f-30e4-b854d25735fa,6f77c1f5-b663-996c-c336-72c1d5493d4b,fb061221-316e-c954-1422-57bb4f6b9a46,a0bcc770-67eb-ddb1-2e42-b9b81a701feb,1933364a-bd6f-e0c0-752b-7c7f863d1df1,3f87d147-04c5-93fc-37f6-6343c972be35,6df3b9f5-dec6-d891-7ee6-e22e1cf34fad,fd40db72-259e-a2c9-ccee-db7522824e5b,e1982368-275b-97fc-4174-151084428a94,273e849a-dc05-a8c3-0281-c8a2e827318d,5cd8d703-abee-3948-b6a3-3b7f3232a166,bd155994-0316-6a21-8dae-5d670006ab46,2ff3093c-53e8-9814-d2a8-c58f6c866dbb"
"2026-05-25T03:16:27.000+0000",VISA,"VISA,MASTERCARD","1779678988.383",INFO,"INFO,ERROR,EXIT","04/27","01/27,02/27,03/27,04/27,05/27,06/27,07/27,08/27,09/27,10/27,11/27,12/27",1383,1779678987,"ece1a9ae-ffd4-aa16-ba60-f4aaf994a432","d24481dd-66b0-1408-8e57-e95689202eb9
ece1a9ae-ffd4-aa16-ba60-f4aaf994a432
f6669f7b-58ec-429f-30e4-b854d25735fa
6f77c1f5-b663-996c-c336-72c1d5493d4b
fb061221-316e-c954-1422-57bb4f6b9a46
a0bcc770-67eb-ddb1-2e42-b9b81a701feb
1933364a-bd6f-e0c0-752b-7c7f863d1df1
3f87d147-04c5-93fc-37f6-6343c972be35
6df3b9f5-dec6-d891-7ee6-e22e1cf34fad
fd40db72-259e-a2c9-ccee-db7522824e5b
e1982368-275b-97fc-4174-151084428a94
273e849a-dc05-a8c3-0281-c8a2e827318d
5cd8d703-abee-3948-b6a3-3b7f3232a166
bd155994-0316-6a21-8dae-5d670006ab46
2ff3093c-53e8-9814-d2a8-c58f6c866dbb","d24481dd-66b0-1408-8e57-e95689202eb9,ece1a9ae-ffd4-aa16-ba60-f4aaf994a432,f6669f7b-58ec-429f-30e4-b854d25735fa,6f77c1f5-b663-996c-c336-72c1d5493d4b,fb061221-316e-c954-1422-57bb4f6b9a46,a0bcc770-67eb-ddb1-2e42-b9b81a701feb,1933364a-bd6f-e0c0-752b-7c7f863d1df1,3f87d147-04c5-93fc-37f6-6343c972be35,6df3b9f5-dec6-d891-7ee6-e22e1cf34fad,fd40db72-259e-a2c9-ccee-db7522824e5b,e1982368-275b-97fc-4174-151084428a94,273e849a-dc05-a8c3-0281-c8a2e827318d,5cd8d703-abee-3948-b6a3-3b7f3232a166,bd155994-0316-6a21-8dae-5d670006ab46,2ff3093c-53e8-9814-d2a8-c58f6c866dbb"
"2026-05-25T08:08:36.000+0000",VISA,"VISA,MASTERCARD","1779696517.526",ERROR,"INFO,ERROR,EXIT","07/27","01/27,02/27,03/27,04/27,05/27,06/27,07/27,08/27,09/27,10/27,11/27,12/27",1526,1779696516,"ece1a9ae-ffd4-aa16-ba60-f4aaf994a432","d24481dd-66b0-1408-8e57-e95689202eb9
ece1a9ae-ffd4-aa16-ba60-f4aaf994a432
f6669f7b-58ec-429f-30e4-b854d25735fa
6f77c1f5-b663-996c-c336-72c1d5493d4b
fb061221-316e-c954-1422-57bb4f6b9a46
a0bcc770-67eb-ddb1-2e42-b9b81a701feb
1933364a-bd6f-e0c0-752b-7c7f863d1df1
3f87d147-04c5-93fc-37f6-6343c972be35
6df3b9f5-dec6-d891-7ee6-e22e1cf34fad
fd40db72-259e-a2c9-ccee-db7522824e5b
e1982368-275b-97fc-4174-151084428a94
273e849a-dc05-a8c3-0281-c8a2e827318d
5cd8d703-abee-3948-b6a3-3b7f3232a166
bd155994-0316-6a21-8dae-5d670006ab46
2ff3093c-53e8-9814-d2a8-c58f6c866dbb","d24481dd-66b0-1408-8e57-e95689202eb9,ece1a9ae-ffd4-aa16-ba60-f4aaf994a432,f6669f7b-58ec-429f-30e4-b854d25735fa,6f77c1f5-b663-996c-c336-72c1d5493d4b,fb061221-316e-c954-1422-57bb4f6b9a46,a0bcc770-67eb-ddb1-2e42-b9b81a701feb,1933364a-bd6f-e0c0-752b-7c7f863d1df1,3f87d147-04c5-93fc-37f6-6343c972be35,6df3b9f5-dec6-d891-7ee6-e22e1cf34fad,fd40db72-259e-a2c9-ccee-db7522824e5b,e1982368-275b-97fc-4174-151084428a94,273e849a-dc05-a8c3-0281-c8a2e827318d,5cd8d703-abee-3948-b6a3-3b7f3232a166,bd155994-0316-6a21-8dae-5d670006ab46,2ff3093c-53e8-9814-d2a8-c58f6c866dbb"
"2026-05-25T00:03:23.000+0000",VISA,"VISA,MASTERCARD","1779667403.063",ERROR,"INFO,ERROR,EXIT","09/27","01/27,02/27,03/27,04/27,05/27,06/27,07/27,08/27,09/27,10/27,11/27,12/27",63,1779667403,"a0bcc770-67eb-ddb1-2e42-b9b81a701feb","d24481dd-66b0-1408-8e57-e95689202eb9
ece1a9ae-ffd4-aa16-ba60-f4aaf994a432
f6669f7b-58ec-429f-30e4-b854d25735fa
6f77c1f5-b663-996c-c336-72c1d5493d4b
fb061221-316e-c954-1422-57bb4f6b9a46
a0bcc770-67eb-ddb1-2e42-b9b81a701feb
1933364a-bd6f-e0c0-752b-7c7f863d1df1
3f87d147-04c5-93fc-37f6-6343c972be35
6df3b9f5-dec6-d891-7ee6-e22e1cf34fad
fd40db72-259e-a2c9-ccee-db7522824e5b
e1982368-275b-97fc-4174-151084428a94
273e849a-dc05-a8c3-0281-c8a2e827318d
5cd8d703-abee-3948-b6a3-3b7f3232a166
bd155994-0316-6a21-8dae-5d670006ab46
2ff3093c-53e8-9814-d2a8-c58f6c866dbb","d24481dd-66b0-1408-8e57-e95689202eb9,ece1a9ae-ffd4-aa16-ba60-f4aaf994a432,f6669f7b-58ec-429f-30e4-b854d25735fa,6f77c1f5-b663-996c-c336-72c1d5493d4b,fb061221-316e-c954-1422-57bb4f6b9a46,a0bcc770-67eb-ddb1-2e42-b9b81a701feb,1933364a-bd6f-e0c0-752b-7c7f863d1df1,3f87d147-04c5-93fc-37f6-6343c972be35,6df3b9f5-dec6-d891-7ee6-e22e1cf34fad,fd40db72-259e-a2c9-ccee-db7522824e5b,e1982368-275b-97fc-4174-151084428a94,273e849a-dc05-a8c3-0281-c8a2e827318d,5cd8d703-abee-3948-b6a3-3b7f3232a166,bd155994-0316-6a21-8dae-5d670006ab46,2ff3093c-53e8-9814-d2a8-c58f6c866dbb"
"2026-05-24T01:59:05.000+0000",MASTERCARD,"VISA,MASTERCARD","1779587945.077",ERROR,"INFO,ERROR,EXIT","08/27","01/27,02/27,03/27,04/27,05/27,06/27,07/27,08/27,09/27,10/27,11/27,12/27",77,1779587945,"1933364a-bd6f-e0c0-752b-7c7f863d1df1","d24481dd-66b0-1408-8e57-e95689202eb9
ece1a9ae-ffd4-aa16-ba60-f4aaf994a432
f6669f7b-58ec-429f-30e4-b854d25735fa
6f77c1f5-b663-996c-c336-72c1d5493d4b
fb061221-316e-c954-1422-57bb4f6b9a46
a0bcc770-67eb-ddb1-2e42-b9b81a701feb
1933364a-bd6f-e0c0-752b-7c7f863d1df1
3f87d147-04c5-93fc-37f6-6343c972be35
6df3b9f5-dec6-d891-7ee6-e22e1cf34fad
fd40db72-259e-a2c9-ccee-db7522824e5b
e1982368-275b-97fc-4174-151084428a94
273e849a-dc05-a8c3-0281-c8a2e827318d
5cd8d703-abee-3948-b6a3-3b7f3232a166
bd155994-0316-6a21-8dae-5d670006ab46
2ff3093c-53e8-9814-d2a8-c58f6c866dbb","d24481dd-66b0-1408-8e57-e95689202eb9,ece1a9ae-ffd4-aa16-ba60-f4aaf994a432,f6669f7b-58ec-429f-30e4-b854d25735fa,6f77c1f5-b663-996c-c336-72c1d5493d4b,fb061221-316e-c954-1422-57bb4f6b9a46,a0bcc770-67eb-ddb1-2e42-b9b81a701feb,1933364a-bd6f-e0c0-752b-7c7f863d1df1,3f87d147-04c5-93fc-37f6-6343c972be35,6df3b9f5-dec6-d891-7ee6-e22e1cf34fad,fd40db72-259e-a2c9-ccee-db7522824e5b,e1982368-275b-97fc-4174-151084428a94,273e849a-dc05-a8c3-0281-c8a2e827318d,5cd8d703-abee-3948-b6a3-3b7f3232a166,bd155994-0316-6a21-8dae-5d670006ab46,2ff3093c-53e8-9814-d2a8-c58f6c866dbb"
"2026-05-23T21:26:10.000+0000",MASTERCARD,"VISA,MASTERCARD","1779571570.221",INFO,"INFO,ERROR,EXIT","10/27","01/27,02/27,03/27,04/27,05/27,06/27,07/27,08/27,09/27,10/27,11/27,12/27",221,1779571570,"e1982368-275b-97fc-4174-151084428a94","d24481dd-66b0-1408-8e57-e95689202eb9
ece1a9ae-ffd4-aa16-ba60-f4aaf994a432
f6669f7b-58ec-429f-30e4-b854d25735fa
6f77c1f5-b663-996c-c336-72c1d5493d4b
fb061221-316e-c954-1422-57bb4f6b9a46
a0bcc770-67eb-ddb1-2e42-b9b81a701feb
1933364a-bd6f-e0c0-752b-7c7f863d1df1
3f87d147-04c5-93fc-37f6-6343c972be35
6df3b9f5-dec6-d891-7ee6-e22e1cf34fad
fd40db72-259e-a2c9-ccee-db7522824e5b
e1982368-275b-97fc-4174-151084428a94
273e849a-dc05-a8c3-0281-c8a2e827318d
5cd8d703-abee-3948-b6a3-3b7f3232a166
bd155994-0316-6a21-8dae-5d670006ab46
2ff3093c-53e8-9814-d2a8-c58f6c866dbb","d24481dd-66b0-1408-8e57-e95689202eb9,ece1a9ae-ffd4-aa16-ba60-f4aaf994a432,f6669f7b-58ec-429f-30e4-b854d25735fa,6f77c1f5-b663-996c-c336-72c1d5493d4b,fb061221-316e-c954-1422-57bb4f6b9a46,a0bcc770-67eb-ddb1-2e42-b9b81a701feb,1933364a-bd6f-e0c0-752b-7c7f863d1df1,3f87d147-04c5-93fc-37f6-6343c972be35,6df3b9f5-dec6-d891-7ee6-e22e1cf34fad,fd40db72-259e-a2c9-ccee-db7522824e5b,e1982368-275b-97fc-4174-151084428a94,273e849a-dc05-a8c3-0281-c8a2e827318d,5cd8d703-abee-3948-b6a3-3b7f3232a166,bd155994-0316-6a21-8dae-5d670006ab46,2ff3093c-53e8-9814-d2a8-c58f6c866dbb"
"2026-05-25T13:06:08.000+0000",MASTERCARD,"VISA,MASTERCARD","1779714369.145",ERROR,"INFO,ERROR,EXIT","01/27","01/27,02/27,03/27,04/27,05/27,06/27,07/27,08/27,09/27,10/27,11/27,12/27",1145,1779714368,"273e849a-dc05-a8c3-0281-c8a2e827318d","d24481dd-66b0-1408-8e57-e95689202eb9
ece1a9ae-ffd4-aa16-ba60-f4aaf994a432
f6669f7b-58ec-429f-30e4-b854d25735fa
6f77c1f5-b663-996c-c336-72c1d5493d4b
fb061221-316e-c954-1422-57bb4f6b9a46
a0bcc770-67eb-ddb1-2e42-b9b81a701feb
1933364a-bd6f-e0c0-752b-7c7f863d1df1
3f87d147-04c5-93fc-37f6-6343c972be35
6df3b9f5-dec6-d891-7ee6-e22e1cf34fad
fd40db72-259e-a2c9-ccee-db7522824e5b
e1982368-275b-97fc-4174-151084428a94
273e849a-dc05-a8c3-0281-c8a2e827318d
5cd8d703-abee-3948-b6a3-3b7f3232a166
bd155994-0316-6a21-8dae-5d670006ab46
2ff3093c-53e8-9814-d2a8-c58f6c866dbb","d24481dd-66b0-1408-8e57-e95689202eb9,ece1a9ae-ffd4-aa16-ba60-f4aaf994a432,f6669f7b-58ec-429f-30e4-b854d25735fa,6f77c1f5-b663-996c-c336-72c1d5493d4b,fb061221-316e-c954-1422-57bb4f6b9a46,a0bcc770-67eb-ddb1-2e42-b9b81a701feb,1933364a-bd6f-e0c0-752b-7c7f863d1df1,3f87d147-04c5-93fc-37f6-6343c972be35,6df3b9f5-dec6-d891-7ee6-e22e1cf34fad,fd40db72-259e-a2c9-ccee-db7522824e5b,e1982368-275b-97fc-4174-151084428a94,273e849a-dc05-a8c3-0281-c8a2e827318d,5cd8d703-abee-3948-b6a3-3b7f3232a166,bd155994-0316-6a21-8dae-5d670006ab46,2ff3093c-53e8-9814-d2a8-c58f6c866dbb"
"2026-05-22T17:19:13.000+0000",MASTERCARD,"VISA,MASTERCARD","1779470353.425",EXIT,"INFO,ERROR,EXIT","10/27","01/27,02/27,03/27,04/27,05/27,06/27,07/27,08/27,09/27,10/27,11/27,12/27",425,1779470353,"2ff3093c-53e8-9814-d2a8-c58f6c866dbb","d24481dd-66b0-1408-8e57-e95689202eb9
ece1a9ae-ffd4-aa16-ba60-f4aaf994a432
f6669f7b-58ec-429f-30e4-b854d25735fa
6f77c1f5-b663-996c-c336-72c1d5493d4b
fb061221-316e-c954-1422-57bb4f6b9a46
a0bcc770-67eb-ddb1-2e42-b9b81a701feb
1933364a-bd6f-e0c0-752b-7c7f863d1df1
3f87d147-04c5-93fc-37f6-6343c972be35
6df3b9f5-dec6-d891-7ee6-e22e1cf34fad
fd40db72-259e-a2c9-ccee-db7522824e5b
e1982368-275b-97fc-4174-151084428a94
273e849a-dc05-a8c3-0281-c8a2e827318d
5cd8d703-abee-3948-b6a3-3b7f3232a166
bd155994-0316-6a21-8dae-5d670006ab46
2ff3093c-53e8-9814-d2a8-c58f6c866dbb","d24481dd-66b0-1408-8e57-e95689202eb9,ece1a9ae-ffd4-aa16-ba60-f4aaf994a432,f6669f7b-58ec-429f-30e4-b854d25735fa,6f77c1f5-b663-996c-c336-72c1d5493d4b,fb061221-316e-c954-1422-57bb4f6b9a46,a0bcc770-67eb-ddb1-2e42-b9b81a701feb,1933364a-bd6f-e0c0-752b-7c7f863d1df1,3f87d147-04c5-93fc-37f6-6343c972be35,6df3b9f5-dec6-d891-7ee6-e22e1cf34fad,fd40db72-259e-a2c9-ccee-db7522824e5b,e1982368-275b-97fc-4174-151084428a94,273e849a-dc05-a8c3-0281-c8a2e827318d,5cd8d703-abee-3948-b6a3-3b7f3232a166,bd155994-0316-6a21-8dae-5d670006ab46,2ff3093c-53e8-9814-d2a8-c58f6c866dbb"
"2026-05-25T02:41:35.000+0000",MASTERCARD,"VISA,MASTERCARD","1779676896.259",ERROR,"INFO,ERROR,EXIT","10/27","01/27,02/27,03/27,04/27,05/27,06/27,07/27,08/27,09/27,10/27,11/27,12/27",1259,1779676895,"5cd8d703-abee-3948-b6a3-3b7f3232a166","d24481dd-66b0-1408-8e57-e95689202eb9
ece1a9ae-ffd4-aa16-ba60-f4aaf994a432
f6669f7b-58ec-429f-30e4-b854d25735fa
6f77c1f5-b663-996c-c336-72c1d5493d4b
fb061221-316e-c954-1422-57bb4f6b9a46
a0bcc770-67eb-ddb1-2e42-b9b81a701feb
1933364a-bd6f-e0c0-752b-7c7f863d1df1
3f87d147-04c5-93fc-37f6-6343c972be35
6df3b9f5-dec6-d891-7ee6-e22e1cf34fad
fd40db72-259e-a2c9-ccee-db7522824e5b
e1982368-275b-97fc-4174-151084428a94
273e849a-dc05-a8c3-0281-c8a2e827318d
5cd8d703-abee-3948-b6a3-3b7f3232a166
bd155994-0316-6a21-8dae-5d670006ab46
2ff3093c-53e8-9814-d2a8-c58f6c866dbb","d24481dd-66b0-1408-8e57-e95689202eb9,ece1a9ae-ffd4-aa16-ba60-f4aaf994a432,f6669f7b-58ec-429f-30e4-b854d25735fa,6f77c1f5-b663-996c-c336-72c1d5493d4b,fb061221-316e-c954-1422-57bb4f6b9a46,a0bcc770-67eb-ddb1-2e42-b9b81a701feb,1933364a-bd6f-e0c0-752b-7c7f863d1df1,3f87d147-04c5-93fc-37f6-6343c972be35,6df3b9f5-dec6-d891-7ee6-e22e1cf34fad,fd40db72-259e-a2c9-ccee-db7522824e5b,e1982368-275b-97fc-4174-151084428a94,273e849a-dc05-a8c3-0281-c8a2e827318d,5cd8d703-abee-3948-b6a3-3b7f3232a166,bd155994-0316-6a21-8dae-5d670006ab46,2ff3093c-53e8-9814-d2a8-c58f6c866dbb"
"2026-05-22T22:28:59.000+0000",VISA,"VISA,MASTERCARD","1779488940.411",INFO,"INFO,ERROR,EXIT","09/27","01/27,02/27,03/27,04/27,05/27,06/27,07/27,08/27,09/27,10/27,11/27,12/27",1411,1779488939,"3f87d147-04c5-93fc-37f6-6343c972be35","d24481dd-66b0-1408-8e57-e95689202eb9
ece1a9ae-ffd4-aa16-ba60-f4aaf994a432
f6669f7b-58ec-429f-30e4-b854d25735fa
6f77c1f5-b663-996c-c336-72c1d5493d4b
fb061221-316e-c954-1422-57bb4f6b9a46
a0bcc770-67eb-ddb1-2e42-b9b81a701feb
1933364a-bd6f-e0c0-752b-7c7f863d1df1
3f87d147-04c5-93fc-37f6-6343c972be35
6df3b9f5-dec6-d891-7ee6-e22e1cf34fad
fd40db72-259e-a2c9-ccee-db7522824e5b
e1982368-275b-97fc-4174-151084428a94
273e849a-dc05-a8c3-0281-c8a2e827318d
5cd8d703-abee-3948-b6a3-3b7f3232a166
bd155994-0316-6a21-8dae-5d670006ab46
2ff3093c-53e8-9814-d2a8-c58f6c866dbb","d24481dd-66b0-1408-8e57-e95689202eb9,ece1a9ae-ffd4-aa16-ba60-f4aaf994a432,f6669f7b-58ec-429f-30e4-b854d25735fa,6f77c1f5-b663-996c-c336-72c1d5493d4b,fb061221-316e-c954-1422-57bb4f6b9a46,a0bcc770-67eb-ddb1-2e42-b9b81a701feb,1933364a-bd6f-e0c0-752b-7c7f863d1df1,3f87d147-04c5-93fc-37f6-6343c972be35,6df3b9f5-dec6-d891-7ee6-e22e1cf34fad,fd40db72-259e-a2c9-ccee-db7522824e5b,e1982368-275b-97fc-4174-151084428a94,273e849a-dc05-a8c3-0281-c8a2e827318d,5cd8d703-abee-3948-b6a3-3b7f3232a166,bd155994-0316-6a21-8dae-5d670006ab46,2ff3093c-53e8-9814-d2a8-c58f6c866dbb"
"2026-05-19T11:37:54.000+0000",VISA,"VISA,MASTERCARD","1779190674.804",INFO,"INFO,ERROR,EXIT","11/27","01/27,02/27,03/27,04/27,05/27,06/27,07/27,08/27,09/27,10/27,11/27,12/27",804,1779190674,"bd155994-0316-6a21-8dae-5d670006ab46","d24481dd-66b0-1408-8e57-e95689202eb9
ece1a9ae-ffd4-aa16-ba60-f4aaf994a432
f6669f7b-58ec-429f-30e4-b854d25735fa
6f77c1f5-b663-996c-c336-72c1d5493d4b
fb061221-316e-c954-1422-57bb4f6b9a46
a0bcc770-67eb-ddb1-2e42-b9b81a701feb
1933364a-bd6f-e0c0-752b-7c7f863d1df1
3f87d147-04c5-93fc-37f6-6343c972be35
6df3b9f5-dec6-d891-7ee6-e22e1cf34fad
fd40db72-259e-a2c9-ccee-db7522824e5b
e1982368-275b-97fc-4174-151084428a94
273e849a-dc05-a8c3-0281-c8a2e827318d
5cd8d703-abee-3948-b6a3-3b7f3232a166
bd155994-0316-6a21-8dae-5d670006ab46
2ff3093c-53e8-9814-d2a8-c58f6c866dbb","d24481dd-66b0-1408-8e57-e95689202eb9,ece1a9ae-ffd4-aa16-ba60-f4aaf994a432,f6669f7b-58ec-429f-30e4-b854d25735fa,6f77c1f5-b663-996c-c336-72c1d5493d4b,fb061221-316e-c954-1422-57bb4f6b9a46,a0bcc770-67eb-ddb1-2e42-b9b81a701feb,1933364a-bd6f-e0c0-752b-7c7f863d1df1,3f87d147-04c5-93fc-37f6-6343c972be35,6df3b9f5-dec6-d891-7ee6-e22e1cf34fad,fd40db72-259e-a2c9-ccee-db7522824e5b,e1982368-275b-97fc-4174-151084428a94,273e849a-dc05-a8c3-0281-c8a2e827318d,5cd8d703-abee-3948-b6a3-3b7f3232a166,bd155994-0316-6a21-8dae-5d670006ab46,2ff3093c-53e8-9814-d2a8-c58f6c866dbb"
"2026-05-20T01:09:50.000+0000",VISA,"VISA,MASTERCARD","1779239391.297",INFO,"INFO,ERROR,EXIT","12/27","01/27,02/27,03/27,04/27,05/27,06/27,07/27,08/27,09/27,10/27,11/27,12/27",1297,1779239390,"d24481dd-66b0-1408-8e57-e95689202eb9","d24481dd-66b0-1408-8e57-e95689202eb9
ece1a9ae-ffd4-aa16-ba60-f4aaf994a432
f6669f7b-58ec-429f-30e4-b854d25735fa
6f77c1f5-b663-996c-c336-72c1d5493d4b
fb061221-316e-c954-1422-57bb4f6b9a46
a0bcc770-67eb-ddb1-2e42-b9b81a701feb
1933364a-bd6f-e0c0-752b-7c7f863d1df1
3f87d147-04c5-93fc-37f6-6343c972be35
6df3b9f5-dec6-d891-7ee6-e22e1cf34fad
fd40db72-259e-a2c9-ccee-db7522824e5b
e1982368-275b-97fc-4174-151084428a94
273e849a-dc05-a8c3-0281-c8a2e827318d
5cd8d703-abee-3948-b6a3-3b7f3232a166
bd155994-0316-6a21-8dae-5d670006ab46
2ff3093c-53e8-9814-d2a8-c58f6c866dbb","d24481dd-66b0-1408-8e57-e95689202eb9,ece1a9ae-ffd4-aa16-ba60-f4aaf994a432,f6669f7b-58ec-429f-30e4-b854d25735fa,6f77c1f5-b663-996c-c336-72c1d5493d4b,fb061221-316e-c954-1422-57bb4f6b9a46,a0bcc770-67eb-ddb1-2e42-b9b81a701feb,1933364a-bd6f-e0c0-752b-7c7f863d1df1,3f87d147-04c5-93fc-37f6-6343c972be35,6df3b9f5-dec6-d891-7ee6-e22e1cf34fad,fd40db72-259e-a2c9-ccee-db7522824e5b,e1982368-275b-97fc-4174-151084428a94,273e849a-dc05-a8c3-0281-c8a2e827318d,5cd8d703-abee-3948-b6a3-3b7f3232a166,bd155994-0316-6a21-8dae-5d670006ab46,2ff3093c-53e8-9814-d2a8-c58f6c866dbb"
"2026-05-25T03:57:04.000+0000",MASTERCARD,"VISA,MASTERCARD","1779681425.18",EXIT,"INFO,ERROR,EXIT","03/27","01/27,02/27,03/27,04/27,05/27,06/27,07/27,08/27,09/27,10/27,11/27,12/27",1180,1779681424,"fb061221-316e-c954-1422-57bb4f6b9a46","d24481dd-66b0-1408-8e57-e95689202eb9
ece1a9ae-ffd4-aa16-ba60-f4aaf994a432
f6669f7b-58ec-429f-30e4-b854d25735fa
6f77c1f5-b663-996c-c336-72c1d5493d4b
fb061221-316e-c954-1422-57bb4f6b9a46
a0bcc770-67eb-ddb1-2e42-b9b81a701feb
1933364a-bd6f-e0c0-752b-7c7f863d1df1
3f87d147-04c5-93fc-37f6-6343c972be35
6df3b9f5-dec6-d891-7ee6-e22e1cf34fad
fd40db72-259e-a2c9-ccee-db7522824e5b
e1982368-275b-97fc-4174-151084428a94
273e849a-dc05-a8c3-0281-c8a2e827318d
5cd8d703-abee-3948-b6a3-3b7f3232a166
bd155994-0316-6a21-8dae-5d670006ab46
2ff3093c-53e8-9814-d2a8-c58f6c866dbb","d24481dd-66b0-1408-8e57-e95689202eb9,ece1a9ae-ffd4-aa16-ba60-f4aaf994a432,f6669f7b-58ec-429f-30e4-b854d25735fa,6f77c1f5-b663-996c-c336-72c1d5493d4b,fb061221-316e-c954-1422-57bb4f6b9a46,a0bcc770-67eb-ddb1-2e42-b9b81a701feb,1933364a-bd6f-e0c0-752b-7c7f863d1df1,3f87d147-04c5-93fc-37f6-6343c972be35,6df3b9f5-dec6-d891-7ee6-e22e1cf34fad,fd40db72-259e-a2c9-ccee-db7522824e5b,e1982368-275b-97fc-4174-151084428a94,273e849a-dc05-a8c3-0281-c8a2e827318d,5cd8d703-abee-3948-b6a3-3b7f3232a166,bd155994-0316-6a21-8dae-5d670006ab46,2ff3093c-53e8-9814-d2a8-c58f6c866dbb"
"2026-05-23T07:09:45.000+0000",MASTERCARD,"VISA,MASTERCARD","1779520185.367",ERROR,"INFO,ERROR,EXIT","02/27","01/27,02/27,03/27,04/27,05/27,06/27,07/27,08/27,09/27,10/27,11/27,12/27",367,1779520185,"6f77c1f5-b663-996c-c336-72c1d5493d4b","d24481dd-66b0-1408-8e57-e95689202eb9
ece1a9ae-ffd4-aa16-ba60-f4aaf994a432
f6669f7b-58ec-429f-30e4-b854d25735fa
6f77c1f5-b663-996c-c336-72c1d5493d4b
fb061221-316e-c954-1422-57bb4f6b9a46
a0bcc770-67eb-ddb1-2e42-b9b81a701feb
1933364a-bd6f-e0c0-752b-7c7f863d1df1
3f87d147-04c5-93fc-37f6-6343c972be35
6df3b9f5-dec6-d891-7ee6-e22e1cf34fad
fd40db72-259e-a2c9-ccee-db7522824e5b
e1982368-275b-97fc-4174-151084428a94
273e849a-dc05-a8c3-0281-c8a2e827318d
5cd8d703-abee-3948-b6a3-3b7f3232a166
bd155994-0316-6a21-8dae-5d670006ab46
2ff3093c-53e8-9814-d2a8-c58f6c866dbb","d24481dd-66b0-1408-8e57-e95689202eb9,ece1a9ae-ffd4-aa16-ba60-f4aaf994a432,f6669f7b-58ec-429f-30e4-b854d25735fa,6f77c1f5-b663-996c-c336-72c1d5493d4b,fb061221-316e-c954-1422-57bb4f6b9a46,a0bcc770-67eb-ddb1-2e42-b9b81a701feb,1933364a-bd6f-e0c0-752b-7c7f863d1df1,3f87d147-04c5-93fc-37f6-6343c972be35,6df3b9f5-dec6-d891-7ee6-e22e1cf34fad,fd40db72-259e-a2c9-ccee-db7522824e5b,e1982368-275b-97fc-4174-151084428a94,273e849a-dc05-a8c3-0281-c8a2e827318d,5cd8d703-abee-3948-b6a3-3b7f3232a166,bd155994-0316-6a21-8dae-5d670006ab46,2ff3093c-53e8-9814-d2a8-c58f6c866dbb"
"2026-05-22T18:30:23.000+0000",MASTERCARD,"VISA,MASTERCARD","1779474624.471",INFO,"INFO,ERROR,EXIT","05/27","01/27,02/27,03/27,04/27,05/27,06/27,07/27,08/27,09/27,10/27,11/27,12/27",1471,1779474623,"fd40db72-259e-a2c9-ccee-db7522824e5b","d24481dd-66b0-1408-8e57-e95689202eb9
ece1a9ae-ffd4-aa16-ba60-f4aaf994a432
f6669f7b-58ec-429f-30e4-b854d25735fa
6f77c1f5-b663-996c-c336-72c1d5493d4b
fb061221-316e-c954-1422-57bb4f6b9a46
a0bcc770-67eb-ddb1-2e42-b9b81a701feb
1933364a-bd6f-e0c0-752b-7c7f863d1df1
3f87d147-04c5-93fc-37f6-6343c972be35
6df3b9f5-dec6-d891-7ee6-e22e1cf34fad
fd40db72-259e-a2c9-ccee-db7522824e5b
e1982368-275b-97fc-4174-151084428a94
273e849a-dc05-a8c3-0281-c8a2e827318d
5cd8d703-abee-3948-b6a3-3b7f3232a166
bd155994-0316-6a21-8dae-5d670006ab46
2ff3093c-53e8-9814-d2a8-c58f6c866dbb","d24481dd-66b0-1408-8e57-e95689202eb9,ece1a9ae-ffd4-aa16-ba60-f4aaf994a432,f6669f7b-58ec-429f-30e4-b854d25735fa,6f77c1f5-b663-996c-c336-72c1d5493d4b,fb061221-316e-c954-1422-57bb4f6b9a46,a0bcc770-67eb-ddb1-2e42-b9b81a701feb,1933364a-bd6f-e0c0-752b-7c7f863d1df1,3f87d147-04c5-93fc-37f6-6343c972be35,6df3b9f5-dec6-d891-7ee6-e22e1cf34fad,fd40db72-259e-a2c9-ccee-db7522824e5b,e1982368-275b-97fc-4174-151084428a94,273e849a-dc05-a8c3-0281-c8a2e827318d,5cd8d703-abee-3948-b6a3-3b7f3232a166,bd155994-0316-6a21-8dae-5d670006ab46,2ff3093c-53e8-9814-d2a8-c58f6c866dbb"
"2026-05-24T09:25:18.000+0000",MASTERCARD,"VISA,MASTERCARD","1779614718.982",EXIT,"INFO,ERROR,EXIT","10/27","01/27,02/27,03/27,04/27,05/27,06/27,07/27,08/27,09/27,10/27,11/27,12/27",982,1779614718,"d24481dd-66b0-1408-8e57-e95689202eb9","d24481dd-66b0-1408-8e57-e95689202eb9
ece1a9ae-ffd4-aa16-ba60-f4aaf994a432
f6669f7b-58ec-429f-30e4-b854d25735fa
6f77c1f5-b663-996c-c336-72c1d5493d4b
fb061221-316e-c954-1422-57bb4f6b9a46
a0bcc770-67eb-ddb1-2e42-b9b81a701feb
1933364a-bd6f-e0c0-752b-7c7f863d1df1
3f87d147-04c5-93fc-37f6-6343c972be35
6df3b9f5-dec6-d891-7ee6-e22e1cf34fad
fd40db72-259e-a2c9-ccee-db7522824e5b
e1982368-275b-97fc-4174-151084428a94
273e849a-dc05-a8c3-0281-c8a2e827318d
5cd8d703-abee-3948-b6a3-3b7f3232a166
bd155994-0316-6a21-8dae-5d670006ab46
2ff3093c-53e8-9814-d2a8-c58f6c866dbb","d24481dd-66b0-1408-8e57-e95689202eb9,ece1a9ae-ffd4-aa16-ba60-f4aaf994a432,f6669f7b-58ec-429f-30e4-b854d25735fa,6f77c1f5-b663-996c-c336-72c1d5493d4b,fb061221-316e-c954-1422-57bb4f6b9a46,a0bcc770-67eb-ddb1-2e42-b9b81a701feb,1933364a-bd6f-e0c0-752b-7c7f863d1df1,3f87d147-04c5-93fc-37f6-6343c972be35,6df3b9f5-dec6-d891-7ee6-e22e1cf34fad,fd40db72-259e-a2c9-ccee-db7522824e5b,e1982368-275b-97fc-4174-151084428a94,273e849a-dc05-a8c3-0281-c8a2e827318d,5cd8d703-abee-3948-b6a3-3b7f3232a166,bd155994-0316-6a21-8dae-5d670006ab46,2ff3093c-53e8-9814-d2a8-c58f6c866dbb"
"2026-05-26T03:53:16.000+0000",VISA,"VISA,MASTERCARD","1779767596.871",ERROR,"INFO,ERROR,EXIT","12/27","01/27,02/27,03/27,04/27,05/27,06/27,07/27,08/27,09/27,10/27,11/27,12/27",871,1779767596,"fb061221-316e-c954-1422-57bb4f6b9a46","d24481dd-66b0-1408-8e57-e95689202eb9
ece1a9ae-ffd4-aa16-ba60-f4aaf994a432
f6669f7b-58ec-429f-30e4-b854d25735fa
6f77c1f5-b663-996c-c336-72c1d5493d4b
fb061221-316e-c954-1422-57bb4f6b9a46
a0bcc770-67eb-ddb1-2e42-b9b81a701feb
1933364a-bd6f-e0c0-752b-7c7f863d1df1
3f87d147-04c5-93fc-37f6-6343c972be35
6df3b9f5-dec6-d891-7ee6-e22e1cf34fad
fd40db72-259e-a2c9-ccee-db7522824e5b
e1982368-275b-97fc-4174-151084428a94
273e849a-dc05-a8c3-0281-c8a2e827318d
5cd8d703-abee-3948-b6a3-3b7f3232a166
bd155994-0316-6a21-8dae-5d670006ab46
2ff3093c-53e8-9814-d2a8-c58f6c866dbb","d24481dd-66b0-1408-8e57-e95689202eb9,ece1a9ae-ffd4-aa16-ba60-f4aaf994a432,f6669f7b-58ec-429f-30e4-b854d25735fa,6f77c1f5-b663-996c-c336-72c1d5493d4b,fb061221-316e-c954-1422-57bb4f6b9a46,a0bcc770-67eb-ddb1-2e42-b9b81a701feb,1933364a-bd6f-e0c0-752b-7c7f863d1df1,3f87d147-04c5-93fc-37f6-6343c972be35,6df3b9f5-dec6-d891-7ee6-e22e1cf34fad,fd40db72-259e-a2c9-ccee-db7522824e5b,e1982368-275b-97fc-4174-151084428a94,273e849a-dc05-a8c3-0281-c8a2e827318d,5cd8d703-abee-3948-b6a3-3b7f3232a166,bd155994-0316-6a21-8dae-5d670006ab46,2ff3093c-53e8-9814-d2a8-c58f6c866dbb"
"2026-05-23T20:41:10.000+0000",MASTERCARD,"VISA,MASTERCARD","1779568871.024",EXIT,"INFO,ERROR,EXIT","01/27","01/27,02/27,03/27,04/27,05/27,06/27,07/27,08/27,09/27,10/27,11/27,12/27",1024,1779568870,"5cd8d703-abee-3948-b6a3-3b7f3232a166","d24481dd-66b0-1408-8e57-e95689202eb9
ece1a9ae-ffd4-aa16-ba60-f4aaf994a432
f6669f7b-58ec-429f-30e4-b854d25735fa
6f77c1f5-b663-996c-c336-72c1d5493d4b
fb061221-316e-c954-1422-57bb4f6b9a46
a0bcc770-67eb-ddb1-2e42-b9b81a701feb
1933364a-bd6f-e0c0-752b-7c7f863d1df1
3f87d147-04c5-93fc-37f6-6343c972be35
6df3b9f5-dec6-d891-7ee6-e22e1cf34fad
fd40db72-259e-a2c9-ccee-db7522824e5b
e1982368-275b-97fc-4174-151084428a94
273e849a-dc05-a8c3-0281-c8a2e827318d
5cd8d703-abee-3948-b6a3-3b7f3232a166
bd155994-0316-6a21-8dae-5d670006ab46
2ff3093c-53e8-9814-d2a8-c58f6c866dbb","d24481dd-66b0-1408-8e57-e95689202eb9,ece1a9ae-ffd4-aa16-ba60-f4aaf994a432,f6669f7b-58ec-429f-30e4-b854d25735fa,6f77c1f5-b663-996c-c336-72c1d5493d4b,fb061221-316e-c954-1422-57bb4f6b9a46,a0bcc770-67eb-ddb1-2e42-b9b81a701feb,1933364a-bd6f-e0c0-752b-7c7f863d1df1,3f87d147-04c5-93fc-37f6-6343c972be35,6df3b9f5-dec6-d891-7ee6-e22e1cf34fad,fd40db72-259e-a2c9-ccee-db7522824e5b,e1982368-275b-97fc-4174-151084428a94,273e849a-dc05-a8c3-0281-c8a2e827318d,5cd8d703-abee-3948-b6a3-3b7f3232a166,bd155994-0316-6a21-8dae-5d670006ab46,2ff3093c-53e8-9814-d2a8-c58f6c866dbb"
"2026-05-21T18:54:31.000+0000",VISA,"VISA,MASTERCARD","1779389671.515",ERROR,"INFO,ERROR,EXIT","07/27","01/27,02/27,03/27,04/27,05/27,06/27,07/27,08/27,09/27,10/27,11/27,12/27",515,1779389671,"f6669f7b-58ec-429f-30e4-b854d25735fa","d24481dd-66b0-1408-8e57-e95689202eb9
ece1a9ae-ffd4-aa16-ba60-f4aaf994a432
f6669f7b-58ec-429f-30e4-b854d25735fa
6f77c1f5-b663-996c-c336-72c1d5493d4b
fb061221-316e-c954-1422-57bb4f6b9a46
a0bcc770-67eb-ddb1-2e42-b9b81a701feb
1933364a-bd6f-e0c0-752b-7c7f863d1df1
3f87d147-04c5-93fc-37f6-6343c972be35
6df3b9f5-dec6-d891-7ee6-e22e1cf34fad
fd40db72-259e-a2c9-ccee-db7522824e5b
e1982368-275b-97fc-4174-151084428a94
273e849a-dc05-a8c3-0281-c8a2e827318d
5cd8d703-abee-3948-b6a3-3b7f3232a166
bd155994-0316-6a21-8dae-5d670006ab46
2ff3093c-53e8-9814-d2a8-c58f6c866dbb","d24481dd-66b0-1408-8e57-e95689202eb9,ece1a9ae-ffd4-aa16-ba60-f4aaf994a432,f6669f7b-58ec-429f-30e4-b854d25735fa,6f77c1f5-b663-996c-c336-72c1d5493d4b,fb061221-316e-c954-1422-57bb4f6b9a46,a0bcc770-67eb-ddb1-2e42-b9b81a701feb,1933364a-bd6f-e0c0-752b-7c7f863d1df1,3f87d147-04c5-93fc-37f6-6343c972be35,6df3b9f5-dec6-d891-7ee6-e22e1cf34fad,fd40db72-259e-a2c9-ccee-db7522824e5b,e1982368-275b-97fc-4174-151084428a94,273e849a-dc05-a8c3-0281-c8a2e827318d,5cd8d703-abee-3948-b6a3-3b7f3232a166,bd155994-0316-6a21-8dae-5d670006ab46,2ff3093c-53e8-9814-d2a8-c58f6c866dbb"
"2026-05-20T12:44:56.000+0000",VISA,"VISA,MASTERCARD","1779281097.024",ERROR,"INFO,ERROR,EXIT","08/27","01/27,02/27,03/27,04/27,05/27,06/27,07/27,08/27,09/27,10/27,11/27,12/27",1024,1779281096,"a0bcc770-67eb-ddb1-2e42-b9b81a701feb","d24481dd-66b0-1408-8e57-e95689202eb9
ece1a9ae-ffd4-aa16-ba60-f4aaf994a432
f6669f7b-58ec-429f-30e4-b854d25735fa
6f77c1f5-b663-996c-c336-72c1d5493d4b
fb061221-316e-c954-1422-57bb4f6b9a46
a0bcc770-67eb-ddb1-2e42-b9b81a701feb
1933364a-bd6f-e0c0-752b-7c7f863d1df1
3f87d147-04c5-93fc-37f6-6343c972be35
6df3b9f5-dec6-d891-7ee6-e22e1cf34fad
fd40db72-259e-a2c9-ccee-db7522824e5b
e1982368-275b-97fc-4174-151084428a94
273e849a-dc05-a8c3-0281-c8a2e827318d
5cd8d703-abee-3948-b6a3-3b7f3232a166
bd155994-0316-6a21-8dae-5d670006ab46
2ff3093c-53e8-9814-d2a8-c58f6c866dbb","d24481dd-66b0-1408-8e57-e95689202eb9,ece1a9ae-ffd4-aa16-ba60-f4aaf994a432,f6669f7b-58ec-429f-30e4-b854d25735fa,6f77c1f5-b663-996c-c336-72c1d5493d4b,fb061221-316e-c954-1422-57bb4f6b9a46,a0bcc770-67eb-ddb1-2e42-b9b81a701feb,1933364a-bd6f-e0c0-752b-7c7f863d1df1,3f87d147-04c5-93fc-37f6-6343c972be35,6df3b9f5-dec6-d891-7ee6-e22e1cf34fad,fd40db72-259e-a2c9-ccee-db7522824e5b,e1982368-275b-97fc-4174-151084428a94,273e849a-dc05-a8c3-0281-c8a2e827318d,5cd8d703-abee-3948-b6a3-3b7f3232a166,bd155994-0316-6a21-8dae-5d670006ab46,2ff3093c-53e8-9814-d2a8-c58f6c866dbb"
"2026-05-19T13:09:16.000+0000",VISA,"VISA,MASTERCARD","1779196157.232",ERROR,"INFO,ERROR,EXIT","09/27","01/27,02/27,03/27,04/27,05/27,06/27,07/27,08/27,09/27,10/27,11/27,12/27",1232,1779196156,"1933364a-bd6f-e0c0-752b-7c7f863d1df1","d24481dd-66b0-1408-8e57-e95689202eb9
ece1a9ae-ffd4-aa16-ba60-f4aaf994a432
f6669f7b-58ec-429f-30e4-b854d25735fa
6f77c1f5-b663-996c-c336-72c1d5493d4b
fb061221-316e-c954-1422-57bb4f6b9a46
a0bcc770-67eb-ddb1-2e42-b9b81a701feb
1933364a-bd6f-e0c0-752b-7c7f863d1df1
3f87d147-04c5-93fc-37f6-6343c972be35
6df3b9f5-dec6-d891-7ee6-e22e1cf34fad
fd40db72-259e-a2c9-ccee-db7522824e5b
e1982368-275b-97fc-4174-151084428a94
273e849a-dc05-a8c3-0281-c8a2e827318d
5cd8d703-abee-3948-b6a3-3b7f3232a166
bd155994-0316-6a21-8dae-5d670006ab46
2ff3093c-53e8-9814-d2a8-c58f6c866dbb","d24481dd-66b0-1408-8e57-e95689202eb9,ece1a9ae-ffd4-aa16-ba60-f4aaf994a432,f6669f7b-58ec-429f-30e4-b854d25735fa,6f77c1f5-b663-996c-c336-72c1d5493d4b,fb061221-316e-c954-1422-57bb4f6b9a46,a0bcc770-67eb-ddb1-2e42-b9b81a701feb,1933364a-bd6f-e0c0-752b-7c7f863d1df1,3f87d147-04c5-93fc-37f6-6343c972be35,6df3b9f5-dec6-d891-7ee6-e22e1cf34fad,fd40db72-259e-a2c9-ccee-db7522824e5b,e1982368-275b-97fc-4174-151084428a94,273e849a-dc05-a8c3-0281-c8a2e827318d,5cd8d703-abee-3948-b6a3-3b7f3232a166,bd155994-0316-6a21-8dae-5d670006ab46,2ff3093c-53e8-9814-d2a8-c58f6c866dbb"
"2026-05-23T08:04:35.000+0000",MASTERCARD,"VISA,MASTERCARD","1779523475.839",INFO,"INFO,ERROR,EXIT","01/27","01/27,02/27,03/27,04/27,05/27,06/27,07/27,08/27,09/27,10/27,11/27,12/27",839,1779523475,"6df3b9f5-dec6-d891-7ee6-e22e1cf34fad","d24481dd-66b0-1408-8e57-e95689202eb9
ece1a9ae-ffd4-aa16-ba60-f4aaf994a432
f6669f7b-58ec-429f-30e4-b854d25735fa
6f77c1f5-b663-996c-c336-72c1d5493d4b
fb061221-316e-c954-1422-57bb4f6b9a46
a0bcc770-67eb-ddb1-2e42-b9b81a701feb
1933364a-bd6f-e0c0-752b-7c7f863d1df1
3f87d147-04c5-93fc-37f6-6343c972be35
6df3b9f5-dec6-d891-7ee6-e22e1cf34fad
fd40db72-259e-a2c9-ccee-db7522824e5b
e1982368-275b-97fc-4174-151084428a94
273e849a-dc05-a8c3-0281-c8a2e827318d
5cd8d703-abee-3948-b6a3-3b7f3232a166
bd155994-0316-6a21-8dae-5d670006ab46
2ff3093c-53e8-9814-d2a8-c58f6c866dbb","d24481dd-66b0-1408-8e57-e95689202eb9,ece1a9ae-ffd4-aa16-ba60-f4aaf994a432,f6669f7b-58ec-429f-30e4-b854d25735fa,6f77c1f5-b663-996c-c336-72c1d5493d4b,fb061221-316e-c954-1422-57bb4f6b9a46,a0bcc770-67eb-ddb1-2e42-b9b81a701feb,1933364a-bd6f-e0c0-752b-7c7f863d1df1,3f87d147-04c5-93fc-37f6-6343c972be35,6df3b9f5-dec6-d891-7ee6-e22e1cf34fad,fd40db72-259e-a2c9-ccee-db7522824e5b,e1982368-275b-97fc-4174-151084428a94,273e849a-dc05-a8c3-0281-c8a2e827318d,5cd8d703-abee-3948-b6a3-3b7f3232a166,bd155994-0316-6a21-8dae-5d670006ab46,2ff3093c-53e8-9814-d2a8-c58f6c866dbb"
"2026-05-22T12:32:26.000+0000",MASTERCARD,"VISA,MASTERCARD","1779453146.51",ERROR,"INFO,ERROR,EXIT","04/27","01/27,02/27,03/27,04/27,05/27,06/27,07/27,08/27,09/27,10/27,11/27,12/27",510,1779453146,"6f77c1f5-b663-996c-c336-72c1d5493d4b","d24481dd-66b0-1408-8e57-e95689202eb9
ece1a9ae-ffd4-aa16-ba60-f4aaf994a432
f6669f7b-58ec-429f-30e4-b854d25735fa
6f77c1f5-b663-996c-c336-72c1d5493d4b
fb061221-316e-c954-1422-57bb4f6b9a46
a0bcc770-67eb-ddb1-2e42-b9b81a701feb
1933364a-bd6f-e0c0-752b-7c7f863d1df1
3f87d147-04c5-93fc-37f6-6343c972be35
6df3b9f5-dec6-d891-7ee6-e22e1cf34fad
fd40db72-259e-a2c9-ccee-db7522824e5b
e1982368-275b-97fc-4174-151084428a94
273e849a-dc05-a8c3-0281-c8a2e827318d
5cd8d703-abee-3948-b6a3-3b7f3232a166
bd155994-0316-6a21-8dae-5d670006ab46
2ff3093c-53e8-9814-d2a8-c58f6c866dbb","d24481dd-66b0-1408-8e57-e95689202eb9,ece1a9ae-ffd4-aa16-ba60-f4aaf994a432,f6669f7b-58ec-429f-30e4-b854d25735fa,6f77c1f5-b663-996c-c336-72c1d5493d4b,fb061221-316e-c954-1422-57bb4f6b9a46,a0bcc770-67eb-ddb1-2e42-b9b81a701feb,1933364a-bd6f-e0c0-752b-7c7f863d1df1,3f87d147-04c5-93fc-37f6-6343c972be35,6df3b9f5-dec6-d891-7ee6-e22e1cf34fad,fd40db72-259e-a2c9-ccee-db7522824e5b,e1982368-275b-97fc-4174-151084428a94,273e849a-dc05-a8c3-0281-c8a2e827318d,5cd8d703-abee-3948-b6a3-3b7f3232a166,bd155994-0316-6a21-8dae-5d670006ab46,2ff3093c-53e8-9814-d2a8-c58f6c866dbb"
"2026-05-22T21:25:44.000+0000",MASTERCARD,"VISA,MASTERCARD","1779485144.259",INFO,"INFO,ERROR,EXIT","12/27","01/27,02/27,03/27,04/27,05/27,06/27,07/27,08/27,09/27,10/27,11/27,12/27",259,1779485144,"ece1a9ae-ffd4-aa16-ba60-f4aaf994a432","d24481dd-66b0-1408-8e57-e95689202eb9
ece1a9ae-ffd4-aa16-ba60-f4aaf994a432
f6669f7b-58ec-429f-30e4-b854d25735fa
6f77c1f5-b663-996c-c336-72c1d5493d4b
fb061221-316e-c954-1422-57bb4f6b9a46
a0bcc770-67eb-ddb1-2e42-b9b81a701feb
1933364a-bd6f-e0c0-752b-7c7f863d1df1
3f87d147-04c5-93fc-37f6-6343c972be35
6df3b9f5-dec6-d891-7ee6-e22e1cf34fad
fd40db72-259e-a2c9-ccee-db7522824e5b
e1982368-275b-97fc-4174-151084428a94
273e849a-dc05-a8c3-0281-c8a2e827318d
5cd8d703-abee-3948-b6a3-3b7f3232a166
bd155994-0316-6a21-8dae-5d670006ab46
2ff3093c-53e8-9814-d2a8-c58f6c866dbb","d24481dd-66b0-1408-8e57-e95689202eb9,ece1a9ae-ffd4-aa16-ba60-f4aaf994a432,f6669f7b-58ec-429f-30e4-b854d25735fa,6f77c1f5-b663-996c-c336-72c1d5493d4b,fb061221-316e-c954-1422-57bb4f6b9a46,a0bcc770-67eb-ddb1-2e42-b9b81a701feb,1933364a-bd6f-e0c0-752b-7c7f863d1df1,3f87d147-04c5-93fc-37f6-6343c972be35,6df3b9f5-dec6-d891-7ee6-e22e1cf34fad,fd40db72-259e-a2c9-ccee-db7522824e5b,e1982368-275b-97fc-4174-151084428a94,273e849a-dc05-a8c3-0281-c8a2e827318d,5cd8d703-abee-3948-b6a3-3b7f3232a166,bd155994-0316-6a21-8dae-5d670006ab46,2ff3093c-53e8-9814-d2a8-c58f6c866dbb"
"2026-05-21T20:00:27.000+0000",MASTERCARD,"VISA,MASTERCARD","1779393628.297",EXIT,"INFO,ERROR,EXIT","01/27","01/27,02/27,03/27,04/27,05/27,06/27,07/27,08/27,09/27,10/27,11/27,12/27",1297,1779393627,"a0bcc770-67eb-ddb1-2e42-b9b81a701feb","d24481dd-66b0-1408-8e57-e95689202eb9
ece1a9ae-ffd4-aa16-ba60-f4aaf994a432
f6669f7b-58ec-429f-30e4-b854d25735fa
6f77c1f5-b663-996c-c336-72c1d5493d4b
fb061221-316e-c954-1422-57bb4f6b9a46
a0bcc770-67eb-ddb1-2e42-b9b81a701feb
1933364a-bd6f-e0c0-752b-7c7f863d1df1
3f87d147-04c5-93fc-37f6-6343c972be35
6df3b9f5-dec6-d891-7ee6-e22e1cf34fad
fd40db72-259e-a2c9-ccee-db7522824e5b
e1982368-275b-97fc-4174-151084428a94
273e849a-dc05-a8c3-0281-c8a2e827318d
5cd8d703-abee-3948-b6a3-3b7f3232a166
bd155994-0316-6a21-8dae-5d670006ab46
2ff3093c-53e8-9814-d2a8-c58f6c866dbb","d24481dd-66b0-1408-8e57-e95689202eb9,ece1a9ae-ffd4-aa16-ba60-f4aaf994a432,f6669f7b-58ec-429f-30e4-b854d25735fa,6f77c1f5-b663-996c-c336-72c1d5493d4b,fb061221-316e-c954-1422-57bb4f6b9a46,a0bcc770-67eb-ddb1-2e42-b9b81a701feb,1933364a-bd6f-e0c0-752b-7c7f863d1df1,3f87d147-04c5-93fc-37f6-6343c972be35,6df3b9f5-dec6-d891-7ee6-e22e1cf34fad,fd40db72-259e-a2c9-ccee-db7522824e5b,e1982368-275b-97fc-4174-151084428a94,273e849a-dc05-a8c3-0281-c8a2e827318d,5cd8d703-abee-3948-b6a3-3b7f3232a166,bd155994-0316-6a21-8dae-5d670006ab46,2ff3093c-53e8-9814-d2a8-c58f6c866dbb"
"2026-05-25T10:13:41.000+0000",VISA,"VISA,MASTERCARD","1779704022.044",ERROR,"INFO,ERROR,EXIT","06/27","01/27,02/27,03/27,04/27,05/27,06/27,07/27,08/27,09/27,10/27,11/27,12/27",1044,1779704021,"5cd8d703-abee-3948-b6a3-3b7f3232a166","d24481dd-66b0-1408-8e57-e95689202eb9
ece1a9ae-ffd4-aa16-ba60-f4aaf994a432
f6669f7b-58ec-429f-30e4-b854d25735fa
6f77c1f5-b663-996c-c336-72c1d5493d4b
fb061221-316e-c954-1422-57bb4f6b9a46
a0bcc770-67eb-ddb1-2e42-b9b81a701feb
1933364a-bd6f-e0c0-752b-7c7f863d1df1
3f87d147-04c5-93fc-37f6-6343c972be35
6df3b9f5-dec6-d891-7ee6-e22e1cf34fad
fd40db72-259e-a2c9-ccee-db7522824e5b
e1982368-275b-97fc-4174-151084428a94
273e849a-dc05-a8c3-0281-c8a2e827318d
5cd8d703-abee-3948-b6a3-3b7f3232a166
bd155994-0316-6a21-8dae-5d670006ab46
2ff3093c-53e8-9814-d2a8-c58f6c866dbb","d24481dd-66b0-1408-8e57-e95689202eb9,ece1a9ae-ffd4-aa16-ba60-f4aaf994a432,f6669f7b-58ec-429f-30e4-b854d25735fa,6f77c1f5-b663-996c-c336-72c1d5493d4b,fb061221-316e-c954-1422-57bb4f6b9a46,a0bcc770-67eb-ddb1-2e42-b9b81a701feb,1933364a-bd6f-e0c0-752b-7c7f863d1df1,3f87d147-04c5-93fc-37f6-6343c972be35,6df3b9f5-dec6-d891-7ee6-e22e1cf34fad,fd40db72-259e-a2c9-ccee-db7522824e5b,e1982368-275b-97fc-4174-151084428a94,273e849a-dc05-a8c3-0281-c8a2e827318d,5cd8d703-abee-3948-b6a3-3b7f3232a166,bd155994-0316-6a21-8dae-5d670006ab46,2ff3093c-53e8-9814-d2a8-c58f6c866dbb"
"2026-05-23T21:53:55.000+0000",VISA,"VISA,MASTERCARD","1779573235.799",EXIT,"INFO,ERROR,EXIT","07/27","01/27,02/27,03/27,04/27,05/27,06/27,07/27,08/27,09/27,10/27,11/27,12/27",799,1779573235,"ece1a9ae-ffd4-aa16-ba60-f4aaf994a432","d24481dd-66b0-1408-8e57-e95689202eb9
ece1a9ae-ffd4-aa16-ba60-f4aaf994a432
f6669f7b-58ec-429f-30e4-b854d25735fa
6f77c1f5-b663-996c-c336-72c1d5493d4b
fb061221-316e-c954-1422-57bb4f6b9a46
a0bcc770-67eb-ddb1-2e42-b9b81a701feb
1933364a-bd6f-e0c0-752b-7c7f863d1df1
3f87d147-04c5-93fc-37f6-6343c972be35
6df3b9f5-dec6-d891-7ee6-e22e1cf34fad
fd40db72-259e-a2c9-ccee-db7522824e5b
e1982368-275b-97fc-4174-151084428a94
273e849a-dc05-a8c3-0281-c8a2e827318d
5cd8d703-abee-3948-b6a3-3b7f3232a166
bd155994-0316-6a21-8dae-5d670006ab46
2ff3093c-53e8-9814-d2a8-c58f6c866dbb","d24481dd-66b0-1408-8e57-e95689202eb9,ece1a9ae-ffd4-aa16-ba60-f4aaf994a432,f6669f7b-58ec-429f-30e4-b854d25735fa,6f77c1f5-b663-996c-c336-72c1d5493d4b,fb061221-316e-c954-1422-57bb4f6b9a46,a0bcc770-67eb-ddb1-2e42-b9b81a701feb,1933364a-bd6f-e0c0-752b-7c7f863d1df1,3f87d147-04c5-93fc-37f6-6343c972be35,6df3b9f5-dec6-d891-7ee6-e22e1cf34fad,fd40db72-259e-a2c9-ccee-db7522824e5b,e1982368-275b-97fc-4174-151084428a94,273e849a-dc05-a8c3-0281-c8a2e827318d,5cd8d703-abee-3948-b6a3-3b7f3232a166,bd155994-0316-6a21-8dae-5d670006ab46,2ff3093c-53e8-9814-d2a8-c58f6c866dbb"
"2026-05-21T12:54:58.000+0000",VISA,"VISA,MASTERCARD","1779368098.545",INFO,"INFO,ERROR,EXIT","12/27","01/27,02/27,03/27,04/27,05/27,06/27,07/27,08/27,09/27,10/27,11/27,12/27",545,1779368098,"ece1a9ae-ffd4-aa16-ba60-f4aaf994a432","d24481dd-66b0-1408-8e57-e95689202eb9
ece1a9ae-ffd4-aa16-ba60-f4aaf994a432
f6669f7b-58ec-429f-30e4-b854d25735fa
6f77c1f5-b663-996c-c336-72c1d5493d4b
fb061221-316e-c954-1422-57bb4f6b9a46
a0bcc770-67eb-ddb1-2e42-b9b81a701feb
1933364a-bd6f-e0c0-752b-7c7f863d1df1
3f87d147-04c5-93fc-37f6-6343c972be35
6df3b9f5-dec6-d891-7ee6-e22e1cf34fad
fd40db72-259e-a2c9-ccee-db7522824e5b
e1982368-275b-97fc-4174-151084428a94
273e849a-dc05-a8c3-0281-c8a2e827318d
5cd8d703-abee-3948-b6a3-3b7f3232a166
bd155994-0316-6a21-8dae-5d670006ab46
2ff3093c-53e8-9814-d2a8-c58f6c866dbb","d24481dd-66b0-1408-8e57-e95689202eb9,ece1a9ae-ffd4-aa16-ba60-f4aaf994a432,f6669f7b-58ec-429f-30e4-b854d25735fa,6f77c1f5-b663-996c-c336-72c1d5493d4b,fb061221-316e-c954-1422-57bb4f6b9a46,a0bcc770-67eb-ddb1-2e42-b9b81a701feb,1933364a-bd6f-e0c0-752b-7c7f863d1df1,3f87d147-04c5-93fc-37f6-6343c972be35,6df3b9f5-dec6-d891-7ee6-e22e1cf34fad,fd40db72-259e-a2c9-ccee-db7522824e5b,e1982368-275b-97fc-4174-151084428a94,273e849a-dc05-a8c3-0281-c8a2e827318d,5cd8d703-abee-3948-b6a3-3b7f3232a166,bd155994-0316-6a21-8dae-5d670006ab46,2ff3093c-53e8-9814-d2a8-c58f6c866dbb"
"2026-05-25T10:09:58.000+0000",VISA,"VISA,MASTERCARD","1779703799.288",EXIT,"INFO,ERROR,EXIT","12/27","01/27,02/27,03/27,04/27,05/27,06/27,07/27,08/27,09/27,10/27,11/27,12/27",1288,1779703798,"1933364a-bd6f-e0c0-752b-7c7f863d1df1","d24481dd-66b0-1408-8e57-e95689202eb9
ece1a9ae-ffd4-aa16-ba60-f4aaf994a432
f6669f7b-58ec-429f-30e4-b854d25735fa
6f77c1f5-b663-996c-c336-72c1d5493d4b
fb061221-316e-c954-1422-57bb4f6b9a46
a0bcc770-67eb-ddb1-2e42-b9b81a701feb
1933364a-bd6f-e0c0-752b-7c7f863d1df1
3f87d147-04c5-93fc-37f6-6343c972be35
6df3b9f5-dec6-d891-7ee6-e22e1cf34fad
fd40db72-259e-a2c9-ccee-db7522824e5b
e1982368-275b-97fc-4174-151084428a94
273e849a-dc05-a8c3-0281-c8a2e827318d
5cd8d703-abee-3948-b6a3-3b7f3232a166
bd155994-0316-6a21-8dae-5d670006ab46
2ff3093c-53e8-9814-d2a8-c58f6c866dbb","d24481dd-66b0-1408-8e57-e95689202eb9,ece1a9ae-ffd4-aa16-ba60-f4aaf994a432,f6669f7b-58ec-429f-30e4-b854d25735fa,6f77c1f5-b663-996c-c336-72c1d5493d4b,fb061221-316e-c954-1422-57bb4f6b9a46,a0bcc770-67eb-ddb1-2e42-b9b81a701feb,1933364a-bd6f-e0c0-752b-7c7f863d1df1,3f87d147-04c5-93fc-37f6-6343c972be35,6df3b9f5-dec6-d891-7ee6-e22e1cf34fad,fd40db72-259e-a2c9-ccee-db7522824e5b,e1982368-275b-97fc-4174-151084428a94,273e849a-dc05-a8c3-0281-c8a2e827318d,5cd8d703-abee-3948-b6a3-3b7f3232a166,bd155994-0316-6a21-8dae-5d670006ab46,2ff3093c-53e8-9814-d2a8-c58f6c866dbb"
"2026-05-22T16:05:09.000+0000",MASTERCARD,"VISA,MASTERCARD","1779465909.177",EXIT,"INFO,ERROR,EXIT","03/27","01/27,02/27,03/27,04/27,05/27,06/27,07/27,08/27,09/27,10/27,11/27,12/27",177,1779465909,"ece1a9ae-ffd4-aa16-ba60-f4aaf994a432","d24481dd-66b0-1408-8e57-e95689202eb9
ece1a9ae-ffd4-aa16-ba60-f4aaf994a432
f6669f7b-58ec-429f-30e4-b854d25735fa
6f77c1f5-b663-996c-c336-72c1d5493d4b
fb061221-316e-c954-1422-57bb4f6b9a46
a0bcc770-67eb-ddb1-2e42-b9b81a701feb
1933364a-bd6f-e0c0-752b-7c7f863d1df1
3f87d147-04c5-93fc-37f6-6343c972be35
6df3b9f5-dec6-d891-7ee6-e22e1cf34fad
fd40db72-259e-a2c9-ccee-db7522824e5b
e1982368-275b-97fc-4174-151084428a94
273e849a-dc05-a8c3-0281-c8a2e827318d
5cd8d703-abee-3948-b6a3-3b7f3232a166
bd155994-0316-6a21-8dae-5d670006ab46
2ff3093c-53e8-9814-d2a8-c58f6c866dbb","d24481dd-66b0-1408-8e57-e95689202eb9,ece1a9ae-ffd4-aa16-ba60-f4aaf994a432,f6669f7b-58ec-429f-30e4-b854d25735fa,6f77c1f5-b663-996c-c336-72c1d5493d4b,fb061221-316e-c954-1422-57bb4f6b9a46,a0bcc770-67eb-ddb1-2e42-b9b81a701feb,1933364a-bd6f-e0c0-752b-7c7f863d1df1,3f87d147-04c5-93fc-37f6-6343c972be35,6df3b9f5-dec6-d891-7ee6-e22e1cf34fad,fd40db72-259e-a2c9-ccee-db7522824e5b,e1982368-275b-97fc-4174-151084428a94,273e849a-dc05-a8c3-0281-c8a2e827318d,5cd8d703-abee-3948-b6a3-3b7f3232a166,bd155994-0316-6a21-8dae-5d670006ab46,2ff3093c-53e8-9814-d2a8-c58f6c866dbb"
"2026-05-20T00:24:55.000+0000",VISA,"VISA,MASTERCARD","1779236695.761",INFO,"INFO,ERROR,EXIT","04/27","01/27,02/27,03/27,04/27,05/27,06/27,07/27,08/27,09/27,10/27,11/27,12/27",761,1779236695,"e1982368-275b-97fc-4174-151084428a94","d24481dd-66b0-1408-8e57-e95689202eb9
ece1a9ae-ffd4-aa16-ba60-f4aaf994a432
f6669f7b-58ec-429f-30e4-b854d25735fa
6f77c1f5-b663-996c-c336-72c1d5493d4b
fb061221-316e-c954-1422-57bb4f6b9a46
a0bcc770-67eb-ddb1-2e42-b9b81a701feb
1933364a-bd6f-e0c0-752b-7c7f863d1df1
3f87d147-04c5-93fc-37f6-6343c972be35
6df3b9f5-dec6-d891-7ee6-e22e1cf34fad
fd40db72-259e-a2c9-ccee-db7522824e5b
e1982368-275b-97fc-4174-151084428a94
273e849a-dc05-a8c3-0281-c8a2e827318d
5cd8d703-abee-3948-b6a3-3b7f3232a166
bd155994-0316-6a21-8dae-5d670006ab46
2ff3093c-53e8-9814-d2a8-c58f6c866dbb","d24481dd-66b0-1408-8e57-e95689202eb9,ece1a9ae-ffd4-aa16-ba60-f4aaf994a432,f6669f7b-58ec-429f-30e4-b854d25735fa,6f77c1f5-b663-996c-c336-72c1d5493d4b,fb061221-316e-c954-1422-57bb4f6b9a46,a0bcc770-67eb-ddb1-2e42-b9b81a701feb,1933364a-bd6f-e0c0-752b-7c7f863d1df1,3f87d147-04c5-93fc-37f6-6343c972be35,6df3b9f5-dec6-d891-7ee6-e22e1cf34fad,fd40db72-259e-a2c9-ccee-db7522824e5b,e1982368-275b-97fc-4174-151084428a94,273e849a-dc05-a8c3-0281-c8a2e827318d,5cd8d703-abee-3948-b6a3-3b7f3232a166,bd155994-0316-6a21-8dae-5d670006ab46,2ff3093c-53e8-9814-d2a8-c58f6c866dbb"
"2026-05-23T13:32:37.000+0000",VISA,"VISA,MASTERCARD","1779543158.114",ERROR,"INFO,ERROR,EXIT","05/27","01/27,02/27,03/27,04/27,05/27,06/27,07/27,08/27,09/27,10/27,11/27,12/27",1114,1779543157,"a0bcc770-67eb-ddb1-2e42-b9b81a701feb","d24481dd-66b0-1408-8e57-e95689202eb9
ece1a9ae-ffd4-aa16-ba60-f4aaf994a432
f6669f7b-58ec-429f-30e4-b854d25735fa
6f77c1f5-b663-996c-c336-72c1d5493d4b
fb061221-316e-c954-1422-57bb4f6b9a46
a0bcc770-67eb-ddb1-2e42-b9b81a701feb
1933364a-bd6f-e0c0-752b-7c7f863d1df1
3f87d147-04c5-93fc-37f6-6343c972be35
6df3b9f5-dec6-d891-7ee6-e22e1cf34fad
fd40db72-259e-a2c9-ccee-db7522824e5b
e1982368-275b-97fc-4174-151084428a94
273e849a-dc05-a8c3-0281-c8a2e827318d
5cd8d703-abee-3948-b6a3-3b7f3232a166
bd155994-0316-6a21-8dae-5d670006ab46
2ff3093c-53e8-9814-d2a8-c58f6c866dbb","d24481dd-66b0-1408-8e57-e95689202eb9,ece1a9ae-ffd4-aa16-ba60-f4aaf994a432,f6669f7b-58ec-429f-30e4-b854d25735fa,6f77c1f5-b663-996c-c336-72c1d5493d4b,fb061221-316e-c954-1422-57bb4f6b9a46,a0bcc770-67eb-ddb1-2e42-b9b81a701feb,1933364a-bd6f-e0c0-752b-7c7f863d1df1,3f87d147-04c5-93fc-37f6-6343c972be35,6df3b9f5-dec6-d891-7ee6-e22e1cf34fad,fd40db72-259e-a2c9-ccee-db7522824e5b,e1982368-275b-97fc-4174-151084428a94,273e849a-dc05-a8c3-0281-c8a2e827318d,5cd8d703-abee-3948-b6a3-3b7f3232a166,bd155994-0316-6a21-8dae-5d670006ab46,2ff3093c-53e8-9814-d2a8-c58f6c866dbb"
"2026-05-19T10:38:49.000+0000",VISA,"VISA,MASTERCARD","1779187129.91",EXIT,"INFO,ERROR,EXIT","02/27","01/27,02/27,03/27,04/27,05/27,06/27,07/27,08/27,09/27,10/27,11/27,12/27",910,1779187129,"2ff3093c-53e8-9814-d2a8-c58f6c866dbb","d24481dd-66b0-1408-8e57-e95689202eb9
ece1a9ae-ffd4-aa16-ba60-f4aaf994a432
f6669f7b-58ec-429f-30e4-b854d25735fa
6f77c1f5-b663-996c-c336-72c1d5493d4b
fb061221-316e-c954-1422-57bb4f6b9a46
a0bcc770-67eb-ddb1-2e42-b9b81a701feb
1933364a-bd6f-e0c0-752b-7c7f863d1df1
3f87d147-04c5-93fc-37f6-6343c972be35
6df3b9f5-dec6-d891-7ee6-e22e1cf34fad
fd40db72-259e-a2c9-ccee-db7522824e5b
e1982368-275b-97fc-4174-151084428a94
273e849a-dc05-a8c3-0281-c8a2e827318d
5cd8d703-abee-3948-b6a3-3b7f3232a166
bd155994-0316-6a21-8dae-5d670006ab46
2ff3093c-53e8-9814-d2a8-c58f6c866dbb","d24481dd-66b0-1408-8e57-e95689202eb9,ece1a9ae-ffd4-aa16-ba60-f4aaf994a432,f6669f7b-58ec-429f-30e4-b854d25735fa,6f77c1f5-b663-996c-c336-72c1d5493d4b,fb061221-316e-c954-1422-57bb4f6b9a46,a0bcc770-67eb-ddb1-2e42-b9b81a701feb,1933364a-bd6f-e0c0-752b-7c7f863d1df1,3f87d147-04c5-93fc-37f6-6343c972be35,6df3b9f5-dec6-d891-7ee6-e22e1cf34fad,fd40db72-259e-a2c9-ccee-db7522824e5b,e1982368-275b-97fc-4174-151084428a94,273e849a-dc05-a8c3-0281-c8a2e827318d,5cd8d703-abee-3948-b6a3-3b7f3232a166,bd155994-0316-6a21-8dae-5d670006ab46,2ff3093c-53e8-9814-d2a8-c58f6c866dbb"
"2026-05-25T13:26:38.000+0000",MASTERCARD,"VISA,MASTERCARD","1779715598.299",EXIT,"INFO,ERROR,EXIT","06/27","01/27,02/27,03/27,04/27,05/27,06/27,07/27,08/27,09/27,10/27,11/27,12/27",299,1779715598,"f6669f7b-58ec-429f-30e4-b854d25735fa","d24481dd-66b0-1408-8e57-e95689202eb9
ece1a9ae-ffd4-aa16-ba60-f4aaf994a432
f6669f7b-58ec-429f-30e4-b854d25735fa
6f77c1f5-b663-996c-c336-72c1d5493d4b
fb061221-316e-c954-1422-57bb4f6b9a46
a0bcc770-67eb-ddb1-2e42-b9b81a701feb
1933364a-bd6f-e0c0-752b-7c7f863d1df1
3f87d147-04c5-93fc-37f6-6343c972be35
6df3b9f5-dec6-d891-7ee6-e22e1cf34fad
fd40db72-259e-a2c9-ccee-db7522824e5b
e1982368-275b-97fc-4174-151084428a94
273e849a-dc05-a8c3-0281-c8a2e827318d
5cd8d703-abee-3948-b6a3-3b7f3232a166
bd155994-0316-6a21-8dae-5d670006ab46
2ff3093c-53e8-9814-d2a8-c58f6c866dbb","d24481dd-66b0-1408-8e57-e95689202eb9,ece1a9ae-ffd4-aa16-ba60-f4aaf994a432,f6669f7b-58ec-429f-30e4-b854d25735fa,6f77c1f5-b663-996c-c336-72c1d5493d4b,fb061221-316e-c954-1422-57bb4f6b9a46,a0bcc770-67eb-ddb1-2e42-b9b81a701feb,1933364a-bd6f-e0c0-752b-7c7f863d1df1,3f87d147-04c5-93fc-37f6-6343c972be35,6df3b9f5-dec6-d891-7ee6-e22e1cf34fad,fd40db72-259e-a2c9-ccee-db7522824e5b,e1982368-275b-97fc-4174-151084428a94,273e849a-dc05-a8c3-0281-c8a2e827318d,5cd8d703-abee-3948-b6a3-3b7f3232a166,bd155994-0316-6a21-8dae-5d670006ab46,2ff3093c-53e8-9814-d2a8-c58f6c866dbb"
"2026-05-20T15:13:53.000+0000",VISA,"VISA,MASTERCARD","1779290033.376",INFO,"INFO,ERROR,EXIT","07/27","01/27,02/27,03/27,04/27,05/27,06/27,07/27,08/27,09/27,10/27,11/27,12/27",376,1779290033,"6f77c1f5-b663-996c-c336-72c1d5493d4b","d24481dd-66b0-1408-8e57-e95689202eb9
ece1a9ae-ffd4-aa16-ba60-f4aaf994a432
f6669f7b-58ec-429f-30e4-b854d25735fa
6f77c1f5-b663-996c-c336-72c1d5493d4b
fb061221-316e-c954-1422-57bb4f6b9a46
a0bcc770-67eb-ddb1-2e42-b9b81a701feb
1933364a-bd6f-e0c0-752b-7c7f863d1df1
3f87d147-04c5-93fc-37f6-6343c972be35
6df3b9f5-dec6-d891-7ee6-e22e1cf34fad
fd40db72-259e-a2c9-ccee-db7522824e5b
e1982368-275b-97fc-4174-151084428a94
273e849a-dc05-a8c3-0281-c8a2e827318d
5cd8d703-abee-3948-b6a3-3b7f3232a166
bd155994-0316-6a21-8dae-5d670006ab46
2ff3093c-53e8-9814-d2a8-c58f6c866dbb","d24481dd-66b0-1408-8e57-e95689202eb9,ece1a9ae-ffd4-aa16-ba60-f4aaf994a432,f6669f7b-58ec-429f-30e4-b854d25735fa,6f77c1f5-b663-996c-c336-72c1d5493d4b,fb061221-316e-c954-1422-57bb4f6b9a46,a0bcc770-67eb-ddb1-2e42-b9b81a701feb,1933364a-bd6f-e0c0-752b-7c7f863d1df1,3f87d147-04c5-93fc-37f6-6343c972be35,6df3b9f5-dec6-d891-7ee6-e22e1cf34fad,fd40db72-259e-a2c9-ccee-db7522824e5b,e1982368-275b-97fc-4174-151084428a94,273e849a-dc05-a8c3-0281-c8a2e827318d,5cd8d703-abee-3948-b6a3-3b7f3232a166,bd155994-0316-6a21-8dae-5d670006ab46,2ff3093c-53e8-9814-d2a8-c58f6c866dbb"
"2026-05-20T16:48:13.000+0000",VISA,"VISA,MASTERCARD","1779295694.005",INFO,"INFO,ERROR,EXIT","08/27","01/27,02/27,03/27,04/27,05/27,06/27,07/27,08/27,09/27,10/27,11/27,12/27",1005,1779295693,"fb061221-316e-c954-1422-57bb4f6b9a46","d24481dd-66b0-1408-8e57-e95689202eb9
ece1a9ae-ffd4-aa16-ba60-f4aaf994a432
f6669f7b-58ec-429f-30e4-b854d25735fa
6f77c1f5-b663-996c-c336-72c1d5493d4b
fb061221-316e-c954-1422-57bb4f6b9a46
a0bcc770-67eb-ddb1-2e42-b9b81a701feb
1933364a-bd6f-e0c0-752b-7c7f863d1df1
3f87d147-04c5-93fc-37f6-6343c972be35
6df3b9f5-dec6-d891-7ee6-e22e1cf34fad
fd40db72-259e-a2c9-ccee-db7522824e5b
e1982368-275b-97fc-4174-151084428a94
273e849a-dc05-a8c3-0281-c8a2e827318d
5cd8d703-abee-3948-b6a3-3b7f3232a166
bd155994-0316-6a21-8dae-5d670006ab46
2ff3093c-53e8-9814-d2a8-c58f6c866dbb","d24481dd-66b0-1408-8e57-e95689202eb9,ece1a9ae-ffd4-aa16-ba60-f4aaf994a432,f6669f7b-58ec-429f-30e4-b854d25735fa,6f77c1f5-b663-996c-c336-72c1d5493d4b,fb061221-316e-c954-1422-57bb4f6b9a46,a0bcc770-67eb-ddb1-2e42-b9b81a701feb,1933364a-bd6f-e0c0-752b-7c7f863d1df1,3f87d147-04c5-93fc-37f6-6343c972be35,6df3b9f5-dec6-d891-7ee6-e22e1cf34fad,fd40db72-259e-a2c9-ccee-db7522824e5b,e1982368-275b-97fc-4174-151084428a94,273e849a-dc05-a8c3-0281-c8a2e827318d,5cd8d703-abee-3948-b6a3-3b7f3232a166,bd155994-0316-6a21-8dae-5d670006ab46,2ff3093c-53e8-9814-d2a8-c58f6c866dbb"
"2026-05-25T04:13:23.000+0000",MASTERCARD,"VISA,MASTERCARD","1779682403.259",ERROR,"INFO,ERROR,EXIT","05/27","01/27,02/27,03/27,04/27,05/27,06/27,07/27,08/27,09/27,10/27,11/27,12/27",259,1779682403,"bd155994-0316-6a21-8dae-5d670006ab46","d24481dd-66b0-1408-8e57-e95689202eb9
ece1a9ae-ffd4-aa16-ba60-f4aaf994a432
f6669f7b-58ec-429f-30e4-b854d25735fa
6f77c1f5-b663-996c-c336-72c1d5493d4b
fb061221-316e-c954-1422-57bb4f6b9a46
a0bcc770-67eb-ddb1-2e42-b9b81a701feb
1933364a-bd6f-e0c0-752b-7c7f863d1df1
3f87d147-04c5-93fc-37f6-6343c972be35
6df3b9f5-dec6-d891-7ee6-e22e1cf34fad
fd40db72-259e-a2c9-ccee-db7522824e5b
e1982368-275b-97fc-4174-151084428a94
273e849a-dc05-a8c3-0281-c8a2e827318d
5cd8d703-abee-3948-b6a3-3b7f3232a166
bd155994-0316-6a21-8dae-5d670006ab46
2ff3093c-53e8-9814-d2a8-c58f6c866dbb","d24481dd-66b0-1408-8e57-e95689202eb9,ece1a9ae-ffd4-aa16-ba60-f4aaf994a432,f6669f7b-58ec-429f-30e4-b854d25735fa,6f77c1f5-b663-996c-c336-72c1d5493d4b,fb061221-316e-c954-1422-57bb4f6b9a46,a0bcc770-67eb-ddb1-2e42-b9b81a701feb,1933364a-bd6f-e0c0-752b-7c7f863d1df1,3f87d147-04c5-93fc-37f6-6343c972be35,6df3b9f5-dec6-d891-7ee6-e22e1cf34fad,fd40db72-259e-a2c9-ccee-db7522824e5b,e1982368-275b-97fc-4174-151084428a94,273e849a-dc05-a8c3-0281-c8a2e827318d,5cd8d703-abee-3948-b6a3-3b7f3232a166,bd155994-0316-6a21-8dae-5d670006ab46,2ff3093c-53e8-9814-d2a8-c58f6c866dbb"
"2026-05-22T00:07:31.000+0000",VISA,"VISA,MASTERCARD","1779408452.327",INFO,"INFO,ERROR,EXIT","10/27","01/27,02/27,03/27,04/27,05/27,06/27,07/27,08/27,09/27,10/27,11/27,12/27",1327,1779408451,"6df3b9f5-dec6-d891-7ee6-e22e1cf34fad","d24481dd-66b0-1408-8e57-e95689202eb9
ece1a9ae-ffd4-aa16-ba60-f4aaf994a432
f6669f7b-58ec-429f-30e4-b854d25735fa
6f77c1f5-b663-996c-c336-72c1d5493d4b
fb061221-316e-c954-1422-57bb4f6b9a46
a0bcc770-67eb-ddb1-2e42-b9b81a701feb
1933364a-bd6f-e0c0-752b-7c7f863d1df1
3f87d147-04c5-93fc-37f6-6343c972be35
6df3b9f5-dec6-d891-7ee6-e22e1cf34fad
fd40db72-259e-a2c9-ccee-db7522824e5b
e1982368-275b-97fc-4174-151084428a94
273e849a-dc05-a8c3-0281-c8a2e827318d
5cd8d703-abee-3948-b6a3-3b7f3232a166
bd155994-0316-6a21-8dae-5d670006ab46
2ff3093c-53e8-9814-d2a8-c58f6c866dbb","d24481dd-66b0-1408-8e57-e95689202eb9,ece1a9ae-ffd4-aa16-ba60-f4aaf994a432,f6669f7b-58ec-429f-30e4-b854d25735fa,6f77c1f5-b663-996c-c336-72c1d5493d4b,fb061221-316e-c954-1422-57bb4f6b9a46,a0bcc770-67eb-ddb1-2e42-b9b81a701feb,1933364a-bd6f-e0c0-752b-7c7f863d1df1,3f87d147-04c5-93fc-37f6-6343c972be35,6df3b9f5-dec6-d891-7ee6-e22e1cf34fad,fd40db72-259e-a2c9-ccee-db7522824e5b,e1982368-275b-97fc-4174-151084428a94,273e849a-dc05-a8c3-0281-c8a2e827318d,5cd8d703-abee-3948-b6a3-3b7f3232a166,bd155994-0316-6a21-8dae-5d670006ab46,2ff3093c-53e8-9814-d2a8-c58f6c866dbb"
"2026-05-22T08:39:59.000+0000",VISA,"VISA,MASTERCARD","1779439199.204",EXIT,"INFO,ERROR,EXIT","12/27","01/27,02/27,03/27,04/27,05/27,06/27,07/27,08/27,09/27,10/27,11/27,12/27",204,1779439199,"e1982368-275b-97fc-4174-151084428a94","d24481dd-66b0-1408-8e57-e95689202eb9
ece1a9ae-ffd4-aa16-ba60-f4aaf994a432
f6669f7b-58ec-429f-30e4-b854d25735fa
6f77c1f5-b663-996c-c336-72c1d5493d4b
fb061221-316e-c954-1422-57bb4f6b9a46
a0bcc770-67eb-ddb1-2e42-b9b81a701feb
1933364a-bd6f-e0c0-752b-7c7f863d1df1
3f87d147-04c5-93fc-37f6-6343c972be35
6df3b9f5-dec6-d891-7ee6-e22e1cf34fad
fd40db72-259e-a2c9-ccee-db7522824e5b
e1982368-275b-97fc-4174-151084428a94
273e849a-dc05-a8c3-0281-c8a2e827318d
5cd8d703-abee-3948-b6a3-3b7f3232a166
bd155994-0316-6a21-8dae-5d670006ab46
2ff3093c-53e8-9814-d2a8-c58f6c866dbb","d24481dd-66b0-1408-8e57-e95689202eb9,ece1a9ae-ffd4-aa16-ba60-f4aaf994a432,f6669f7b-58ec-429f-30e4-b854d25735fa,6f77c1f5-b663-996c-c336-72c1d5493d4b,fb061221-316e-c954-1422-57bb4f6b9a46,a0bcc770-67eb-ddb1-2e42-b9b81a701feb,1933364a-bd6f-e0c0-752b-7c7f863d1df1,3f87d147-04c5-93fc-37f6-6343c972be35,6df3b9f5-dec6-d891-7ee6-e22e1cf34fad,fd40db72-259e-a2c9-ccee-db7522824e5b,e1982368-275b-97fc-4174-151084428a94,273e849a-dc05-a8c3-0281-c8a2e827318d,5cd8d703-abee-3948-b6a3-3b7f3232a166,bd155994-0316-6a21-8dae-5d670006ab46,2ff3093c-53e8-9814-d2a8-c58f6c866dbb"
"2026-05-22T20:59:07.000+0000",MASTERCARD,"VISA,MASTERCARD","1779483547.478",EXIT,"INFO,ERROR,EXIT","11/27","01/27,02/27,03/27,04/27,05/27,06/27,07/27,08/27,09/27,10/27,11/27,12/27",478,1779483547,"f6669f7b-58ec-429f-30e4-b854d25735fa","d24481dd-66b0-1408-8e57-e95689202eb9
ece1a9ae-ffd4-aa16-ba60-f4aaf994a432
f6669f7b-58ec-429f-30e4-b854d25735fa
6f77c1f5-b663-996c-c336-72c1d5493d4b
fb061221-316e-c954-1422-57bb4f6b9a46
a0bcc770-67eb-ddb1-2e42-b9b81a701feb
1933364a-bd6f-e0c0-752b-7c7f863d1df1
3f87d147-04c5-93fc-37f6-6343c972be35
6df3b9f5-dec6-d891-7ee6-e22e1cf34fad
fd40db72-259e-a2c9-ccee-db7522824e5b
e1982368-275b-97fc-4174-151084428a94
273e849a-dc05-a8c3-0281-c8a2e827318d
5cd8d703-abee-3948-b6a3-3b7f3232a166
bd155994-0316-6a21-8dae-5d670006ab46
2ff3093c-53e8-9814-d2a8-c58f6c866dbb","d24481dd-66b0-1408-8e57-e95689202eb9,ece1a9ae-ffd4-aa16-ba60-f4aaf994a432,f6669f7b-58ec-429f-30e4-b854d25735fa,6f77c1f5-b663-996c-c336-72c1d5493d4b,fb061221-316e-c954-1422-57bb4f6b9a46,a0bcc770-67eb-ddb1-2e42-b9b81a701feb,1933364a-bd6f-e0c0-752b-7c7f863d1df1,3f87d147-04c5-93fc-37f6-6343c972be35,6df3b9f5-dec6-d891-7ee6-e22e1cf34fad,fd40db72-259e-a2c9-ccee-db7522824e5b,e1982368-275b-97fc-4174-151084428a94,273e849a-dc05-a8c3-0281-c8a2e827318d,5cd8d703-abee-3948-b6a3-3b7f3232a166,bd155994-0316-6a21-8dae-5d670006ab46,2ff3093c-53e8-9814-d2a8-c58f6c866dbb"
"2026-05-24T16:58:40.000+0000",VISA,"VISA,MASTERCARD","1779641921.31",EXIT,"INFO,ERROR,EXIT","09/27","01/27,02/27,03/27,04/27,05/27,06/27,07/27,08/27,09/27,10/27,11/27,12/27",1310,1779641920,"3f87d147-04c5-93fc-37f6-6343c972be35","d24481dd-66b0-1408-8e57-e95689202eb9
ece1a9ae-ffd4-aa16-ba60-f4aaf994a432
f6669f7b-58ec-429f-30e4-b854d25735fa
6f77c1f5-b663-996c-c336-72c1d5493d4b
fb061221-316e-c954-1422-57bb4f6b9a46
a0bcc770-67eb-ddb1-2e42-b9b81a701feb
1933364a-bd6f-e0c0-752b-7c7f863d1df1
3f87d147-04c5-93fc-37f6-6343c972be35
6df3b9f5-dec6-d891-7ee6-e22e1cf34fad
fd40db72-259e-a2c9-ccee-db7522824e5b
e1982368-275b-97fc-4174-151084428a94
273e849a-dc05-a8c3-0281-c8a2e827318d
5cd8d703-abee-3948-b6a3-3b7f3232a166
bd155994-0316-6a21-8dae-5d670006ab46
2ff3093c-53e8-9814-d2a8-c58f6c866dbb","d24481dd-66b0-1408-8e57-e95689202eb9,ece1a9ae-ffd4-aa16-ba60-f4aaf994a432,f6669f7b-58ec-429f-30e4-b854d25735fa,6f77c1f5-b663-996c-c336-72c1d5493d4b,fb061221-316e-c954-1422-57bb4f6b9a46,a0bcc770-67eb-ddb1-2e42-b9b81a701feb,1933364a-bd6f-e0c0-752b-7c7f863d1df1,3f87d147-04c5-93fc-37f6-6343c972be35,6df3b9f5-dec6-d891-7ee6-e22e1cf34fad,fd40db72-259e-a2c9-ccee-db7522824e5b,e1982368-275b-97fc-4174-151084428a94,273e849a-dc05-a8c3-0281-c8a2e827318d,5cd8d703-abee-3948-b6a3-3b7f3232a166,bd155994-0316-6a21-8dae-5d670006ab46,2ff3093c-53e8-9814-d2a8-c58f6c866dbb"
"2026-05-23T04:27:39.000+0000",VISA,"VISA,MASTERCARD","1779510459.363",EXIT,"INFO,ERROR,EXIT","04/27","01/27,02/27,03/27,04/27,05/27,06/27,07/27,08/27,09/27,10/27,11/27,12/27",363,1779510459,"d24481dd-66b0-1408-8e57-e95689202eb9","d24481dd-66b0-1408-8e57-e95689202eb9
ece1a9ae-ffd4-aa16-ba60-f4aaf994a432
f6669f7b-58ec-429f-30e4-b854d25735fa
6f77c1f5-b663-996c-c336-72c1d5493d4b
fb061221-316e-c954-1422-57bb4f6b9a46
a0bcc770-67eb-ddb1-2e42-b9b81a701feb
1933364a-bd6f-e0c0-752b-7c7f863d1df1
3f87d147-04c5-93fc-37f6-6343c972be35
6df3b9f5-dec6-d891-7ee6-e22e1cf34fad
fd40db72-259e-a2c9-ccee-db7522824e5b
e1982368-275b-97fc-4174-151084428a94
273e849a-dc05-a8c3-0281-c8a2e827318d
5cd8d703-abee-3948-b6a3-3b7f3232a166
bd155994-0316-6a21-8dae-5d670006ab46
2ff3093c-53e8-9814-d2a8-c58f6c866dbb","d24481dd-66b0-1408-8e57-e95689202eb9,ece1a9ae-ffd4-aa16-ba60-f4aaf994a432,f6669f7b-58ec-429f-30e4-b854d25735fa,6f77c1f5-b663-996c-c336-72c1d5493d4b,fb061221-316e-c954-1422-57bb4f6b9a46,a0bcc770-67eb-ddb1-2e42-b9b81a701feb,1933364a-bd6f-e0c0-752b-7c7f863d1df1,3f87d147-04c5-93fc-37f6-6343c972be35,6df3b9f5-dec6-d891-7ee6-e22e1cf34fad,fd40db72-259e-a2c9-ccee-db7522824e5b,e1982368-275b-97fc-4174-151084428a94,273e849a-dc05-a8c3-0281-c8a2e827318d,5cd8d703-abee-3948-b6a3-3b7f3232a166,bd155994-0316-6a21-8dae-5d670006ab46,2ff3093c-53e8-9814-d2a8-c58f6c866dbb"
"2026-05-20T09:00:27.000+0000",MASTERCARD,"VISA,MASTERCARD","1779267628.199",EXIT,"INFO,ERROR,EXIT","03/27","01/27,02/27,03/27,04/27,05/27,06/27,07/27,08/27,09/27,10/27,11/27,12/27",1199,1779267627,"f6669f7b-58ec-429f-30e4-b854d25735fa","d24481dd-66b0-1408-8e57-e95689202eb9
ece1a9ae-ffd4-aa16-ba60-f4aaf994a432
f6669f7b-58ec-429f-30e4-b854d25735fa
6f77c1f5-b663-996c-c336-72c1d5493d4b
fb061221-316e-c954-1422-57bb4f6b9a46
a0bcc770-67eb-ddb1-2e42-b9b81a701feb
1933364a-bd6f-e0c0-752b-7c7f863d1df1
3f87d147-04c5-93fc-37f6-6343c972be35
6df3b9f5-dec6-d891-7ee6-e22e1cf34fad
fd40db72-259e-a2c9-ccee-db7522824e5b
e1982368-275b-97fc-4174-151084428a94
273e849a-dc05-a8c3-0281-c8a2e827318d
5cd8d703-abee-3948-b6a3-3b7f3232a166
bd155994-0316-6a21-8dae-5d670006ab46
2ff3093c-53e8-9814-d2a8-c58f6c866dbb","d24481dd-66b0-1408-8e57-e95689202eb9,ece1a9ae-ffd4-aa16-ba60-f4aaf994a432,f6669f7b-58ec-429f-30e4-b854d25735fa,6f77c1f5-b663-996c-c336-72c1d5493d4b,fb061221-316e-c954-1422-57bb4f6b9a46,a0bcc770-67eb-ddb1-2e42-b9b81a701feb,1933364a-bd6f-e0c0-752b-7c7f863d1df1,3f87d147-04c5-93fc-37f6-6343c972be35,6df3b9f5-dec6-d891-7ee6-e22e1cf34fad,fd40db72-259e-a2c9-ccee-db7522824e5b,e1982368-275b-97fc-4174-151084428a94,273e849a-dc05-a8c3-0281-c8a2e827318d,5cd8d703-abee-3948-b6a3-3b7f3232a166,bd155994-0316-6a21-8dae-5d670006ab46,2ff3093c-53e8-9814-d2a8-c58f6c866dbb"
"2026-05-19T12:56:42.000+0000",MASTERCARD,"VISA,MASTERCARD","1779195402.314",ERROR,"INFO,ERROR,EXIT","02/27","01/27,02/27,03/27,04/27,05/27,06/27,07/27,08/27,09/27,10/27,11/27,12/27",314,1779195402,"fd40db72-259e-a2c9-ccee-db7522824e5b","d24481dd-66b0-1408-8e57-e95689202eb9
ece1a9ae-ffd4-aa16-ba60-f4aaf994a432
f6669f7b-58ec-429f-30e4-b854d25735fa
6f77c1f5-b663-996c-c336-72c1d5493d4b
fb061221-316e-c954-1422-57bb4f6b9a46
a0bcc770-67eb-ddb1-2e42-b9b81a701feb
1933364a-bd6f-e0c0-752b-7c7f863d1df1
3f87d147-04c5-93fc-37f6-6343c972be35
6df3b9f5-dec6-d891-7ee6-e22e1cf34fad
fd40db72-259e-a2c9-ccee-db7522824e5b
e1982368-275b-97fc-4174-151084428a94
273e849a-dc05-a8c3-0281-c8a2e827318d
5cd8d703-abee-3948-b6a3-3b7f3232a166
bd155994-0316-6a21-8dae-5d670006ab46
2ff3093c-53e8-9814-d2a8-c58f6c866dbb","d24481dd-66b0-1408-8e57-e95689202eb9,ece1a9ae-ffd4-aa16-ba60-f4aaf994a432,f6669f7b-58ec-429f-30e4-b854d25735fa,6f77c1f5-b663-996c-c336-72c1d5493d4b,fb061221-316e-c954-1422-57bb4f6b9a46,a0bcc770-67eb-ddb1-2e42-b9b81a701feb,1933364a-bd6f-e0c0-752b-7c7f863d1df1,3f87d147-04c5-93fc-37f6-6343c972be35,6df3b9f5-dec6-d891-7ee6-e22e1cf34fad,fd40db72-259e-a2c9-ccee-db7522824e5b,e1982368-275b-97fc-4174-151084428a94,273e849a-dc05-a8c3-0281-c8a2e827318d,5cd8d703-abee-3948-b6a3-3b7f3232a166,bd155994-0316-6a21-8dae-5d670006ab46,2ff3093c-53e8-9814-d2a8-c58f6c866dbb"
"2026-05-21T09:04:18.000+0000",VISA,"VISA,MASTERCARD","1779354259.15",ERROR,"INFO,ERROR,EXIT","01/27","01/27,02/27,03/27,04/27,05/27,06/27,07/27,08/27,09/27,10/27,11/27,12/27",1150,1779354258,"d24481dd-66b0-1408-8e57-e95689202eb9","d24481dd-66b0-1408-8e57-e95689202eb9
ece1a9ae-ffd4-aa16-ba60-f4aaf994a432
f6669f7b-58ec-429f-30e4-b854d25735fa
6f77c1f5-b663-996c-c336-72c1d5493d4b
fb061221-316e-c954-1422-57bb4f6b9a46
a0bcc770-67eb-ddb1-2e42-b9b81a701feb
1933364a-bd6f-e0c0-752b-7c7f863d1df1
3f87d147-04c5-93fc-37f6-6343c972be35
6df3b9f5-dec6-d891-7ee6-e22e1cf34fad
fd40db72-259e-a2c9-ccee-db7522824e5b
e1982368-275b-97fc-4174-151084428a94
273e849a-dc05-a8c3-0281-c8a2e827318d
5cd8d703-abee-3948-b6a3-3b7f3232a166
bd155994-0316-6a21-8dae-5d670006ab46
2ff3093c-53e8-9814-d2a8-c58f6c866dbb","d24481dd-66b0-1408-8e57-e95689202eb9,ece1a9ae-ffd4-aa16-ba60-f4aaf994a432,f6669f7b-58ec-429f-30e4-b854d25735fa,6f77c1f5-b663-996c-c336-72c1d5493d4b,fb061221-316e-c954-1422-57bb4f6b9a46,a0bcc770-67eb-ddb1-2e42-b9b81a701feb,1933364a-bd6f-e0c0-752b-7c7f863d1df1,3f87d147-04c5-93fc-37f6-6343c972be35,6df3b9f5-dec6-d891-7ee6-e22e1cf34fad,fd40db72-259e-a2c9-ccee-db7522824e5b,e1982368-275b-97fc-4174-151084428a94,273e849a-dc05-a8c3-0281-c8a2e827318d,5cd8d703-abee-3948-b6a3-3b7f3232a166,bd155994-0316-6a21-8dae-5d670006ab46,2ff3093c-53e8-9814-d2a8-c58f6c866dbb"
"2026-05-24T19:33:40.000+0000",VISA,"VISA,MASTERCARD","1779651220.962",INFO,"INFO,ERROR,EXIT","09/27","01/27,02/27,03/27,04/27,05/27,06/27,07/27,08/27,09/27,10/27,11/27,12/27",962,1779651220,"6df3b9f5-dec6-d891-7ee6-e22e1cf34fad","d24481dd-66b0-1408-8e57-e95689202eb9
ece1a9ae-ffd4-aa16-ba60-f4aaf994a432
f6669f7b-58ec-429f-30e4-b854d25735fa
6f77c1f5-b663-996c-c336-72c1d5493d4b
fb061221-316e-c954-1422-57bb4f6b9a46
a0bcc770-67eb-ddb1-2e42-b9b81a701feb
1933364a-bd6f-e0c0-752b-7c7f863d1df1
3f87d147-04c5-93fc-37f6-6343c972be35
6df3b9f5-dec6-d891-7ee6-e22e1cf34fad
fd40db72-259e-a2c9-ccee-db7522824e5b
e1982368-275b-97fc-4174-151084428a94
273e849a-dc05-a8c3-0281-c8a2e827318d
5cd8d703-abee-3948-b6a3-3b7f3232a166
bd155994-0316-6a21-8dae-5d670006ab46
2ff3093c-53e8-9814-d2a8-c58f6c866dbb","d24481dd-66b0-1408-8e57-e95689202eb9,ece1a9ae-ffd4-aa16-ba60-f4aaf994a432,f6669f7b-58ec-429f-30e4-b854d25735fa,6f77c1f5-b663-996c-c336-72c1d5493d4b,fb061221-316e-c954-1422-57bb4f6b9a46,a0bcc770-67eb-ddb1-2e42-b9b81a701feb,1933364a-bd6f-e0c0-752b-7c7f863d1df1,3f87d147-04c5-93fc-37f6-6343c972be35,6df3b9f5-dec6-d891-7ee6-e22e1cf34fad,fd40db72-259e-a2c9-ccee-db7522824e5b,e1982368-275b-97fc-4174-151084428a94,273e849a-dc05-a8c3-0281-c8a2e827318d,5cd8d703-abee-3948-b6a3-3b7f3232a166,bd155994-0316-6a21-8dae-5d670006ab46,2ff3093c-53e8-9814-d2a8-c58f6c866dbb"
"2026-05-22T07:25:30.000+0000",MASTERCARD,"VISA,MASTERCARD","1779434730.536",EXIT,"INFO,ERROR,EXIT","09/27","01/27,02/27,03/27,04/27,05/27,06/27,07/27,08/27,09/27,10/27,11/27,12/27",536,1779434730,"6df3b9f5-dec6-d891-7ee6-e22e1cf34fad","d24481dd-66b0-1408-8e57-e95689202eb9
ece1a9ae-ffd4-aa16-ba60-f4aaf994a432
f6669f7b-58ec-429f-30e4-b854d25735fa
6f77c1f5-b663-996c-c336-72c1d5493d4b
fb061221-316e-c954-1422-57bb4f6b9a46
a0bcc770-67eb-ddb1-2e42-b9b81a701feb
1933364a-bd6f-e0c0-752b-7c7f863d1df1
3f87d147-04c5-93fc-37f6-6343c972be35
6df3b9f5-dec6-d891-7ee6-e22e1cf34fad
fd40db72-259e-a2c9-ccee-db7522824e5b
e1982368-275b-97fc-4174-151084428a94
273e849a-dc05-a8c3-0281-c8a2e827318d
5cd8d703-abee-3948-b6a3-3b7f3232a166
bd155994-0316-6a21-8dae-5d670006ab46
2ff3093c-53e8-9814-d2a8-c58f6c866dbb","d24481dd-66b0-1408-8e57-e95689202eb9,ece1a9ae-ffd4-aa16-ba60-f4aaf994a432,f6669f7b-58ec-429f-30e4-b854d25735fa,6f77c1f5-b663-996c-c336-72c1d5493d4b,fb061221-316e-c954-1422-57bb4f6b9a46,a0bcc770-67eb-ddb1-2e42-b9b81a701feb,1933364a-bd6f-e0c0-752b-7c7f863d1df1,3f87d147-04c5-93fc-37f6-6343c972be35,6df3b9f5-dec6-d891-7ee6-e22e1cf34fad,fd40db72-259e-a2c9-ccee-db7522824e5b,e1982368-275b-97fc-4174-151084428a94,273e849a-dc05-a8c3-0281-c8a2e827318d,5cd8d703-abee-3948-b6a3-3b7f3232a166,bd155994-0316-6a21-8dae-5d670006ab46,2ff3093c-53e8-9814-d2a8-c58f6c866dbb"
"2026-05-21T09:28:13.000+0000",VISA,"VISA,MASTERCARD","1779355693.472",ERROR,"INFO,ERROR,EXIT","02/27","01/27,02/27,03/27,04/27,05/27,06/27,07/27,08/27,09/27,10/27,11/27,12/27",472,1779355693,"273e849a-dc05-a8c3-0281-c8a2e827318d","d24481dd-66b0-1408-8e57-e95689202eb9
ece1a9ae-ffd4-aa16-ba60-f4aaf994a432
f6669f7b-58ec-429f-30e4-b854d25735fa
6f77c1f5-b663-996c-c336-72c1d5493d4b
fb061221-316e-c954-1422-57bb4f6b9a46
a0bcc770-67eb-ddb1-2e42-b9b81a701feb
1933364a-bd6f-e0c0-752b-7c7f863d1df1
3f87d147-04c5-93fc-37f6-6343c972be35
6df3b9f5-dec6-d891-7ee6-e22e1cf34fad
fd40db72-259e-a2c9-ccee-db7522824e5b
e1982368-275b-97fc-4174-151084428a94
273e849a-dc05-a8c3-0281-c8a2e827318d
5cd8d703-abee-3948-b6a3-3b7f3232a166
bd155994-0316-6a21-8dae-5d670006ab46
2ff3093c-53e8-9814-d2a8-c58f6c866dbb","d24481dd-66b0-1408-8e57-e95689202eb9,ece1a9ae-ffd4-aa16-ba60-f4aaf994a432,f6669f7b-58ec-429f-30e4-b854d25735fa,6f77c1f5-b663-996c-c336-72c1d5493d4b,fb061221-316e-c954-1422-57bb4f6b9a46,a0bcc770-67eb-ddb1-2e42-b9b81a701feb,1933364a-bd6f-e0c0-752b-7c7f863d1df1,3f87d147-04c5-93fc-37f6-6343c972be35,6df3b9f5-dec6-d891-7ee6-e22e1cf34fad,fd40db72-259e-a2c9-ccee-db7522824e5b,e1982368-275b-97fc-4174-151084428a94,273e849a-dc05-a8c3-0281-c8a2e827318d,5cd8d703-abee-3948-b6a3-3b7f3232a166,bd155994-0316-6a21-8dae-5d670006ab46,2ff3093c-53e8-9814-d2a8-c58f6c866dbb"
"2026-05-22T13:50:20.000+0000",VISA,"VISA,MASTERCARD","1779457820.293",INFO,"INFO,ERROR,EXIT","08/27","01/27,02/27,03/27,04/27,05/27,06/27,07/27,08/27,09/27,10/27,11/27,12/27",293,1779457820,"1933364a-bd6f-e0c0-752b-7c7f863d1df1","d24481dd-66b0-1408-8e57-e95689202eb9
ece1a9ae-ffd4-aa16-ba60-f4aaf994a432
f6669f7b-58ec-429f-30e4-b854d25735fa
6f77c1f5-b663-996c-c336-72c1d5493d4b
fb061221-316e-c954-1422-57bb4f6b9a46
a0bcc770-67eb-ddb1-2e42-b9b81a701feb
1933364a-bd6f-e0c0-752b-7c7f863d1df1
3f87d147-04c5-93fc-37f6-6343c972be35
6df3b9f5-dec6-d891-7ee6-e22e1cf34fad
fd40db72-259e-a2c9-ccee-db7522824e5b
e1982368-275b-97fc-4174-151084428a94
273e849a-dc05-a8c3-0281-c8a2e827318d
5cd8d703-abee-3948-b6a3-3b7f3232a166
bd155994-0316-6a21-8dae-5d670006ab46
2ff3093c-53e8-9814-d2a8-c58f6c866dbb","d24481dd-66b0-1408-8e57-e95689202eb9,ece1a9ae-ffd4-aa16-ba60-f4aaf994a432,f6669f7b-58ec-429f-30e4-b854d25735fa,6f77c1f5-b663-996c-c336-72c1d5493d4b,fb061221-316e-c954-1422-57bb4f6b9a46,a0bcc770-67eb-ddb1-2e42-b9b81a701feb,1933364a-bd6f-e0c0-752b-7c7f863d1df1,3f87d147-04c5-93fc-37f6-6343c972be35,6df3b9f5-dec6-d891-7ee6-e22e1cf34fad,fd40db72-259e-a2c9-ccee-db7522824e5b,e1982368-275b-97fc-4174-151084428a94,273e849a-dc05-a8c3-0281-c8a2e827318d,5cd8d703-abee-3948-b6a3-3b7f3232a166,bd155994-0316-6a21-8dae-5d670006ab46,2ff3093c-53e8-9814-d2a8-c58f6c866dbb"
"2026-05-26T01:07:55.000+0000",VISA,"VISA,MASTERCARD","1779757675.088",EXIT,"INFO,ERROR,EXIT","10/27","01/27,02/27,03/27,04/27,05/27,06/27,07/27,08/27,09/27,10/27,11/27,12/27",88,1779757675,"bd155994-0316-6a21-8dae-5d670006ab46","d24481dd-66b0-1408-8e57-e95689202eb9
ece1a9ae-ffd4-aa16-ba60-f4aaf994a432
f6669f7b-58ec-429f-30e4-b854d25735fa
6f77c1f5-b663-996c-c336-72c1d5493d4b
fb061221-316e-c954-1422-57bb4f6b9a46
a0bcc770-67eb-ddb1-2e42-b9b81a701feb
1933364a-bd6f-e0c0-752b-7c7f863d1df1
3f87d147-04c5-93fc-37f6-6343c972be35
6df3b9f5-dec6-d891-7ee6-e22e1cf34fad
fd40db72-259e-a2c9-ccee-db7522824e5b
e1982368-275b-97fc-4174-151084428a94
273e849a-dc05-a8c3-0281-c8a2e827318d
5cd8d703-abee-3948-b6a3-3b7f3232a166
bd155994-0316-6a21-8dae-5d670006ab46
2ff3093c-53e8-9814-d2a8-c58f6c866dbb","d24481dd-66b0-1408-8e57-e95689202eb9,ece1a9ae-ffd4-aa16-ba60-f4aaf994a432,f6669f7b-58ec-429f-30e4-b854d25735fa,6f77c1f5-b663-996c-c336-72c1d5493d4b,fb061221-316e-c954-1422-57bb4f6b9a46,a0bcc770-67eb-ddb1-2e42-b9b81a701feb,1933364a-bd6f-e0c0-752b-7c7f863d1df1,3f87d147-04c5-93fc-37f6-6343c972be35,6df3b9f5-dec6-d891-7ee6-e22e1cf34fad,fd40db72-259e-a2c9-ccee-db7522824e5b,e1982368-275b-97fc-4174-151084428a94,273e849a-dc05-a8c3-0281-c8a2e827318d,5cd8d703-abee-3948-b6a3-3b7f3232a166,bd155994-0316-6a21-8dae-5d670006ab46,2ff3093c-53e8-9814-d2a8-c58f6c866dbb"
"2026-05-25T08:52:34.000+0000",VISA,"VISA,MASTERCARD","1779699155.305",ERROR,"INFO,ERROR,EXIT","12/27","01/27,02/27,03/27,04/27,05/27,06/27,07/27,08/27,09/27,10/27,11/27,12/27",1305,1779699154,"f6669f7b-58ec-429f-30e4-b854d25735fa","d24481dd-66b0-1408-8e57-e95689202eb9
ece1a9ae-ffd4-aa16-ba60-f4aaf994a432
f6669f7b-58ec-429f-30e4-b854d25735fa
6f77c1f5-b663-996c-c336-72c1d5493d4b
fb061221-316e-c954-1422-57bb4f6b9a46
a0bcc770-67eb-ddb1-2e42-b9b81a701feb
1933364a-bd6f-e0c0-752b-7c7f863d1df1
3f87d147-04c5-93fc-37f6-6343c972be35
6df3b9f5-dec6-d891-7ee6-e22e1cf34fad
fd40db72-259e-a2c9-ccee-db7522824e5b
e1982368-275b-97fc-4174-151084428a94
273e849a-dc05-a8c3-0281-c8a2e827318d
5cd8d703-abee-3948-b6a3-3b7f3232a166
bd155994-0316-6a21-8dae-5d670006ab46
2ff3093c-53e8-9814-d2a8-c58f6c866dbb","d24481dd-66b0-1408-8e57-e95689202eb9,ece1a9ae-ffd4-aa16-ba60-f4aaf994a432,f6669f7b-58ec-429f-30e4-b854d25735fa,6f77c1f5-b663-996c-c336-72c1d5493d4b,fb061221-316e-c954-1422-57bb4f6b9a46,a0bcc770-67eb-ddb1-2e42-b9b81a701feb,1933364a-bd6f-e0c0-752b-7c7f863d1df1,3f87d147-04c5-93fc-37f6-6343c972be35,6df3b9f5-dec6-d891-7ee6-e22e1cf34fad,fd40db72-259e-a2c9-ccee-db7522824e5b,e1982368-275b-97fc-4174-151084428a94,273e849a-dc05-a8c3-0281-c8a2e827318d,5cd8d703-abee-3948-b6a3-3b7f3232a166,bd155994-0316-6a21-8dae-5d670006ab46,2ff3093c-53e8-9814-d2a8-c58f6c866dbb"
"2026-05-24T02:12:20.000+0000",MASTERCARD,"VISA,MASTERCARD","1779588740.997",ERROR,"INFO,ERROR,EXIT","12/27","01/27,02/27,03/27,04/27,05/27,06/27,07/27,08/27,09/27,10/27,11/27,12/27",997,1779588740,"bd155994-0316-6a21-8dae-5d670006ab46","d24481dd-66b0-1408-8e57-e95689202eb9
ece1a9ae-ffd4-aa16-ba60-f4aaf994a432
f6669f7b-58ec-429f-30e4-b854d25735fa
6f77c1f5-b663-996c-c336-72c1d5493d4b
fb061221-316e-c954-1422-57bb4f6b9a46
a0bcc770-67eb-ddb1-2e42-b9b81a701feb
1933364a-bd6f-e0c0-752b-7c7f863d1df1
3f87d147-04c5-93fc-37f6-6343c972be35
6df3b9f5-dec6-d891-7ee6-e22e1cf34fad
fd40db72-259e-a2c9-ccee-db7522824e5b
e1982368-275b-97fc-4174-151084428a94
273e849a-dc05-a8c3-0281-c8a2e827318d
5cd8d703-abee-3948-b6a3-3b7f3232a166
bd155994-0316-6a21-8dae-5d670006ab46
2ff3093c-53e8-9814-d2a8-c58f6c866dbb","d24481dd-66b0-1408-8e57-e95689202eb9,ece1a9ae-ffd4-aa16-ba60-f4aaf994a432,f6669f7b-58ec-429f-30e4-b854d25735fa,6f77c1f5-b663-996c-c336-72c1d5493d4b,fb061221-316e-c954-1422-57bb4f6b9a46,a0bcc770-67eb-ddb1-2e42-b9b81a701feb,1933364a-bd6f-e0c0-752b-7c7f863d1df1,3f87d147-04c5-93fc-37f6-6343c972be35,6df3b9f5-dec6-d891-7ee6-e22e1cf34fad,fd40db72-259e-a2c9-ccee-db7522824e5b,e1982368-275b-97fc-4174-151084428a94,273e849a-dc05-a8c3-0281-c8a2e827318d,5cd8d703-abee-3948-b6a3-3b7f3232a166,bd155994-0316-6a21-8dae-5d670006ab46,2ff3093c-53e8-9814-d2a8-c58f6c866dbb"
"2026-05-25T08:18:49.000+0000",VISA,"VISA,MASTERCARD","1779697130.531",EXIT,"INFO,ERROR,EXIT","10/27","01/27,02/27,03/27,04/27,05/27,06/27,07/27,08/27,09/27,10/27,11/27,12/27",1531,1779697129,"3f87d147-04c5-93fc-37f6-6343c972be35","d24481dd-66b0-1408-8e57-e95689202eb9
ece1a9ae-ffd4-aa16-ba60-f4aaf994a432
f6669f7b-58ec-429f-30e4-b854d25735fa
6f77c1f5-b663-996c-c336-72c1d5493d4b
fb061221-316e-c954-1422-57bb4f6b9a46
a0bcc770-67eb-ddb1-2e42-b9b81a701feb
1933364a-bd6f-e0c0-752b-7c7f863d1df1
3f87d147-04c5-93fc-37f6-6343c972be35
6df3b9f5-dec6-d891-7ee6-e22e1cf34fad
fd40db72-259e-a2c9-ccee-db7522824e5b
e1982368-275b-97fc-4174-151084428a94
273e849a-dc05-a8c3-0281-c8a2e827318d
5cd8d703-abee-3948-b6a3-3b7f3232a166
bd155994-0316-6a21-8dae-5d670006ab46
2ff3093c-53e8-9814-d2a8-c58f6c866dbb","d24481dd-66b0-1408-8e57-e95689202eb9,ece1a9ae-ffd4-aa16-ba60-f4aaf994a432,f6669f7b-58ec-429f-30e4-b854d25735fa,6f77c1f5-b663-996c-c336-72c1d5493d4b,fb061221-316e-c954-1422-57bb4f6b9a46,a0bcc770-67eb-ddb1-2e42-b9b81a701feb,1933364a-bd6f-e0c0-752b-7c7f863d1df1,3f87d147-04c5-93fc-37f6-6343c972be35,6df3b9f5-dec6-d891-7ee6-e22e1cf34fad,fd40db72-259e-a2c9-ccee-db7522824e5b,e1982368-275b-97fc-4174-151084428a94,273e849a-dc05-a8c3-0281-c8a2e827318d,5cd8d703-abee-3948-b6a3-3b7f3232a166,bd155994-0316-6a21-8dae-5d670006ab46,2ff3093c-53e8-9814-d2a8-c58f6c866dbb"
"2026-05-19T13:43:02.000+0000",VISA,"VISA,MASTERCARD","1779198182.161",ERROR,"INFO,ERROR,EXIT","10/27","01/27,02/27,03/27,04/27,05/27,06/27,07/27,08/27,09/27,10/27,11/27,12/27",161,1779198182,"fb061221-316e-c954-1422-57bb4f6b9a46","d24481dd-66b0-1408-8e57-e95689202eb9
ece1a9ae-ffd4-aa16-ba60-f4aaf994a432
f6669f7b-58ec-429f-30e4-b854d25735fa
6f77c1f5-b663-996c-c336-72c1d5493d4b
fb061221-316e-c954-1422-57bb4f6b9a46
a0bcc770-67eb-ddb1-2e42-b9b81a701feb
1933364a-bd6f-e0c0-752b-7c7f863d1df1
3f87d147-04c5-93fc-37f6-6343c972be35
6df3b9f5-dec6-d891-7ee6-e22e1cf34fad
fd40db72-259e-a2c9-ccee-db7522824e5b
e1982368-275b-97fc-4174-151084428a94
273e849a-dc05-a8c3-0281-c8a2e827318d
5cd8d703-abee-3948-b6a3-3b7f3232a166
bd155994-0316-6a21-8dae-5d670006ab46
2ff3093c-53e8-9814-d2a8-c58f6c866dbb","d24481dd-66b0-1408-8e57-e95689202eb9,ece1a9ae-ffd4-aa16-ba60-f4aaf994a432,f6669f7b-58ec-429f-30e4-b854d25735fa,6f77c1f5-b663-996c-c336-72c1d5493d4b,fb061221-316e-c954-1422-57bb4f6b9a46,a0bcc770-67eb-ddb1-2e42-b9b81a701feb,1933364a-bd6f-e0c0-752b-7c7f863d1df1,3f87d147-04c5-93fc-37f6-6343c972be35,6df3b9f5-dec6-d891-7ee6-e22e1cf34fad,fd40db72-259e-a2c9-ccee-db7522824e5b,e1982368-275b-97fc-4174-151084428a94,273e849a-dc05-a8c3-0281-c8a2e827318d,5cd8d703-abee-3948-b6a3-3b7f3232a166,bd155994-0316-6a21-8dae-5d670006ab46,2ff3093c-53e8-9814-d2a8-c58f6c866dbb"
"2026-05-19T14:59:34.000+0000",VISA,"VISA,MASTERCARD","1779202775.088",ERROR,"INFO,ERROR,EXIT","09/27","01/27,02/27,03/27,04/27,05/27,06/27,07/27,08/27,09/27,10/27,11/27,12/27",1088,1779202774,"e1982368-275b-97fc-4174-151084428a94","d24481dd-66b0-1408-8e57-e95689202eb9
ece1a9ae-ffd4-aa16-ba60-f4aaf994a432
f6669f7b-58ec-429f-30e4-b854d25735fa
6f77c1f5-b663-996c-c336-72c1d5493d4b
fb061221-316e-c954-1422-57bb4f6b9a46
a0bcc770-67eb-ddb1-2e42-b9b81a701feb
1933364a-bd6f-e0c0-752b-7c7f863d1df1
3f87d147-04c5-93fc-37f6-6343c972be35
6df3b9f5-dec6-d891-7ee6-e22e1cf34fad
fd40db72-259e-a2c9-ccee-db7522824e5b
e1982368-275b-97fc-4174-151084428a94
273e849a-dc05-a8c3-0281-c8a2e827318d
5cd8d703-abee-3948-b6a3-3b7f3232a166
bd155994-0316-6a21-8dae-5d670006ab46
2ff3093c-53e8-9814-d2a8-c58f6c866dbb","d24481dd-66b0-1408-8e57-e95689202eb9,ece1a9ae-ffd4-aa16-ba60-f4aaf994a432,f6669f7b-58ec-429f-30e4-b854d25735fa,6f77c1f5-b663-996c-c336-72c1d5493d4b,fb061221-316e-c954-1422-57bb4f6b9a46,a0bcc770-67eb-ddb1-2e42-b9b81a701feb,1933364a-bd6f-e0c0-752b-7c7f863d1df1,3f87d147-04c5-93fc-37f6-6343c972be35,6df3b9f5-dec6-d891-7ee6-e22e1cf34fad,fd40db72-259e-a2c9-ccee-db7522824e5b,e1982368-275b-97fc-4174-151084428a94,273e849a-dc05-a8c3-0281-c8a2e827318d,5cd8d703-abee-3948-b6a3-3b7f3232a166,bd155994-0316-6a21-8dae-5d670006ab46,2ff3093c-53e8-9814-d2a8-c58f6c866dbb"
"2026-05-22T02:27:30.000+0000",MASTERCARD,"VISA,MASTERCARD","1779416850.96",ERROR,"INFO,ERROR,EXIT","10/27","01/27,02/27,03/27,04/27,05/27,06/27,07/27,08/27,09/27,10/27,11/27,12/27",960,1779416850,"f6669f7b-58ec-429f-30e4-b854d25735fa","d24481dd-66b0-1408-8e57-e95689202eb9
ece1a9ae-ffd4-aa16-ba60-f4aaf994a432
f6669f7b-58ec-429f-30e4-b854d25735fa
6f77c1f5-b663-996c-c336-72c1d5493d4b
fb061221-316e-c954-1422-57bb4f6b9a46
a0bcc770-67eb-ddb1-2e42-b9b81a701feb
1933364a-bd6f-e0c0-752b-7c7f863d1df1
3f87d147-04c5-93fc-37f6-6343c972be35
6df3b9f5-dec6-d891-7ee6-e22e1cf34fad
fd40db72-259e-a2c9-ccee-db7522824e5b
e1982368-275b-97fc-4174-151084428a94
273e849a-dc05-a8c3-0281-c8a2e827318d
5cd8d703-abee-3948-b6a3-3b7f3232a166
bd155994-0316-6a21-8dae-5d670006ab46
2ff3093c-53e8-9814-d2a8-c58f6c866dbb","d24481dd-66b0-1408-8e57-e95689202eb9,ece1a9ae-ffd4-aa16-ba60-f4aaf994a432,f6669f7b-58ec-429f-30e4-b854d25735fa,6f77c1f5-b663-996c-c336-72c1d5493d4b,fb061221-316e-c954-1422-57bb4f6b9a46,a0bcc770-67eb-ddb1-2e42-b9b81a701feb,1933364a-bd6f-e0c0-752b-7c7f863d1df1,3f87d147-04c5-93fc-37f6-6343c972be35,6df3b9f5-dec6-d891-7ee6-e22e1cf34fad,fd40db72-259e-a2c9-ccee-db7522824e5b,e1982368-275b-97fc-4174-151084428a94,273e849a-dc05-a8c3-0281-c8a2e827318d,5cd8d703-abee-3948-b6a3-3b7f3232a166,bd155994-0316-6a21-8dae-5d670006ab46,2ff3093c-53e8-9814-d2a8-c58f6c866dbb"
"2026-05-23T03:13:22.000+0000",MASTERCARD,"VISA,MASTERCARD","1779506002.564",EXIT,"INFO,ERROR,EXIT","05/27","01/27,02/27,03/27,04/27,05/27,06/27,07/27,08/27,09/27,10/27,11/27,12/27",564,1779506002,"f6669f7b-58ec-429f-30e4-b854d25735fa","d24481dd-66b0-1408-8e57-e95689202eb9
ece1a9ae-ffd4-aa16-ba60-f4aaf994a432
f6669f7b-58ec-429f-30e4-b854d25735fa
6f77c1f5-b663-996c-c336-72c1d5493d4b
fb061221-316e-c954-1422-57bb4f6b9a46
a0bcc770-67eb-ddb1-2e42-b9b81a701feb
1933364a-bd6f-e0c0-752b-7c7f863d1df1
3f87d147-04c5-93fc-37f6-6343c972be35
6df3b9f5-dec6-d891-7ee6-e22e1cf34fad
fd40db72-259e-a2c9-ccee-db7522824e5b
e1982368-275b-97fc-4174-151084428a94
273e849a-dc05-a8c3-0281-c8a2e827318d
5cd8d703-abee-3948-b6a3-3b7f3232a166
bd155994-0316-6a21-8dae-5d670006ab46
2ff3093c-53e8-9814-d2a8-c58f6c866dbb","d24481dd-66b0-1408-8e57-e95689202eb9,ece1a9ae-ffd4-aa16-ba60-f4aaf994a432,f6669f7b-58ec-429f-30e4-b854d25735fa,6f77c1f5-b663-996c-c336-72c1d5493d4b,fb061221-316e-c954-1422-57bb4f6b9a46,a0bcc770-67eb-ddb1-2e42-b9b81a701feb,1933364a-bd6f-e0c0-752b-7c7f863d1df1,3f87d147-04c5-93fc-37f6-6343c972be35,6df3b9f5-dec6-d891-7ee6-e22e1cf34fad,fd40db72-259e-a2c9-ccee-db7522824e5b,e1982368-275b-97fc-4174-151084428a94,273e849a-dc05-a8c3-0281-c8a2e827318d,5cd8d703-abee-3948-b6a3-3b7f3232a166,bd155994-0316-6a21-8dae-5d670006ab46,2ff3093c-53e8-9814-d2a8-c58f6c866dbb"
"2026-05-25T21:53:19.000+0000",VISA,"VISA,MASTERCARD","1779745999.228",INFO,"INFO,ERROR,EXIT","02/27","01/27,02/27,03/27,04/27,05/27,06/27,07/27,08/27,09/27,10/27,11/27,12/27",228,1779745999,"5cd8d703-abee-3948-b6a3-3b7f3232a166","d24481dd-66b0-1408-8e57-e95689202eb9
ece1a9ae-ffd4-aa16-ba60-f4aaf994a432
f6669f7b-58ec-429f-30e4-b854d25735fa
6f77c1f5-b663-996c-c336-72c1d5493d4b
fb061221-316e-c954-1422-57bb4f6b9a46
a0bcc770-67eb-ddb1-2e42-b9b81a701feb
1933364a-bd6f-e0c0-752b-7c7f863d1df1
3f87d147-04c5-93fc-37f6-6343c972be35
6df3b9f5-dec6-d891-7ee6-e22e1cf34fad
fd40db72-259e-a2c9-ccee-db7522824e5b
e1982368-275b-97fc-4174-151084428a94
273e849a-dc05-a8c3-0281-c8a2e827318d
5cd8d703-abee-3948-b6a3-3b7f3232a166
bd155994-0316-6a21-8dae-5d670006ab46
2ff3093c-53e8-9814-d2a8-c58f6c866dbb","d24481dd-66b0-1408-8e57-e95689202eb9,ece1a9ae-ffd4-aa16-ba60-f4aaf994a432,f6669f7b-58ec-429f-30e4-b854d25735fa,6f77c1f5-b663-996c-c336-72c1d5493d4b,fb061221-316e-c954-1422-57bb4f6b9a46,a0bcc770-67eb-ddb1-2e42-b9b81a701feb,1933364a-bd6f-e0c0-752b-7c7f863d1df1,3f87d147-04c5-93fc-37f6-6343c972be35,6df3b9f5-dec6-d891-7ee6-e22e1cf34fad,fd40db72-259e-a2c9-ccee-db7522824e5b,e1982368-275b-97fc-4174-151084428a94,273e849a-dc05-a8c3-0281-c8a2e827318d,5cd8d703-abee-3948-b6a3-3b7f3232a166,bd155994-0316-6a21-8dae-5d670006ab46,2ff3093c-53e8-9814-d2a8-c58f6c866dbb"
"2026-05-24T10:47:19.000+0000",VISA,"VISA,MASTERCARD","1779619639.63",INFO,"INFO,ERROR,EXIT","08/27","01/27,02/27,03/27,04/27,05/27,06/27,07/27,08/27,09/27,10/27,11/27,12/27",630,1779619639,"fd40db72-259e-a2c9-ccee-db7522824e5b","d24481dd-66b0-1408-8e57-e95689202eb9
ece1a9ae-ffd4-aa16-ba60-f4aaf994a432
f6669f7b-58ec-429f-30e4-b854d25735fa
6f77c1f5-b663-996c-c336-72c1d5493d4b
fb061221-316e-c954-1422-57bb4f6b9a46
a0bcc770-67eb-ddb1-2e42-b9b81a701feb
1933364a-bd6f-e0c0-752b-7c7f863d1df1
3f87d147-04c5-93fc-37f6-6343c972be35
6df3b9f5-dec6-d891-7ee6-e22e1cf34fad
fd40db72-259e-a2c9-ccee-db7522824e5b
e1982368-275b-97fc-4174-151084428a94
273e849a-dc05-a8c3-0281-c8a2e827318d
5cd8d703-abee-3948-b6a3-3b7f3232a166
bd155994-0316-6a21-8dae-5d670006ab46
2ff3093c-53e8-9814-d2a8-c58f6c866dbb","d24481dd-66b0-1408-8e57-e95689202eb9,ece1a9ae-ffd4-aa16-ba60-f4aaf994a432,f6669f7b-58ec-429f-30e4-b854d25735fa,6f77c1f5-b663-996c-c336-72c1d5493d4b,fb061221-316e-c954-1422-57bb4f6b9a46,a0bcc770-67eb-ddb1-2e42-b9b81a701feb,1933364a-bd6f-e0c0-752b-7c7f863d1df1,3f87d147-04c5-93fc-37f6-6343c972be35,6df3b9f5-dec6-d891-7ee6-e22e1cf34fad,fd40db72-259e-a2c9-ccee-db7522824e5b,e1982368-275b-97fc-4174-151084428a94,273e849a-dc05-a8c3-0281-c8a2e827318d,5cd8d703-abee-3948-b6a3-3b7f3232a166,bd155994-0316-6a21-8dae-5d670006ab46,2ff3093c-53e8-9814-d2a8-c58f6c866dbb"
"2026-05-19T08:54:03.000+0000",MASTERCARD,"VISA,MASTERCARD","1779180844.226",EXIT,"INFO,ERROR,EXIT","04/27","01/27,02/27,03/27,04/27,05/27,06/27,07/27,08/27,09/27,10/27,11/27,12/27",1226,1779180843,"2ff3093c-53e8-9814-d2a8-c58f6c866dbb","d24481dd-66b0-1408-8e57-e95689202eb9
ece1a9ae-ffd4-aa16-ba60-f4aaf994a432
f6669f7b-58ec-429f-30e4-b854d25735fa
6f77c1f5-b663-996c-c336-72c1d5493d4b
fb061221-316e-c954-1422-57bb4f6b9a46
a0bcc770-67eb-ddb1-2e42-b9b81a701feb
1933364a-bd6f-e0c0-752b-7c7f863d1df1
3f87d147-04c5-93fc-37f6-6343c972be35
6df3b9f5-dec6-d891-7ee6-e22e1cf34fad
fd40db72-259e-a2c9-ccee-db7522824e5b
e1982368-275b-97fc-4174-151084428a94
273e849a-dc05-a8c3-0281-c8a2e827318d
5cd8d703-abee-3948-b6a3-3b7f3232a166
bd155994-0316-6a21-8dae-5d670006ab46
2ff3093c-53e8-9814-d2a8-c58f6c866dbb","d24481dd-66b0-1408-8e57-e95689202eb9,ece1a9ae-ffd4-aa16-ba60-f4aaf994a432,f6669f7b-58ec-429f-30e4-b854d25735fa,6f77c1f5-b663-996c-c336-72c1d5493d4b,fb061221-316e-c954-1422-57bb4f6b9a46,a0bcc770-67eb-ddb1-2e42-b9b81a701feb,1933364a-bd6f-e0c0-752b-7c7f863d1df1,3f87d147-04c5-93fc-37f6-6343c972be35,6df3b9f5-dec6-d891-7ee6-e22e1cf34fad,fd40db72-259e-a2c9-ccee-db7522824e5b,e1982368-275b-97fc-4174-151084428a94,273e849a-dc05-a8c3-0281-c8a2e827318d,5cd8d703-abee-3948-b6a3-3b7f3232a166,bd155994-0316-6a21-8dae-5d670006ab46,2ff3093c-53e8-9814-d2a8-c58f6c866dbb"
"2026-05-25T16:25:03.000+0000",VISA,"VISA,MASTERCARD","1779726303.759",EXIT,"INFO,ERROR,EXIT","12/27","01/27,02/27,03/27,04/27,05/27,06/27,07/27,08/27,09/27,10/27,11/27,12/27",759,1779726303,"fd40db72-259e-a2c9-ccee-db7522824e5b","d24481dd-66b0-1408-8e57-e95689202eb9
ece1a9ae-ffd4-aa16-ba60-f4aaf994a432
f6669f7b-58ec-429f-30e4-b854d25735fa
6f77c1f5-b663-996c-c336-72c1d5493d4b
fb061221-316e-c954-1422-57bb4f6b9a46
a0bcc770-67eb-ddb1-2e42-b9b81a701feb
1933364a-bd6f-e0c0-752b-7c7f863d1df1
3f87d147-04c5-93fc-37f6-6343c972be35
6df3b9f5-dec6-d891-7ee6-e22e1cf34fad
fd40db72-259e-a2c9-ccee-db7522824e5b
e1982368-275b-97fc-4174-151084428a94
273e849a-dc05-a8c3-0281-c8a2e827318d
5cd8d703-abee-3948-b6a3-3b7f3232a166
bd155994-0316-6a21-8dae-5d670006ab46
2ff3093c-53e8-9814-d2a8-c58f6c866dbb","d24481dd-66b0-1408-8e57-e95689202eb9,ece1a9ae-ffd4-aa16-ba60-f4aaf994a432,f6669f7b-58ec-429f-30e4-b854d25735fa,6f77c1f5-b663-996c-c336-72c1d5493d4b,fb061221-316e-c954-1422-57bb4f6b9a46,a0bcc770-67eb-ddb1-2e42-b9b81a701feb,1933364a-bd6f-e0c0-752b-7c7f863d1df1,3f87d147-04c5-93fc-37f6-6343c972be35,6df3b9f5-dec6-d891-7ee6-e22e1cf34fad,fd40db72-259e-a2c9-ccee-db7522824e5b,e1982368-275b-97fc-4174-151084428a94,273e849a-dc05-a8c3-0281-c8a2e827318d,5cd8d703-abee-3948-b6a3-3b7f3232a166,bd155994-0316-6a21-8dae-5d670006ab46,2ff3093c-53e8-9814-d2a8-c58f6c866dbb"
"2026-05-23T00:23:16.000+0000",VISA,"VISA,MASTERCARD","1779495797.39",ERROR,"INFO,ERROR,EXIT","02/27","01/27,02/27,03/27,04/27,05/27,06/27,07/27,08/27,09/27,10/27,11/27,12/27",1390,1779495796,"fb061221-316e-c954-1422-57bb4f6b9a46","d24481dd-66b0-1408-8e57-e95689202eb9
ece1a9ae-ffd4-aa16-ba60-f4aaf994a432
f6669f7b-58ec-429f-30e4-b854d25735fa
6f77c1f5-b663-996c-c336-72c1d5493d4b
fb061221-316e-c954-1422-57bb4f6b9a46
a0bcc770-67eb-ddb1-2e42-b9b81a701feb
1933364a-bd6f-e0c0-752b-7c7f863d1df1
3f87d147-04c5-93fc-37f6-6343c972be35
6df3b9f5-dec6-d891-7ee6-e22e1cf34fad
fd40db72-259e-a2c9-ccee-db7522824e5b
e1982368-275b-97fc-4174-151084428a94
273e849a-dc05-a8c3-0281-c8a2e827318d
5cd8d703-abee-3948-b6a3-3b7f3232a166
bd155994-0316-6a21-8dae-5d670006ab46
2ff3093c-53e8-9814-d2a8-c58f6c866dbb","d24481dd-66b0-1408-8e57-e95689202eb9,ece1a9ae-ffd4-aa16-ba60-f4aaf994a432,f6669f7b-58ec-429f-30e4-b854d25735fa,6f77c1f5-b663-996c-c336-72c1d5493d4b,fb061221-316e-c954-1422-57bb4f6b9a46,a0bcc770-67eb-ddb1-2e42-b9b81a701feb,1933364a-bd6f-e0c0-752b-7c7f863d1df1,3f87d147-04c5-93fc-37f6-6343c972be35,6df3b9f5-dec6-d891-7ee6-e22e1cf34fad,fd40db72-259e-a2c9-ccee-db7522824e5b,e1982368-275b-97fc-4174-151084428a94,273e849a-dc05-a8c3-0281-c8a2e827318d,5cd8d703-abee-3948-b6a3-3b7f3232a166,bd155994-0316-6a21-8dae-5d670006ab46,2ff3093c-53e8-9814-d2a8-c58f6c866dbb"
"2026-05-22T01:44:15.000+0000",MASTERCARD,"VISA,MASTERCARD","1779414255.35",ERROR,"INFO,ERROR,EXIT","08/27","01/27,02/27,03/27,04/27,05/27,06/27,07/27,08/27,09/27,10/27,11/27,12/27",350,1779414255,"1933364a-bd6f-e0c0-752b-7c7f863d1df1","d24481dd-66b0-1408-8e57-e95689202eb9
ece1a9ae-ffd4-aa16-ba60-f4aaf994a432
f6669f7b-58ec-429f-30e4-b854d25735fa
6f77c1f5-b663-996c-c336-72c1d5493d4b
fb061221-316e-c954-1422-57bb4f6b9a46
a0bcc770-67eb-ddb1-2e42-b9b81a701feb
1933364a-bd6f-e0c0-752b-7c7f863d1df1
3f87d147-04c5-93fc-37f6-6343c972be35
6df3b9f5-dec6-d891-7ee6-e22e1cf34fad
fd40db72-259e-a2c9-ccee-db7522824e5b
e1982368-275b-97fc-4174-151084428a94
273e849a-dc05-a8c3-0281-c8a2e827318d
5cd8d703-abee-3948-b6a3-3b7f3232a166
bd155994-0316-6a21-8dae-5d670006ab46
2ff3093c-53e8-9814-d2a8-c58f6c866dbb","d24481dd-66b0-1408-8e57-e95689202eb9,ece1a9ae-ffd4-aa16-ba60-f4aaf994a432,f6669f7b-58ec-429f-30e4-b854d25735fa,6f77c1f5-b663-996c-c336-72c1d5493d4b,fb061221-316e-c954-1422-57bb4f6b9a46,a0bcc770-67eb-ddb1-2e42-b9b81a701feb,1933364a-bd6f-e0c0-752b-7c7f863d1df1,3f87d147-04c5-93fc-37f6-6343c972be35,6df3b9f5-dec6-d891-7ee6-e22e1cf34fad,fd40db72-259e-a2c9-ccee-db7522824e5b,e1982368-275b-97fc-4174-151084428a94,273e849a-dc05-a8c3-0281-c8a2e827318d,5cd8d703-abee-3948-b6a3-3b7f3232a166,bd155994-0316-6a21-8dae-5d670006ab46,2ff3093c-53e8-9814-d2a8-c58f6c866dbb"
"2026-05-25T23:40:34.000+0000",VISA,"VISA,MASTERCARD","1779752435.324",INFO,"INFO,ERROR,EXIT","04/27","01/27,02/27,03/27,04/27,05/27,06/27,07/27,08/27,09/27,10/27,11/27,12/27",1324,1779752434,"fb061221-316e-c954-1422-57bb4f6b9a46","d24481dd-66b0-1408-8e57-e95689202eb9
ece1a9ae-ffd4-aa16-ba60-f4aaf994a432
f6669f7b-58ec-429f-30e4-b854d25735fa
6f77c1f5-b663-996c-c336-72c1d5493d4b
fb061221-316e-c954-1422-57bb4f6b9a46
a0bcc770-67eb-ddb1-2e42-b9b81a701feb
1933364a-bd6f-e0c0-752b-7c7f863d1df1
3f87d147-04c5-93fc-37f6-6343c972be35
6df3b9f5-dec6-d891-7ee6-e22e1cf34fad
fd40db72-259e-a2c9-ccee-db7522824e5b
e1982368-275b-97fc-4174-151084428a94
273e849a-dc05-a8c3-0281-c8a2e827318d
5cd8d703-abee-3948-b6a3-3b7f3232a166
bd155994-0316-6a21-8dae-5d670006ab46
2ff3093c-53e8-9814-d2a8-c58f6c866dbb","d24481dd-66b0-1408-8e57-e95689202eb9,ece1a9ae-ffd4-aa16-ba60-f4aaf994a432,f6669f7b-58ec-429f-30e4-b854d25735fa,6f77c1f5-b663-996c-c336-72c1d5493d4b,fb061221-316e-c954-1422-57bb4f6b9a46,a0bcc770-67eb-ddb1-2e42-b9b81a701feb,1933364a-bd6f-e0c0-752b-7c7f863d1df1,3f87d147-04c5-93fc-37f6-6343c972be35,6df3b9f5-dec6-d891-7ee6-e22e1cf34fad,fd40db72-259e-a2c9-ccee-db7522824e5b,e1982368-275b-97fc-4174-151084428a94,273e849a-dc05-a8c3-0281-c8a2e827318d,5cd8d703-abee-3948-b6a3-3b7f3232a166,bd155994-0316-6a21-8dae-5d670006ab46,2ff3093c-53e8-9814-d2a8-c58f6c866dbb"
"2026-05-23T00:25:23.000+0000",VISA,"VISA,MASTERCARD","1779495923.337",INFO,"INFO,ERROR,EXIT","02/27","01/27,02/27,03/27,04/27,05/27,06/27,07/27,08/27,09/27,10/27,11/27,12/27",337,1779495923,"2ff3093c-53e8-9814-d2a8-c58f6c866dbb","d24481dd-66b0-1408-8e57-e95689202eb9
ece1a9ae-ffd4-aa16-ba60-f4aaf994a432
f6669f7b-58ec-429f-30e4-b854d25735fa
6f77c1f5-b663-996c-c336-72c1d5493d4b
fb061221-316e-c954-1422-57bb4f6b9a46
a0bcc770-67eb-ddb1-2e42-b9b81a701feb
1933364a-bd6f-e0c0-752b-7c7f863d1df1
3f87d147-04c5-93fc-37f6-6343c972be35
6df3b9f5-dec6-d891-7ee6-e22e1cf34fad
fd40db72-259e-a2c9-ccee-db7522824e5b
e1982368-275b-97fc-4174-151084428a94
273e849a-dc05-a8c3-0281-c8a2e827318d
5cd8d703-abee-3948-b6a3-3b7f3232a166
bd155994-0316-6a21-8dae-5d670006ab46
2ff3093c-53e8-9814-d2a8-c58f6c866dbb","d24481dd-66b0-1408-8e57-e95689202eb9,ece1a9ae-ffd4-aa16-ba60-f4aaf994a432,f6669f7b-58ec-429f-30e4-b854d25735fa,6f77c1f5-b663-996c-c336-72c1d5493d4b,fb061221-316e-c954-1422-57bb4f6b9a46,a0bcc770-67eb-ddb1-2e42-b9b81a701feb,1933364a-bd6f-e0c0-752b-7c7f863d1df1,3f87d147-04c5-93fc-37f6-6343c972be35,6df3b9f5-dec6-d891-7ee6-e22e1cf34fad,fd40db72-259e-a2c9-ccee-db7522824e5b,e1982368-275b-97fc-4174-151084428a94,273e849a-dc05-a8c3-0281-c8a2e827318d,5cd8d703-abee-3948-b6a3-3b7f3232a166,bd155994-0316-6a21-8dae-5d670006ab46,2ff3093c-53e8-9814-d2a8-c58f6c866dbb"
"2026-05-19T08:52:48.000+0000",MASTERCARD,"VISA,MASTERCARD","1779180768.997",INFO,"INFO,ERROR,EXIT","12/27","01/27,02/27,03/27,04/27,05/27,06/27,07/27,08/27,09/27,10/27,11/27,12/27",997,1779180768,"1933364a-bd6f-e0c0-752b-7c7f863d1df1","d24481dd-66b0-1408-8e57-e95689202eb9
ece1a9ae-ffd4-aa16-ba60-f4aaf994a432
f6669f7b-58ec-429f-30e4-b854d25735fa
6f77c1f5-b663-996c-c336-72c1d5493d4b
fb061221-316e-c954-1422-57bb4f6b9a46
a0bcc770-67eb-ddb1-2e42-b9b81a701feb
1933364a-bd6f-e0c0-752b-7c7f863d1df1
3f87d147-04c5-93fc-37f6-6343c972be35
6df3b9f5-dec6-d891-7ee6-e22e1cf34fad
fd40db72-259e-a2c9-ccee-db7522824e5b
e1982368-275b-97fc-4174-151084428a94
273e849a-dc05-a8c3-0281-c8a2e827318d
5cd8d703-abee-3948-b6a3-3b7f3232a166
bd155994-0316-6a21-8dae-5d670006ab46
2ff3093c-53e8-9814-d2a8-c58f6c866dbb","d24481dd-66b0-1408-8e57-e95689202eb9,ece1a9ae-ffd4-aa16-ba60-f4aaf994a432,f6669f7b-58ec-429f-30e4-b854d25735fa,6f77c1f5-b663-996c-c336-72c1d5493d4b,fb061221-316e-c954-1422-57bb4f6b9a46,a0bcc770-67eb-ddb1-2e42-b9b81a701feb,1933364a-bd6f-e0c0-752b-7c7f863d1df1,3f87d147-04c5-93fc-37f6-6343c972be35,6df3b9f5-dec6-d891-7ee6-e22e1cf34fad,fd40db72-259e-a2c9-ccee-db7522824e5b,e1982368-275b-97fc-4174-151084428a94,273e849a-dc05-a8c3-0281-c8a2e827318d,5cd8d703-abee-3948-b6a3-3b7f3232a166,bd155994-0316-6a21-8dae-5d670006ab46,2ff3093c-53e8-9814-d2a8-c58f6c866dbb"
"2026-05-24T21:15:00.000+0000",VISA,"VISA,MASTERCARD","1779657301.206",INFO,"INFO,ERROR,EXIT","01/27","01/27,02/27,03/27,04/27,05/27,06/27,07/27,08/27,09/27,10/27,11/27,12/27",1206,1779657300,"a0bcc770-67eb-ddb1-2e42-b9b81a701feb","d24481dd-66b0-1408-8e57-e95689202eb9
ece1a9ae-ffd4-aa16-ba60-f4aaf994a432
f6669f7b-58ec-429f-30e4-b854d25735fa
6f77c1f5-b663-996c-c336-72c1d5493d4b
fb061221-316e-c954-1422-57bb4f6b9a46
a0bcc770-67eb-ddb1-2e42-b9b81a701feb
1933364a-bd6f-e0c0-752b-7c7f863d1df1
3f87d147-04c5-93fc-37f6-6343c972be35
6df3b9f5-dec6-d891-7ee6-e22e1cf34fad
fd40db72-259e-a2c9-ccee-db7522824e5b
e1982368-275b-97fc-4174-151084428a94
273e849a-dc05-a8c3-0281-c8a2e827318d
5cd8d703-abee-3948-b6a3-3b7f3232a166
bd155994-0316-6a21-8dae-5d670006ab46
2ff3093c-53e8-9814-d2a8-c58f6c866dbb","d24481dd-66b0-1408-8e57-e95689202eb9,ece1a9ae-ffd4-aa16-ba60-f4aaf994a432,f6669f7b-58ec-429f-30e4-b854d25735fa,6f77c1f5-b663-996c-c336-72c1d5493d4b,fb061221-316e-c954-1422-57bb4f6b9a46,a0bcc770-67eb-ddb1-2e42-b9b81a701feb,1933364a-bd6f-e0c0-752b-7c7f863d1df1,3f87d147-04c5-93fc-37f6-6343c972be35,6df3b9f5-dec6-d891-7ee6-e22e1cf34fad,fd40db72-259e-a2c9-ccee-db7522824e5b,e1982368-275b-97fc-4174-151084428a94,273e849a-dc05-a8c3-0281-c8a2e827318d,5cd8d703-abee-3948-b6a3-3b7f3232a166,bd155994-0316-6a21-8dae-5d670006ab46,2ff3093c-53e8-9814-d2a8-c58f6c866dbb"
"2026-05-20T15:38:00.000+0000",MASTERCARD,"VISA,MASTERCARD","1779291480.953",EXIT,"INFO,ERROR,EXIT","10/27","01/27,02/27,03/27,04/27,05/27,06/27,07/27,08/27,09/27,10/27,11/27,12/27",953,1779291480,"3f87d147-04c5-93fc-37f6-6343c972be35","d24481dd-66b0-1408-8e57-e95689202eb9
ece1a9ae-ffd4-aa16-ba60-f4aaf994a432
f6669f7b-58ec-429f-30e4-b854d25735fa
6f77c1f5-b663-996c-c336-72c1d5493d4b
fb061221-316e-c954-1422-57bb4f6b9a46
a0bcc770-67eb-ddb1-2e42-b9b81a701feb
1933364a-bd6f-e0c0-752b-7c7f863d1df1
3f87d147-04c5-93fc-37f6-6343c972be35
6df3b9f5-dec6-d891-7ee6-e22e1cf34fad
fd40db72-259e-a2c9-ccee-db7522824e5b
e1982368-275b-97fc-4174-151084428a94
273e849a-dc05-a8c3-0281-c8a2e827318d
5cd8d703-abee-3948-b6a3-3b7f3232a166
bd155994-0316-6a21-8dae-5d670006ab46
2ff3093c-53e8-9814-d2a8-c58f6c866dbb","d24481dd-66b0-1408-8e57-e95689202eb9,ece1a9ae-ffd4-aa16-ba60-f4aaf994a432,f6669f7b-58ec-429f-30e4-b854d25735fa,6f77c1f5-b663-996c-c336-72c1d5493d4b,fb061221-316e-c954-1422-57bb4f6b9a46,a0bcc770-67eb-ddb1-2e42-b9b81a701feb,1933364a-bd6f-e0c0-752b-7c7f863d1df1,3f87d147-04c5-93fc-37f6-6343c972be35,6df3b9f5-dec6-d891-7ee6-e22e1cf34fad,fd40db72-259e-a2c9-ccee-db7522824e5b,e1982368-275b-97fc-4174-151084428a94,273e849a-dc05-a8c3-0281-c8a2e827318d,5cd8d703-abee-3948-b6a3-3b7f3232a166,bd155994-0316-6a21-8dae-5d670006ab46,2ff3093c-53e8-9814-d2a8-c58f6c866dbb"
"2026-05-26T02:04:33.000+0000",MASTERCARD,"VISA,MASTERCARD","1779761073.143",ERROR,"INFO,ERROR,EXIT","02/27","01/27,02/27,03/27,04/27,05/27,06/27,07/27,08/27,09/27,10/27,11/27,12/27",143,1779761073,"2ff3093c-53e8-9814-d2a8-c58f6c866dbb","d24481dd-66b0-1408-8e57-e95689202eb9
ece1a9ae-ffd4-aa16-ba60-f4aaf994a432
f6669f7b-58ec-429f-30e4-b854d25735fa
6f77c1f5-b663-996c-c336-72c1d5493d4b
fb061221-316e-c954-1422-57bb4f6b9a46
a0bcc770-67eb-ddb1-2e42-b9b81a701feb
1933364a-bd6f-e0c0-752b-7c7f863d1df1
3f87d147-04c5-93fc-37f6-6343c972be35
6df3b9f5-dec6-d891-7ee6-e22e1cf34fad
fd40db72-259e-a2c9-ccee-db7522824e5b
e1982368-275b-97fc-4174-151084428a94
273e849a-dc05-a8c3-0281-c8a2e827318d
5cd8d703-abee-3948-b6a3-3b7f3232a166
bd155994-0316-6a21-8dae-5d670006ab46
2ff3093c-53e8-9814-d2a8-c58f6c866dbb","d24481dd-66b0-1408-8e57-e95689202eb9,ece1a9ae-ffd4-aa16-ba60-f4aaf994a432,f6669f7b-58ec-429f-30e4-b854d25735fa,6f77c1f5-b663-996c-c336-72c1d5493d4b,fb061221-316e-c954-1422-57bb4f6b9a46,a0bcc770-67eb-ddb1-2e42-b9b81a701feb,1933364a-bd6f-e0c0-752b-7c7f863d1df1,3f87d147-04c5-93fc-37f6-6343c972be35,6df3b9f5-dec6-d891-7ee6-e22e1cf34fad,fd40db72-259e-a2c9-ccee-db7522824e5b,e1982368-275b-97fc-4174-151084428a94,273e849a-dc05-a8c3-0281-c8a2e827318d,5cd8d703-abee-3948-b6a3-3b7f3232a166,bd155994-0316-6a21-8dae-5d670006ab46,2ff3093c-53e8-9814-d2a8-c58f6c866dbb"
"2026-05-22T18:52:38.000+0000",MASTERCARD,"VISA,MASTERCARD","1779475959.549",ERROR,"INFO,ERROR,EXIT","03/27","01/27,02/27,03/27,04/27,05/27,06/27,07/27,08/27,09/27,10/27,11/27,12/27",1549,1779475958,"d24481dd-66b0-1408-8e57-e95689202eb9","d24481dd-66b0-1408-8e57-e95689202eb9
ece1a9ae-ffd4-aa16-ba60-f4aaf994a432
f6669f7b-58ec-429f-30e4-b854d25735fa
6f77c1f5-b663-996c-c336-72c1d5493d4b
fb061221-316e-c954-1422-57bb4f6b9a46
a0bcc770-67eb-ddb1-2e42-b9b81a701feb
1933364a-bd6f-e0c0-752b-7c7f863d1df1
3f87d147-04c5-93fc-37f6-6343c972be35
6df3b9f5-dec6-d891-7ee6-e22e1cf34fad
fd40db72-259e-a2c9-ccee-db7522824e5b
e1982368-275b-97fc-4174-151084428a94
273e849a-dc05-a8c3-0281-c8a2e827318d
5cd8d703-abee-3948-b6a3-3b7f3232a166
bd155994-0316-6a21-8dae-5d670006ab46
2ff3093c-53e8-9814-d2a8-c58f6c866dbb","d24481dd-66b0-1408-8e57-e95689202eb9,ece1a9ae-ffd4-aa16-ba60-f4aaf994a432,f6669f7b-58ec-429f-30e4-b854d25735fa,6f77c1f5-b663-996c-c336-72c1d5493d4b,fb061221-316e-c954-1422-57bb4f6b9a46,a0bcc770-67eb-ddb1-2e42-b9b81a701feb,1933364a-bd6f-e0c0-752b-7c7f863d1df1,3f87d147-04c5-93fc-37f6-6343c972be35,6df3b9f5-dec6-d891-7ee6-e22e1cf34fad,fd40db72-259e-a2c9-ccee-db7522824e5b,e1982368-275b-97fc-4174-151084428a94,273e849a-dc05-a8c3-0281-c8a2e827318d,5cd8d703-abee-3948-b6a3-3b7f3232a166,bd155994-0316-6a21-8dae-5d670006ab46,2ff3093c-53e8-9814-d2a8-c58f6c866dbb"
"2026-05-24T01:02:51.000+0000",MASTERCARD,"VISA,MASTERCARD","1779584572.082",EXIT,"INFO,ERROR,EXIT","11/27","01/27,02/27,03/27,04/27,05/27,06/27,07/27,08/27,09/27,10/27,11/27,12/27",1082,1779584571,"fd40db72-259e-a2c9-ccee-db7522824e5b","d24481dd-66b0-1408-8e57-e95689202eb9
ece1a9ae-ffd4-aa16-ba60-f4aaf994a432
f6669f7b-58ec-429f-30e4-b854d25735fa
6f77c1f5-b663-996c-c336-72c1d5493d4b
fb061221-316e-c954-1422-57bb4f6b9a46
a0bcc770-67eb-ddb1-2e42-b9b81a701feb
1933364a-bd6f-e0c0-752b-7c7f863d1df1
3f87d147-04c5-93fc-37f6-6343c972be35
6df3b9f5-dec6-d891-7ee6-e22e1cf34fad
fd40db72-259e-a2c9-ccee-db7522824e5b
e1982368-275b-97fc-4174-151084428a94
273e849a-dc05-a8c3-0281-c8a2e827318d
5cd8d703-abee-3948-b6a3-3b7f3232a166
bd155994-0316-6a21-8dae-5d670006ab46
2ff3093c-53e8-9814-d2a8-c58f6c866dbb","d24481dd-66b0-1408-8e57-e95689202eb9,ece1a9ae-ffd4-aa16-ba60-f4aaf994a432,f6669f7b-58ec-429f-30e4-b854d25735fa,6f77c1f5-b663-996c-c336-72c1d5493d4b,fb061221-316e-c954-1422-57bb4f6b9a46,a0bcc770-67eb-ddb1-2e42-b9b81a701feb,1933364a-bd6f-e0c0-752b-7c7f863d1df1,3f87d147-04c5-93fc-37f6-6343c972be35,6df3b9f5-dec6-d891-7ee6-e22e1cf34fad,fd40db72-259e-a2c9-ccee-db7522824e5b,e1982368-275b-97fc-4174-151084428a94,273e849a-dc05-a8c3-0281-c8a2e827318d,5cd8d703-abee-3948-b6a3-3b7f3232a166,bd155994-0316-6a21-8dae-5d670006ab46,2ff3093c-53e8-9814-d2a8-c58f6c866dbb"
"2026-05-22T14:30:16.000+0000",VISA,"VISA,MASTERCARD","1779460216.505",INFO,"INFO,ERROR,EXIT","11/27","01/27,02/27,03/27,04/27,05/27,06/27,07/27,08/27,09/27,10/27,11/27,12/27",505,1779460216,"2ff3093c-53e8-9814-d2a8-c58f6c866dbb","d24481dd-66b0-1408-8e57-e95689202eb9
ece1a9ae-ffd4-aa16-ba60-f4aaf994a432
f6669f7b-58ec-429f-30e4-b854d25735fa
6f77c1f5-b663-996c-c336-72c1d5493d4b
fb061221-316e-c954-1422-57bb4f6b9a46
a0bcc770-67eb-ddb1-2e42-b9b81a701feb
1933364a-bd6f-e0c0-752b-7c7f863d1df1
3f87d147-04c5-93fc-37f6-6343c972be35
6df3b9f5-dec6-d891-7ee6-e22e1cf34fad
fd40db72-259e-a2c9-ccee-db7522824e5b
e1982368-275b-97fc-4174-151084428a94
273e849a-dc05-a8c3-0281-c8a2e827318d
5cd8d703-abee-3948-b6a3-3b7f3232a166
bd155994-0316-6a21-8dae-5d670006ab46
2ff3093c-53e8-9814-d2a8-c58f6c866dbb","d24481dd-66b0-1408-8e57-e95689202eb9,ece1a9ae-ffd4-aa16-ba60-f4aaf994a432,f6669f7b-58ec-429f-30e4-b854d25735fa,6f77c1f5-b663-996c-c336-72c1d5493d4b,fb061221-316e-c954-1422-57bb4f6b9a46,a0bcc770-67eb-ddb1-2e42-b9b81a701feb,1933364a-bd6f-e0c0-752b-7c7f863d1df1,3f87d147-04c5-93fc-37f6-6343c972be35,6df3b9f5-dec6-d891-7ee6-e22e1cf34fad,fd40db72-259e-a2c9-ccee-db7522824e5b,e1982368-275b-97fc-4174-151084428a94,273e849a-dc05-a8c3-0281-c8a2e827318d,5cd8d703-abee-3948-b6a3-3b7f3232a166,bd155994-0316-6a21-8dae-5d670006ab46,2ff3093c-53e8-9814-d2a8-c58f6c866dbb"
"2026-05-24T09:55:17.000+0000",VISA,"VISA,MASTERCARD","1779616517.793",ERROR,"INFO,ERROR,EXIT","11/27","01/27,02/27,03/27,04/27,05/27,06/27,07/27,08/27,09/27,10/27,11/27,12/27",793,1779616517,"fd40db72-259e-a2c9-ccee-db7522824e5b","d24481dd-66b0-1408-8e57-e95689202eb9
ece1a9ae-ffd4-aa16-ba60-f4aaf994a432
f6669f7b-58ec-429f-30e4-b854d25735fa
6f77c1f5-b663-996c-c336-72c1d5493d4b
fb061221-316e-c954-1422-57bb4f6b9a46
a0bcc770-67eb-ddb1-2e42-b9b81a701feb
1933364a-bd6f-e0c0-752b-7c7f863d1df1
3f87d147-04c5-93fc-37f6-6343c972be35
6df3b9f5-dec6-d891-7ee6-e22e1cf34fad
fd40db72-259e-a2c9-ccee-db7522824e5b
e1982368-275b-97fc-4174-151084428a94
273e849a-dc05-a8c3-0281-c8a2e827318d
5cd8d703-abee-3948-b6a3-3b7f3232a166
bd155994-0316-6a21-8dae-5d670006ab46
2ff3093c-53e8-9814-d2a8-c58f6c866dbb","d24481dd-66b0-1408-8e57-e95689202eb9,ece1a9ae-ffd4-aa16-ba60-f4aaf994a432,f6669f7b-58ec-429f-30e4-b854d25735fa,6f77c1f5-b663-996c-c336-72c1d5493d4b,fb061221-316e-c954-1422-57bb4f6b9a46,a0bcc770-67eb-ddb1-2e42-b9b81a701feb,1933364a-bd6f-e0c0-752b-7c7f863d1df1,3f87d147-04c5-93fc-37f6-6343c972be35,6df3b9f5-dec6-d891-7ee6-e22e1cf34fad,fd40db72-259e-a2c9-ccee-db7522824e5b,e1982368-275b-97fc-4174-151084428a94,273e849a-dc05-a8c3-0281-c8a2e827318d,5cd8d703-abee-3948-b6a3-3b7f3232a166,bd155994-0316-6a21-8dae-5d670006ab46,2ff3093c-53e8-9814-d2a8-c58f6c866dbb"
"2026-05-25T17:57:45.000+0000",VISA,"VISA,MASTERCARD","1779731865.31",EXIT,"INFO,ERROR,EXIT","11/27","01/27,02/27,03/27,04/27,05/27,06/27,07/27,08/27,09/27,10/27,11/27,12/27",310,1779731865,"273e849a-dc05-a8c3-0281-c8a2e827318d","d24481dd-66b0-1408-8e57-e95689202eb9
ece1a9ae-ffd4-aa16-ba60-f4aaf994a432
f6669f7b-58ec-429f-30e4-b854d25735fa
6f77c1f5-b663-996c-c336-72c1d5493d4b
fb061221-316e-c954-1422-57bb4f6b9a46
a0bcc770-67eb-ddb1-2e42-b9b81a701feb
1933364a-bd6f-e0c0-752b-7c7f863d1df1
3f87d147-04c5-93fc-37f6-6343c972be35
6df3b9f5-dec6-d891-7ee6-e22e1cf34fad
fd40db72-259e-a2c9-ccee-db7522824e5b
e1982368-275b-97fc-4174-151084428a94
273e849a-dc05-a8c3-0281-c8a2e827318d
5cd8d703-abee-3948-b6a3-3b7f3232a166
bd155994-0316-6a21-8dae-5d670006ab46
2ff3093c-53e8-9814-d2a8-c58f6c866dbb","d24481dd-66b0-1408-8e57-e95689202eb9,ece1a9ae-ffd4-aa16-ba60-f4aaf994a432,f6669f7b-58ec-429f-30e4-b854d25735fa,6f77c1f5-b663-996c-c336-72c1d5493d4b,fb061221-316e-c954-1422-57bb4f6b9a46,a0bcc770-67eb-ddb1-2e42-b9b81a701feb,1933364a-bd6f-e0c0-752b-7c7f863d1df1,3f87d147-04c5-93fc-37f6-6343c972be35,6df3b9f5-dec6-d891-7ee6-e22e1cf34fad,fd40db72-259e-a2c9-ccee-db7522824e5b,e1982368-275b-97fc-4174-151084428a94,273e849a-dc05-a8c3-0281-c8a2e827318d,5cd8d703-abee-3948-b6a3-3b7f3232a166,bd155994-0316-6a21-8dae-5d670006ab46,2ff3093c-53e8-9814-d2a8-c58f6c866dbb"
"2026-05-24T00:13:17.000+0000",MASTERCARD,"VISA,MASTERCARD","1779581598.423",INFO,"INFO,ERROR,EXIT","05/27","01/27,02/27,03/27,04/27,05/27,06/27,07/27,08/27,09/27,10/27,11/27,12/27",1423,1779581597,"bd155994-0316-6a21-8dae-5d670006ab46","d24481dd-66b0-1408-8e57-e95689202eb9
ece1a9ae-ffd4-aa16-ba60-f4aaf994a432
f6669f7b-58ec-429f-30e4-b854d25735fa
6f77c1f5-b663-996c-c336-72c1d5493d4b
fb061221-316e-c954-1422-57bb4f6b9a46
a0bcc770-67eb-ddb1-2e42-b9b81a701feb
1933364a-bd6f-e0c0-752b-7c7f863d1df1
3f87d147-04c5-93fc-37f6-6343c972be35
6df3b9f5-dec6-d891-7ee6-e22e1cf34fad
fd40db72-259e-a2c9-ccee-db7522824e5b
e1982368-275b-97fc-4174-151084428a94
273e849a-dc05-a8c3-0281-c8a2e827318d
5cd8d703-abee-3948-b6a3-3b7f3232a166
bd155994-0316-6a21-8dae-5d670006ab46
2ff3093c-53e8-9814-d2a8-c58f6c866dbb","d24481dd-66b0-1408-8e57-e95689202eb9,ece1a9ae-ffd4-aa16-ba60-f4aaf994a432,f6669f7b-58ec-429f-30e4-b854d25735fa,6f77c1f5-b663-996c-c336-72c1d5493d4b,fb061221-316e-c954-1422-57bb4f6b9a46,a0bcc770-67eb-ddb1-2e42-b9b81a701feb,1933364a-bd6f-e0c0-752b-7c7f863d1df1,3f87d147-04c5-93fc-37f6-6343c972be35,6df3b9f5-dec6-d891-7ee6-e22e1cf34fad,fd40db72-259e-a2c9-ccee-db7522824e5b,e1982368-275b-97fc-4174-151084428a94,273e849a-dc05-a8c3-0281-c8a2e827318d,5cd8d703-abee-3948-b6a3-3b7f3232a166,bd155994-0316-6a21-8dae-5d670006ab46,2ff3093c-53e8-9814-d2a8-c58f6c866dbb"
"2026-05-22T12:55:47.000+0000",VISA,"VISA,MASTERCARD","1779454547.912",ERROR,"INFO,ERROR,EXIT","11/27","01/27,02/27,03/27,04/27,05/27,06/27,07/27,08/27,09/27,10/27,11/27,12/27",912,1779454547,"a0bcc770-67eb-ddb1-2e42-b9b81a701feb","d24481dd-66b0-1408-8e57-e95689202eb9
ece1a9ae-ffd4-aa16-ba60-f4aaf994a432
f6669f7b-58ec-429f-30e4-b854d25735fa
6f77c1f5-b663-996c-c336-72c1d5493d4b
fb061221-316e-c954-1422-57bb4f6b9a46
a0bcc770-67eb-ddb1-2e42-b9b81a701feb
1933364a-bd6f-e0c0-752b-7c7f863d1df1
3f87d147-04c5-93fc-37f6-6343c972be35
6df3b9f5-dec6-d891-7ee6-e22e1cf34fad
fd40db72-259e-a2c9-ccee-db7522824e5b
e1982368-275b-97fc-4174-151084428a94
273e849a-dc05-a8c3-0281-c8a2e827318d
5cd8d703-abee-3948-b6a3-3b7f3232a166
bd155994-0316-6a21-8dae-5d670006ab46
2ff3093c-53e8-9814-d2a8-c58f6c866dbb","d24481dd-66b0-1408-8e57-e95689202eb9,ece1a9ae-ffd4-aa16-ba60-f4aaf994a432,f6669f7b-58ec-429f-30e4-b854d25735fa,6f77c1f5-b663-996c-c336-72c1d5493d4b,fb061221-316e-c954-1422-57bb4f6b9a46,a0bcc770-67eb-ddb1-2e42-b9b81a701feb,1933364a-bd6f-e0c0-752b-7c7f863d1df1,3f87d147-04c5-93fc-37f6-6343c972be35,6df3b9f5-dec6-d891-7ee6-e22e1cf34fad,fd40db72-259e-a2c9-ccee-db7522824e5b,e1982368-275b-97fc-4174-151084428a94,273e849a-dc05-a8c3-0281-c8a2e827318d,5cd8d703-abee-3948-b6a3-3b7f3232a166,bd155994-0316-6a21-8dae-5d670006ab46,2ff3093c-53e8-9814-d2a8-c58f6c866dbb"
"2026-05-22T02:59:18.000+0000",VISA,"VISA,MASTERCARD","1779418758.67",INFO,"INFO,ERROR,EXIT","11/27","01/27,02/27,03/27,04/27,05/27,06/27,07/27,08/27,09/27,10/27,11/27,12/27",670,1779418758,"d24481dd-66b0-1408-8e57-e95689202eb9","d24481dd-66b0-1408-8e57-e95689202eb9
ece1a9ae-ffd4-aa16-ba60-f4aaf994a432
f6669f7b-58ec-429f-30e4-b854d25735fa
6f77c1f5-b663-996c-c336-72c1d5493d4b
fb061221-316e-c954-1422-57bb4f6b9a46
a0bcc770-67eb-ddb1-2e42-b9b81a701feb
1933364a-bd6f-e0c0-752b-7c7f863d1df1
3f87d147-04c5-93fc-37f6-6343c972be35
6df3b9f5-dec6-d891-7ee6-e22e1cf34fad
fd40db72-259e-a2c9-ccee-db7522824e5b
e1982368-275b-97fc-4174-151084428a94
273e849a-dc05-a8c3-0281-c8a2e827318d
5cd8d703-abee-3948-b6a3-3b7f3232a166
bd155994-0316-6a21-8dae-5d670006ab46
2ff3093c-53e8-9814-d2a8-c58f6c866dbb","d24481dd-66b0-1408-8e57-e95689202eb9,ece1a9ae-ffd4-aa16-ba60-f4aaf994a432,f6669f7b-58ec-429f-30e4-b854d25735fa,6f77c1f5-b663-996c-c336-72c1d5493d4b,fb061221-316e-c954-1422-57bb4f6b9a46,a0bcc770-67eb-ddb1-2e42-b9b81a701feb,1933364a-bd6f-e0c0-752b-7c7f863d1df1,3f87d147-04c5-93fc-37f6-6343c972be35,6df3b9f5-dec6-d891-7ee6-e22e1cf34fad,fd40db72-259e-a2c9-ccee-db7522824e5b,e1982368-275b-97fc-4174-151084428a94,273e849a-dc05-a8c3-0281-c8a2e827318d,5cd8d703-abee-3948-b6a3-3b7f3232a166,bd155994-0316-6a21-8dae-5d670006ab46,2ff3093c-53e8-9814-d2a8-c58f6c866dbb"
"2026-05-22T11:37:21.000+0000",MASTERCARD,"VISA,MASTERCARD","1779449842.177",ERROR,"INFO,ERROR,EXIT","04/27","01/27,02/27,03/27,04/27,05/27,06/27,07/27,08/27,09/27,10/27,11/27,12/27",1177,1779449841,"1933364a-bd6f-e0c0-752b-7c7f863d1df1","d24481dd-66b0-1408-8e57-e95689202eb9
ece1a9ae-ffd4-aa16-ba60-f4aaf994a432
f6669f7b-58ec-429f-30e4-b854d25735fa
6f77c1f5-b663-996c-c336-72c1d5493d4b
fb061221-316e-c954-1422-57bb4f6b9a46
a0bcc770-67eb-ddb1-2e42-b9b81a701feb
1933364a-bd6f-e0c0-752b-7c7f863d1df1
3f87d147-04c5-93fc-37f6-6343c972be35
6df3b9f5-dec6-d891-7ee6-e22e1cf34fad
fd40db72-259e-a2c9-ccee-db7522824e5b
e1982368-275b-97fc-4174-151084428a94
273e849a-dc05-a8c3-0281-c8a2e827318d
5cd8d703-abee-3948-b6a3-3b7f3232a166
bd155994-0316-6a21-8dae-5d670006ab46
2ff3093c-53e8-9814-d2a8-c58f6c866dbb","d24481dd-66b0-1408-8e57-e95689202eb9,ece1a9ae-ffd4-aa16-ba60-f4aaf994a432,f6669f7b-58ec-429f-30e4-b854d25735fa,6f77c1f5-b663-996c-c336-72c1d5493d4b,fb061221-316e-c954-1422-57bb4f6b9a46,a0bcc770-67eb-ddb1-2e42-b9b81a701feb,1933364a-bd6f-e0c0-752b-7c7f863d1df1,3f87d147-04c5-93fc-37f6-6343c972be35,6df3b9f5-dec6-d891-7ee6-e22e1cf34fad,fd40db72-259e-a2c9-ccee-db7522824e5b,e1982368-275b-97fc-4174-151084428a94,273e849a-dc05-a8c3-0281-c8a2e827318d,5cd8d703-abee-3948-b6a3-3b7f3232a166,bd155994-0316-6a21-8dae-5d670006ab46,2ff3093c-53e8-9814-d2a8-c58f6c866dbb"
"2026-05-21T01:53:55.000+0000",MASTERCARD,"VISA,MASTERCARD","1779328435.295",EXIT,"INFO,ERROR,EXIT","01/27","01/27,02/27,03/27,04/27,05/27,06/27,07/27,08/27,09/27,10/27,11/27,12/27",295,1779328435,"5cd8d703-abee-3948-b6a3-3b7f3232a166","d24481dd-66b0-1408-8e57-e95689202eb9
ece1a9ae-ffd4-aa16-ba60-f4aaf994a432
f6669f7b-58ec-429f-30e4-b854d25735fa
6f77c1f5-b663-996c-c336-72c1d5493d4b
fb061221-316e-c954-1422-57bb4f6b9a46
a0bcc770-67eb-ddb1-2e42-b9b81a701feb
1933364a-bd6f-e0c0-752b-7c7f863d1df1
3f87d147-04c5-93fc-37f6-6343c972be35
6df3b9f5-dec6-d891-7ee6-e22e1cf34fad
fd40db72-259e-a2c9-ccee-db7522824e5b
e1982368-275b-97fc-4174-151084428a94
273e849a-dc05-a8c3-0281-c8a2e827318d
5cd8d703-abee-3948-b6a3-3b7f3232a166
bd155994-0316-6a21-8dae-5d670006ab46
2ff3093c-53e8-9814-d2a8-c58f6c866dbb","d24481dd-66b0-1408-8e57-e95689202eb9,ece1a9ae-ffd4-aa16-ba60-f4aaf994a432,f6669f7b-58ec-429f-30e4-b854d25735fa,6f77c1f5-b663-996c-c336-72c1d5493d4b,fb061221-316e-c954-1422-57bb4f6b9a46,a0bcc770-67eb-ddb1-2e42-b9b81a701feb,1933364a-bd6f-e0c0-752b-7c7f863d1df1,3f87d147-04c5-93fc-37f6-6343c972be35,6df3b9f5-dec6-d891-7ee6-e22e1cf34fad,fd40db72-259e-a2c9-ccee-db7522824e5b,e1982368-275b-97fc-4174-151084428a94,273e849a-dc05-a8c3-0281-c8a2e827318d,5cd8d703-abee-3948-b6a3-3b7f3232a166,bd155994-0316-6a21-8dae-5d670006ab46,2ff3093c-53e8-9814-d2a8-c58f6c866dbb"
"2026-05-19T17:53:00.000+0000",MASTERCARD,"VISA,MASTERCARD","1779213181.166",EXIT,"INFO,ERROR,EXIT","06/27","01/27,02/27,03/27,04/27,05/27,06/27,07/27,08/27,09/27,10/27,11/27,12/27",1166,1779213180,"e1982368-275b-97fc-4174-151084428a94","d24481dd-66b0-1408-8e57-e95689202eb9
ece1a9ae-ffd4-aa16-ba60-f4aaf994a432
f6669f7b-58ec-429f-30e4-b854d25735fa
6f77c1f5-b663-996c-c336-72c1d5493d4b
fb061221-316e-c954-1422-57bb4f6b9a46
a0bcc770-67eb-ddb1-2e42-b9b81a701feb
1933364a-bd6f-e0c0-752b-7c7f863d1df1
3f87d147-04c5-93fc-37f6-6343c972be35
6df3b9f5-dec6-d891-7ee6-e22e1cf34fad
fd40db72-259e-a2c9-ccee-db7522824e5b
e1982368-275b-97fc-4174-151084428a94
273e849a-dc05-a8c3-0281-c8a2e827318d
5cd8d703-abee-3948-b6a3-3b7f3232a166
bd155994-0316-6a21-8dae-5d670006ab46
2ff3093c-53e8-9814-d2a8-c58f6c866dbb","d24481dd-66b0-1408-8e57-e95689202eb9,ece1a9ae-ffd4-aa16-ba60-f4aaf994a432,f6669f7b-58ec-429f-30e4-b854d25735fa,6f77c1f5-b663-996c-c336-72c1d5493d4b,fb061221-316e-c954-1422-57bb4f6b9a46,a0bcc770-67eb-ddb1-2e42-b9b81a701feb,1933364a-bd6f-e0c0-752b-7c7f863d1df1,3f87d147-04c5-93fc-37f6-6343c972be35,6df3b9f5-dec6-d891-7ee6-e22e1cf34fad,fd40db72-259e-a2c9-ccee-db7522824e5b,e1982368-275b-97fc-4174-151084428a94,273e849a-dc05-a8c3-0281-c8a2e827318d,5cd8d703-abee-3948-b6a3-3b7f3232a166,bd155994-0316-6a21-8dae-5d670006ab46,2ff3093c-53e8-9814-d2a8-c58f6c866dbb"
"2026-05-24T01:07:24.000+0000",MASTERCARD,"VISA,MASTERCARD","1779584844.89",EXIT,"INFO,ERROR,EXIT","05/27","01/27,02/27,03/27,04/27,05/27,06/27,07/27,08/27,09/27,10/27,11/27,12/27",890,1779584844,"ece1a9ae-ffd4-aa16-ba60-f4aaf994a432","d24481dd-66b0-1408-8e57-e95689202eb9
ece1a9ae-ffd4-aa16-ba60-f4aaf994a432
f6669f7b-58ec-429f-30e4-b854d25735fa
6f77c1f5-b663-996c-c336-72c1d5493d4b
fb061221-316e-c954-1422-57bb4f6b9a46
a0bcc770-67eb-ddb1-2e42-b9b81a701feb
1933364a-bd6f-e0c0-752b-7c7f863d1df1
3f87d147-04c5-93fc-37f6-6343c972be35
6df3b9f5-dec6-d891-7ee6-e22e1cf34fad
fd40db72-259e-a2c9-ccee-db7522824e5b
e1982368-275b-97fc-4174-151084428a94
273e849a-dc05-a8c3-0281-c8a2e827318d
5cd8d703-abee-3948-b6a3-3b7f3232a166
bd155994-0316-6a21-8dae-5d670006ab46
2ff3093c-53e8-9814-d2a8-c58f6c866dbb","d24481dd-66b0-1408-8e57-e95689202eb9,ece1a9ae-ffd4-aa16-ba60-f4aaf994a432,f6669f7b-58ec-429f-30e4-b854d25735fa,6f77c1f5-b663-996c-c336-72c1d5493d4b,fb061221-316e-c954-1422-57bb4f6b9a46,a0bcc770-67eb-ddb1-2e42-b9b81a701feb,1933364a-bd6f-e0c0-752b-7c7f863d1df1,3f87d147-04c5-93fc-37f6-6343c972be35,6df3b9f5-dec6-d891-7ee6-e22e1cf34fad,fd40db72-259e-a2c9-ccee-db7522824e5b,e1982368-275b-97fc-4174-151084428a94,273e849a-dc05-a8c3-0281-c8a2e827318d,5cd8d703-abee-3948-b6a3-3b7f3232a166,bd155994-0316-6a21-8dae-5d670006ab46,2ff3093c-53e8-9814-d2a8-c58f6c866dbb"
"2026-05-21T01:17:16.000+0000",VISA,"VISA,MASTERCARD","1779326236.408",ERROR,"INFO,ERROR,EXIT","07/27","01/27,02/27,03/27,04/27,05/27,06/27,07/27,08/27,09/27,10/27,11/27,12/27",408,1779326236,"d24481dd-66b0-1408-8e57-e95689202eb9","d24481dd-66b0-1408-8e57-e95689202eb9
ece1a9ae-ffd4-aa16-ba60-f4aaf994a432
f6669f7b-58ec-429f-30e4-b854d25735fa
6f77c1f5-b663-996c-c336-72c1d5493d4b
fb061221-316e-c954-1422-57bb4f6b9a46
a0bcc770-67eb-ddb1-2e42-b9b81a701feb
1933364a-bd6f-e0c0-752b-7c7f863d1df1
3f87d147-04c5-93fc-37f6-6343c972be35
6df3b9f5-dec6-d891-7ee6-e22e1cf34fad
fd40db72-259e-a2c9-ccee-db7522824e5b
e1982368-275b-97fc-4174-151084428a94
273e849a-dc05-a8c3-0281-c8a2e827318d
5cd8d703-abee-3948-b6a3-3b7f3232a166
bd155994-0316-6a21-8dae-5d670006ab46
2ff3093c-53e8-9814-d2a8-c58f6c866dbb","d24481dd-66b0-1408-8e57-e95689202eb9,ece1a9ae-ffd4-aa16-ba60-f4aaf994a432,f6669f7b-58ec-429f-30e4-b854d25735fa,6f77c1f5-b663-996c-c336-72c1d5493d4b,fb061221-316e-c954-1422-57bb4f6b9a46,a0bcc770-67eb-ddb1-2e42-b9b81a701feb,1933364a-bd6f-e0c0-752b-7c7f863d1df1,3f87d147-04c5-93fc-37f6-6343c972be35,6df3b9f5-dec6-d891-7ee6-e22e1cf34fad,fd40db72-259e-a2c9-ccee-db7522824e5b,e1982368-275b-97fc-4174-151084428a94,273e849a-dc05-a8c3-0281-c8a2e827318d,5cd8d703-abee-3948-b6a3-3b7f3232a166,bd155994-0316-6a21-8dae-5d670006ab46,2ff3093c-53e8-9814-d2a8-c58f6c866dbb"
"2026-05-24T21:15:48.000+0000",MASTERCARD,"VISA,MASTERCARD","1779657348.958",EXIT,"INFO,ERROR,EXIT","01/27","01/27,02/27,03/27,04/27,05/27,06/27,07/27,08/27,09/27,10/27,11/27,12/27",958,1779657348,"bd155994-0316-6a21-8dae-5d670006ab46","d24481dd-66b0-1408-8e57-e95689202eb9
ece1a9ae-ffd4-aa16-ba60-f4aaf994a432
f6669f7b-58ec-429f-30e4-b854d25735fa
6f77c1f5-b663-996c-c336-72c1d5493d4b
fb061221-316e-c954-1422-57bb4f6b9a46
a0bcc770-67eb-ddb1-2e42-b9b81a701feb
1933364a-bd6f-e0c0-752b-7c7f863d1df1
3f87d147-04c5-93fc-37f6-6343c972be35
6df3b9f5-dec6-d891-7ee6-e22e1cf34fad
fd40db72-259e-a2c9-ccee-db7522824e5b
e1982368-275b-97fc-4174-151084428a94
273e849a-dc05-a8c3-0281-c8a2e827318d
5cd8d703-abee-3948-b6a3-3b7f3232a166
bd155994-0316-6a21-8dae-5d670006ab46
2ff3093c-53e8-9814-d2a8-c58f6c866dbb","d24481dd-66b0-1408-8e57-e95689202eb9,ece1a9ae-ffd4-aa16-ba60-f4aaf994a432,f6669f7b-58ec-429f-30e4-b854d25735fa,6f77c1f5-b663-996c-c336-72c1d5493d4b,fb061221-316e-c954-1422-57bb4f6b9a46,a0bcc770-67eb-ddb1-2e42-b9b81a701feb,1933364a-bd6f-e0c0-752b-7c7f863d1df1,3f87d147-04c5-93fc-37f6-6343c972be35,6df3b9f5-dec6-d891-7ee6-e22e1cf34fad,fd40db72-259e-a2c9-ccee-db7522824e5b,e1982368-275b-97fc-4174-151084428a94,273e849a-dc05-a8c3-0281-c8a2e827318d,5cd8d703-abee-3948-b6a3-3b7f3232a166,bd155994-0316-6a21-8dae-5d670006ab46,2ff3093c-53e8-9814-d2a8-c58f6c866dbb"
"2026-05-20T12:11:58.000+0000",VISA,"VISA,MASTERCARD","1779279118.843",INFO,"INFO,ERROR,EXIT","08/27","01/27,02/27,03/27,04/27,05/27,06/27,07/27,08/27,09/27,10/27,11/27,12/27",843,1779279118,"a0bcc770-67eb-ddb1-2e42-b9b81a701feb","d24481dd-66b0-1408-8e57-e95689202eb9
ece1a9ae-ffd4-aa16-ba60-f4aaf994a432
f6669f7b-58ec-429f-30e4-b854d25735fa
6f77c1f5-b663-996c-c336-72c1d5493d4b
fb061221-316e-c954-1422-57bb4f6b9a46
a0bcc770-67eb-ddb1-2e42-b9b81a701feb
1933364a-bd6f-e0c0-752b-7c7f863d1df1
3f87d147-04c5-93fc-37f6-6343c972be35
6df3b9f5-dec6-d891-7ee6-e22e1cf34fad
fd40db72-259e-a2c9-ccee-db7522824e5b
e1982368-275b-97fc-4174-151084428a94
273e849a-dc05-a8c3-0281-c8a2e827318d
5cd8d703-abee-3948-b6a3-3b7f3232a166
bd155994-0316-6a21-8dae-5d670006ab46
2ff3093c-53e8-9814-d2a8-c58f6c866dbb","d24481dd-66b0-1408-8e57-e95689202eb9,ece1a9ae-ffd4-aa16-ba60-f4aaf994a432,f6669f7b-58ec-429f-30e4-b854d25735fa,6f77c1f5-b663-996c-c336-72c1d5493d4b,fb061221-316e-c954-1422-57bb4f6b9a46,a0bcc770-67eb-ddb1-2e42-b9b81a701feb,1933364a-bd6f-e0c0-752b-7c7f863d1df1,3f87d147-04c5-93fc-37f6-6343c972be35,6df3b9f5-dec6-d891-7ee6-e22e1cf34fad,fd40db72-259e-a2c9-ccee-db7522824e5b,e1982368-275b-97fc-4174-151084428a94,273e849a-dc05-a8c3-0281-c8a2e827318d,5cd8d703-abee-3948-b6a3-3b7f3232a166,bd155994-0316-6a21-8dae-5d670006ab46,2ff3093c-53e8-9814-d2a8-c58f6c866dbb"
"2026-05-25T16:39:05.000+0000",VISA,"VISA,MASTERCARD","1779727145.847",EXIT,"INFO,ERROR,EXIT","05/27","01/27,02/27,03/27,04/27,05/27,06/27,07/27,08/27,09/27,10/27,11/27,12/27",847,1779727145,"f6669f7b-58ec-429f-30e4-b854d25735fa","d24481dd-66b0-1408-8e57-e95689202eb9
ece1a9ae-ffd4-aa16-ba60-f4aaf994a432
f6669f7b-58ec-429f-30e4-b854d25735fa
6f77c1f5-b663-996c-c336-72c1d5493d4b
fb061221-316e-c954-1422-57bb4f6b9a46
a0bcc770-67eb-ddb1-2e42-b9b81a701feb
1933364a-bd6f-e0c0-752b-7c7f863d1df1
3f87d147-04c5-93fc-37f6-6343c972be35
6df3b9f5-dec6-d891-7ee6-e22e1cf34fad
fd40db72-259e-a2c9-ccee-db7522824e5b
e1982368-275b-97fc-4174-151084428a94
273e849a-dc05-a8c3-0281-c8a2e827318d
5cd8d703-abee-3948-b6a3-3b7f3232a166
bd155994-0316-6a21-8dae-5d670006ab46
2ff3093c-53e8-9814-d2a8-c58f6c866dbb","d24481dd-66b0-1408-8e57-e95689202eb9,ece1a9ae-ffd4-aa16-ba60-f4aaf994a432,f6669f7b-58ec-429f-30e4-b854d25735fa,6f77c1f5-b663-996c-c336-72c1d5493d4b,fb061221-316e-c954-1422-57bb4f6b9a46,a0bcc770-67eb-ddb1-2e42-b9b81a701feb,1933364a-bd6f-e0c0-752b-7c7f863d1df1,3f87d147-04c5-93fc-37f6-6343c972be35,6df3b9f5-dec6-d891-7ee6-e22e1cf34fad,fd40db72-259e-a2c9-ccee-db7522824e5b,e1982368-275b-97fc-4174-151084428a94,273e849a-dc05-a8c3-0281-c8a2e827318d,5cd8d703-abee-3948-b6a3-3b7f3232a166,bd155994-0316-6a21-8dae-5d670006ab46,2ff3093c-53e8-9814-d2a8-c58f6c866dbb"
"2026-05-24T18:08:01.000+0000",VISA,"VISA,MASTERCARD","1779646081.378",ERROR,"INFO,ERROR,EXIT","03/27","01/27,02/27,03/27,04/27,05/27,06/27,07/27,08/27,09/27,10/27,11/27,12/27",378,1779646081,"273e849a-dc05-a8c3-0281-c8a2e827318d","d24481dd-66b0-1408-8e57-e95689202eb9
ece1a9ae-ffd4-aa16-ba60-f4aaf994a432
f6669f7b-58ec-429f-30e4-b854d25735fa
6f77c1f5-b663-996c-c336-72c1d5493d4b
fb061221-316e-c954-1422-57bb4f6b9a46
a0bcc770-67eb-ddb1-2e42-b9b81a701feb
1933364a-bd6f-e0c0-752b-7c7f863d1df1
3f87d147-04c5-93fc-37f6-6343c972be35
6df3b9f5-dec6-d891-7ee6-e22e1cf34fad
fd40db72-259e-a2c9-ccee-db7522824e5b
e1982368-275b-97fc-4174-151084428a94
273e849a-dc05-a8c3-0281-c8a2e827318d
5cd8d703-abee-3948-b6a3-3b7f3232a166
bd155994-0316-6a21-8dae-5d670006ab46
2ff3093c-53e8-9814-d2a8-c58f6c866dbb","d24481dd-66b0-1408-8e57-e95689202eb9,ece1a9ae-ffd4-aa16-ba60-f4aaf994a432,f6669f7b-58ec-429f-30e4-b854d25735fa,6f77c1f5-b663-996c-c336-72c1d5493d4b,fb061221-316e-c954-1422-57bb4f6b9a46,a0bcc770-67eb-ddb1-2e42-b9b81a701feb,1933364a-bd6f-e0c0-752b-7c7f863d1df1,3f87d147-04c5-93fc-37f6-6343c972be35,6df3b9f5-dec6-d891-7ee6-e22e1cf34fad,fd40db72-259e-a2c9-ccee-db7522824e5b,e1982368-275b-97fc-4174-151084428a94,273e849a-dc05-a8c3-0281-c8a2e827318d,5cd8d703-abee-3948-b6a3-3b7f3232a166,bd155994-0316-6a21-8dae-5d670006ab46,2ff3093c-53e8-9814-d2a8-c58f6c866dbb"
"2026-05-22T13:43:15.000+0000",MASTERCARD,"VISA,MASTERCARD","1779457395.549",INFO,"INFO,ERROR,EXIT","03/27","01/27,02/27,03/27,04/27,05/27,06/27,07/27,08/27,09/27,10/27,11/27,12/27",549,1779457395,"3f87d147-04c5-93fc-37f6-6343c972be35","d24481dd-66b0-1408-8e57-e95689202eb9
ece1a9ae-ffd4-aa16-ba60-f4aaf994a432
f6669f7b-58ec-429f-30e4-b854d25735fa
6f77c1f5-b663-996c-c336-72c1d5493d4b
fb061221-316e-c954-1422-57bb4f6b9a46
a0bcc770-67eb-ddb1-2e42-b9b81a701feb
1933364a-bd6f-e0c0-752b-7c7f863d1df1
3f87d147-04c5-93fc-37f6-6343c972be35
6df3b9f5-dec6-d891-7ee6-e22e1cf34fad
fd40db72-259e-a2c9-ccee-db7522824e5b
e1982368-275b-97fc-4174-151084428a94
273e849a-dc05-a8c3-0281-c8a2e827318d
5cd8d703-abee-3948-b6a3-3b7f3232a166
bd155994-0316-6a21-8dae-5d670006ab46
2ff3093c-53e8-9814-d2a8-c58f6c866dbb","d24481dd-66b0-1408-8e57-e95689202eb9,ece1a9ae-ffd4-aa16-ba60-f4aaf994a432,f6669f7b-58ec-429f-30e4-b854d25735fa,6f77c1f5-b663-996c-c336-72c1d5493d4b,fb061221-316e-c954-1422-57bb4f6b9a46,a0bcc770-67eb-ddb1-2e42-b9b81a701feb,1933364a-bd6f-e0c0-752b-7c7f863d1df1,3f87d147-04c5-93fc-37f6-6343c972be35,6df3b9f5-dec6-d891-7ee6-e22e1cf34fad,fd40db72-259e-a2c9-ccee-db7522824e5b,e1982368-275b-97fc-4174-151084428a94,273e849a-dc05-a8c3-0281-c8a2e827318d,5cd8d703-abee-3948-b6a3-3b7f3232a166,bd155994-0316-6a21-8dae-5d670006ab46,2ff3093c-53e8-9814-d2a8-c58f6c866dbb"
"2026-05-23T12:30:16.000+0000",VISA,"VISA,MASTERCARD","1779539416.608",ERROR,"INFO,ERROR,EXIT","10/27","01/27,02/27,03/27,04/27,05/27,06/27,07/27,08/27,09/27,10/27,11/27,12/27",608,1779539416,"6df3b9f5-dec6-d891-7ee6-e22e1cf34fad","d24481dd-66b0-1408-8e57-e95689202eb9
ece1a9ae-ffd4-aa16-ba60-f4aaf994a432
f6669f7b-58ec-429f-30e4-b854d25735fa
6f77c1f5-b663-996c-c336-72c1d5493d4b
fb061221-316e-c954-1422-57bb4f6b9a46
a0bcc770-67eb-ddb1-2e42-b9b81a701feb
1933364a-bd6f-e0c0-752b-7c7f863d1df1
3f87d147-04c5-93fc-37f6-6343c972be35
6df3b9f5-dec6-d891-7ee6-e22e1cf34fad
fd40db72-259e-a2c9-ccee-db7522824e5b
e1982368-275b-97fc-4174-151084428a94
273e849a-dc05-a8c3-0281-c8a2e827318d
5cd8d703-abee-3948-b6a3-3b7f3232a166
bd155994-0316-6a21-8dae-5d670006ab46
2ff3093c-53e8-9814-d2a8-c58f6c866dbb","d24481dd-66b0-1408-8e57-e95689202eb9,ece1a9ae-ffd4-aa16-ba60-f4aaf994a432,f6669f7b-58ec-429f-30e4-b854d25735fa,6f77c1f5-b663-996c-c336-72c1d5493d4b,fb061221-316e-c954-1422-57bb4f6b9a46,a0bcc770-67eb-ddb1-2e42-b9b81a701feb,1933364a-bd6f-e0c0-752b-7c7f863d1df1,3f87d147-04c5-93fc-37f6-6343c972be35,6df3b9f5-dec6-d891-7ee6-e22e1cf34fad,fd40db72-259e-a2c9-ccee-db7522824e5b,e1982368-275b-97fc-4174-151084428a94,273e849a-dc05-a8c3-0281-c8a2e827318d,5cd8d703-abee-3948-b6a3-3b7f3232a166,bd155994-0316-6a21-8dae-5d670006ab46,2ff3093c-53e8-9814-d2a8-c58f6c866dbb"
"2026-05-23T17:04:38.000+0000",VISA,"VISA,MASTERCARD","1779555879.003",EXIT,"INFO,ERROR,EXIT","12/27","01/27,02/27,03/27,04/27,05/27,06/27,07/27,08/27,09/27,10/27,11/27,12/27",1003,1779555878,"ece1a9ae-ffd4-aa16-ba60-f4aaf994a432","d24481dd-66b0-1408-8e57-e95689202eb9
ece1a9ae-ffd4-aa16-ba60-f4aaf994a432
f6669f7b-58ec-429f-30e4-b854d25735fa
6f77c1f5-b663-996c-c336-72c1d5493d4b
fb061221-316e-c954-1422-57bb4f6b9a46
a0bcc770-67eb-ddb1-2e42-b9b81a701feb
1933364a-bd6f-e0c0-752b-7c7f863d1df1
3f87d147-04c5-93fc-37f6-6343c972be35
6df3b9f5-dec6-d891-7ee6-e22e1cf34fad
fd40db72-259e-a2c9-ccee-db7522824e5b
e1982368-275b-97fc-4174-151084428a94
273e849a-dc05-a8c3-0281-c8a2e827318d
5cd8d703-abee-3948-b6a3-3b7f3232a166
bd155994-0316-6a21-8dae-5d670006ab46
2ff3093c-53e8-9814-d2a8-c58f6c866dbb","d24481dd-66b0-1408-8e57-e95689202eb9,ece1a9ae-ffd4-aa16-ba60-f4aaf994a432,f6669f7b-58ec-429f-30e4-b854d25735fa,6f77c1f5-b663-996c-c336-72c1d5493d4b,fb061221-316e-c954-1422-57bb4f6b9a46,a0bcc770-67eb-ddb1-2e42-b9b81a701feb,1933364a-bd6f-e0c0-752b-7c7f863d1df1,3f87d147-04c5-93fc-37f6-6343c972be35,6df3b9f5-dec6-d891-7ee6-e22e1cf34fad,fd40db72-259e-a2c9-ccee-db7522824e5b,e1982368-275b-97fc-4174-151084428a94,273e849a-dc05-a8c3-0281-c8a2e827318d,5cd8d703-abee-3948-b6a3-3b7f3232a166,bd155994-0316-6a21-8dae-5d670006ab46,2ff3093c-53e8-9814-d2a8-c58f6c866dbb"
"2026-05-22T02:43:01.000+0000",VISA,"VISA,MASTERCARD","1779417781.394",ERROR,"INFO,ERROR,EXIT","06/27","01/27,02/27,03/27,04/27,05/27,06/27,07/27,08/27,09/27,10/27,11/27,12/27",394,1779417781,"2ff3093c-53e8-9814-d2a8-c58f6c866dbb","d24481dd-66b0-1408-8e57-e95689202eb9
ece1a9ae-ffd4-aa16-ba60-f4aaf994a432
f6669f7b-58ec-429f-30e4-b854d25735fa
6f77c1f5-b663-996c-c336-72c1d5493d4b
fb061221-316e-c954-1422-57bb4f6b9a46
a0bcc770-67eb-ddb1-2e42-b9b81a701feb
1933364a-bd6f-e0c0-752b-7c7f863d1df1
3f87d147-04c5-93fc-37f6-6343c972be35
6df3b9f5-dec6-d891-7ee6-e22e1cf34fad
fd40db72-259e-a2c9-ccee-db7522824e5b
e1982368-275b-97fc-4174-151084428a94
273e849a-dc05-a8c3-0281-c8a2e827318d
5cd8d703-abee-3948-b6a3-3b7f3232a166
bd155994-0316-6a21-8dae-5d670006ab46
2ff3093c-53e8-9814-d2a8-c58f6c866dbb","d24481dd-66b0-1408-8e57-e95689202eb9,ece1a9ae-ffd4-aa16-ba60-f4aaf994a432,f6669f7b-58ec-429f-30e4-b854d25735fa,6f77c1f5-b663-996c-c336-72c1d5493d4b,fb061221-316e-c954-1422-57bb4f6b9a46,a0bcc770-67eb-ddb1-2e42-b9b81a701feb,1933364a-bd6f-e0c0-752b-7c7f863d1df1,3f87d147-04c5-93fc-37f6-6343c972be35,6df3b9f5-dec6-d891-7ee6-e22e1cf34fad,fd40db72-259e-a2c9-ccee-db7522824e5b,e1982368-275b-97fc-4174-151084428a94,273e849a-dc05-a8c3-0281-c8a2e827318d,5cd8d703-abee-3948-b6a3-3b7f3232a166,bd155994-0316-6a21-8dae-5d670006ab46,2ff3093c-53e8-9814-d2a8-c58f6c866dbb"
"2026-05-25T11:00:48.000+0000",VISA,"VISA,MASTERCARD","1779706848.449",EXIT,"INFO,ERROR,EXIT","03/27","01/27,02/27,03/27,04/27,05/27,06/27,07/27,08/27,09/27,10/27,11/27,12/27",449,1779706848,"5cd8d703-abee-3948-b6a3-3b7f3232a166","d24481dd-66b0-1408-8e57-e95689202eb9
ece1a9ae-ffd4-aa16-ba60-f4aaf994a432
f6669f7b-58ec-429f-30e4-b854d25735fa
6f77c1f5-b663-996c-c336-72c1d5493d4b
fb061221-316e-c954-1422-57bb4f6b9a46
a0bcc770-67eb-ddb1-2e42-b9b81a701feb
1933364a-bd6f-e0c0-752b-7c7f863d1df1
3f87d147-04c5-93fc-37f6-6343c972be35
6df3b9f5-dec6-d891-7ee6-e22e1cf34fad
fd40db72-259e-a2c9-ccee-db7522824e5b
e1982368-275b-97fc-4174-151084428a94
273e849a-dc05-a8c3-0281-c8a2e827318d
5cd8d703-abee-3948-b6a3-3b7f3232a166
bd155994-0316-6a21-8dae-5d670006ab46
2ff3093c-53e8-9814-d2a8-c58f6c866dbb","d24481dd-66b0-1408-8e57-e95689202eb9,ece1a9ae-ffd4-aa16-ba60-f4aaf994a432,f6669f7b-58ec-429f-30e4-b854d25735fa,6f77c1f5-b663-996c-c336-72c1d5493d4b,fb061221-316e-c954-1422-57bb4f6b9a46,a0bcc770-67eb-ddb1-2e42-b9b81a701feb,1933364a-bd6f-e0c0-752b-7c7f863d1df1,3f87d147-04c5-93fc-37f6-6343c972be35,6df3b9f5-dec6-d891-7ee6-e22e1cf34fad,fd40db72-259e-a2c9-ccee-db7522824e5b,e1982368-275b-97fc-4174-151084428a94,273e849a-dc05-a8c3-0281-c8a2e827318d,5cd8d703-abee-3948-b6a3-3b7f3232a166,bd155994-0316-6a21-8dae-5d670006ab46,2ff3093c-53e8-9814-d2a8-c58f6c866dbb"
"2026-05-20T11:27:15.000+0000",MASTERCARD,"VISA,MASTERCARD","1779276436.412",ERROR,"INFO,ERROR,EXIT","04/27","01/27,02/27,03/27,04/27,05/27,06/27,07/27,08/27,09/27,10/27,11/27,12/27",1412,1779276435,"6f77c1f5-b663-996c-c336-72c1d5493d4b","d24481dd-66b0-1408-8e57-e95689202eb9
ece1a9ae-ffd4-aa16-ba60-f4aaf994a432
f6669f7b-58ec-429f-30e4-b854d25735fa
6f77c1f5-b663-996c-c336-72c1d5493d4b
fb061221-316e-c954-1422-57bb4f6b9a46
a0bcc770-67eb-ddb1-2e42-b9b81a701feb
1933364a-bd6f-e0c0-752b-7c7f863d1df1
3f87d147-04c5-93fc-37f6-6343c972be35
6df3b9f5-dec6-d891-7ee6-e22e1cf34fad
fd40db72-259e-a2c9-ccee-db7522824e5b
e1982368-275b-97fc-4174-151084428a94
273e849a-dc05-a8c3-0281-c8a2e827318d
5cd8d703-abee-3948-b6a3-3b7f3232a166
bd155994-0316-6a21-8dae-5d670006ab46
2ff3093c-53e8-9814-d2a8-c58f6c866dbb","d24481dd-66b0-1408-8e57-e95689202eb9,ece1a9ae-ffd4-aa16-ba60-f4aaf994a432,f6669f7b-58ec-429f-30e4-b854d25735fa,6f77c1f5-b663-996c-c336-72c1d5493d4b,fb061221-316e-c954-1422-57bb4f6b9a46,a0bcc770-67eb-ddb1-2e42-b9b81a701feb,1933364a-bd6f-e0c0-752b-7c7f863d1df1,3f87d147-04c5-93fc-37f6-6343c972be35,6df3b9f5-dec6-d891-7ee6-e22e1cf34fad,fd40db72-259e-a2c9-ccee-db7522824e5b,e1982368-275b-97fc-4174-151084428a94,273e849a-dc05-a8c3-0281-c8a2e827318d,5cd8d703-abee-3948-b6a3-3b7f3232a166,bd155994-0316-6a21-8dae-5d670006ab46,2ff3093c-53e8-9814-d2a8-c58f6c866dbb"
"2026-05-22T15:04:37.000+0000",MASTERCARD,"VISA,MASTERCARD","1779462277.938",INFO,"INFO,ERROR,EXIT","10/27","01/27,02/27,03/27,04/27,05/27,06/27,07/27,08/27,09/27,10/27,11/27,12/27",938,1779462277,"6f77c1f5-b663-996c-c336-72c1d5493d4b","d24481dd-66b0-1408-8e57-e95689202eb9
ece1a9ae-ffd4-aa16-ba60-f4aaf994a432
f6669f7b-58ec-429f-30e4-b854d25735fa
6f77c1f5-b663-996c-c336-72c1d5493d4b
fb061221-316e-c954-1422-57bb4f6b9a46
a0bcc770-67eb-ddb1-2e42-b9b81a701feb
1933364a-bd6f-e0c0-752b-7c7f863d1df1
3f87d147-04c5-93fc-37f6-6343c972be35
6df3b9f5-dec6-d891-7ee6-e22e1cf34fad
fd40db72-259e-a2c9-ccee-db7522824e5b
e1982368-275b-97fc-4174-151084428a94
273e849a-dc05-a8c3-0281-c8a2e827318d
5cd8d703-abee-3948-b6a3-3b7f3232a166
bd155994-0316-6a21-8dae-5d670006ab46
2ff3093c-53e8-9814-d2a8-c58f6c866dbb","d24481dd-66b0-1408-8e57-e95689202eb9,ece1a9ae-ffd4-aa16-ba60-f4aaf994a432,f6669f7b-58ec-429f-30e4-b854d25735fa,6f77c1f5-b663-996c-c336-72c1d5493d4b,fb061221-316e-c954-1422-57bb4f6b9a46,a0bcc770-67eb-ddb1-2e42-b9b81a701feb,1933364a-bd6f-e0c0-752b-7c7f863d1df1,3f87d147-04c5-93fc-37f6-6343c972be35,6df3b9f5-dec6-d891-7ee6-e22e1cf34fad,fd40db72-259e-a2c9-ccee-db7522824e5b,e1982368-275b-97fc-4174-151084428a94,273e849a-dc05-a8c3-0281-c8a2e827318d,5cd8d703-abee-3948-b6a3-3b7f3232a166,bd155994-0316-6a21-8dae-5d670006ab46,2ff3093c-53e8-9814-d2a8-c58f6c866dbb"
"2026-05-19T17:53:21.000+0000",MASTERCARD,"VISA,MASTERCARD","1779213201.539",ERROR,"INFO,ERROR,EXIT","07/27","01/27,02/27,03/27,04/27,05/27,06/27,07/27,08/27,09/27,10/27,11/27,12/27",539,1779213201,"ece1a9ae-ffd4-aa16-ba60-f4aaf994a432","d24481dd-66b0-1408-8e57-e95689202eb9
ece1a9ae-ffd4-aa16-ba60-f4aaf994a432
f6669f7b-58ec-429f-30e4-b854d25735fa
6f77c1f5-b663-996c-c336-72c1d5493d4b
fb061221-316e-c954-1422-57bb4f6b9a46
a0bcc770-67eb-ddb1-2e42-b9b81a701feb
1933364a-bd6f-e0c0-752b-7c7f863d1df1
3f87d147-04c5-93fc-37f6-6343c972be35
6df3b9f5-dec6-d891-7ee6-e22e1cf34fad
fd40db72-259e-a2c9-ccee-db7522824e5b
e1982368-275b-97fc-4174-151084428a94
273e849a-dc05-a8c3-0281-c8a2e827318d
5cd8d703-abee-3948-b6a3-3b7f3232a166
bd155994-0316-6a21-8dae-5d670006ab46
2ff3093c-53e8-9814-d2a8-c58f6c866dbb","d24481dd-66b0-1408-8e57-e95689202eb9,ece1a9ae-ffd4-aa16-ba60-f4aaf994a432,f6669f7b-58ec-429f-30e4-b854d25735fa,6f77c1f5-b663-996c-c336-72c1d5493d4b,fb061221-316e-c954-1422-57bb4f6b9a46,a0bcc770-67eb-ddb1-2e42-b9b81a701feb,1933364a-bd6f-e0c0-752b-7c7f863d1df1,3f87d147-04c5-93fc-37f6-6343c972be35,6df3b9f5-dec6-d891-7ee6-e22e1cf34fad,fd40db72-259e-a2c9-ccee-db7522824e5b,e1982368-275b-97fc-4174-151084428a94,273e849a-dc05-a8c3-0281-c8a2e827318d,5cd8d703-abee-3948-b6a3-3b7f3232a166,bd155994-0316-6a21-8dae-5d670006ab46,2ff3093c-53e8-9814-d2a8-c58f6c866dbb"
"2026-05-26T01:51:11.000+0000",MASTERCARD,"VISA,MASTERCARD","1779760271.813",EXIT,"INFO,ERROR,EXIT","11/27","01/27,02/27,03/27,04/27,05/27,06/27,07/27,08/27,09/27,10/27,11/27,12/27",813,1779760271,"5cd8d703-abee-3948-b6a3-3b7f3232a166","d24481dd-66b0-1408-8e57-e95689202eb9
ece1a9ae-ffd4-aa16-ba60-f4aaf994a432
f6669f7b-58ec-429f-30e4-b854d25735fa
6f77c1f5-b663-996c-c336-72c1d5493d4b
fb061221-316e-c954-1422-57bb4f6b9a46
a0bcc770-67eb-ddb1-2e42-b9b81a701feb
1933364a-bd6f-e0c0-752b-7c7f863d1df1
3f87d147-04c5-93fc-37f6-6343c972be35
6df3b9f5-dec6-d891-7ee6-e22e1cf34fad
fd40db72-259e-a2c9-ccee-db7522824e5b
e1982368-275b-97fc-4174-151084428a94
273e849a-dc05-a8c3-0281-c8a2e827318d
5cd8d703-abee-3948-b6a3-3b7f3232a166
bd155994-0316-6a21-8dae-5d670006ab46
2ff3093c-53e8-9814-d2a8-c58f6c866dbb","d24481dd-66b0-1408-8e57-e95689202eb9,ece1a9ae-ffd4-aa16-ba60-f4aaf994a432,f6669f7b-58ec-429f-30e4-b854d25735fa,6f77c1f5-b663-996c-c336-72c1d5493d4b,fb061221-316e-c954-1422-57bb4f6b9a46,a0bcc770-67eb-ddb1-2e42-b9b81a701feb,1933364a-bd6f-e0c0-752b-7c7f863d1df1,3f87d147-04c5-93fc-37f6-6343c972be35,6df3b9f5-dec6-d891-7ee6-e22e1cf34fad,fd40db72-259e-a2c9-ccee-db7522824e5b,e1982368-275b-97fc-4174-151084428a94,273e849a-dc05-a8c3-0281-c8a2e827318d,5cd8d703-abee-3948-b6a3-3b7f3232a166,bd155994-0316-6a21-8dae-5d670006ab46,2ff3093c-53e8-9814-d2a8-c58f6c866dbb"
"2026-05-19T16:52:02.000+0000",MASTERCARD,"VISA,MASTERCARD","1779209522.623",ERROR,"INFO,ERROR,EXIT","02/27","01/27,02/27,03/27,04/27,05/27,06/27,07/27,08/27,09/27,10/27,11/27,12/27",623,1779209522,"bd155994-0316-6a21-8dae-5d670006ab46","d24481dd-66b0-1408-8e57-e95689202eb9
ece1a9ae-ffd4-aa16-ba60-f4aaf994a432
f6669f7b-58ec-429f-30e4-b854d25735fa
6f77c1f5-b663-996c-c336-72c1d5493d4b
fb061221-316e-c954-1422-57bb4f6b9a46
a0bcc770-67eb-ddb1-2e42-b9b81a701feb
1933364a-bd6f-e0c0-752b-7c7f863d1df1
3f87d147-04c5-93fc-37f6-6343c972be35
6df3b9f5-dec6-d891-7ee6-e22e1cf34fad
fd40db72-259e-a2c9-ccee-db7522824e5b
e1982368-275b-97fc-4174-151084428a94
273e849a-dc05-a8c3-0281-c8a2e827318d
5cd8d703-abee-3948-b6a3-3b7f3232a166
bd155994-0316-6a21-8dae-5d670006ab46
2ff3093c-53e8-9814-d2a8-c58f6c866dbb","d24481dd-66b0-1408-8e57-e95689202eb9,ece1a9ae-ffd4-aa16-ba60-f4aaf994a432,f6669f7b-58ec-429f-30e4-b854d25735fa,6f77c1f5-b663-996c-c336-72c1d5493d4b,fb061221-316e-c954-1422-57bb4f6b9a46,a0bcc770-67eb-ddb1-2e42-b9b81a701feb,1933364a-bd6f-e0c0-752b-7c7f863d1df1,3f87d147-04c5-93fc-37f6-6343c972be35,6df3b9f5-dec6-d891-7ee6-e22e1cf34fad,fd40db72-259e-a2c9-ccee-db7522824e5b,e1982368-275b-97fc-4174-151084428a94,273e849a-dc05-a8c3-0281-c8a2e827318d,5cd8d703-abee-3948-b6a3-3b7f3232a166,bd155994-0316-6a21-8dae-5d670006ab46,2ff3093c-53e8-9814-d2a8-c58f6c866dbb"
"2026-05-23T03:49:55.000+0000",VISA,"VISA,MASTERCARD","1779508196.043",ERROR,"INFO,ERROR,EXIT","09/27","01/27,02/27,03/27,04/27,05/27,06/27,07/27,08/27,09/27,10/27,11/27,12/27",1043,1779508195,"bd155994-0316-6a21-8dae-5d670006ab46","d24481dd-66b0-1408-8e57-e95689202eb9
ece1a9ae-ffd4-aa16-ba60-f4aaf994a432
f6669f7b-58ec-429f-30e4-b854d25735fa
6f77c1f5-b663-996c-c336-72c1d5493d4b
fb061221-316e-c954-1422-57bb4f6b9a46
a0bcc770-67eb-ddb1-2e42-b9b81a701feb
1933364a-bd6f-e0c0-752b-7c7f863d1df1
3f87d147-04c5-93fc-37f6-6343c972be35
6df3b9f5-dec6-d891-7ee6-e22e1cf34fad
fd40db72-259e-a2c9-ccee-db7522824e5b
e1982368-275b-97fc-4174-151084428a94
273e849a-dc05-a8c3-0281-c8a2e827318d
5cd8d703-abee-3948-b6a3-3b7f3232a166
bd155994-0316-6a21-8dae-5d670006ab46
2ff3093c-53e8-9814-d2a8-c58f6c866dbb","d24481dd-66b0-1408-8e57-e95689202eb9,ece1a9ae-ffd4-aa16-ba60-f4aaf994a432,f6669f7b-58ec-429f-30e4-b854d25735fa,6f77c1f5-b663-996c-c336-72c1d5493d4b,fb061221-316e-c954-1422-57bb4f6b9a46,a0bcc770-67eb-ddb1-2e42-b9b81a701feb,1933364a-bd6f-e0c0-752b-7c7f863d1df1,3f87d147-04c5-93fc-37f6-6343c972be35,6df3b9f5-dec6-d891-7ee6-e22e1cf34fad,fd40db72-259e-a2c9-ccee-db7522824e5b,e1982368-275b-97fc-4174-151084428a94,273e849a-dc05-a8c3-0281-c8a2e827318d,5cd8d703-abee-3948-b6a3-3b7f3232a166,bd155994-0316-6a21-8dae-5d670006ab46,2ff3093c-53e8-9814-d2a8-c58f6c866dbb"
"2026-05-22T04:15:02.000+0000",VISA,"VISA,MASTERCARD","1779423302.601",EXIT,"INFO,ERROR,EXIT","05/27","01/27,02/27,03/27,04/27,05/27,06/27,07/27,08/27,09/27,10/27,11/27,12/27",601,1779423302,"fb061221-316e-c954-1422-57bb4f6b9a46","d24481dd-66b0-1408-8e57-e95689202eb9
ece1a9ae-ffd4-aa16-ba60-f4aaf994a432
f6669f7b-58ec-429f-30e4-b854d25735fa
6f77c1f5-b663-996c-c336-72c1d5493d4b
fb061221-316e-c954-1422-57bb4f6b9a46
a0bcc770-67eb-ddb1-2e42-b9b81a701feb
1933364a-bd6f-e0c0-752b-7c7f863d1df1
3f87d147-04c5-93fc-37f6-6343c972be35
6df3b9f5-dec6-d891-7ee6-e22e1cf34fad
fd40db72-259e-a2c9-ccee-db7522824e5b
e1982368-275b-97fc-4174-151084428a94
273e849a-dc05-a8c3-0281-c8a2e827318d
5cd8d703-abee-3948-b6a3-3b7f3232a166
bd155994-0316-6a21-8dae-5d670006ab46
2ff3093c-53e8-9814-d2a8-c58f6c866dbb","d24481dd-66b0-1408-8e57-e95689202eb9,ece1a9ae-ffd4-aa16-ba60-f4aaf994a432,f6669f7b-58ec-429f-30e4-b854d25735fa,6f77c1f5-b663-996c-c336-72c1d5493d4b,fb061221-316e-c954-1422-57bb4f6b9a46,a0bcc770-67eb-ddb1-2e42-b9b81a701feb,1933364a-bd6f-e0c0-752b-7c7f863d1df1,3f87d147-04c5-93fc-37f6-6343c972be35,6df3b9f5-dec6-d891-7ee6-e22e1cf34fad,fd40db72-259e-a2c9-ccee-db7522824e5b,e1982368-275b-97fc-4174-151084428a94,273e849a-dc05-a8c3-0281-c8a2e827318d,5cd8d703-abee-3948-b6a3-3b7f3232a166,bd155994-0316-6a21-8dae-5d670006ab46,2ff3093c-53e8-9814-d2a8-c58f6c866dbb"
"2026-05-25T17:37:26.000+0000",VISA,"VISA,MASTERCARD","1779730647.443",INFO,"INFO,ERROR,EXIT","09/27","01/27,02/27,03/27,04/27,05/27,06/27,07/27,08/27,09/27,10/27,11/27,12/27",1443,1779730646,"bd155994-0316-6a21-8dae-5d670006ab46","d24481dd-66b0-1408-8e57-e95689202eb9
ece1a9ae-ffd4-aa16-ba60-f4aaf994a432
f6669f7b-58ec-429f-30e4-b854d25735fa
6f77c1f5-b663-996c-c336-72c1d5493d4b
fb061221-316e-c954-1422-57bb4f6b9a46
a0bcc770-67eb-ddb1-2e42-b9b81a701feb
1933364a-bd6f-e0c0-752b-7c7f863d1df1
3f87d147-04c5-93fc-37f6-6343c972be35
6df3b9f5-dec6-d891-7ee6-e22e1cf34fad
fd40db72-259e-a2c9-ccee-db7522824e5b
e1982368-275b-97fc-4174-151084428a94
273e849a-dc05-a8c3-0281-c8a2e827318d
5cd8d703-abee-3948-b6a3-3b7f3232a166
bd155994-0316-6a21-8dae-5d670006ab46
2ff3093c-53e8-9814-d2a8-c58f6c866dbb","d24481dd-66b0-1408-8e57-e95689202eb9,ece1a9ae-ffd4-aa16-ba60-f4aaf994a432,f6669f7b-58ec-429f-30e4-b854d25735fa,6f77c1f5-b663-996c-c336-72c1d5493d4b,fb061221-316e-c954-1422-57bb4f6b9a46,a0bcc770-67eb-ddb1-2e42-b9b81a701feb,1933364a-bd6f-e0c0-752b-7c7f863d1df1,3f87d147-04c5-93fc-37f6-6343c972be35,6df3b9f5-dec6-d891-7ee6-e22e1cf34fad,fd40db72-259e-a2c9-ccee-db7522824e5b,e1982368-275b-97fc-4174-151084428a94,273e849a-dc05-a8c3-0281-c8a2e827318d,5cd8d703-abee-3948-b6a3-3b7f3232a166,bd155994-0316-6a21-8dae-5d670006ab46,2ff3093c-53e8-9814-d2a8-c58f6c866dbb"
"2026-05-24T03:12:22.000+0000",MASTERCARD,"VISA,MASTERCARD","1779592342.73",EXIT,"INFO,ERROR,EXIT","04/27","01/27,02/27,03/27,04/27,05/27,06/27,07/27,08/27,09/27,10/27,11/27,12/27",730,1779592342,"e1982368-275b-97fc-4174-151084428a94","d24481dd-66b0-1408-8e57-e95689202eb9
ece1a9ae-ffd4-aa16-ba60-f4aaf994a432
f6669f7b-58ec-429f-30e4-b854d25735fa
6f77c1f5-b663-996c-c336-72c1d5493d4b
fb061221-316e-c954-1422-57bb4f6b9a46
a0bcc770-67eb-ddb1-2e42-b9b81a701feb
1933364a-bd6f-e0c0-752b-7c7f863d1df1
3f87d147-04c5-93fc-37f6-6343c972be35
6df3b9f5-dec6-d891-7ee6-e22e1cf34fad
fd40db72-259e-a2c9-ccee-db7522824e5b
e1982368-275b-97fc-4174-151084428a94
273e849a-dc05-a8c3-0281-c8a2e827318d
5cd8d703-abee-3948-b6a3-3b7f3232a166
bd155994-0316-6a21-8dae-5d670006ab46
2ff3093c-53e8-9814-d2a8-c58f6c866dbb","d24481dd-66b0-1408-8e57-e95689202eb9,ece1a9ae-ffd4-aa16-ba60-f4aaf994a432,f6669f7b-58ec-429f-30e4-b854d25735fa,6f77c1f5-b663-996c-c336-72c1d5493d4b,fb061221-316e-c954-1422-57bb4f6b9a46,a0bcc770-67eb-ddb1-2e42-b9b81a701feb,1933364a-bd6f-e0c0-752b-7c7f863d1df1,3f87d147-04c5-93fc-37f6-6343c972be35,6df3b9f5-dec6-d891-7ee6-e22e1cf34fad,fd40db72-259e-a2c9-ccee-db7522824e5b,e1982368-275b-97fc-4174-151084428a94,273e849a-dc05-a8c3-0281-c8a2e827318d,5cd8d703-abee-3948-b6a3-3b7f3232a166,bd155994-0316-6a21-8dae-5d670006ab46,2ff3093c-53e8-9814-d2a8-c58f6c866dbb"
"2026-05-22T05:05:04.000+0000",VISA,"VISA,MASTERCARD","1779426305.018",INFO,"INFO,ERROR,EXIT","10/27","01/27,02/27,03/27,04/27,05/27,06/27,07/27,08/27,09/27,10/27,11/27,12/27",1018,1779426304,"2ff3093c-53e8-9814-d2a8-c58f6c866dbb","d24481dd-66b0-1408-8e57-e95689202eb9
ece1a9ae-ffd4-aa16-ba60-f4aaf994a432
f6669f7b-58ec-429f-30e4-b854d25735fa
6f77c1f5-b663-996c-c336-72c1d5493d4b
fb061221-316e-c954-1422-57bb4f6b9a46
a0bcc770-67eb-ddb1-2e42-b9b81a701feb
1933364a-bd6f-e0c0-752b-7c7f863d1df1
3f87d147-04c5-93fc-37f6-6343c972be35
6df3b9f5-dec6-d891-7ee6-e22e1cf34fad
fd40db72-259e-a2c9-ccee-db7522824e5b
e1982368-275b-97fc-4174-151084428a94
273e849a-dc05-a8c3-0281-c8a2e827318d
5cd8d703-abee-3948-b6a3-3b7f3232a166
bd155994-0316-6a21-8dae-5d670006ab46
2ff3093c-53e8-9814-d2a8-c58f6c866dbb","d24481dd-66b0-1408-8e57-e95689202eb9,ece1a9ae-ffd4-aa16-ba60-f4aaf994a432,f6669f7b-58ec-429f-30e4-b854d25735fa,6f77c1f5-b663-996c-c336-72c1d5493d4b,fb061221-316e-c954-1422-57bb4f6b9a46,a0bcc770-67eb-ddb1-2e42-b9b81a701feb,1933364a-bd6f-e0c0-752b-7c7f863d1df1,3f87d147-04c5-93fc-37f6-6343c972be35,6df3b9f5-dec6-d891-7ee6-e22e1cf34fad,fd40db72-259e-a2c9-ccee-db7522824e5b,e1982368-275b-97fc-4174-151084428a94,273e849a-dc05-a8c3-0281-c8a2e827318d,5cd8d703-abee-3948-b6a3-3b7f3232a166,bd155994-0316-6a21-8dae-5d670006ab46,2ff3093c-53e8-9814-d2a8-c58f6c866dbb"
"2026-05-26T02:15:52.000+0000",MASTERCARD,"VISA,MASTERCARD","1779761753.027",ERROR,"INFO,ERROR,EXIT","08/27","01/27,02/27,03/27,04/27,05/27,06/27,07/27,08/27,09/27,10/27,11/27,12/27",1027,1779761752,"5cd8d703-abee-3948-b6a3-3b7f3232a166","d24481dd-66b0-1408-8e57-e95689202eb9
ece1a9ae-ffd4-aa16-ba60-f4aaf994a432
f6669f7b-58ec-429f-30e4-b854d25735fa
6f77c1f5-b663-996c-c336-72c1d5493d4b
fb061221-316e-c954-1422-57bb4f6b9a46
a0bcc770-67eb-ddb1-2e42-b9b81a701feb
1933364a-bd6f-e0c0-752b-7c7f863d1df1
3f87d147-04c5-93fc-37f6-6343c972be35
6df3b9f5-dec6-d891-7ee6-e22e1cf34fad
fd40db72-259e-a2c9-ccee-db7522824e5b
e1982368-275b-97fc-4174-151084428a94
273e849a-dc05-a8c3-0281-c8a2e827318d
5cd8d703-abee-3948-b6a3-3b7f3232a166
bd155994-0316-6a21-8dae-5d670006ab46
2ff3093c-53e8-9814-d2a8-c58f6c866dbb","d24481dd-66b0-1408-8e57-e95689202eb9,ece1a9ae-ffd4-aa16-ba60-f4aaf994a432,f6669f7b-58ec-429f-30e4-b854d25735fa,6f77c1f5-b663-996c-c336-72c1d5493d4b,fb061221-316e-c954-1422-57bb4f6b9a46,a0bcc770-67eb-ddb1-2e42-b9b81a701feb,1933364a-bd6f-e0c0-752b-7c7f863d1df1,3f87d147-04c5-93fc-37f6-6343c972be35,6df3b9f5-dec6-d891-7ee6-e22e1cf34fad,fd40db72-259e-a2c9-ccee-db7522824e5b,e1982368-275b-97fc-4174-151084428a94,273e849a-dc05-a8c3-0281-c8a2e827318d,5cd8d703-abee-3948-b6a3-3b7f3232a166,bd155994-0316-6a21-8dae-5d670006ab46,2ff3093c-53e8-9814-d2a8-c58f6c866dbb"
"2026-05-20T16:26:15.000+0000",VISA,"VISA,MASTERCARD","1779294376.283",INFO,"INFO,ERROR,EXIT","07/27","01/27,02/27,03/27,04/27,05/27,06/27,07/27,08/27,09/27,10/27,11/27,12/27",1283,1779294375,"6df3b9f5-dec6-d891-7ee6-e22e1cf34fad","d24481dd-66b0-1408-8e57-e95689202eb9
ece1a9ae-ffd4-aa16-ba60-f4aaf994a432
f6669f7b-58ec-429f-30e4-b854d25735fa
6f77c1f5-b663-996c-c336-72c1d5493d4b
fb061221-316e-c954-1422-57bb4f6b9a46
a0bcc770-67eb-ddb1-2e42-b9b81a701feb
1933364a-bd6f-e0c0-752b-7c7f863d1df1
3f87d147-04c5-93fc-37f6-6343c972be35
6df3b9f5-dec6-d891-7ee6-e22e1cf34fad
fd40db72-259e-a2c9-ccee-db7522824e5b
e1982368-275b-97fc-4174-151084428a94
273e849a-dc05-a8c3-0281-c8a2e827318d
5cd8d703-abee-3948-b6a3-3b7f3232a166
bd155994-0316-6a21-8dae-5d670006ab46
2ff3093c-53e8-9814-d2a8-c58f6c866dbb","d24481dd-66b0-1408-8e57-e95689202eb9,ece1a9ae-ffd4-aa16-ba60-f4aaf994a432,f6669f7b-58ec-429f-30e4-b854d25735fa,6f77c1f5-b663-996c-c336-72c1d5493d4b,fb061221-316e-c954-1422-57bb4f6b9a46,a0bcc770-67eb-ddb1-2e42-b9b81a701feb,1933364a-bd6f-e0c0-752b-7c7f863d1df1,3f87d147-04c5-93fc-37f6-6343c972be35,6df3b9f5-dec6-d891-7ee6-e22e1cf34fad,fd40db72-259e-a2c9-ccee-db7522824e5b,e1982368-275b-97fc-4174-151084428a94,273e849a-dc05-a8c3-0281-c8a2e827318d,5cd8d703-abee-3948-b6a3-3b7f3232a166,bd155994-0316-6a21-8dae-5d670006ab46,2ff3093c-53e8-9814-d2a8-c58f6c866dbb"
"2026-05-23T09:32:54.000+0000",VISA,"VISA,MASTERCARD","1779528774.778",INFO,"INFO,ERROR,EXIT","02/27","01/27,02/27,03/27,04/27,05/27,06/27,07/27,08/27,09/27,10/27,11/27,12/27",778,1779528774,"5cd8d703-abee-3948-b6a3-3b7f3232a166","d24481dd-66b0-1408-8e57-e95689202eb9
ece1a9ae-ffd4-aa16-ba60-f4aaf994a432
f6669f7b-58ec-429f-30e4-b854d25735fa
6f77c1f5-b663-996c-c336-72c1d5493d4b
fb061221-316e-c954-1422-57bb4f6b9a46
a0bcc770-67eb-ddb1-2e42-b9b81a701feb
1933364a-bd6f-e0c0-752b-7c7f863d1df1
3f87d147-04c5-93fc-37f6-6343c972be35
6df3b9f5-dec6-d891-7ee6-e22e1cf34fad
fd40db72-259e-a2c9-ccee-db7522824e5b
e1982368-275b-97fc-4174-151084428a94
273e849a-dc05-a8c3-0281-c8a2e827318d
5cd8d703-abee-3948-b6a3-3b7f3232a166
bd155994-0316-6a21-8dae-5d670006ab46
2ff3093c-53e8-9814-d2a8-c58f6c866dbb","d24481dd-66b0-1408-8e57-e95689202eb9,ece1a9ae-ffd4-aa16-ba60-f4aaf994a432,f6669f7b-58ec-429f-30e4-b854d25735fa,6f77c1f5-b663-996c-c336-72c1d5493d4b,fb061221-316e-c954-1422-57bb4f6b9a46,a0bcc770-67eb-ddb1-2e42-b9b81a701feb,1933364a-bd6f-e0c0-752b-7c7f863d1df1,3f87d147-04c5-93fc-37f6-6343c972be35,6df3b9f5-dec6-d891-7ee6-e22e1cf34fad,fd40db72-259e-a2c9-ccee-db7522824e5b,e1982368-275b-97fc-4174-151084428a94,273e849a-dc05-a8c3-0281-c8a2e827318d,5cd8d703-abee-3948-b6a3-3b7f3232a166,bd155994-0316-6a21-8dae-5d670006ab46,2ff3093c-53e8-9814-d2a8-c58f6c866dbb"
"2026-05-20T01:01:58.000+0000",VISA,"VISA,MASTERCARD","1779238918.365",EXIT,"INFO,ERROR,EXIT","06/27","01/27,02/27,03/27,04/27,05/27,06/27,07/27,08/27,09/27,10/27,11/27,12/27",365,1779238918,"f6669f7b-58ec-429f-30e4-b854d25735fa","d24481dd-66b0-1408-8e57-e95689202eb9
ece1a9ae-ffd4-aa16-ba60-f4aaf994a432
f6669f7b-58ec-429f-30e4-b854d25735fa
6f77c1f5-b663-996c-c336-72c1d5493d4b
fb061221-316e-c954-1422-57bb4f6b9a46
a0bcc770-67eb-ddb1-2e42-b9b81a701feb
1933364a-bd6f-e0c0-752b-7c7f863d1df1
3f87d147-04c5-93fc-37f6-6343c972be35
6df3b9f5-dec6-d891-7ee6-e22e1cf34fad
fd40db72-259e-a2c9-ccee-db7522824e5b
e1982368-275b-97fc-4174-151084428a94
273e849a-dc05-a8c3-0281-c8a2e827318d
5cd8d703-abee-3948-b6a3-3b7f3232a166
bd155994-0316-6a21-8dae-5d670006ab46
2ff3093c-53e8-9814-d2a8-c58f6c866dbb","d24481dd-66b0-1408-8e57-e95689202eb9,ece1a9ae-ffd4-aa16-ba60-f4aaf994a432,f6669f7b-58ec-429f-30e4-b854d25735fa,6f77c1f5-b663-996c-c336-72c1d5493d4b,fb061221-316e-c954-1422-57bb4f6b9a46,a0bcc770-67eb-ddb1-2e42-b9b81a701feb,1933364a-bd6f-e0c0-752b-7c7f863d1df1,3f87d147-04c5-93fc-37f6-6343c972be35,6df3b9f5-dec6-d891-7ee6-e22e1cf34fad,fd40db72-259e-a2c9-ccee-db7522824e5b,e1982368-275b-97fc-4174-151084428a94,273e849a-dc05-a8c3-0281-c8a2e827318d,5cd8d703-abee-3948-b6a3-3b7f3232a166,bd155994-0316-6a21-8dae-5d670006ab46,2ff3093c-53e8-9814-d2a8-c58f6c866dbb"
"2026-05-21T19:35:52.000+0000",MASTERCARD,"VISA,MASTERCARD","1779392153.246",ERROR,"INFO,ERROR,EXIT","01/27","01/27,02/27,03/27,04/27,05/27,06/27,07/27,08/27,09/27,10/27,11/27,12/27",1246,1779392152,"ece1a9ae-ffd4-aa16-ba60-f4aaf994a432","d24481dd-66b0-1408-8e57-e95689202eb9
ece1a9ae-ffd4-aa16-ba60-f4aaf994a432
f6669f7b-58ec-429f-30e4-b854d25735fa
6f77c1f5-b663-996c-c336-72c1d5493d4b
fb061221-316e-c954-1422-57bb4f6b9a46
a0bcc770-67eb-ddb1-2e42-b9b81a701feb
1933364a-bd6f-e0c0-752b-7c7f863d1df1
3f87d147-04c5-93fc-37f6-6343c972be35
6df3b9f5-dec6-d891-7ee6-e22e1cf34fad
fd40db72-259e-a2c9-ccee-db7522824e5b
e1982368-275b-97fc-4174-151084428a94
273e849a-dc05-a8c3-0281-c8a2e827318d
5cd8d703-abee-3948-b6a3-3b7f3232a166
bd155994-0316-6a21-8dae-5d670006ab46
2ff3093c-53e8-9814-d2a8-c58f6c866dbb","d24481dd-66b0-1408-8e57-e95689202eb9,ece1a9ae-ffd4-aa16-ba60-f4aaf994a432,f6669f7b-58ec-429f-30e4-b854d25735fa,6f77c1f5-b663-996c-c336-72c1d5493d4b,fb061221-316e-c954-1422-57bb4f6b9a46,a0bcc770-67eb-ddb1-2e42-b9b81a701feb,1933364a-bd6f-e0c0-752b-7c7f863d1df1,3f87d147-04c5-93fc-37f6-6343c972be35,6df3b9f5-dec6-d891-7ee6-e22e1cf34fad,fd40db72-259e-a2c9-ccee-db7522824e5b,e1982368-275b-97fc-4174-151084428a94,273e849a-dc05-a8c3-0281-c8a2e827318d,5cd8d703-abee-3948-b6a3-3b7f3232a166,bd155994-0316-6a21-8dae-5d670006ab46,2ff3093c-53e8-9814-d2a8-c58f6c866dbb"
"2026-05-25T01:58:28.000+0000",MASTERCARD,"VISA,MASTERCARD","1779674309.017",ERROR,"INFO,ERROR,EXIT","08/27","01/27,02/27,03/27,04/27,05/27,06/27,07/27,08/27,09/27,10/27,11/27,12/27",1017,1779674308,"273e849a-dc05-a8c3-0281-c8a2e827318d","d24481dd-66b0-1408-8e57-e95689202eb9
ece1a9ae-ffd4-aa16-ba60-f4aaf994a432
f6669f7b-58ec-429f-30e4-b854d25735fa
6f77c1f5-b663-996c-c336-72c1d5493d4b
fb061221-316e-c954-1422-57bb4f6b9a46
a0bcc770-67eb-ddb1-2e42-b9b81a701feb
1933364a-bd6f-e0c0-752b-7c7f863d1df1
3f87d147-04c5-93fc-37f6-6343c972be35
6df3b9f5-dec6-d891-7ee6-e22e1cf34fad
fd40db72-259e-a2c9-ccee-db7522824e5b
e1982368-275b-97fc-4174-151084428a94
273e849a-dc05-a8c3-0281-c8a2e827318d
5cd8d703-abee-3948-b6a3-3b7f3232a166
bd155994-0316-6a21-8dae-5d670006ab46
2ff3093c-53e8-9814-d2a8-c58f6c866dbb","d24481dd-66b0-1408-8e57-e95689202eb9,ece1a9ae-ffd4-aa16-ba60-f4aaf994a432,f6669f7b-58ec-429f-30e4-b854d25735fa,6f77c1f5-b663-996c-c336-72c1d5493d4b,fb061221-316e-c954-1422-57bb4f6b9a46,a0bcc770-67eb-ddb1-2e42-b9b81a701feb,1933364a-bd6f-e0c0-752b-7c7f863d1df1,3f87d147-04c5-93fc-37f6-6343c972be35,6df3b9f5-dec6-d891-7ee6-e22e1cf34fad,fd40db72-259e-a2c9-ccee-db7522824e5b,e1982368-275b-97fc-4174-151084428a94,273e849a-dc05-a8c3-0281-c8a2e827318d,5cd8d703-abee-3948-b6a3-3b7f3232a166,bd155994-0316-6a21-8dae-5d670006ab46,2ff3093c-53e8-9814-d2a8-c58f6c866dbb"
"2026-05-23T03:51:44.000+0000",MASTERCARD,"VISA,MASTERCARD","1779508304.544",ERROR,"INFO,ERROR,EXIT","05/27","01/27,02/27,03/27,04/27,05/27,06/27,07/27,08/27,09/27,10/27,11/27,12/27",544,1779508304,"2ff3093c-53e8-9814-d2a8-c58f6c866dbb","d24481dd-66b0-1408-8e57-e95689202eb9
ece1a9ae-ffd4-aa16-ba60-f4aaf994a432
f6669f7b-58ec-429f-30e4-b854d25735fa
6f77c1f5-b663-996c-c336-72c1d5493d4b
fb061221-316e-c954-1422-57bb4f6b9a46
a0bcc770-67eb-ddb1-2e42-b9b81a701feb
1933364a-bd6f-e0c0-752b-7c7f863d1df1
3f87d147-04c5-93fc-37f6-6343c972be35
6df3b9f5-dec6-d891-7ee6-e22e1cf34fad
fd40db72-259e-a2c9-ccee-db7522824e5b
e1982368-275b-97fc-4174-151084428a94
273e849a-dc05-a8c3-0281-c8a2e827318d
5cd8d703-abee-3948-b6a3-3b7f3232a166
bd155994-0316-6a21-8dae-5d670006ab46
2ff3093c-53e8-9814-d2a8-c58f6c866dbb","d24481dd-66b0-1408-8e57-e95689202eb9,ece1a9ae-ffd4-aa16-ba60-f4aaf994a432,f6669f7b-58ec-429f-30e4-b854d25735fa,6f77c1f5-b663-996c-c336-72c1d5493d4b,fb061221-316e-c954-1422-57bb4f6b9a46,a0bcc770-67eb-ddb1-2e42-b9b81a701feb,1933364a-bd6f-e0c0-752b-7c7f863d1df1,3f87d147-04c5-93fc-37f6-6343c972be35,6df3b9f5-dec6-d891-7ee6-e22e1cf34fad,fd40db72-259e-a2c9-ccee-db7522824e5b,e1982368-275b-97fc-4174-151084428a94,273e849a-dc05-a8c3-0281-c8a2e827318d,5cd8d703-abee-3948-b6a3-3b7f3232a166,bd155994-0316-6a21-8dae-5d670006ab46,2ff3093c-53e8-9814-d2a8-c58f6c866dbb"
"2026-05-22T06:32:05.000+0000",VISA,"VISA,MASTERCARD","1779431525.387",EXIT,"INFO,ERROR,EXIT","03/27","01/27,02/27,03/27,04/27,05/27,06/27,07/27,08/27,09/27,10/27,11/27,12/27",387,1779431525,"2ff3093c-53e8-9814-d2a8-c58f6c866dbb","d24481dd-66b0-1408-8e57-e95689202eb9
ece1a9ae-ffd4-aa16-ba60-f4aaf994a432
f6669f7b-58ec-429f-30e4-b854d25735fa
6f77c1f5-b663-996c-c336-72c1d5493d4b
fb061221-316e-c954-1422-57bb4f6b9a46
a0bcc770-67eb-ddb1-2e42-b9b81a701feb
1933364a-bd6f-e0c0-752b-7c7f863d1df1
3f87d147-04c5-93fc-37f6-6343c972be35
6df3b9f5-dec6-d891-7ee6-e22e1cf34fad
fd40db72-259e-a2c9-ccee-db7522824e5b
e1982368-275b-97fc-4174-151084428a94
273e849a-dc05-a8c3-0281-c8a2e827318d
5cd8d703-abee-3948-b6a3-3b7f3232a166
bd155994-0316-6a21-8dae-5d670006ab46
2ff3093c-53e8-9814-d2a8-c58f6c866dbb","d24481dd-66b0-1408-8e57-e95689202eb9,ece1a9ae-ffd4-aa16-ba60-f4aaf994a432,f6669f7b-58ec-429f-30e4-b854d25735fa,6f77c1f5-b663-996c-c336-72c1d5493d4b,fb061221-316e-c954-1422-57bb4f6b9a46,a0bcc770-67eb-ddb1-2e42-b9b81a701feb,1933364a-bd6f-e0c0-752b-7c7f863d1df1,3f87d147-04c5-93fc-37f6-6343c972be35,6df3b9f5-dec6-d891-7ee6-e22e1cf34fad,fd40db72-259e-a2c9-ccee-db7522824e5b,e1982368-275b-97fc-4174-151084428a94,273e849a-dc05-a8c3-0281-c8a2e827318d,5cd8d703-abee-3948-b6a3-3b7f3232a166,bd155994-0316-6a21-8dae-5d670006ab46,2ff3093c-53e8-9814-d2a8-c58f6c866dbb"
"2026-05-20T19:45:22.000+0000",MASTERCARD,"VISA,MASTERCARD","1779306322.548",INFO,"INFO,ERROR,EXIT","07/27","01/27,02/27,03/27,04/27,05/27,06/27,07/27,08/27,09/27,10/27,11/27,12/27",548,1779306322,"a0bcc770-67eb-ddb1-2e42-b9b81a701feb","d24481dd-66b0-1408-8e57-e95689202eb9
ece1a9ae-ffd4-aa16-ba60-f4aaf994a432
f6669f7b-58ec-429f-30e4-b854d25735fa
6f77c1f5-b663-996c-c336-72c1d5493d4b
fb061221-316e-c954-1422-57bb4f6b9a46
a0bcc770-67eb-ddb1-2e42-b9b81a701feb
1933364a-bd6f-e0c0-752b-7c7f863d1df1
3f87d147-04c5-93fc-37f6-6343c972be35
6df3b9f5-dec6-d891-7ee6-e22e1cf34fad
fd40db72-259e-a2c9-ccee-db7522824e5b
e1982368-275b-97fc-4174-151084428a94
273e849a-dc05-a8c3-0281-c8a2e827318d
5cd8d703-abee-3948-b6a3-3b7f3232a166
bd155994-0316-6a21-8dae-5d670006ab46
2ff3093c-53e8-9814-d2a8-c58f6c866dbb","d24481dd-66b0-1408-8e57-e95689202eb9,ece1a9ae-ffd4-aa16-ba60-f4aaf994a432,f6669f7b-58ec-429f-30e4-b854d25735fa,6f77c1f5-b663-996c-c336-72c1d5493d4b,fb061221-316e-c954-1422-57bb4f6b9a46,a0bcc770-67eb-ddb1-2e42-b9b81a701feb,1933364a-bd6f-e0c0-752b-7c7f863d1df1,3f87d147-04c5-93fc-37f6-6343c972be35,6df3b9f5-dec6-d891-7ee6-e22e1cf34fad,fd40db72-259e-a2c9-ccee-db7522824e5b,e1982368-275b-97fc-4174-151084428a94,273e849a-dc05-a8c3-0281-c8a2e827318d,5cd8d703-abee-3948-b6a3-3b7f3232a166,bd155994-0316-6a21-8dae-5d670006ab46,2ff3093c-53e8-9814-d2a8-c58f6c866dbb"
"2026-05-20T11:36:04.000+0000",MASTERCARD,"VISA,MASTERCARD","1779276964.256",ERROR,"INFO,ERROR,EXIT","05/27","01/27,02/27,03/27,04/27,05/27,06/27,07/27,08/27,09/27,10/27,11/27,12/27",256,1779276964,"5cd8d703-abee-3948-b6a3-3b7f3232a166","d24481dd-66b0-1408-8e57-e95689202eb9
ece1a9ae-ffd4-aa16-ba60-f4aaf994a432
f6669f7b-58ec-429f-30e4-b854d25735fa
6f77c1f5-b663-996c-c336-72c1d5493d4b
fb061221-316e-c954-1422-57bb4f6b9a46
a0bcc770-67eb-ddb1-2e42-b9b81a701feb
1933364a-bd6f-e0c0-752b-7c7f863d1df1
3f87d147-04c5-93fc-37f6-6343c972be35
6df3b9f5-dec6-d891-7ee6-e22e1cf34fad
fd40db72-259e-a2c9-ccee-db7522824e5b
e1982368-275b-97fc-4174-151084428a94
273e849a-dc05-a8c3-0281-c8a2e827318d
5cd8d703-abee-3948-b6a3-3b7f3232a166
bd155994-0316-6a21-8dae-5d670006ab46
2ff3093c-53e8-9814-d2a8-c58f6c866dbb","d24481dd-66b0-1408-8e57-e95689202eb9,ece1a9ae-ffd4-aa16-ba60-f4aaf994a432,f6669f7b-58ec-429f-30e4-b854d25735fa,6f77c1f5-b663-996c-c336-72c1d5493d4b,fb061221-316e-c954-1422-57bb4f6b9a46,a0bcc770-67eb-ddb1-2e42-b9b81a701feb,1933364a-bd6f-e0c0-752b-7c7f863d1df1,3f87d147-04c5-93fc-37f6-6343c972be35,6df3b9f5-dec6-d891-7ee6-e22e1cf34fad,fd40db72-259e-a2c9-ccee-db7522824e5b,e1982368-275b-97fc-4174-151084428a94,273e849a-dc05-a8c3-0281-c8a2e827318d,5cd8d703-abee-3948-b6a3-3b7f3232a166,bd155994-0316-6a21-8dae-5d670006ab46,2ff3093c-53e8-9814-d2a8-c58f6c866dbb"
"2026-05-19T22:07:57.000+0000",MASTERCARD,"VISA,MASTERCARD","1779228477.503",ERROR,"INFO,ERROR,EXIT","11/27","01/27,02/27,03/27,04/27,05/27,06/27,07/27,08/27,09/27,10/27,11/27,12/27",503,1779228477,"fb061221-316e-c954-1422-57bb4f6b9a46","d24481dd-66b0-1408-8e57-e95689202eb9
ece1a9ae-ffd4-aa16-ba60-f4aaf994a432
f6669f7b-58ec-429f-30e4-b854d25735fa
6f77c1f5-b663-996c-c336-72c1d5493d4b
fb061221-316e-c954-1422-57bb4f6b9a46
a0bcc770-67eb-ddb1-2e42-b9b81a701feb
1933364a-bd6f-e0c0-752b-7c7f863d1df1
3f87d147-04c5-93fc-37f6-6343c972be35
6df3b9f5-dec6-d891-7ee6-e22e1cf34fad
fd40db72-259e-a2c9-ccee-db7522824e5b
e1982368-275b-97fc-4174-151084428a94
273e849a-dc05-a8c3-0281-c8a2e827318d
5cd8d703-abee-3948-b6a3-3b7f3232a166
bd155994-0316-6a21-8dae-5d670006ab46
2ff3093c-53e8-9814-d2a8-c58f6c866dbb","d24481dd-66b0-1408-8e57-e95689202eb9,ece1a9ae-ffd4-aa16-ba60-f4aaf994a432,f6669f7b-58ec-429f-30e4-b854d25735fa,6f77c1f5-b663-996c-c336-72c1d5493d4b,fb061221-316e-c954-1422-57bb4f6b9a46,a0bcc770-67eb-ddb1-2e42-b9b81a701feb,1933364a-bd6f-e0c0-752b-7c7f863d1df1,3f87d147-04c5-93fc-37f6-6343c972be35,6df3b9f5-dec6-d891-7ee6-e22e1cf34fad,fd40db72-259e-a2c9-ccee-db7522824e5b,e1982368-275b-97fc-4174-151084428a94,273e849a-dc05-a8c3-0281-c8a2e827318d,5cd8d703-abee-3948-b6a3-3b7f3232a166,bd155994-0316-6a21-8dae-5d670006ab46,2ff3093c-53e8-9814-d2a8-c58f6c866dbb"
"2026-05-20T13:44:30.000+0000",VISA,"VISA,MASTERCARD","1779284670.23",INFO,"INFO,ERROR,EXIT","11/27","01/27,02/27,03/27,04/27,05/27,06/27,07/27,08/27,09/27,10/27,11/27,12/27",230,1779284670,"d24481dd-66b0-1408-8e57-e95689202eb9","d24481dd-66b0-1408-8e57-e95689202eb9
ece1a9ae-ffd4-aa16-ba60-f4aaf994a432
f6669f7b-58ec-429f-30e4-b854d25735fa
6f77c1f5-b663-996c-c336-72c1d5493d4b
fb061221-316e-c954-1422-57bb4f6b9a46
a0bcc770-67eb-ddb1-2e42-b9b81a701feb
1933364a-bd6f-e0c0-752b-7c7f863d1df1
3f87d147-04c5-93fc-37f6-6343c972be35
6df3b9f5-dec6-d891-7ee6-e22e1cf34fad
fd40db72-259e-a2c9-ccee-db7522824e5b
e1982368-275b-97fc-4174-151084428a94
273e849a-dc05-a8c3-0281-c8a2e827318d
5cd8d703-abee-3948-b6a3-3b7f3232a166
bd155994-0316-6a21-8dae-5d670006ab46
2ff3093c-53e8-9814-d2a8-c58f6c866dbb","d24481dd-66b0-1408-8e57-e95689202eb9,ece1a9ae-ffd4-aa16-ba60-f4aaf994a432,f6669f7b-58ec-429f-30e4-b854d25735fa,6f77c1f5-b663-996c-c336-72c1d5493d4b,fb061221-316e-c954-1422-57bb4f6b9a46,a0bcc770-67eb-ddb1-2e42-b9b81a701feb,1933364a-bd6f-e0c0-752b-7c7f863d1df1,3f87d147-04c5-93fc-37f6-6343c972be35,6df3b9f5-dec6-d891-7ee6-e22e1cf34fad,fd40db72-259e-a2c9-ccee-db7522824e5b,e1982368-275b-97fc-4174-151084428a94,273e849a-dc05-a8c3-0281-c8a2e827318d,5cd8d703-abee-3948-b6a3-3b7f3232a166,bd155994-0316-6a21-8dae-5d670006ab46,2ff3093c-53e8-9814-d2a8-c58f6c866dbb"
"2026-05-25T00:10:22.000+0000",MASTERCARD,"VISA,MASTERCARD","1779667823.414",EXIT,"INFO,ERROR,EXIT","02/27","01/27,02/27,03/27,04/27,05/27,06/27,07/27,08/27,09/27,10/27,11/27,12/27",1414,1779667822,"273e849a-dc05-a8c3-0281-c8a2e827318d","d24481dd-66b0-1408-8e57-e95689202eb9
ece1a9ae-ffd4-aa16-ba60-f4aaf994a432
f6669f7b-58ec-429f-30e4-b854d25735fa
6f77c1f5-b663-996c-c336-72c1d5493d4b
fb061221-316e-c954-1422-57bb4f6b9a46
a0bcc770-67eb-ddb1-2e42-b9b81a701feb
1933364a-bd6f-e0c0-752b-7c7f863d1df1
3f87d147-04c5-93fc-37f6-6343c972be35
6df3b9f5-dec6-d891-7ee6-e22e1cf34fad
fd40db72-259e-a2c9-ccee-db7522824e5b
e1982368-275b-97fc-4174-151084428a94
273e849a-dc05-a8c3-0281-c8a2e827318d
5cd8d703-abee-3948-b6a3-3b7f3232a166
bd155994-0316-6a21-8dae-5d670006ab46
2ff3093c-53e8-9814-d2a8-c58f6c866dbb","d24481dd-66b0-1408-8e57-e95689202eb9,ece1a9ae-ffd4-aa16-ba60-f4aaf994a432,f6669f7b-58ec-429f-30e4-b854d25735fa,6f77c1f5-b663-996c-c336-72c1d5493d4b,fb061221-316e-c954-1422-57bb4f6b9a46,a0bcc770-67eb-ddb1-2e42-b9b81a701feb,1933364a-bd6f-e0c0-752b-7c7f863d1df1,3f87d147-04c5-93fc-37f6-6343c972be35,6df3b9f5-dec6-d891-7ee6-e22e1cf34fad,fd40db72-259e-a2c9-ccee-db7522824e5b,e1982368-275b-97fc-4174-151084428a94,273e849a-dc05-a8c3-0281-c8a2e827318d,5cd8d703-abee-3948-b6a3-3b7f3232a166,bd155994-0316-6a21-8dae-5d670006ab46,2ff3093c-53e8-9814-d2a8-c58f6c866dbb"
"2026-05-19T10:52:30.000+0000",VISA,"VISA,MASTERCARD","1779187950.811",ERROR,"INFO,ERROR,EXIT","03/27","01/27,02/27,03/27,04/27,05/27,06/27,07/27,08/27,09/27,10/27,11/27,12/27",811,1779187950,"d24481dd-66b0-1408-8e57-e95689202eb9","d24481dd-66b0-1408-8e57-e95689202eb9
ece1a9ae-ffd4-aa16-ba60-f4aaf994a432
f6669f7b-58ec-429f-30e4-b854d25735fa
6f77c1f5-b663-996c-c336-72c1d5493d4b
fb061221-316e-c954-1422-57bb4f6b9a46
a0bcc770-67eb-ddb1-2e42-b9b81a701feb
1933364a-bd6f-e0c0-752b-7c7f863d1df1
3f87d147-04c5-93fc-37f6-6343c972be35
6df3b9f5-dec6-d891-7ee6-e22e1cf34fad
fd40db72-259e-a2c9-ccee-db7522824e5b
e1982368-275b-97fc-4174-151084428a94
273e849a-dc05-a8c3-0281-c8a2e827318d
5cd8d703-abee-3948-b6a3-3b7f3232a166
bd155994-0316-6a21-8dae-5d670006ab46
2ff3093c-53e8-9814-d2a8-c58f6c866dbb","d24481dd-66b0-1408-8e57-e95689202eb9,ece1a9ae-ffd4-aa16-ba60-f4aaf994a432,f6669f7b-58ec-429f-30e4-b854d25735fa,6f77c1f5-b663-996c-c336-72c1d5493d4b,fb061221-316e-c954-1422-57bb4f6b9a46,a0bcc770-67eb-ddb1-2e42-b9b81a701feb,1933364a-bd6f-e0c0-752b-7c7f863d1df1,3f87d147-04c5-93fc-37f6-6343c972be35,6df3b9f5-dec6-d891-7ee6-e22e1cf34fad,fd40db72-259e-a2c9-ccee-db7522824e5b,e1982368-275b-97fc-4174-151084428a94,273e849a-dc05-a8c3-0281-c8a2e827318d,5cd8d703-abee-3948-b6a3-3b7f3232a166,bd155994-0316-6a21-8dae-5d670006ab46,2ff3093c-53e8-9814-d2a8-c58f6c866dbb"
"2026-05-20T11:01:20.000+0000",VISA,"VISA,MASTERCARD","1779274880.359",INFO,"INFO,ERROR,EXIT","05/27","01/27,02/27,03/27,04/27,05/27,06/27,07/27,08/27,09/27,10/27,11/27,12/27",359,1779274880,"fd40db72-259e-a2c9-ccee-db7522824e5b","d24481dd-66b0-1408-8e57-e95689202eb9
ece1a9ae-ffd4-aa16-ba60-f4aaf994a432
f6669f7b-58ec-429f-30e4-b854d25735fa
6f77c1f5-b663-996c-c336-72c1d5493d4b
fb061221-316e-c954-1422-57bb4f6b9a46
a0bcc770-67eb-ddb1-2e42-b9b81a701feb
1933364a-bd6f-e0c0-752b-7c7f863d1df1
3f87d147-04c5-93fc-37f6-6343c972be35
6df3b9f5-dec6-d891-7ee6-e22e1cf34fad
fd40db72-259e-a2c9-ccee-db7522824e5b
e1982368-275b-97fc-4174-151084428a94
273e849a-dc05-a8c3-0281-c8a2e827318d
5cd8d703-abee-3948-b6a3-3b7f3232a166
bd155994-0316-6a21-8dae-5d670006ab46
2ff3093c-53e8-9814-d2a8-c58f6c866dbb","d24481dd-66b0-1408-8e57-e95689202eb9,ece1a9ae-ffd4-aa16-ba60-f4aaf994a432,f6669f7b-58ec-429f-30e4-b854d25735fa,6f77c1f5-b663-996c-c336-72c1d5493d4b,fb061221-316e-c954-1422-57bb4f6b9a46,a0bcc770-67eb-ddb1-2e42-b9b81a701feb,1933364a-bd6f-e0c0-752b-7c7f863d1df1,3f87d147-04c5-93fc-37f6-6343c972be35,6df3b9f5-dec6-d891-7ee6-e22e1cf34fad,fd40db72-259e-a2c9-ccee-db7522824e5b,e1982368-275b-97fc-4174-151084428a94,273e849a-dc05-a8c3-0281-c8a2e827318d,5cd8d703-abee-3948-b6a3-3b7f3232a166,bd155994-0316-6a21-8dae-5d670006ab46,2ff3093c-53e8-9814-d2a8-c58f6c866dbb"
"2026-05-23T14:50:17.000+0000",VISA,"VISA,MASTERCARD","1779547817.191",INFO,"INFO,ERROR,EXIT","09/27","01/27,02/27,03/27,04/27,05/27,06/27,07/27,08/27,09/27,10/27,11/27,12/27",191,1779547817,"5cd8d703-abee-3948-b6a3-3b7f3232a166","d24481dd-66b0-1408-8e57-e95689202eb9
ece1a9ae-ffd4-aa16-ba60-f4aaf994a432
f6669f7b-58ec-429f-30e4-b854d25735fa
6f77c1f5-b663-996c-c336-72c1d5493d4b
fb061221-316e-c954-1422-57bb4f6b9a46
a0bcc770-67eb-ddb1-2e42-b9b81a701feb
1933364a-bd6f-e0c0-752b-7c7f863d1df1
3f87d147-04c5-93fc-37f6-6343c972be35
6df3b9f5-dec6-d891-7ee6-e22e1cf34fad
fd40db72-259e-a2c9-ccee-db7522824e5b
e1982368-275b-97fc-4174-151084428a94
273e849a-dc05-a8c3-0281-c8a2e827318d
5cd8d703-abee-3948-b6a3-3b7f3232a166
bd155994-0316-6a21-8dae-5d670006ab46
2ff3093c-53e8-9814-d2a8-c58f6c866dbb","d24481dd-66b0-1408-8e57-e95689202eb9,ece1a9ae-ffd4-aa16-ba60-f4aaf994a432,f6669f7b-58ec-429f-30e4-b854d25735fa,6f77c1f5-b663-996c-c336-72c1d5493d4b,fb061221-316e-c954-1422-57bb4f6b9a46,a0bcc770-67eb-ddb1-2e42-b9b81a701feb,1933364a-bd6f-e0c0-752b-7c7f863d1df1,3f87d147-04c5-93fc-37f6-6343c972be35,6df3b9f5-dec6-d891-7ee6-e22e1cf34fad,fd40db72-259e-a2c9-ccee-db7522824e5b,e1982368-275b-97fc-4174-151084428a94,273e849a-dc05-a8c3-0281-c8a2e827318d,5cd8d703-abee-3948-b6a3-3b7f3232a166,bd155994-0316-6a21-8dae-5d670006ab46,2ff3093c-53e8-9814-d2a8-c58f6c866dbb"
"2026-05-22T19:09:33.000+0000",VISA,"VISA,MASTERCARD","1779476974.228",ERROR,"INFO,ERROR,EXIT","10/27","01/27,02/27,03/27,04/27,05/27,06/27,07/27,08/27,09/27,10/27,11/27,12/27",1228,1779476973,"3f87d147-04c5-93fc-37f6-6343c972be35","d24481dd-66b0-1408-8e57-e95689202eb9
ece1a9ae-ffd4-aa16-ba60-f4aaf994a432
f6669f7b-58ec-429f-30e4-b854d25735fa
6f77c1f5-b663-996c-c336-72c1d5493d4b
fb061221-316e-c954-1422-57bb4f6b9a46
a0bcc770-67eb-ddb1-2e42-b9b81a701feb
1933364a-bd6f-e0c0-752b-7c7f863d1df1
3f87d147-04c5-93fc-37f6-6343c972be35
6df3b9f5-dec6-d891-7ee6-e22e1cf34fad
fd40db72-259e-a2c9-ccee-db7522824e5b
e1982368-275b-97fc-4174-151084428a94
273e849a-dc05-a8c3-0281-c8a2e827318d
5cd8d703-abee-3948-b6a3-3b7f3232a166
bd155994-0316-6a21-8dae-5d670006ab46
2ff3093c-53e8-9814-d2a8-c58f6c866dbb","d24481dd-66b0-1408-8e57-e95689202eb9,ece1a9ae-ffd4-aa16-ba60-f4aaf994a432,f6669f7b-58ec-429f-30e4-b854d25735fa,6f77c1f5-b663-996c-c336-72c1d5493d4b,fb061221-316e-c954-1422-57bb4f6b9a46,a0bcc770-67eb-ddb1-2e42-b9b81a701feb,1933364a-bd6f-e0c0-752b-7c7f863d1df1,3f87d147-04c5-93fc-37f6-6343c972be35,6df3b9f5-dec6-d891-7ee6-e22e1cf34fad,fd40db72-259e-a2c9-ccee-db7522824e5b,e1982368-275b-97fc-4174-151084428a94,273e849a-dc05-a8c3-0281-c8a2e827318d,5cd8d703-abee-3948-b6a3-3b7f3232a166,bd155994-0316-6a21-8dae-5d670006ab46,2ff3093c-53e8-9814-d2a8-c58f6c866dbb"
"2026-05-24T02:48:32.000+0000",MASTERCARD,"VISA,MASTERCARD","1779590913.191",INFO,"INFO,ERROR,EXIT","10/27","01/27,02/27,03/27,04/27,05/27,06/27,07/27,08/27,09/27,10/27,11/27,12/27",1191,1779590912,"1933364a-bd6f-e0c0-752b-7c7f863d1df1","d24481dd-66b0-1408-8e57-e95689202eb9
ece1a9ae-ffd4-aa16-ba60-f4aaf994a432
f6669f7b-58ec-429f-30e4-b854d25735fa
6f77c1f5-b663-996c-c336-72c1d5493d4b
fb061221-316e-c954-1422-57bb4f6b9a46
a0bcc770-67eb-ddb1-2e42-b9b81a701feb
1933364a-bd6f-e0c0-752b-7c7f863d1df1
3f87d147-04c5-93fc-37f6-6343c972be35
6df3b9f5-dec6-d891-7ee6-e22e1cf34fad
fd40db72-259e-a2c9-ccee-db7522824e5b
e1982368-275b-97fc-4174-151084428a94
273e849a-dc05-a8c3-0281-c8a2e827318d
5cd8d703-abee-3948-b6a3-3b7f3232a166
bd155994-0316-6a21-8dae-5d670006ab46
2ff3093c-53e8-9814-d2a8-c58f6c866dbb","d24481dd-66b0-1408-8e57-e95689202eb9,ece1a9ae-ffd4-aa16-ba60-f4aaf994a432,f6669f7b-58ec-429f-30e4-b854d25735fa,6f77c1f5-b663-996c-c336-72c1d5493d4b,fb061221-316e-c954-1422-57bb4f6b9a46,a0bcc770-67eb-ddb1-2e42-b9b81a701feb,1933364a-bd6f-e0c0-752b-7c7f863d1df1,3f87d147-04c5-93fc-37f6-6343c972be35,6df3b9f5-dec6-d891-7ee6-e22e1cf34fad,fd40db72-259e-a2c9-ccee-db7522824e5b,e1982368-275b-97fc-4174-151084428a94,273e849a-dc05-a8c3-0281-c8a2e827318d,5cd8d703-abee-3948-b6a3-3b7f3232a166,bd155994-0316-6a21-8dae-5d670006ab46,2ff3093c-53e8-9814-d2a8-c58f6c866dbb"
"2026-05-21T17:43:58.000+0000",MASTERCARD,"VISA,MASTERCARD","1779385438.228",EXIT,"INFO,ERROR,EXIT","06/27","01/27,02/27,03/27,04/27,05/27,06/27,07/27,08/27,09/27,10/27,11/27,12/27",228,1779385438,"fd40db72-259e-a2c9-ccee-db7522824e5b","d24481dd-66b0-1408-8e57-e95689202eb9
ece1a9ae-ffd4-aa16-ba60-f4aaf994a432
f6669f7b-58ec-429f-30e4-b854d25735fa
6f77c1f5-b663-996c-c336-72c1d5493d4b
fb061221-316e-c954-1422-57bb4f6b9a46
a0bcc770-67eb-ddb1-2e42-b9b81a701feb
1933364a-bd6f-e0c0-752b-7c7f863d1df1
3f87d147-04c5-93fc-37f6-6343c972be35
6df3b9f5-dec6-d891-7ee6-e22e1cf34fad
fd40db72-259e-a2c9-ccee-db7522824e5b
e1982368-275b-97fc-4174-151084428a94
273e849a-dc05-a8c3-0281-c8a2e827318d
5cd8d703-abee-3948-b6a3-3b7f3232a166
bd155994-0316-6a21-8dae-5d670006ab46
2ff3093c-53e8-9814-d2a8-c58f6c866dbb","d24481dd-66b0-1408-8e57-e95689202eb9,ece1a9ae-ffd4-aa16-ba60-f4aaf994a432,f6669f7b-58ec-429f-30e4-b854d25735fa,6f77c1f5-b663-996c-c336-72c1d5493d4b,fb061221-316e-c954-1422-57bb4f6b9a46,a0bcc770-67eb-ddb1-2e42-b9b81a701feb,1933364a-bd6f-e0c0-752b-7c7f863d1df1,3f87d147-04c5-93fc-37f6-6343c972be35,6df3b9f5-dec6-d891-7ee6-e22e1cf34fad,fd40db72-259e-a2c9-ccee-db7522824e5b,e1982368-275b-97fc-4174-151084428a94,273e849a-dc05-a8c3-0281-c8a2e827318d,5cd8d703-abee-3948-b6a3-3b7f3232a166,bd155994-0316-6a21-8dae-5d670006ab46,2ff3093c-53e8-9814-d2a8-c58f6c866dbb"
"2026-05-25T16:02:26.000+0000",VISA,"VISA,MASTERCARD","1779724946.241",ERROR,"INFO,ERROR,EXIT","09/27","01/27,02/27,03/27,04/27,05/27,06/27,07/27,08/27,09/27,10/27,11/27,12/27",241,1779724946,"1933364a-bd6f-e0c0-752b-7c7f863d1df1","d24481dd-66b0-1408-8e57-e95689202eb9
ece1a9ae-ffd4-aa16-ba60-f4aaf994a432
f6669f7b-58ec-429f-30e4-b854d25735fa
6f77c1f5-b663-996c-c336-72c1d5493d4b
fb061221-316e-c954-1422-57bb4f6b9a46
a0bcc770-67eb-ddb1-2e42-b9b81a701feb
1933364a-bd6f-e0c0-752b-7c7f863d1df1
3f87d147-04c5-93fc-37f6-6343c972be35
6df3b9f5-dec6-d891-7ee6-e22e1cf34fad
fd40db72-259e-a2c9-ccee-db7522824e5b
e1982368-275b-97fc-4174-151084428a94
273e849a-dc05-a8c3-0281-c8a2e827318d
5cd8d703-abee-3948-b6a3-3b7f3232a166
bd155994-0316-6a21-8dae-5d670006ab46
2ff3093c-53e8-9814-d2a8-c58f6c866dbb","d24481dd-66b0-1408-8e57-e95689202eb9,ece1a9ae-ffd4-aa16-ba60-f4aaf994a432,f6669f7b-58ec-429f-30e4-b854d25735fa,6f77c1f5-b663-996c-c336-72c1d5493d4b,fb061221-316e-c954-1422-57bb4f6b9a46,a0bcc770-67eb-ddb1-2e42-b9b81a701feb,1933364a-bd6f-e0c0-752b-7c7f863d1df1,3f87d147-04c5-93fc-37f6-6343c972be35,6df3b9f5-dec6-d891-7ee6-e22e1cf34fad,fd40db72-259e-a2c9-ccee-db7522824e5b,e1982368-275b-97fc-4174-151084428a94,273e849a-dc05-a8c3-0281-c8a2e827318d,5cd8d703-abee-3948-b6a3-3b7f3232a166,bd155994-0316-6a21-8dae-5d670006ab46,2ff3093c-53e8-9814-d2a8-c58f6c866dbb"
"2026-05-24T08:11:38.000+0000",MASTERCARD,"VISA,MASTERCARD","1779610298.117",INFO,"INFO,ERROR,EXIT","09/27","01/27,02/27,03/27,04/27,05/27,06/27,07/27,08/27,09/27,10/27,11/27,12/27",117,1779610298,"ece1a9ae-ffd4-aa16-ba60-f4aaf994a432","d24481dd-66b0-1408-8e57-e95689202eb9
ece1a9ae-ffd4-aa16-ba60-f4aaf994a432
f6669f7b-58ec-429f-30e4-b854d25735fa
6f77c1f5-b663-996c-c336-72c1d5493d4b
fb061221-316e-c954-1422-57bb4f6b9a46
a0bcc770-67eb-ddb1-2e42-b9b81a701feb
1933364a-bd6f-e0c0-752b-7c7f863d1df1
3f87d147-04c5-93fc-37f6-6343c972be35
6df3b9f5-dec6-d891-7ee6-e22e1cf34fad
fd40db72-259e-a2c9-ccee-db7522824e5b
e1982368-275b-97fc-4174-151084428a94
273e849a-dc05-a8c3-0281-c8a2e827318d
5cd8d703-abee-3948-b6a3-3b7f3232a166
bd155994-0316-6a21-8dae-5d670006ab46
2ff3093c-53e8-9814-d2a8-c58f6c866dbb","d24481dd-66b0-1408-8e57-e95689202eb9,ece1a9ae-ffd4-aa16-ba60-f4aaf994a432,f6669f7b-58ec-429f-30e4-b854d25735fa,6f77c1f5-b663-996c-c336-72c1d5493d4b,fb061221-316e-c954-1422-57bb4f6b9a46,a0bcc770-67eb-ddb1-2e42-b9b81a701feb,1933364a-bd6f-e0c0-752b-7c7f863d1df1,3f87d147-04c5-93fc-37f6-6343c972be35,6df3b9f5-dec6-d891-7ee6-e22e1cf34fad,fd40db72-259e-a2c9-ccee-db7522824e5b,e1982368-275b-97fc-4174-151084428a94,273e849a-dc05-a8c3-0281-c8a2e827318d,5cd8d703-abee-3948-b6a3-3b7f3232a166,bd155994-0316-6a21-8dae-5d670006ab46,2ff3093c-53e8-9814-d2a8-c58f6c866dbb"
"2026-05-21T06:23:42.000+0000",VISA,"VISA,MASTERCARD","1779344623.196",ERROR,"INFO,ERROR,EXIT","10/27","01/27,02/27,03/27,04/27,05/27,06/27,07/27,08/27,09/27,10/27,11/27,12/27",1196,1779344622,"6f77c1f5-b663-996c-c336-72c1d5493d4b","d24481dd-66b0-1408-8e57-e95689202eb9
ece1a9ae-ffd4-aa16-ba60-f4aaf994a432
f6669f7b-58ec-429f-30e4-b854d25735fa
6f77c1f5-b663-996c-c336-72c1d5493d4b
fb061221-316e-c954-1422-57bb4f6b9a46
a0bcc770-67eb-ddb1-2e42-b9b81a701feb
1933364a-bd6f-e0c0-752b-7c7f863d1df1
3f87d147-04c5-93fc-37f6-6343c972be35
6df3b9f5-dec6-d891-7ee6-e22e1cf34fad
fd40db72-259e-a2c9-ccee-db7522824e5b
e1982368-275b-97fc-4174-151084428a94
273e849a-dc05-a8c3-0281-c8a2e827318d
5cd8d703-abee-3948-b6a3-3b7f3232a166
bd155994-0316-6a21-8dae-5d670006ab46
2ff3093c-53e8-9814-d2a8-c58f6c866dbb","d24481dd-66b0-1408-8e57-e95689202eb9,ece1a9ae-ffd4-aa16-ba60-f4aaf994a432,f6669f7b-58ec-429f-30e4-b854d25735fa,6f77c1f5-b663-996c-c336-72c1d5493d4b,fb061221-316e-c954-1422-57bb4f6b9a46,a0bcc770-67eb-ddb1-2e42-b9b81a701feb,1933364a-bd6f-e0c0-752b-7c7f863d1df1,3f87d147-04c5-93fc-37f6-6343c972be35,6df3b9f5-dec6-d891-7ee6-e22e1cf34fad,fd40db72-259e-a2c9-ccee-db7522824e5b,e1982368-275b-97fc-4174-151084428a94,273e849a-dc05-a8c3-0281-c8a2e827318d,5cd8d703-abee-3948-b6a3-3b7f3232a166,bd155994-0316-6a21-8dae-5d670006ab46,2ff3093c-53e8-9814-d2a8-c58f6c866dbb"
"2026-05-20T18:27:02.000+0000",VISA,"VISA,MASTERCARD","1779301622.611",EXIT,"INFO,ERROR,EXIT","05/27","01/27,02/27,03/27,04/27,05/27,06/27,07/27,08/27,09/27,10/27,11/27,12/27",611,1779301622,"3f87d147-04c5-93fc-37f6-6343c972be35","d24481dd-66b0-1408-8e57-e95689202eb9
ece1a9ae-ffd4-aa16-ba60-f4aaf994a432
f6669f7b-58ec-429f-30e4-b854d25735fa
6f77c1f5-b663-996c-c336-72c1d5493d4b
fb061221-316e-c954-1422-57bb4f6b9a46
a0bcc770-67eb-ddb1-2e42-b9b81a701feb
1933364a-bd6f-e0c0-752b-7c7f863d1df1
3f87d147-04c5-93fc-37f6-6343c972be35
6df3b9f5-dec6-d891-7ee6-e22e1cf34fad
fd40db72-259e-a2c9-ccee-db7522824e5b
e1982368-275b-97fc-4174-151084428a94
273e849a-dc05-a8c3-0281-c8a2e827318d
5cd8d703-abee-3948-b6a3-3b7f3232a166
bd155994-0316-6a21-8dae-5d670006ab46
2ff3093c-53e8-9814-d2a8-c58f6c866dbb","d24481dd-66b0-1408-8e57-e95689202eb9,ece1a9ae-ffd4-aa16-ba60-f4aaf994a432,f6669f7b-58ec-429f-30e4-b854d25735fa,6f77c1f5-b663-996c-c336-72c1d5493d4b,fb061221-316e-c954-1422-57bb4f6b9a46,a0bcc770-67eb-ddb1-2e42-b9b81a701feb,1933364a-bd6f-e0c0-752b-7c7f863d1df1,3f87d147-04c5-93fc-37f6-6343c972be35,6df3b9f5-dec6-d891-7ee6-e22e1cf34fad,fd40db72-259e-a2c9-ccee-db7522824e5b,e1982368-275b-97fc-4174-151084428a94,273e849a-dc05-a8c3-0281-c8a2e827318d,5cd8d703-abee-3948-b6a3-3b7f3232a166,bd155994-0316-6a21-8dae-5d670006ab46,2ff3093c-53e8-9814-d2a8-c58f6c866dbb"
"2026-05-20T11:59:45.000+0000",MASTERCARD,"VISA,MASTERCARD","1779278386.458",EXIT,"INFO,ERROR,EXIT","06/27","01/27,02/27,03/27,04/27,05/27,06/27,07/27,08/27,09/27,10/27,11/27,12/27",1458,1779278385,"273e849a-dc05-a8c3-0281-c8a2e827318d","d24481dd-66b0-1408-8e57-e95689202eb9
ece1a9ae-ffd4-aa16-ba60-f4aaf994a432
f6669f7b-58ec-429f-30e4-b854d25735fa
6f77c1f5-b663-996c-c336-72c1d5493d4b
fb061221-316e-c954-1422-57bb4f6b9a46
a0bcc770-67eb-ddb1-2e42-b9b81a701feb
1933364a-bd6f-e0c0-752b-7c7f863d1df1
3f87d147-04c5-93fc-37f6-6343c972be35
6df3b9f5-dec6-d891-7ee6-e22e1cf34fad
fd40db72-259e-a2c9-ccee-db7522824e5b
e1982368-275b-97fc-4174-151084428a94
273e849a-dc05-a8c3-0281-c8a2e827318d
5cd8d703-abee-3948-b6a3-3b7f3232a166
bd155994-0316-6a21-8dae-5d670006ab46
2ff3093c-53e8-9814-d2a8-c58f6c866dbb","d24481dd-66b0-1408-8e57-e95689202eb9,ece1a9ae-ffd4-aa16-ba60-f4aaf994a432,f6669f7b-58ec-429f-30e4-b854d25735fa,6f77c1f5-b663-996c-c336-72c1d5493d4b,fb061221-316e-c954-1422-57bb4f6b9a46,a0bcc770-67eb-ddb1-2e42-b9b81a701feb,1933364a-bd6f-e0c0-752b-7c7f863d1df1,3f87d147-04c5-93fc-37f6-6343c972be35,6df3b9f5-dec6-d891-7ee6-e22e1cf34fad,fd40db72-259e-a2c9-ccee-db7522824e5b,e1982368-275b-97fc-4174-151084428a94,273e849a-dc05-a8c3-0281-c8a2e827318d,5cd8d703-abee-3948-b6a3-3b7f3232a166,bd155994-0316-6a21-8dae-5d670006ab46,2ff3093c-53e8-9814-d2a8-c58f6c866dbb"
"2026-05-25T13:13:14.000+0000",VISA,"VISA,MASTERCARD","1779714795.179",INFO,"INFO,ERROR,EXIT","04/27","01/27,02/27,03/27,04/27,05/27,06/27,07/27,08/27,09/27,10/27,11/27,12/27",1179,1779714794,"e1982368-275b-97fc-4174-151084428a94","d24481dd-66b0-1408-8e57-e95689202eb9
ece1a9ae-ffd4-aa16-ba60-f4aaf994a432
f6669f7b-58ec-429f-30e4-b854d25735fa
6f77c1f5-b663-996c-c336-72c1d5493d4b
fb061221-316e-c954-1422-57bb4f6b9a46
a0bcc770-67eb-ddb1-2e42-b9b81a701feb
1933364a-bd6f-e0c0-752b-7c7f863d1df1
3f87d147-04c5-93fc-37f6-6343c972be35
6df3b9f5-dec6-d891-7ee6-e22e1cf34fad
fd40db72-259e-a2c9-ccee-db7522824e5b
e1982368-275b-97fc-4174-151084428a94
273e849a-dc05-a8c3-0281-c8a2e827318d
5cd8d703-abee-3948-b6a3-3b7f3232a166
bd155994-0316-6a21-8dae-5d670006ab46
2ff3093c-53e8-9814-d2a8-c58f6c866dbb","d24481dd-66b0-1408-8e57-e95689202eb9,ece1a9ae-ffd4-aa16-ba60-f4aaf994a432,f6669f7b-58ec-429f-30e4-b854d25735fa,6f77c1f5-b663-996c-c336-72c1d5493d4b,fb061221-316e-c954-1422-57bb4f6b9a46,a0bcc770-67eb-ddb1-2e42-b9b81a701feb,1933364a-bd6f-e0c0-752b-7c7f863d1df1,3f87d147-04c5-93fc-37f6-6343c972be35,6df3b9f5-dec6-d891-7ee6-e22e1cf34fad,fd40db72-259e-a2c9-ccee-db7522824e5b,e1982368-275b-97fc-4174-151084428a94,273e849a-dc05-a8c3-0281-c8a2e827318d,5cd8d703-abee-3948-b6a3-3b7f3232a166,bd155994-0316-6a21-8dae-5d670006ab46,2ff3093c-53e8-9814-d2a8-c58f6c866dbb"
"2026-05-25T03:14:16.000+0000",MASTERCARD,"VISA,MASTERCARD","1779678856.525",ERROR,"INFO,ERROR,EXIT","06/27","01/27,02/27,03/27,04/27,05/27,06/27,07/27,08/27,09/27,10/27,11/27,12/27",525,1779678856,"fd40db72-259e-a2c9-ccee-db7522824e5b","d24481dd-66b0-1408-8e57-e95689202eb9
ece1a9ae-ffd4-aa16-ba60-f4aaf994a432
f6669f7b-58ec-429f-30e4-b854d25735fa
6f77c1f5-b663-996c-c336-72c1d5493d4b
fb061221-316e-c954-1422-57bb4f6b9a46
a0bcc770-67eb-ddb1-2e42-b9b81a701feb
1933364a-bd6f-e0c0-752b-7c7f863d1df1
3f87d147-04c5-93fc-37f6-6343c972be35
6df3b9f5-dec6-d891-7ee6-e22e1cf34fad
fd40db72-259e-a2c9-ccee-db7522824e5b
e1982368-275b-97fc-4174-151084428a94
273e849a-dc05-a8c3-0281-c8a2e827318d
5cd8d703-abee-3948-b6a3-3b7f3232a166
bd155994-0316-6a21-8dae-5d670006ab46
2ff3093c-53e8-9814-d2a8-c58f6c866dbb","d24481dd-66b0-1408-8e57-e95689202eb9,ece1a9ae-ffd4-aa16-ba60-f4aaf994a432,f6669f7b-58ec-429f-30e4-b854d25735fa,6f77c1f5-b663-996c-c336-72c1d5493d4b,fb061221-316e-c954-1422-57bb4f6b9a46,a0bcc770-67eb-ddb1-2e42-b9b81a701feb,1933364a-bd6f-e0c0-752b-7c7f863d1df1,3f87d147-04c5-93fc-37f6-6343c972be35,6df3b9f5-dec6-d891-7ee6-e22e1cf34fad,fd40db72-259e-a2c9-ccee-db7522824e5b,e1982368-275b-97fc-4174-151084428a94,273e849a-dc05-a8c3-0281-c8a2e827318d,5cd8d703-abee-3948-b6a3-3b7f3232a166,bd155994-0316-6a21-8dae-5d670006ab46,2ff3093c-53e8-9814-d2a8-c58f6c866dbb"
"2026-05-20T20:16:11.000+0000",MASTERCARD,"VISA,MASTERCARD","1779308171.352",EXIT,"INFO,ERROR,EXIT","08/27","01/27,02/27,03/27,04/27,05/27,06/27,07/27,08/27,09/27,10/27,11/27,12/27",352,1779308171,"5cd8d703-abee-3948-b6a3-3b7f3232a166","d24481dd-66b0-1408-8e57-e95689202eb9
ece1a9ae-ffd4-aa16-ba60-f4aaf994a432
f6669f7b-58ec-429f-30e4-b854d25735fa
6f77c1f5-b663-996c-c336-72c1d5493d4b
fb061221-316e-c954-1422-57bb4f6b9a46
a0bcc770-67eb-ddb1-2e42-b9b81a701feb
1933364a-bd6f-e0c0-752b-7c7f863d1df1
3f87d147-04c5-93fc-37f6-6343c972be35
6df3b9f5-dec6-d891-7ee6-e22e1cf34fad
fd40db72-259e-a2c9-ccee-db7522824e5b
e1982368-275b-97fc-4174-151084428a94
273e849a-dc05-a8c3-0281-c8a2e827318d
5cd8d703-abee-3948-b6a3-3b7f3232a166
bd155994-0316-6a21-8dae-5d670006ab46
2ff3093c-53e8-9814-d2a8-c58f6c866dbb","d24481dd-66b0-1408-8e57-e95689202eb9,ece1a9ae-ffd4-aa16-ba60-f4aaf994a432,f6669f7b-58ec-429f-30e4-b854d25735fa,6f77c1f5-b663-996c-c336-72c1d5493d4b,fb061221-316e-c954-1422-57bb4f6b9a46,a0bcc770-67eb-ddb1-2e42-b9b81a701feb,1933364a-bd6f-e0c0-752b-7c7f863d1df1,3f87d147-04c5-93fc-37f6-6343c972be35,6df3b9f5-dec6-d891-7ee6-e22e1cf34fad,fd40db72-259e-a2c9-ccee-db7522824e5b,e1982368-275b-97fc-4174-151084428a94,273e849a-dc05-a8c3-0281-c8a2e827318d,5cd8d703-abee-3948-b6a3-3b7f3232a166,bd155994-0316-6a21-8dae-5d670006ab46,2ff3093c-53e8-9814-d2a8-c58f6c866dbb"
"2026-05-19T16:21:33.000+0000",MASTERCARD,"VISA,MASTERCARD","1779207694.415",ERROR,"INFO,ERROR,EXIT","05/27","01/27,02/27,03/27,04/27,05/27,06/27,07/27,08/27,09/27,10/27,11/27,12/27",1415,1779207693,"fb061221-316e-c954-1422-57bb4f6b9a46","d24481dd-66b0-1408-8e57-e95689202eb9
ece1a9ae-ffd4-aa16-ba60-f4aaf994a432
f6669f7b-58ec-429f-30e4-b854d25735fa
6f77c1f5-b663-996c-c336-72c1d5493d4b
fb061221-316e-c954-1422-57bb4f6b9a46
a0bcc770-67eb-ddb1-2e42-b9b81a701feb
1933364a-bd6f-e0c0-752b-7c7f863d1df1
3f87d147-04c5-93fc-37f6-6343c972be35
6df3b9f5-dec6-d891-7ee6-e22e1cf34fad
fd40db72-259e-a2c9-ccee-db7522824e5b
e1982368-275b-97fc-4174-151084428a94
273e849a-dc05-a8c3-0281-c8a2e827318d
5cd8d703-abee-3948-b6a3-3b7f3232a166
bd155994-0316-6a21-8dae-5d670006ab46
2ff3093c-53e8-9814-d2a8-c58f6c866dbb","d24481dd-66b0-1408-8e57-e95689202eb9,ece1a9ae-ffd4-aa16-ba60-f4aaf994a432,f6669f7b-58ec-429f-30e4-b854d25735fa,6f77c1f5-b663-996c-c336-72c1d5493d4b,fb061221-316e-c954-1422-57bb4f6b9a46,a0bcc770-67eb-ddb1-2e42-b9b81a701feb,1933364a-bd6f-e0c0-752b-7c7f863d1df1,3f87d147-04c5-93fc-37f6-6343c972be35,6df3b9f5-dec6-d891-7ee6-e22e1cf34fad,fd40db72-259e-a2c9-ccee-db7522824e5b,e1982368-275b-97fc-4174-151084428a94,273e849a-dc05-a8c3-0281-c8a2e827318d,5cd8d703-abee-3948-b6a3-3b7f3232a166,bd155994-0316-6a21-8dae-5d670006ab46,2ff3093c-53e8-9814-d2a8-c58f6c866dbb"
"2026-05-25T07:11:20.000+0000",MASTERCARD,"VISA,MASTERCARD","1779693080.731",ERROR,"INFO,ERROR,EXIT","09/27","01/27,02/27,03/27,04/27,05/27,06/27,07/27,08/27,09/27,10/27,11/27,12/27",731,1779693080,"a0bcc770-67eb-ddb1-2e42-b9b81a701feb","d24481dd-66b0-1408-8e57-e95689202eb9
ece1a9ae-ffd4-aa16-ba60-f4aaf994a432
f6669f7b-58ec-429f-30e4-b854d25735fa
6f77c1f5-b663-996c-c336-72c1d5493d4b
fb061221-316e-c954-1422-57bb4f6b9a46
a0bcc770-67eb-ddb1-2e42-b9b81a701feb
1933364a-bd6f-e0c0-752b-7c7f863d1df1
3f87d147-04c5-93fc-37f6-6343c972be35
6df3b9f5-dec6-d891-7ee6-e22e1cf34fad
fd40db72-259e-a2c9-ccee-db7522824e5b
e1982368-275b-97fc-4174-151084428a94
273e849a-dc05-a8c3-0281-c8a2e827318d
5cd8d703-abee-3948-b6a3-3b7f3232a166
bd155994-0316-6a21-8dae-5d670006ab46
2ff3093c-53e8-9814-d2a8-c58f6c866dbb","d24481dd-66b0-1408-8e57-e95689202eb9,ece1a9ae-ffd4-aa16-ba60-f4aaf994a432,f6669f7b-58ec-429f-30e4-b854d25735fa,6f77c1f5-b663-996c-c336-72c1d5493d4b,fb061221-316e-c954-1422-57bb4f6b9a46,a0bcc770-67eb-ddb1-2e42-b9b81a701feb,1933364a-bd6f-e0c0-752b-7c7f863d1df1,3f87d147-04c5-93fc-37f6-6343c972be35,6df3b9f5-dec6-d891-7ee6-e22e1cf34fad,fd40db72-259e-a2c9-ccee-db7522824e5b,e1982368-275b-97fc-4174-151084428a94,273e849a-dc05-a8c3-0281-c8a2e827318d,5cd8d703-abee-3948-b6a3-3b7f3232a166,bd155994-0316-6a21-8dae-5d670006ab46,2ff3093c-53e8-9814-d2a8-c58f6c866dbb"
"2026-05-25T02:13:38.000+0000",VISA,"VISA,MASTERCARD","1779675219.079",EXIT,"INFO,ERROR,EXIT","11/27","01/27,02/27,03/27,04/27,05/27,06/27,07/27,08/27,09/27,10/27,11/27,12/27",1079,1779675218,"f6669f7b-58ec-429f-30e4-b854d25735fa","d24481dd-66b0-1408-8e57-e95689202eb9
ece1a9ae-ffd4-aa16-ba60-f4aaf994a432
f6669f7b-58ec-429f-30e4-b854d25735fa
6f77c1f5-b663-996c-c336-72c1d5493d4b
fb061221-316e-c954-1422-57bb4f6b9a46
a0bcc770-67eb-ddb1-2e42-b9b81a701feb
1933364a-bd6f-e0c0-752b-7c7f863d1df1
3f87d147-04c5-93fc-37f6-6343c972be35
6df3b9f5-dec6-d891-7ee6-e22e1cf34fad
fd40db72-259e-a2c9-ccee-db7522824e5b
e1982368-275b-97fc-4174-151084428a94
273e849a-dc05-a8c3-0281-c8a2e827318d
5cd8d703-abee-3948-b6a3-3b7f3232a166
bd155994-0316-6a21-8dae-5d670006ab46
2ff3093c-53e8-9814-d2a8-c58f6c866dbb","d24481dd-66b0-1408-8e57-e95689202eb9,ece1a9ae-ffd4-aa16-ba60-f4aaf994a432,f6669f7b-58ec-429f-30e4-b854d25735fa,6f77c1f5-b663-996c-c336-72c1d5493d4b,fb061221-316e-c954-1422-57bb4f6b9a46,a0bcc770-67eb-ddb1-2e42-b9b81a701feb,1933364a-bd6f-e0c0-752b-7c7f863d1df1,3f87d147-04c5-93fc-37f6-6343c972be35,6df3b9f5-dec6-d891-7ee6-e22e1cf34fad,fd40db72-259e-a2c9-ccee-db7522824e5b,e1982368-275b-97fc-4174-151084428a94,273e849a-dc05-a8c3-0281-c8a2e827318d,5cd8d703-abee-3948-b6a3-3b7f3232a166,bd155994-0316-6a21-8dae-5d670006ab46,2ff3093c-53e8-9814-d2a8-c58f6c866dbb"
"2026-05-21T14:53:44.000+0000",VISA,"VISA,MASTERCARD","1779375224.512",EXIT,"INFO,ERROR,EXIT","01/27","01/27,02/27,03/27,04/27,05/27,06/27,07/27,08/27,09/27,10/27,11/27,12/27",512,1779375224,"2ff3093c-53e8-9814-d2a8-c58f6c866dbb","d24481dd-66b0-1408-8e57-e95689202eb9
ece1a9ae-ffd4-aa16-ba60-f4aaf994a432
f6669f7b-58ec-429f-30e4-b854d25735fa
6f77c1f5-b663-996c-c336-72c1d5493d4b
fb061221-316e-c954-1422-57bb4f6b9a46
a0bcc770-67eb-ddb1-2e42-b9b81a701feb
1933364a-bd6f-e0c0-752b-7c7f863d1df1
3f87d147-04c5-93fc-37f6-6343c972be35
6df3b9f5-dec6-d891-7ee6-e22e1cf34fad
fd40db72-259e-a2c9-ccee-db7522824e5b
e1982368-275b-97fc-4174-151084428a94
273e849a-dc05-a8c3-0281-c8a2e827318d
5cd8d703-abee-3948-b6a3-3b7f3232a166
bd155994-0316-6a21-8dae-5d670006ab46
2ff3093c-53e8-9814-d2a8-c58f6c866dbb","d24481dd-66b0-1408-8e57-e95689202eb9,ece1a9ae-ffd4-aa16-ba60-f4aaf994a432,f6669f7b-58ec-429f-30e4-b854d25735fa,6f77c1f5-b663-996c-c336-72c1d5493d4b,fb061221-316e-c954-1422-57bb4f6b9a46,a0bcc770-67eb-ddb1-2e42-b9b81a701feb,1933364a-bd6f-e0c0-752b-7c7f863d1df1,3f87d147-04c5-93fc-37f6-6343c972be35,6df3b9f5-dec6-d891-7ee6-e22e1cf34fad,fd40db72-259e-a2c9-ccee-db7522824e5b,e1982368-275b-97fc-4174-151084428a94,273e849a-dc05-a8c3-0281-c8a2e827318d,5cd8d703-abee-3948-b6a3-3b7f3232a166,bd155994-0316-6a21-8dae-5d670006ab46,2ff3093c-53e8-9814-d2a8-c58f6c866dbb"
"2026-05-22T19:21:09.000+0000",MASTERCARD,"VISA,MASTERCARD","1779477669.729",ERROR,"INFO,ERROR,EXIT","04/27","01/27,02/27,03/27,04/27,05/27,06/27,07/27,08/27,09/27,10/27,11/27,12/27",729,1779477669,"d24481dd-66b0-1408-8e57-e95689202eb9","d24481dd-66b0-1408-8e57-e95689202eb9
ece1a9ae-ffd4-aa16-ba60-f4aaf994a432
f6669f7b-58ec-429f-30e4-b854d25735fa
6f77c1f5-b663-996c-c336-72c1d5493d4b
fb061221-316e-c954-1422-57bb4f6b9a46
a0bcc770-67eb-ddb1-2e42-b9b81a701feb
1933364a-bd6f-e0c0-752b-7c7f863d1df1
3f87d147-04c5-93fc-37f6-6343c972be35
6df3b9f5-dec6-d891-7ee6-e22e1cf34fad
fd40db72-259e-a2c9-ccee-db7522824e5b
e1982368-275b-97fc-4174-151084428a94
273e849a-dc05-a8c3-0281-c8a2e827318d
5cd8d703-abee-3948-b6a3-3b7f3232a166
bd155994-0316-6a21-8dae-5d670006ab46
2ff3093c-53e8-9814-d2a8-c58f6c866dbb","d24481dd-66b0-1408-8e57-e95689202eb9,ece1a9ae-ffd4-aa16-ba60-f4aaf994a432,f6669f7b-58ec-429f-30e4-b854d25735fa,6f77c1f5-b663-996c-c336-72c1d5493d4b,fb061221-316e-c954-1422-57bb4f6b9a46,a0bcc770-67eb-ddb1-2e42-b9b81a701feb,1933364a-bd6f-e0c0-752b-7c7f863d1df1,3f87d147-04c5-93fc-37f6-6343c972be35,6df3b9f5-dec6-d891-7ee6-e22e1cf34fad,fd40db72-259e-a2c9-ccee-db7522824e5b,e1982368-275b-97fc-4174-151084428a94,273e849a-dc05-a8c3-0281-c8a2e827318d,5cd8d703-abee-3948-b6a3-3b7f3232a166,bd155994-0316-6a21-8dae-5d670006ab46,2ff3093c-53e8-9814-d2a8-c58f6c866dbb"
"2026-05-22T18:22:38.000+0000",MASTERCARD,"VISA,MASTERCARD","1779474158.39",ERROR,"INFO,ERROR,EXIT","05/27","01/27,02/27,03/27,04/27,05/27,06/27,07/27,08/27,09/27,10/27,11/27,12/27",390,1779474158,"6f77c1f5-b663-996c-c336-72c1d5493d4b","d24481dd-66b0-1408-8e57-e95689202eb9
ece1a9ae-ffd4-aa16-ba60-f4aaf994a432
f6669f7b-58ec-429f-30e4-b854d25735fa
6f77c1f5-b663-996c-c336-72c1d5493d4b
fb061221-316e-c954-1422-57bb4f6b9a46
a0bcc770-67eb-ddb1-2e42-b9b81a701feb
1933364a-bd6f-e0c0-752b-7c7f863d1df1
3f87d147-04c5-93fc-37f6-6343c972be35
6df3b9f5-dec6-d891-7ee6-e22e1cf34fad
fd40db72-259e-a2c9-ccee-db7522824e5b
e1982368-275b-97fc-4174-151084428a94
273e849a-dc05-a8c3-0281-c8a2e827318d
5cd8d703-abee-3948-b6a3-3b7f3232a166
bd155994-0316-6a21-8dae-5d670006ab46
2ff3093c-53e8-9814-d2a8-c58f6c866dbb","d24481dd-66b0-1408-8e57-e95689202eb9,ece1a9ae-ffd4-aa16-ba60-f4aaf994a432,f6669f7b-58ec-429f-30e4-b854d25735fa,6f77c1f5-b663-996c-c336-72c1d5493d4b,fb061221-316e-c954-1422-57bb4f6b9a46,a0bcc770-67eb-ddb1-2e42-b9b81a701feb,1933364a-bd6f-e0c0-752b-7c7f863d1df1,3f87d147-04c5-93fc-37f6-6343c972be35,6df3b9f5-dec6-d891-7ee6-e22e1cf34fad,fd40db72-259e-a2c9-ccee-db7522824e5b,e1982368-275b-97fc-4174-151084428a94,273e849a-dc05-a8c3-0281-c8a2e827318d,5cd8d703-abee-3948-b6a3-3b7f3232a166,bd155994-0316-6a21-8dae-5d670006ab46,2ff3093c-53e8-9814-d2a8-c58f6c866dbb"
"2026-05-24T06:14:01.000+0000",VISA,"VISA,MASTERCARD","1779603241.829",INFO,"INFO,ERROR,EXIT","04/27","01/27,02/27,03/27,04/27,05/27,06/27,07/27,08/27,09/27,10/27,11/27,12/27",829,1779603241,"6f77c1f5-b663-996c-c336-72c1d5493d4b","d24481dd-66b0-1408-8e57-e95689202eb9
ece1a9ae-ffd4-aa16-ba60-f4aaf994a432
f6669f7b-58ec-429f-30e4-b854d25735fa
6f77c1f5-b663-996c-c336-72c1d5493d4b
fb061221-316e-c954-1422-57bb4f6b9a46
a0bcc770-67eb-ddb1-2e42-b9b81a701feb
1933364a-bd6f-e0c0-752b-7c7f863d1df1
3f87d147-04c5-93fc-37f6-6343c972be35
6df3b9f5-dec6-d891-7ee6-e22e1cf34fad
fd40db72-259e-a2c9-ccee-db7522824e5b
e1982368-275b-97fc-4174-151084428a94
273e849a-dc05-a8c3-0281-c8a2e827318d
5cd8d703-abee-3948-b6a3-3b7f3232a166
bd155994-0316-6a21-8dae-5d670006ab46
2ff3093c-53e8-9814-d2a8-c58f6c866dbb","d24481dd-66b0-1408-8e57-e95689202eb9,ece1a9ae-ffd4-aa16-ba60-f4aaf994a432,f6669f7b-58ec-429f-30e4-b854d25735fa,6f77c1f5-b663-996c-c336-72c1d5493d4b,fb061221-316e-c954-1422-57bb4f6b9a46,a0bcc770-67eb-ddb1-2e42-b9b81a701feb,1933364a-bd6f-e0c0-752b-7c7f863d1df1,3f87d147-04c5-93fc-37f6-6343c972be35,6df3b9f5-dec6-d891-7ee6-e22e1cf34fad,fd40db72-259e-a2c9-ccee-db7522824e5b,e1982368-275b-97fc-4174-151084428a94,273e849a-dc05-a8c3-0281-c8a2e827318d,5cd8d703-abee-3948-b6a3-3b7f3232a166,bd155994-0316-6a21-8dae-5d670006ab46,2ff3093c-53e8-9814-d2a8-c58f6c866dbb"
"2026-05-25T07:30:52.000+0000",MASTERCARD,"VISA,MASTERCARD","1779694253.432",ERROR,"INFO,ERROR,EXIT","01/27","01/27,02/27,03/27,04/27,05/27,06/27,07/27,08/27,09/27,10/27,11/27,12/27",1432,1779694252,"2ff3093c-53e8-9814-d2a8-c58f6c866dbb","d24481dd-66b0-1408-8e57-e95689202eb9
ece1a9ae-ffd4-aa16-ba60-f4aaf994a432
f6669f7b-58ec-429f-30e4-b854d25735fa
6f77c1f5-b663-996c-c336-72c1d5493d4b
fb061221-316e-c954-1422-57bb4f6b9a46
a0bcc770-67eb-ddb1-2e42-b9b81a701feb
1933364a-bd6f-e0c0-752b-7c7f863d1df1
3f87d147-04c5-93fc-37f6-6343c972be35
6df3b9f5-dec6-d891-7ee6-e22e1cf34fad
fd40db72-259e-a2c9-ccee-db7522824e5b
e1982368-275b-97fc-4174-151084428a94
273e849a-dc05-a8c3-0281-c8a2e827318d
5cd8d703-abee-3948-b6a3-3b7f3232a166
bd155994-0316-6a21-8dae-5d670006ab46
2ff3093c-53e8-9814-d2a8-c58f6c866dbb","d24481dd-66b0-1408-8e57-e95689202eb9,ece1a9ae-ffd4-aa16-ba60-f4aaf994a432,f6669f7b-58ec-429f-30e4-b854d25735fa,6f77c1f5-b663-996c-c336-72c1d5493d4b,fb061221-316e-c954-1422-57bb4f6b9a46,a0bcc770-67eb-ddb1-2e42-b9b81a701feb,1933364a-bd6f-e0c0-752b-7c7f863d1df1,3f87d147-04c5-93fc-37f6-6343c972be35,6df3b9f5-dec6-d891-7ee6-e22e1cf34fad,fd40db72-259e-a2c9-ccee-db7522824e5b,e1982368-275b-97fc-4174-151084428a94,273e849a-dc05-a8c3-0281-c8a2e827318d,5cd8d703-abee-3948-b6a3-3b7f3232a166,bd155994-0316-6a21-8dae-5d670006ab46,2ff3093c-53e8-9814-d2a8-c58f6c866dbb"
"2026-05-23T23:23:01.000+0000",MASTERCARD,"VISA,MASTERCARD","1779578581.996",EXIT,"INFO,ERROR,EXIT","10/27","01/27,02/27,03/27,04/27,05/27,06/27,07/27,08/27,09/27,10/27,11/27,12/27",996,1779578581,"e1982368-275b-97fc-4174-151084428a94","d24481dd-66b0-1408-8e57-e95689202eb9
ece1a9ae-ffd4-aa16-ba60-f4aaf994a432
f6669f7b-58ec-429f-30e4-b854d25735fa
6f77c1f5-b663-996c-c336-72c1d5493d4b
fb061221-316e-c954-1422-57bb4f6b9a46
a0bcc770-67eb-ddb1-2e42-b9b81a701feb
1933364a-bd6f-e0c0-752b-7c7f863d1df1
3f87d147-04c5-93fc-37f6-6343c972be35
6df3b9f5-dec6-d891-7ee6-e22e1cf34fad
fd40db72-259e-a2c9-ccee-db7522824e5b
e1982368-275b-97fc-4174-151084428a94
273e849a-dc05-a8c3-0281-c8a2e827318d
5cd8d703-abee-3948-b6a3-3b7f3232a166
bd155994-0316-6a21-8dae-5d670006ab46
2ff3093c-53e8-9814-d2a8-c58f6c866dbb","d24481dd-66b0-1408-8e57-e95689202eb9,ece1a9ae-ffd4-aa16-ba60-f4aaf994a432,f6669f7b-58ec-429f-30e4-b854d25735fa,6f77c1f5-b663-996c-c336-72c1d5493d4b,fb061221-316e-c954-1422-57bb4f6b9a46,a0bcc770-67eb-ddb1-2e42-b9b81a701feb,1933364a-bd6f-e0c0-752b-7c7f863d1df1,3f87d147-04c5-93fc-37f6-6343c972be35,6df3b9f5-dec6-d891-7ee6-e22e1cf34fad,fd40db72-259e-a2c9-ccee-db7522824e5b,e1982368-275b-97fc-4174-151084428a94,273e849a-dc05-a8c3-0281-c8a2e827318d,5cd8d703-abee-3948-b6a3-3b7f3232a166,bd155994-0316-6a21-8dae-5d670006ab46,2ff3093c-53e8-9814-d2a8-c58f6c866dbb"
"2026-05-24T17:12:06.000+0000",VISA,"VISA,MASTERCARD","1779642727.228",ERROR,"INFO,ERROR,EXIT","05/27","01/27,02/27,03/27,04/27,05/27,06/27,07/27,08/27,09/27,10/27,11/27,12/27",1228,1779642726,"f6669f7b-58ec-429f-30e4-b854d25735fa","d24481dd-66b0-1408-8e57-e95689202eb9
ece1a9ae-ffd4-aa16-ba60-f4aaf994a432
f6669f7b-58ec-429f-30e4-b854d25735fa
6f77c1f5-b663-996c-c336-72c1d5493d4b
fb061221-316e-c954-1422-57bb4f6b9a46
a0bcc770-67eb-ddb1-2e42-b9b81a701feb
1933364a-bd6f-e0c0-752b-7c7f863d1df1
3f87d147-04c5-93fc-37f6-6343c972be35
6df3b9f5-dec6-d891-7ee6-e22e1cf34fad
fd40db72-259e-a2c9-ccee-db7522824e5b
e1982368-275b-97fc-4174-151084428a94
273e849a-dc05-a8c3-0281-c8a2e827318d
5cd8d703-abee-3948-b6a3-3b7f3232a166
bd155994-0316-6a21-8dae-5d670006ab46
2ff3093c-53e8-9814-d2a8-c58f6c866dbb","d24481dd-66b0-1408-8e57-e95689202eb9,ece1a9ae-ffd4-aa16-ba60-f4aaf994a432,f6669f7b-58ec-429f-30e4-b854d25735fa,6f77c1f5-b663-996c-c336-72c1d5493d4b,fb061221-316e-c954-1422-57bb4f6b9a46,a0bcc770-67eb-ddb1-2e42-b9b81a701feb,1933364a-bd6f-e0c0-752b-7c7f863d1df1,3f87d147-04c5-93fc-37f6-6343c972be35,6df3b9f5-dec6-d891-7ee6-e22e1cf34fad,fd40db72-259e-a2c9-ccee-db7522824e5b,e1982368-275b-97fc-4174-151084428a94,273e849a-dc05-a8c3-0281-c8a2e827318d,5cd8d703-abee-3948-b6a3-3b7f3232a166,bd155994-0316-6a21-8dae-5d670006ab46,2ff3093c-53e8-9814-d2a8-c58f6c866dbb"
"2026-05-19T19:24:00.000+0000",VISA,"VISA,MASTERCARD","1779218640.309",EXIT,"INFO,ERROR,EXIT","04/27","01/27,02/27,03/27,04/27,05/27,06/27,07/27,08/27,09/27,10/27,11/27,12/27",309,1779218640,"e1982368-275b-97fc-4174-151084428a94","d24481dd-66b0-1408-8e57-e95689202eb9
ece1a9ae-ffd4-aa16-ba60-f4aaf994a432
f6669f7b-58ec-429f-30e4-b854d25735fa
6f77c1f5-b663-996c-c336-72c1d5493d4b
fb061221-316e-c954-1422-57bb4f6b9a46
a0bcc770-67eb-ddb1-2e42-b9b81a701feb
1933364a-bd6f-e0c0-752b-7c7f863d1df1
3f87d147-04c5-93fc-37f6-6343c972be35
6df3b9f5-dec6-d891-7ee6-e22e1cf34fad
fd40db72-259e-a2c9-ccee-db7522824e5b
e1982368-275b-97fc-4174-151084428a94
273e849a-dc05-a8c3-0281-c8a2e827318d
5cd8d703-abee-3948-b6a3-3b7f3232a166
bd155994-0316-6a21-8dae-5d670006ab46
2ff3093c-53e8-9814-d2a8-c58f6c866dbb","d24481dd-66b0-1408-8e57-e95689202eb9,ece1a9ae-ffd4-aa16-ba60-f4aaf994a432,f6669f7b-58ec-429f-30e4-b854d25735fa,6f77c1f5-b663-996c-c336-72c1d5493d4b,fb061221-316e-c954-1422-57bb4f6b9a46,a0bcc770-67eb-ddb1-2e42-b9b81a701feb,1933364a-bd6f-e0c0-752b-7c7f863d1df1,3f87d147-04c5-93fc-37f6-6343c972be35,6df3b9f5-dec6-d891-7ee6-e22e1cf34fad,fd40db72-259e-a2c9-ccee-db7522824e5b,e1982368-275b-97fc-4174-151084428a94,273e849a-dc05-a8c3-0281-c8a2e827318d,5cd8d703-abee-3948-b6a3-3b7f3232a166,bd155994-0316-6a21-8dae-5d670006ab46,2ff3093c-53e8-9814-d2a8-c58f6c866dbb"
"2026-05-23T07:20:35.000+0000",VISA,"VISA,MASTERCARD","1779520835.4",EXIT,"INFO,ERROR,EXIT","09/27","01/27,02/27,03/27,04/27,05/27,06/27,07/27,08/27,09/27,10/27,11/27,12/27",400,1779520835,"a0bcc770-67eb-ddb1-2e42-b9b81a701feb","d24481dd-66b0-1408-8e57-e95689202eb9
ece1a9ae-ffd4-aa16-ba60-f4aaf994a432
f6669f7b-58ec-429f-30e4-b854d25735fa
6f77c1f5-b663-996c-c336-72c1d5493d4b
fb061221-316e-c954-1422-57bb4f6b9a46
a0bcc770-67eb-ddb1-2e42-b9b81a701feb
1933364a-bd6f-e0c0-752b-7c7f863d1df1
3f87d147-04c5-93fc-37f6-6343c972be35
6df3b9f5-dec6-d891-7ee6-e22e1cf34fad
fd40db72-259e-a2c9-ccee-db7522824e5b
e1982368-275b-97fc-4174-151084428a94
273e849a-dc05-a8c3-0281-c8a2e827318d
5cd8d703-abee-3948-b6a3-3b7f3232a166
bd155994-0316-6a21-8dae-5d670006ab46
2ff3093c-53e8-9814-d2a8-c58f6c866dbb","d24481dd-66b0-1408-8e57-e95689202eb9,ece1a9ae-ffd4-aa16-ba60-f4aaf994a432,f6669f7b-58ec-429f-30e4-b854d25735fa,6f77c1f5-b663-996c-c336-72c1d5493d4b,fb061221-316e-c954-1422-57bb4f6b9a46,a0bcc770-67eb-ddb1-2e42-b9b81a701feb,1933364a-bd6f-e0c0-752b-7c7f863d1df1,3f87d147-04c5-93fc-37f6-6343c972be35,6df3b9f5-dec6-d891-7ee6-e22e1cf34fad,fd40db72-259e-a2c9-ccee-db7522824e5b,e1982368-275b-97fc-4174-151084428a94,273e849a-dc05-a8c3-0281-c8a2e827318d,5cd8d703-abee-3948-b6a3-3b7f3232a166,bd155994-0316-6a21-8dae-5d670006ab46,2ff3093c-53e8-9814-d2a8-c58f6c866dbb"
"2026-05-21T18:22:36.000+0000",VISA,"VISA,MASTERCARD","1779387756.475",INFO,"INFO,ERROR,EXIT","06/27","01/27,02/27,03/27,04/27,05/27,06/27,07/27,08/27,09/27,10/27,11/27,12/27",475,1779387756,"6f77c1f5-b663-996c-c336-72c1d5493d4b","d24481dd-66b0-1408-8e57-e95689202eb9
ece1a9ae-ffd4-aa16-ba60-f4aaf994a432
f6669f7b-58ec-429f-30e4-b854d25735fa
6f77c1f5-b663-996c-c336-72c1d5493d4b
fb061221-316e-c954-1422-57bb4f6b9a46
a0bcc770-67eb-ddb1-2e42-b9b81a701feb
1933364a-bd6f-e0c0-752b-7c7f863d1df1
3f87d147-04c5-93fc-37f6-6343c972be35
6df3b9f5-dec6-d891-7ee6-e22e1cf34fad
fd40db72-259e-a2c9-ccee-db7522824e5b
e1982368-275b-97fc-4174-151084428a94
273e849a-dc05-a8c3-0281-c8a2e827318d
5cd8d703-abee-3948-b6a3-3b7f3232a166
bd155994-0316-6a21-8dae-5d670006ab46
2ff3093c-53e8-9814-d2a8-c58f6c866dbb","d24481dd-66b0-1408-8e57-e95689202eb9,ece1a9ae-ffd4-aa16-ba60-f4aaf994a432,f6669f7b-58ec-429f-30e4-b854d25735fa,6f77c1f5-b663-996c-c336-72c1d5493d4b,fb061221-316e-c954-1422-57bb4f6b9a46,a0bcc770-67eb-ddb1-2e42-b9b81a701feb,1933364a-bd6f-e0c0-752b-7c7f863d1df1,3f87d147-04c5-93fc-37f6-6343c972be35,6df3b9f5-dec6-d891-7ee6-e22e1cf34fad,fd40db72-259e-a2c9-ccee-db7522824e5b,e1982368-275b-97fc-4174-151084428a94,273e849a-dc05-a8c3-0281-c8a2e827318d,5cd8d703-abee-3948-b6a3-3b7f3232a166,bd155994-0316-6a21-8dae-5d670006ab46,2ff3093c-53e8-9814-d2a8-c58f6c866dbb"
"2026-05-23T08:21:27.000+0000",VISA,"VISA,MASTERCARD","1779524487.735",EXIT,"INFO,ERROR,EXIT","04/27","01/27,02/27,03/27,04/27,05/27,06/27,07/27,08/27,09/27,10/27,11/27,12/27",735,1779524487,"273e849a-dc05-a8c3-0281-c8a2e827318d","d24481dd-66b0-1408-8e57-e95689202eb9
ece1a9ae-ffd4-aa16-ba60-f4aaf994a432
f6669f7b-58ec-429f-30e4-b854d25735fa
6f77c1f5-b663-996c-c336-72c1d5493d4b
fb061221-316e-c954-1422-57bb4f6b9a46
a0bcc770-67eb-ddb1-2e42-b9b81a701feb
1933364a-bd6f-e0c0-752b-7c7f863d1df1
3f87d147-04c5-93fc-37f6-6343c972be35
6df3b9f5-dec6-d891-7ee6-e22e1cf34fad
fd40db72-259e-a2c9-ccee-db7522824e5b
e1982368-275b-97fc-4174-151084428a94
273e849a-dc05-a8c3-0281-c8a2e827318d
5cd8d703-abee-3948-b6a3-3b7f3232a166
bd155994-0316-6a21-8dae-5d670006ab46
2ff3093c-53e8-9814-d2a8-c58f6c866dbb","d24481dd-66b0-1408-8e57-e95689202eb9,ece1a9ae-ffd4-aa16-ba60-f4aaf994a432,f6669f7b-58ec-429f-30e4-b854d25735fa,6f77c1f5-b663-996c-c336-72c1d5493d4b,fb061221-316e-c954-1422-57bb4f6b9a46,a0bcc770-67eb-ddb1-2e42-b9b81a701feb,1933364a-bd6f-e0c0-752b-7c7f863d1df1,3f87d147-04c5-93fc-37f6-6343c972be35,6df3b9f5-dec6-d891-7ee6-e22e1cf34fad,fd40db72-259e-a2c9-ccee-db7522824e5b,e1982368-275b-97fc-4174-151084428a94,273e849a-dc05-a8c3-0281-c8a2e827318d,5cd8d703-abee-3948-b6a3-3b7f3232a166,bd155994-0316-6a21-8dae-5d670006ab46,2ff3093c-53e8-9814-d2a8-c58f6c866dbb"
"2026-05-20T04:46:38.000+0000",VISA,"VISA,MASTERCARD","1779252399.078",EXIT,"INFO,ERROR,EXIT","12/27","01/27,02/27,03/27,04/27,05/27,06/27,07/27,08/27,09/27,10/27,11/27,12/27",1078,1779252398,"e1982368-275b-97fc-4174-151084428a94","d24481dd-66b0-1408-8e57-e95689202eb9
ece1a9ae-ffd4-aa16-ba60-f4aaf994a432
f6669f7b-58ec-429f-30e4-b854d25735fa
6f77c1f5-b663-996c-c336-72c1d5493d4b
fb061221-316e-c954-1422-57bb4f6b9a46
a0bcc770-67eb-ddb1-2e42-b9b81a701feb
1933364a-bd6f-e0c0-752b-7c7f863d1df1
3f87d147-04c5-93fc-37f6-6343c972be35
6df3b9f5-dec6-d891-7ee6-e22e1cf34fad
fd40db72-259e-a2c9-ccee-db7522824e5b
e1982368-275b-97fc-4174-151084428a94
273e849a-dc05-a8c3-0281-c8a2e827318d
5cd8d703-abee-3948-b6a3-3b7f3232a166
bd155994-0316-6a21-8dae-5d670006ab46
2ff3093c-53e8-9814-d2a8-c58f6c866dbb","d24481dd-66b0-1408-8e57-e95689202eb9,ece1a9ae-ffd4-aa16-ba60-f4aaf994a432,f6669f7b-58ec-429f-30e4-b854d25735fa,6f77c1f5-b663-996c-c336-72c1d5493d4b,fb061221-316e-c954-1422-57bb4f6b9a46,a0bcc770-67eb-ddb1-2e42-b9b81a701feb,1933364a-bd6f-e0c0-752b-7c7f863d1df1,3f87d147-04c5-93fc-37f6-6343c972be35,6df3b9f5-dec6-d891-7ee6-e22e1cf34fad,fd40db72-259e-a2c9-ccee-db7522824e5b,e1982368-275b-97fc-4174-151084428a94,273e849a-dc05-a8c3-0281-c8a2e827318d,5cd8d703-abee-3948-b6a3-3b7f3232a166,bd155994-0316-6a21-8dae-5d670006ab46,2ff3093c-53e8-9814-d2a8-c58f6c866dbb"
"2026-05-20T04:43:12.000+0000",MASTERCARD,"VISA,MASTERCARD","1779252193.175",EXIT,"INFO,ERROR,EXIT","03/27","01/27,02/27,03/27,04/27,05/27,06/27,07/27,08/27,09/27,10/27,11/27,12/27",1175,1779252192,"1933364a-bd6f-e0c0-752b-7c7f863d1df1","d24481dd-66b0-1408-8e57-e95689202eb9
ece1a9ae-ffd4-aa16-ba60-f4aaf994a432
f6669f7b-58ec-429f-30e4-b854d25735fa
6f77c1f5-b663-996c-c336-72c1d5493d4b
fb061221-316e-c954-1422-57bb4f6b9a46
a0bcc770-67eb-ddb1-2e42-b9b81a701feb
1933364a-bd6f-e0c0-752b-7c7f863d1df1
3f87d147-04c5-93fc-37f6-6343c972be35
6df3b9f5-dec6-d891-7ee6-e22e1cf34fad
fd40db72-259e-a2c9-ccee-db7522824e5b
e1982368-275b-97fc-4174-151084428a94
273e849a-dc05-a8c3-0281-c8a2e827318d
5cd8d703-abee-3948-b6a3-3b7f3232a166
bd155994-0316-6a21-8dae-5d670006ab46
2ff3093c-53e8-9814-d2a8-c58f6c866dbb","d24481dd-66b0-1408-8e57-e95689202eb9,ece1a9ae-ffd4-aa16-ba60-f4aaf994a432,f6669f7b-58ec-429f-30e4-b854d25735fa,6f77c1f5-b663-996c-c336-72c1d5493d4b,fb061221-316e-c954-1422-57bb4f6b9a46,a0bcc770-67eb-ddb1-2e42-b9b81a701feb,1933364a-bd6f-e0c0-752b-7c7f863d1df1,3f87d147-04c5-93fc-37f6-6343c972be35,6df3b9f5-dec6-d891-7ee6-e22e1cf34fad,fd40db72-259e-a2c9-ccee-db7522824e5b,e1982368-275b-97fc-4174-151084428a94,273e849a-dc05-a8c3-0281-c8a2e827318d,5cd8d703-abee-3948-b6a3-3b7f3232a166,bd155994-0316-6a21-8dae-5d670006ab46,2ff3093c-53e8-9814-d2a8-c58f6c866dbb"
"2026-05-21T21:34:47.000+0000",MASTERCARD,"VISA,MASTERCARD","1779399288.081",INFO,"INFO,ERROR,EXIT","12/27","01/27,02/27,03/27,04/27,05/27,06/27,07/27,08/27,09/27,10/27,11/27,12/27",1081,1779399287,"6f77c1f5-b663-996c-c336-72c1d5493d4b","d24481dd-66b0-1408-8e57-e95689202eb9
ece1a9ae-ffd4-aa16-ba60-f4aaf994a432
f6669f7b-58ec-429f-30e4-b854d25735fa
6f77c1f5-b663-996c-c336-72c1d5493d4b
fb061221-316e-c954-1422-57bb4f6b9a46
a0bcc770-67eb-ddb1-2e42-b9b81a701feb
1933364a-bd6f-e0c0-752b-7c7f863d1df1
3f87d147-04c5-93fc-37f6-6343c972be35
6df3b9f5-dec6-d891-7ee6-e22e1cf34fad
fd40db72-259e-a2c9-ccee-db7522824e5b
e1982368-275b-97fc-4174-151084428a94
273e849a-dc05-a8c3-0281-c8a2e827318d
5cd8d703-abee-3948-b6a3-3b7f3232a166
bd155994-0316-6a21-8dae-5d670006ab46
2ff3093c-53e8-9814-d2a8-c58f6c866dbb","d24481dd-66b0-1408-8e57-e95689202eb9,ece1a9ae-ffd4-aa16-ba60-f4aaf994a432,f6669f7b-58ec-429f-30e4-b854d25735fa,6f77c1f5-b663-996c-c336-72c1d5493d4b,fb061221-316e-c954-1422-57bb4f6b9a46,a0bcc770-67eb-ddb1-2e42-b9b81a701feb,1933364a-bd6f-e0c0-752b-7c7f863d1df1,3f87d147-04c5-93fc-37f6-6343c972be35,6df3b9f5-dec6-d891-7ee6-e22e1cf34fad,fd40db72-259e-a2c9-ccee-db7522824e5b,e1982368-275b-97fc-4174-151084428a94,273e849a-dc05-a8c3-0281-c8a2e827318d,5cd8d703-abee-3948-b6a3-3b7f3232a166,bd155994-0316-6a21-8dae-5d670006ab46,2ff3093c-53e8-9814-d2a8-c58f6c866dbb"
"2026-05-24T14:30:22.000+0000",MASTERCARD,"VISA,MASTERCARD","1779633023.392",INFO,"INFO,ERROR,EXIT","07/27","01/27,02/27,03/27,04/27,05/27,06/27,07/27,08/27,09/27,10/27,11/27,12/27",1392,1779633022,"ece1a9ae-ffd4-aa16-ba60-f4aaf994a432","d24481dd-66b0-1408-8e57-e95689202eb9
ece1a9ae-ffd4-aa16-ba60-f4aaf994a432
f6669f7b-58ec-429f-30e4-b854d25735fa
6f77c1f5-b663-996c-c336-72c1d5493d4b
fb061221-316e-c954-1422-57bb4f6b9a46
a0bcc770-67eb-ddb1-2e42-b9b81a701feb
1933364a-bd6f-e0c0-752b-7c7f863d1df1
3f87d147-04c5-93fc-37f6-6343c972be35
6df3b9f5-dec6-d891-7ee6-e22e1cf34fad
fd40db72-259e-a2c9-ccee-db7522824e5b
e1982368-275b-97fc-4174-151084428a94
273e849a-dc05-a8c3-0281-c8a2e827318d
5cd8d703-abee-3948-b6a3-3b7f3232a166
bd155994-0316-6a21-8dae-5d670006ab46
2ff3093c-53e8-9814-d2a8-c58f6c866dbb","d24481dd-66b0-1408-8e57-e95689202eb9,ece1a9ae-ffd4-aa16-ba60-f4aaf994a432,f6669f7b-58ec-429f-30e4-b854d25735fa,6f77c1f5-b663-996c-c336-72c1d5493d4b,fb061221-316e-c954-1422-57bb4f6b9a46,a0bcc770-67eb-ddb1-2e42-b9b81a701feb,1933364a-bd6f-e0c0-752b-7c7f863d1df1,3f87d147-04c5-93fc-37f6-6343c972be35,6df3b9f5-dec6-d891-7ee6-e22e1cf34fad,fd40db72-259e-a2c9-ccee-db7522824e5b,e1982368-275b-97fc-4174-151084428a94,273e849a-dc05-a8c3-0281-c8a2e827318d,5cd8d703-abee-3948-b6a3-3b7f3232a166,bd155994-0316-6a21-8dae-5d670006ab46,2ff3093c-53e8-9814-d2a8-c58f6c866dbb"
"2026-05-19T09:10:40.000+0000",MASTERCARD,"VISA,MASTERCARD","1779181840.618",INFO,"INFO,ERROR,EXIT","02/27","01/27,02/27,03/27,04/27,05/27,06/27,07/27,08/27,09/27,10/27,11/27,12/27",618,1779181840,"6df3b9f5-dec6-d891-7ee6-e22e1cf34fad","d24481dd-66b0-1408-8e57-e95689202eb9
ece1a9ae-ffd4-aa16-ba60-f4aaf994a432
f6669f7b-58ec-429f-30e4-b854d25735fa
6f77c1f5-b663-996c-c336-72c1d5493d4b
fb061221-316e-c954-1422-57bb4f6b9a46
a0bcc770-67eb-ddb1-2e42-b9b81a701feb
1933364a-bd6f-e0c0-752b-7c7f863d1df1
3f87d147-04c5-93fc-37f6-6343c972be35
6df3b9f5-dec6-d891-7ee6-e22e1cf34fad
fd40db72-259e-a2c9-ccee-db7522824e5b
e1982368-275b-97fc-4174-151084428a94
273e849a-dc05-a8c3-0281-c8a2e827318d
5cd8d703-abee-3948-b6a3-3b7f3232a166
bd155994-0316-6a21-8dae-5d670006ab46
2ff3093c-53e8-9814-d2a8-c58f6c866dbb","d24481dd-66b0-1408-8e57-e95689202eb9,ece1a9ae-ffd4-aa16-ba60-f4aaf994a432,f6669f7b-58ec-429f-30e4-b854d25735fa,6f77c1f5-b663-996c-c336-72c1d5493d4b,fb061221-316e-c954-1422-57bb4f6b9a46,a0bcc770-67eb-ddb1-2e42-b9b81a701feb,1933364a-bd6f-e0c0-752b-7c7f863d1df1,3f87d147-04c5-93fc-37f6-6343c972be35,6df3b9f5-dec6-d891-7ee6-e22e1cf34fad,fd40db72-259e-a2c9-ccee-db7522824e5b,e1982368-275b-97fc-4174-151084428a94,273e849a-dc05-a8c3-0281-c8a2e827318d,5cd8d703-abee-3948-b6a3-3b7f3232a166,bd155994-0316-6a21-8dae-5d670006ab46,2ff3093c-53e8-9814-d2a8-c58f6c866dbb"
"2026-05-22T13:45:14.000+0000",MASTERCARD,"VISA,MASTERCARD","1779457514.56",ERROR,"INFO,ERROR,EXIT","05/27","01/27,02/27,03/27,04/27,05/27,06/27,07/27,08/27,09/27,10/27,11/27,12/27",560,1779457514,"6df3b9f5-dec6-d891-7ee6-e22e1cf34fad","d24481dd-66b0-1408-8e57-e95689202eb9
ece1a9ae-ffd4-aa16-ba60-f4aaf994a432
f6669f7b-58ec-429f-30e4-b854d25735fa
6f77c1f5-b663-996c-c336-72c1d5493d4b
fb061221-316e-c954-1422-57bb4f6b9a46
a0bcc770-67eb-ddb1-2e42-b9b81a701feb
1933364a-bd6f-e0c0-752b-7c7f863d1df1
3f87d147-04c5-93fc-37f6-6343c972be35
6df3b9f5-dec6-d891-7ee6-e22e1cf34fad
fd40db72-259e-a2c9-ccee-db7522824e5b
e1982368-275b-97fc-4174-151084428a94
273e849a-dc05-a8c3-0281-c8a2e827318d
5cd8d703-abee-3948-b6a3-3b7f3232a166
bd155994-0316-6a21-8dae-5d670006ab46
2ff3093c-53e8-9814-d2a8-c58f6c866dbb","d24481dd-66b0-1408-8e57-e95689202eb9,ece1a9ae-ffd4-aa16-ba60-f4aaf994a432,f6669f7b-58ec-429f-30e4-b854d25735fa,6f77c1f5-b663-996c-c336-72c1d5493d4b,fb061221-316e-c954-1422-57bb4f6b9a46,a0bcc770-67eb-ddb1-2e42-b9b81a701feb,1933364a-bd6f-e0c0-752b-7c7f863d1df1,3f87d147-04c5-93fc-37f6-6343c972be35,6df3b9f5-dec6-d891-7ee6-e22e1cf34fad,fd40db72-259e-a2c9-ccee-db7522824e5b,e1982368-275b-97fc-4174-151084428a94,273e849a-dc05-a8c3-0281-c8a2e827318d,5cd8d703-abee-3948-b6a3-3b7f3232a166,bd155994-0316-6a21-8dae-5d670006ab46,2ff3093c-53e8-9814-d2a8-c58f6c866dbb"
"2026-05-23T16:54:38.000+0000",MASTERCARD,"VISA,MASTERCARD","1779555279.327",EXIT,"INFO,ERROR,EXIT","07/27","01/27,02/27,03/27,04/27,05/27,06/27,07/27,08/27,09/27,10/27,11/27,12/27",1327,1779555278,"1933364a-bd6f-e0c0-752b-7c7f863d1df1","d24481dd-66b0-1408-8e57-e95689202eb9
ece1a9ae-ffd4-aa16-ba60-f4aaf994a432
f6669f7b-58ec-429f-30e4-b854d25735fa
6f77c1f5-b663-996c-c336-72c1d5493d4b
fb061221-316e-c954-1422-57bb4f6b9a46
a0bcc770-67eb-ddb1-2e42-b9b81a701feb
1933364a-bd6f-e0c0-752b-7c7f863d1df1
3f87d147-04c5-93fc-37f6-6343c972be35
6df3b9f5-dec6-d891-7ee6-e22e1cf34fad
fd40db72-259e-a2c9-ccee-db7522824e5b
e1982368-275b-97fc-4174-151084428a94
273e849a-dc05-a8c3-0281-c8a2e827318d
5cd8d703-abee-3948-b6a3-3b7f3232a166
bd155994-0316-6a21-8dae-5d670006ab46
2ff3093c-53e8-9814-d2a8-c58f6c866dbb","d24481dd-66b0-1408-8e57-e95689202eb9,ece1a9ae-ffd4-aa16-ba60-f4aaf994a432,f6669f7b-58ec-429f-30e4-b854d25735fa,6f77c1f5-b663-996c-c336-72c1d5493d4b,fb061221-316e-c954-1422-57bb4f6b9a46,a0bcc770-67eb-ddb1-2e42-b9b81a701feb,1933364a-bd6f-e0c0-752b-7c7f863d1df1,3f87d147-04c5-93fc-37f6-6343c972be35,6df3b9f5-dec6-d891-7ee6-e22e1cf34fad,fd40db72-259e-a2c9-ccee-db7522824e5b,e1982368-275b-97fc-4174-151084428a94,273e849a-dc05-a8c3-0281-c8a2e827318d,5cd8d703-abee-3948-b6a3-3b7f3232a166,bd155994-0316-6a21-8dae-5d670006ab46,2ff3093c-53e8-9814-d2a8-c58f6c866dbb"
"2026-05-21T00:42:35.000+0000",MASTERCARD,"VISA,MASTERCARD","1779324155.35",INFO,"INFO,ERROR,EXIT","12/27","01/27,02/27,03/27,04/27,05/27,06/27,07/27,08/27,09/27,10/27,11/27,12/27",350,1779324155,"bd155994-0316-6a21-8dae-5d670006ab46","d24481dd-66b0-1408-8e57-e95689202eb9
ece1a9ae-ffd4-aa16-ba60-f4aaf994a432
f6669f7b-58ec-429f-30e4-b854d25735fa
6f77c1f5-b663-996c-c336-72c1d5493d4b
fb061221-316e-c954-1422-57bb4f6b9a46
a0bcc770-67eb-ddb1-2e42-b9b81a701feb
1933364a-bd6f-e0c0-752b-7c7f863d1df1
3f87d147-04c5-93fc-37f6-6343c972be35
6df3b9f5-dec6-d891-7ee6-e22e1cf34fad
fd40db72-259e-a2c9-ccee-db7522824e5b
e1982368-275b-97fc-4174-151084428a94
273e849a-dc05-a8c3-0281-c8a2e827318d
5cd8d703-abee-3948-b6a3-3b7f3232a166
bd155994-0316-6a21-8dae-5d670006ab46
2ff3093c-53e8-9814-d2a8-c58f6c866dbb","d24481dd-66b0-1408-8e57-e95689202eb9,ece1a9ae-ffd4-aa16-ba60-f4aaf994a432,f6669f7b-58ec-429f-30e4-b854d25735fa,6f77c1f5-b663-996c-c336-72c1d5493d4b,fb061221-316e-c954-1422-57bb4f6b9a46,a0bcc770-67eb-ddb1-2e42-b9b81a701feb,1933364a-bd6f-e0c0-752b-7c7f863d1df1,3f87d147-04c5-93fc-37f6-6343c972be35,6df3b9f5-dec6-d891-7ee6-e22e1cf34fad,fd40db72-259e-a2c9-ccee-db7522824e5b,e1982368-275b-97fc-4174-151084428a94,273e849a-dc05-a8c3-0281-c8a2e827318d,5cd8d703-abee-3948-b6a3-3b7f3232a166,bd155994-0316-6a21-8dae-5d670006ab46,2ff3093c-53e8-9814-d2a8-c58f6c866dbb"
"2026-05-21T11:23:15.000+0000",VISA,"VISA,MASTERCARD","1779362595.402",ERROR,"INFO,ERROR,EXIT","01/27","01/27,02/27,03/27,04/27,05/27,06/27,07/27,08/27,09/27,10/27,11/27,12/27",402,1779362595,"e1982368-275b-97fc-4174-151084428a94","d24481dd-66b0-1408-8e57-e95689202eb9
ece1a9ae-ffd4-aa16-ba60-f4aaf994a432
f6669f7b-58ec-429f-30e4-b854d25735fa
6f77c1f5-b663-996c-c336-72c1d5493d4b
fb061221-316e-c954-1422-57bb4f6b9a46
a0bcc770-67eb-ddb1-2e42-b9b81a701feb
1933364a-bd6f-e0c0-752b-7c7f863d1df1
3f87d147-04c5-93fc-37f6-6343c972be35
6df3b9f5-dec6-d891-7ee6-e22e1cf34fad
fd40db72-259e-a2c9-ccee-db7522824e5b
e1982368-275b-97fc-4174-151084428a94
273e849a-dc05-a8c3-0281-c8a2e827318d
5cd8d703-abee-3948-b6a3-3b7f3232a166
bd155994-0316-6a21-8dae-5d670006ab46
2ff3093c-53e8-9814-d2a8-c58f6c866dbb","d24481dd-66b0-1408-8e57-e95689202eb9,ece1a9ae-ffd4-aa16-ba60-f4aaf994a432,f6669f7b-58ec-429f-30e4-b854d25735fa,6f77c1f5-b663-996c-c336-72c1d5493d4b,fb061221-316e-c954-1422-57bb4f6b9a46,a0bcc770-67eb-ddb1-2e42-b9b81a701feb,1933364a-bd6f-e0c0-752b-7c7f863d1df1,3f87d147-04c5-93fc-37f6-6343c972be35,6df3b9f5-dec6-d891-7ee6-e22e1cf34fad,fd40db72-259e-a2c9-ccee-db7522824e5b,e1982368-275b-97fc-4174-151084428a94,273e849a-dc05-a8c3-0281-c8a2e827318d,5cd8d703-abee-3948-b6a3-3b7f3232a166,bd155994-0316-6a21-8dae-5d670006ab46,2ff3093c-53e8-9814-d2a8-c58f6c866dbb"
"2026-05-19T13:21:41.000+0000",VISA,"VISA,MASTERCARD","1779196901.209",EXIT,"INFO,ERROR,EXIT","02/27","01/27,02/27,03/27,04/27,05/27,06/27,07/27,08/27,09/27,10/27,11/27,12/27",209,1779196901,"bd155994-0316-6a21-8dae-5d670006ab46","d24481dd-66b0-1408-8e57-e95689202eb9
ece1a9ae-ffd4-aa16-ba60-f4aaf994a432
f6669f7b-58ec-429f-30e4-b854d25735fa
6f77c1f5-b663-996c-c336-72c1d5493d4b
fb061221-316e-c954-1422-57bb4f6b9a46
a0bcc770-67eb-ddb1-2e42-b9b81a701feb
1933364a-bd6f-e0c0-752b-7c7f863d1df1
3f87d147-04c5-93fc-37f6-6343c972be35
6df3b9f5-dec6-d891-7ee6-e22e1cf34fad
fd40db72-259e-a2c9-ccee-db7522824e5b
e1982368-275b-97fc-4174-151084428a94
273e849a-dc05-a8c3-0281-c8a2e827318d
5cd8d703-abee-3948-b6a3-3b7f3232a166
bd155994-0316-6a21-8dae-5d670006ab46
2ff3093c-53e8-9814-d2a8-c58f6c866dbb","d24481dd-66b0-1408-8e57-e95689202eb9,ece1a9ae-ffd4-aa16-ba60-f4aaf994a432,f6669f7b-58ec-429f-30e4-b854d25735fa,6f77c1f5-b663-996c-c336-72c1d5493d4b,fb061221-316e-c954-1422-57bb4f6b9a46,a0bcc770-67eb-ddb1-2e42-b9b81a701feb,1933364a-bd6f-e0c0-752b-7c7f863d1df1,3f87d147-04c5-93fc-37f6-6343c972be35,6df3b9f5-dec6-d891-7ee6-e22e1cf34fad,fd40db72-259e-a2c9-ccee-db7522824e5b,e1982368-275b-97fc-4174-151084428a94,273e849a-dc05-a8c3-0281-c8a2e827318d,5cd8d703-abee-3948-b6a3-3b7f3232a166,bd155994-0316-6a21-8dae-5d670006ab46,2ff3093c-53e8-9814-d2a8-c58f6c866dbb"
"2026-05-20T11:18:39.000+0000",VISA,"VISA,MASTERCARD","1779275919.075",ERROR,"INFO,ERROR,EXIT","01/27","01/27,02/27,03/27,04/27,05/27,06/27,07/27,08/27,09/27,10/27,11/27,12/27",75,1779275919,"fd40db72-259e-a2c9-ccee-db7522824e5b","d24481dd-66b0-1408-8e57-e95689202eb9
ece1a9ae-ffd4-aa16-ba60-f4aaf994a432
f6669f7b-58ec-429f-30e4-b854d25735fa
6f77c1f5-b663-996c-c336-72c1d5493d4b
fb061221-316e-c954-1422-57bb4f6b9a46
a0bcc770-67eb-ddb1-2e42-b9b81a701feb
1933364a-bd6f-e0c0-752b-7c7f863d1df1
3f87d147-04c5-93fc-37f6-6343c972be35
6df3b9f5-dec6-d891-7ee6-e22e1cf34fad
fd40db72-259e-a2c9-ccee-db7522824e5b
e1982368-275b-97fc-4174-151084428a94
273e849a-dc05-a8c3-0281-c8a2e827318d
5cd8d703-abee-3948-b6a3-3b7f3232a166
bd155994-0316-6a21-8dae-5d670006ab46
2ff3093c-53e8-9814-d2a8-c58f6c866dbb","d24481dd-66b0-1408-8e57-e95689202eb9,ece1a9ae-ffd4-aa16-ba60-f4aaf994a432,f6669f7b-58ec-429f-30e4-b854d25735fa,6f77c1f5-b663-996c-c336-72c1d5493d4b,fb061221-316e-c954-1422-57bb4f6b9a46,a0bcc770-67eb-ddb1-2e42-b9b81a701feb,1933364a-bd6f-e0c0-752b-7c7f863d1df1,3f87d147-04c5-93fc-37f6-6343c972be35,6df3b9f5-dec6-d891-7ee6-e22e1cf34fad,fd40db72-259e-a2c9-ccee-db7522824e5b,e1982368-275b-97fc-4174-151084428a94,273e849a-dc05-a8c3-0281-c8a2e827318d,5cd8d703-abee-3948-b6a3-3b7f3232a166,bd155994-0316-6a21-8dae-5d670006ab46,2ff3093c-53e8-9814-d2a8-c58f6c866dbb"
"2026-05-22T05:17:49.000+0000",VISA,"VISA,MASTERCARD","1779427069.613",ERROR,"INFO,ERROR,EXIT","03/27","01/27,02/27,03/27,04/27,05/27,06/27,07/27,08/27,09/27,10/27,11/27,12/27",613,1779427069,"d24481dd-66b0-1408-8e57-e95689202eb9","d24481dd-66b0-1408-8e57-e95689202eb9
ece1a9ae-ffd4-aa16-ba60-f4aaf994a432
f6669f7b-58ec-429f-30e4-b854d25735fa
6f77c1f5-b663-996c-c336-72c1d5493d4b
fb061221-316e-c954-1422-57bb4f6b9a46
a0bcc770-67eb-ddb1-2e42-b9b81a701feb
1933364a-bd6f-e0c0-752b-7c7f863d1df1
3f87d147-04c5-93fc-37f6-6343c972be35
6df3b9f5-dec6-d891-7ee6-e22e1cf34fad
fd40db72-259e-a2c9-ccee-db7522824e5b
e1982368-275b-97fc-4174-151084428a94
273e849a-dc05-a8c3-0281-c8a2e827318d
5cd8d703-abee-3948-b6a3-3b7f3232a166
bd155994-0316-6a21-8dae-5d670006ab46
2ff3093c-53e8-9814-d2a8-c58f6c866dbb","d24481dd-66b0-1408-8e57-e95689202eb9,ece1a9ae-ffd4-aa16-ba60-f4aaf994a432,f6669f7b-58ec-429f-30e4-b854d25735fa,6f77c1f5-b663-996c-c336-72c1d5493d4b,fb061221-316e-c954-1422-57bb4f6b9a46,a0bcc770-67eb-ddb1-2e42-b9b81a701feb,1933364a-bd6f-e0c0-752b-7c7f863d1df1,3f87d147-04c5-93fc-37f6-6343c972be35,6df3b9f5-dec6-d891-7ee6-e22e1cf34fad,fd40db72-259e-a2c9-ccee-db7522824e5b,e1982368-275b-97fc-4174-151084428a94,273e849a-dc05-a8c3-0281-c8a2e827318d,5cd8d703-abee-3948-b6a3-3b7f3232a166,bd155994-0316-6a21-8dae-5d670006ab46,2ff3093c-53e8-9814-d2a8-c58f6c866dbb"
"2026-05-24T16:26:52.000+0000",VISA,"VISA,MASTERCARD","1779640012.818",ERROR,"INFO,ERROR,EXIT","08/27","01/27,02/27,03/27,04/27,05/27,06/27,07/27,08/27,09/27,10/27,11/27,12/27",818,1779640012,"e1982368-275b-97fc-4174-151084428a94","d24481dd-66b0-1408-8e57-e95689202eb9
ece1a9ae-ffd4-aa16-ba60-f4aaf994a432
f6669f7b-58ec-429f-30e4-b854d25735fa
6f77c1f5-b663-996c-c336-72c1d5493d4b
fb061221-316e-c954-1422-57bb4f6b9a46
a0bcc770-67eb-ddb1-2e42-b9b81a701feb
1933364a-bd6f-e0c0-752b-7c7f863d1df1
3f87d147-04c5-93fc-37f6-6343c972be35
6df3b9f5-dec6-d891-7ee6-e22e1cf34fad
fd40db72-259e-a2c9-ccee-db7522824e5b
e1982368-275b-97fc-4174-151084428a94
273e849a-dc05-a8c3-0281-c8a2e827318d
5cd8d703-abee-3948-b6a3-3b7f3232a166
bd155994-0316-6a21-8dae-5d670006ab46
2ff3093c-53e8-9814-d2a8-c58f6c866dbb","d24481dd-66b0-1408-8e57-e95689202eb9,ece1a9ae-ffd4-aa16-ba60-f4aaf994a432,f6669f7b-58ec-429f-30e4-b854d25735fa,6f77c1f5-b663-996c-c336-72c1d5493d4b,fb061221-316e-c954-1422-57bb4f6b9a46,a0bcc770-67eb-ddb1-2e42-b9b81a701feb,1933364a-bd6f-e0c0-752b-7c7f863d1df1,3f87d147-04c5-93fc-37f6-6343c972be35,6df3b9f5-dec6-d891-7ee6-e22e1cf34fad,fd40db72-259e-a2c9-ccee-db7522824e5b,e1982368-275b-97fc-4174-151084428a94,273e849a-dc05-a8c3-0281-c8a2e827318d,5cd8d703-abee-3948-b6a3-3b7f3232a166,bd155994-0316-6a21-8dae-5d670006ab46,2ff3093c-53e8-9814-d2a8-c58f6c866dbb"
"2026-05-22T02:49:06.000+0000",MASTERCARD,"VISA,MASTERCARD","1779418146.844",ERROR,"INFO,ERROR,EXIT","05/27","01/27,02/27,03/27,04/27,05/27,06/27,07/27,08/27,09/27,10/27,11/27,12/27",844,1779418146,"ece1a9ae-ffd4-aa16-ba60-f4aaf994a432","d24481dd-66b0-1408-8e57-e95689202eb9
ece1a9ae-ffd4-aa16-ba60-f4aaf994a432
f6669f7b-58ec-429f-30e4-b854d25735fa
6f77c1f5-b663-996c-c336-72c1d5493d4b
fb061221-316e-c954-1422-57bb4f6b9a46
a0bcc770-67eb-ddb1-2e42-b9b81a701feb
1933364a-bd6f-e0c0-752b-7c7f863d1df1
3f87d147-04c5-93fc-37f6-6343c972be35
6df3b9f5-dec6-d891-7ee6-e22e1cf34fad
fd40db72-259e-a2c9-ccee-db7522824e5b
e1982368-275b-97fc-4174-151084428a94
273e849a-dc05-a8c3-0281-c8a2e827318d
5cd8d703-abee-3948-b6a3-3b7f3232a166
bd155994-0316-6a21-8dae-5d670006ab46
2ff3093c-53e8-9814-d2a8-c58f6c866dbb","d24481dd-66b0-1408-8e57-e95689202eb9,ece1a9ae-ffd4-aa16-ba60-f4aaf994a432,f6669f7b-58ec-429f-30e4-b854d25735fa,6f77c1f5-b663-996c-c336-72c1d5493d4b,fb061221-316e-c954-1422-57bb4f6b9a46,a0bcc770-67eb-ddb1-2e42-b9b81a701feb,1933364a-bd6f-e0c0-752b-7c7f863d1df1,3f87d147-04c5-93fc-37f6-6343c972be35,6df3b9f5-dec6-d891-7ee6-e22e1cf34fad,fd40db72-259e-a2c9-ccee-db7522824e5b,e1982368-275b-97fc-4174-151084428a94,273e849a-dc05-a8c3-0281-c8a2e827318d,5cd8d703-abee-3948-b6a3-3b7f3232a166,bd155994-0316-6a21-8dae-5d670006ab46,2ff3093c-53e8-9814-d2a8-c58f6c866dbb"
"2026-05-24T15:19:29.000+0000",MASTERCARD,"VISA,MASTERCARD","1779635970.276",EXIT,"INFO,ERROR,EXIT","09/27","01/27,02/27,03/27,04/27,05/27,06/27,07/27,08/27,09/27,10/27,11/27,12/27",1276,1779635969,"bd155994-0316-6a21-8dae-5d670006ab46","d24481dd-66b0-1408-8e57-e95689202eb9
ece1a9ae-ffd4-aa16-ba60-f4aaf994a432
f6669f7b-58ec-429f-30e4-b854d25735fa
6f77c1f5-b663-996c-c336-72c1d5493d4b
fb061221-316e-c954-1422-57bb4f6b9a46
a0bcc770-67eb-ddb1-2e42-b9b81a701feb
1933364a-bd6f-e0c0-752b-7c7f863d1df1
3f87d147-04c5-93fc-37f6-6343c972be35
6df3b9f5-dec6-d891-7ee6-e22e1cf34fad
fd40db72-259e-a2c9-ccee-db7522824e5b
e1982368-275b-97fc-4174-151084428a94
273e849a-dc05-a8c3-0281-c8a2e827318d
5cd8d703-abee-3948-b6a3-3b7f3232a166
bd155994-0316-6a21-8dae-5d670006ab46
2ff3093c-53e8-9814-d2a8-c58f6c866dbb","d24481dd-66b0-1408-8e57-e95689202eb9,ece1a9ae-ffd4-aa16-ba60-f4aaf994a432,f6669f7b-58ec-429f-30e4-b854d25735fa,6f77c1f5-b663-996c-c336-72c1d5493d4b,fb061221-316e-c954-1422-57bb4f6b9a46,a0bcc770-67eb-ddb1-2e42-b9b81a701feb,1933364a-bd6f-e0c0-752b-7c7f863d1df1,3f87d147-04c5-93fc-37f6-6343c972be35,6df3b9f5-dec6-d891-7ee6-e22e1cf34fad,fd40db72-259e-a2c9-ccee-db7522824e5b,e1982368-275b-97fc-4174-151084428a94,273e849a-dc05-a8c3-0281-c8a2e827318d,5cd8d703-abee-3948-b6a3-3b7f3232a166,bd155994-0316-6a21-8dae-5d670006ab46,2ff3093c-53e8-9814-d2a8-c58f6c866dbb"
"2026-05-21T08:31:18.000+0000",MASTERCARD,"VISA,MASTERCARD","1779352278.843",ERROR,"INFO,ERROR,EXIT","09/27","01/27,02/27,03/27,04/27,05/27,06/27,07/27,08/27,09/27,10/27,11/27,12/27",843,1779352278,"6f77c1f5-b663-996c-c336-72c1d5493d4b","d24481dd-66b0-1408-8e57-e95689202eb9
ece1a9ae-ffd4-aa16-ba60-f4aaf994a432
f6669f7b-58ec-429f-30e4-b854d25735fa
6f77c1f5-b663-996c-c336-72c1d5493d4b
fb061221-316e-c954-1422-57bb4f6b9a46
a0bcc770-67eb-ddb1-2e42-b9b81a701feb
1933364a-bd6f-e0c0-752b-7c7f863d1df1
3f87d147-04c5-93fc-37f6-6343c972be35
6df3b9f5-dec6-d891-7ee6-e22e1cf34fad
fd40db72-259e-a2c9-ccee-db7522824e5b
e1982368-275b-97fc-4174-151084428a94
273e849a-dc05-a8c3-0281-c8a2e827318d
5cd8d703-abee-3948-b6a3-3b7f3232a166
bd155994-0316-6a21-8dae-5d670006ab46
2ff3093c-53e8-9814-d2a8-c58f6c866dbb","d24481dd-66b0-1408-8e57-e95689202eb9,ece1a9ae-ffd4-aa16-ba60-f4aaf994a432,f6669f7b-58ec-429f-30e4-b854d25735fa,6f77c1f5-b663-996c-c336-72c1d5493d4b,fb061221-316e-c954-1422-57bb4f6b9a46,a0bcc770-67eb-ddb1-2e42-b9b81a701feb,1933364a-bd6f-e0c0-752b-7c7f863d1df1,3f87d147-04c5-93fc-37f6-6343c972be35,6df3b9f5-dec6-d891-7ee6-e22e1cf34fad,fd40db72-259e-a2c9-ccee-db7522824e5b,e1982368-275b-97fc-4174-151084428a94,273e849a-dc05-a8c3-0281-c8a2e827318d,5cd8d703-abee-3948-b6a3-3b7f3232a166,bd155994-0316-6a21-8dae-5d670006ab46,2ff3093c-53e8-9814-d2a8-c58f6c866dbb"
"2026-05-20T13:40:28.000+0000",MASTERCARD,"VISA,MASTERCARD","1779284429.093",EXIT,"INFO,ERROR,EXIT","06/27","01/27,02/27,03/27,04/27,05/27,06/27,07/27,08/27,09/27,10/27,11/27,12/27",1093,1779284428,"bd155994-0316-6a21-8dae-5d670006ab46","d24481dd-66b0-1408-8e57-e95689202eb9
ece1a9ae-ffd4-aa16-ba60-f4aaf994a432
f6669f7b-58ec-429f-30e4-b854d25735fa
6f77c1f5-b663-996c-c336-72c1d5493d4b
fb061221-316e-c954-1422-57bb4f6b9a46
a0bcc770-67eb-ddb1-2e42-b9b81a701feb
1933364a-bd6f-e0c0-752b-7c7f863d1df1
3f87d147-04c5-93fc-37f6-6343c972be35
6df3b9f5-dec6-d891-7ee6-e22e1cf34fad
fd40db72-259e-a2c9-ccee-db7522824e5b
e1982368-275b-97fc-4174-151084428a94
273e849a-dc05-a8c3-0281-c8a2e827318d
5cd8d703-abee-3948-b6a3-3b7f3232a166
bd155994-0316-6a21-8dae-5d670006ab46
2ff3093c-53e8-9814-d2a8-c58f6c866dbb","d24481dd-66b0-1408-8e57-e95689202eb9,ece1a9ae-ffd4-aa16-ba60-f4aaf994a432,f6669f7b-58ec-429f-30e4-b854d25735fa,6f77c1f5-b663-996c-c336-72c1d5493d4b,fb061221-316e-c954-1422-57bb4f6b9a46,a0bcc770-67eb-ddb1-2e42-b9b81a701feb,1933364a-bd6f-e0c0-752b-7c7f863d1df1,3f87d147-04c5-93fc-37f6-6343c972be35,6df3b9f5-dec6-d891-7ee6-e22e1cf34fad,fd40db72-259e-a2c9-ccee-db7522824e5b,e1982368-275b-97fc-4174-151084428a94,273e849a-dc05-a8c3-0281-c8a2e827318d,5cd8d703-abee-3948-b6a3-3b7f3232a166,bd155994-0316-6a21-8dae-5d670006ab46,2ff3093c-53e8-9814-d2a8-c58f6c866dbb"
"2026-05-25T22:33:47.000+0000",VISA,"VISA,MASTERCARD","1779748428.072",EXIT,"INFO,ERROR,EXIT","02/27","01/27,02/27,03/27,04/27,05/27,06/27,07/27,08/27,09/27,10/27,11/27,12/27",1072,1779748427,"f6669f7b-58ec-429f-30e4-b854d25735fa","d24481dd-66b0-1408-8e57-e95689202eb9
ece1a9ae-ffd4-aa16-ba60-f4aaf994a432
f6669f7b-58ec-429f-30e4-b854d25735fa
6f77c1f5-b663-996c-c336-72c1d5493d4b
fb061221-316e-c954-1422-57bb4f6b9a46
a0bcc770-67eb-ddb1-2e42-b9b81a701feb
1933364a-bd6f-e0c0-752b-7c7f863d1df1
3f87d147-04c5-93fc-37f6-6343c972be35
6df3b9f5-dec6-d891-7ee6-e22e1cf34fad
fd40db72-259e-a2c9-ccee-db7522824e5b
e1982368-275b-97fc-4174-151084428a94
273e849a-dc05-a8c3-0281-c8a2e827318d
5cd8d703-abee-3948-b6a3-3b7f3232a166
bd155994-0316-6a21-8dae-5d670006ab46
2ff3093c-53e8-9814-d2a8-c58f6c866dbb","d24481dd-66b0-1408-8e57-e95689202eb9,ece1a9ae-ffd4-aa16-ba60-f4aaf994a432,f6669f7b-58ec-429f-30e4-b854d25735fa,6f77c1f5-b663-996c-c336-72c1d5493d4b,fb061221-316e-c954-1422-57bb4f6b9a46,a0bcc770-67eb-ddb1-2e42-b9b81a701feb,1933364a-bd6f-e0c0-752b-7c7f863d1df1,3f87d147-04c5-93fc-37f6-6343c972be35,6df3b9f5-dec6-d891-7ee6-e22e1cf34fad,fd40db72-259e-a2c9-ccee-db7522824e5b,e1982368-275b-97fc-4174-151084428a94,273e849a-dc05-a8c3-0281-c8a2e827318d,5cd8d703-abee-3948-b6a3-3b7f3232a166,bd155994-0316-6a21-8dae-5d670006ab46,2ff3093c-53e8-9814-d2a8-c58f6c866dbb"
"2026-05-19T09:54:02.000+0000",MASTERCARD,"VISA,MASTERCARD","1779184442.311",ERROR,"INFO,ERROR,EXIT","04/27","01/27,02/27,03/27,04/27,05/27,06/27,07/27,08/27,09/27,10/27,11/27,12/27",311,1779184442,"bd155994-0316-6a21-8dae-5d670006ab46","d24481dd-66b0-1408-8e57-e95689202eb9
ece1a9ae-ffd4-aa16-ba60-f4aaf994a432
f6669f7b-58ec-429f-30e4-b854d25735fa
6f77c1f5-b663-996c-c336-72c1d5493d4b
fb061221-316e-c954-1422-57bb4f6b9a46
a0bcc770-67eb-ddb1-2e42-b9b81a701feb
1933364a-bd6f-e0c0-752b-7c7f863d1df1
3f87d147-04c5-93fc-37f6-6343c972be35
6df3b9f5-dec6-d891-7ee6-e22e1cf34fad
fd40db72-259e-a2c9-ccee-db7522824e5b
e1982368-275b-97fc-4174-151084428a94
273e849a-dc05-a8c3-0281-c8a2e827318d
5cd8d703-abee-3948-b6a3-3b7f3232a166
bd155994-0316-6a21-8dae-5d670006ab46
2ff3093c-53e8-9814-d2a8-c58f6c866dbb","d24481dd-66b0-1408-8e57-e95689202eb9,ece1a9ae-ffd4-aa16-ba60-f4aaf994a432,f6669f7b-58ec-429f-30e4-b854d25735fa,6f77c1f5-b663-996c-c336-72c1d5493d4b,fb061221-316e-c954-1422-57bb4f6b9a46,a0bcc770-67eb-ddb1-2e42-b9b81a701feb,1933364a-bd6f-e0c0-752b-7c7f863d1df1,3f87d147-04c5-93fc-37f6-6343c972be35,6df3b9f5-dec6-d891-7ee6-e22e1cf34fad,fd40db72-259e-a2c9-ccee-db7522824e5b,e1982368-275b-97fc-4174-151084428a94,273e849a-dc05-a8c3-0281-c8a2e827318d,5cd8d703-abee-3948-b6a3-3b7f3232a166,bd155994-0316-6a21-8dae-5d670006ab46,2ff3093c-53e8-9814-d2a8-c58f6c866dbb"
"2026-05-24T00:38:50.000+0000",VISA,"VISA,MASTERCARD","1779583130.955",ERROR,"INFO,ERROR,EXIT","10/27","01/27,02/27,03/27,04/27,05/27,06/27,07/27,08/27,09/27,10/27,11/27,12/27",955,1779583130,"273e849a-dc05-a8c3-0281-c8a2e827318d","d24481dd-66b0-1408-8e57-e95689202eb9
ece1a9ae-ffd4-aa16-ba60-f4aaf994a432
f6669f7b-58ec-429f-30e4-b854d25735fa
6f77c1f5-b663-996c-c336-72c1d5493d4b
fb061221-316e-c954-1422-57bb4f6b9a46
a0bcc770-67eb-ddb1-2e42-b9b81a701feb
1933364a-bd6f-e0c0-752b-7c7f863d1df1
3f87d147-04c5-93fc-37f6-6343c972be35
6df3b9f5-dec6-d891-7ee6-e22e1cf34fad
fd40db72-259e-a2c9-ccee-db7522824e5b
e1982368-275b-97fc-4174-151084428a94
273e849a-dc05-a8c3-0281-c8a2e827318d
5cd8d703-abee-3948-b6a3-3b7f3232a166
bd155994-0316-6a21-8dae-5d670006ab46
2ff3093c-53e8-9814-d2a8-c58f6c866dbb","d24481dd-66b0-1408-8e57-e95689202eb9,ece1a9ae-ffd4-aa16-ba60-f4aaf994a432,f6669f7b-58ec-429f-30e4-b854d25735fa,6f77c1f5-b663-996c-c336-72c1d5493d4b,fb061221-316e-c954-1422-57bb4f6b9a46,a0bcc770-67eb-ddb1-2e42-b9b81a701feb,1933364a-bd6f-e0c0-752b-7c7f863d1df1,3f87d147-04c5-93fc-37f6-6343c972be35,6df3b9f5-dec6-d891-7ee6-e22e1cf34fad,fd40db72-259e-a2c9-ccee-db7522824e5b,e1982368-275b-97fc-4174-151084428a94,273e849a-dc05-a8c3-0281-c8a2e827318d,5cd8d703-abee-3948-b6a3-3b7f3232a166,bd155994-0316-6a21-8dae-5d670006ab46,2ff3093c-53e8-9814-d2a8-c58f6c866dbb"
"2026-05-20T08:17:01.000+0000",VISA,"VISA,MASTERCARD","1779265021.823",ERROR,"INFO,ERROR,EXIT","11/27","01/27,02/27,03/27,04/27,05/27,06/27,07/27,08/27,09/27,10/27,11/27,12/27",823,1779265021,"3f87d147-04c5-93fc-37f6-6343c972be35","d24481dd-66b0-1408-8e57-e95689202eb9
ece1a9ae-ffd4-aa16-ba60-f4aaf994a432
f6669f7b-58ec-429f-30e4-b854d25735fa
6f77c1f5-b663-996c-c336-72c1d5493d4b
fb061221-316e-c954-1422-57bb4f6b9a46
a0bcc770-67eb-ddb1-2e42-b9b81a701feb
1933364a-bd6f-e0c0-752b-7c7f863d1df1
3f87d147-04c5-93fc-37f6-6343c972be35
6df3b9f5-dec6-d891-7ee6-e22e1cf34fad
fd40db72-259e-a2c9-ccee-db7522824e5b
e1982368-275b-97fc-4174-151084428a94
273e849a-dc05-a8c3-0281-c8a2e827318d
5cd8d703-abee-3948-b6a3-3b7f3232a166
bd155994-0316-6a21-8dae-5d670006ab46
2ff3093c-53e8-9814-d2a8-c58f6c866dbb","d24481dd-66b0-1408-8e57-e95689202eb9,ece1a9ae-ffd4-aa16-ba60-f4aaf994a432,f6669f7b-58ec-429f-30e4-b854d25735fa,6f77c1f5-b663-996c-c336-72c1d5493d4b,fb061221-316e-c954-1422-57bb4f6b9a46,a0bcc770-67eb-ddb1-2e42-b9b81a701feb,1933364a-bd6f-e0c0-752b-7c7f863d1df1,3f87d147-04c5-93fc-37f6-6343c972be35,6df3b9f5-dec6-d891-7ee6-e22e1cf34fad,fd40db72-259e-a2c9-ccee-db7522824e5b,e1982368-275b-97fc-4174-151084428a94,273e849a-dc05-a8c3-0281-c8a2e827318d,5cd8d703-abee-3948-b6a3-3b7f3232a166,bd155994-0316-6a21-8dae-5d670006ab46,2ff3093c-53e8-9814-d2a8-c58f6c866dbb"
"2026-05-21T11:27:29.000+0000",VISA,"VISA,MASTERCARD","1779362850.137",INFO,"INFO,ERROR,EXIT","04/27","01/27,02/27,03/27,04/27,05/27,06/27,07/27,08/27,09/27,10/27,11/27,12/27",1137,1779362849,"1933364a-bd6f-e0c0-752b-7c7f863d1df1","d24481dd-66b0-1408-8e57-e95689202eb9
ece1a9ae-ffd4-aa16-ba60-f4aaf994a432
f6669f7b-58ec-429f-30e4-b854d25735fa
6f77c1f5-b663-996c-c336-72c1d5493d4b
fb061221-316e-c954-1422-57bb4f6b9a46
a0bcc770-67eb-ddb1-2e42-b9b81a701feb
1933364a-bd6f-e0c0-752b-7c7f863d1df1
3f87d147-04c5-93fc-37f6-6343c972be35
6df3b9f5-dec6-d891-7ee6-e22e1cf34fad
fd40db72-259e-a2c9-ccee-db7522824e5b
e1982368-275b-97fc-4174-151084428a94
273e849a-dc05-a8c3-0281-c8a2e827318d
5cd8d703-abee-3948-b6a3-3b7f3232a166
bd155994-0316-6a21-8dae-5d670006ab46
2ff3093c-53e8-9814-d2a8-c58f6c866dbb","d24481dd-66b0-1408-8e57-e95689202eb9,ece1a9ae-ffd4-aa16-ba60-f4aaf994a432,f6669f7b-58ec-429f-30e4-b854d25735fa,6f77c1f5-b663-996c-c336-72c1d5493d4b,fb061221-316e-c954-1422-57bb4f6b9a46,a0bcc770-67eb-ddb1-2e42-b9b81a701feb,1933364a-bd6f-e0c0-752b-7c7f863d1df1,3f87d147-04c5-93fc-37f6-6343c972be35,6df3b9f5-dec6-d891-7ee6-e22e1cf34fad,fd40db72-259e-a2c9-ccee-db7522824e5b,e1982368-275b-97fc-4174-151084428a94,273e849a-dc05-a8c3-0281-c8a2e827318d,5cd8d703-abee-3948-b6a3-3b7f3232a166,bd155994-0316-6a21-8dae-5d670006ab46,2ff3093c-53e8-9814-d2a8-c58f6c866dbb"
"2026-05-21T17:01:29.000+0000",MASTERCARD,"VISA,MASTERCARD","1779382889.079",ERROR,"INFO,ERROR,EXIT","05/27","01/27,02/27,03/27,04/27,05/27,06/27,07/27,08/27,09/27,10/27,11/27,12/27",79,1779382889,"6f77c1f5-b663-996c-c336-72c1d5493d4b","d24481dd-66b0-1408-8e57-e95689202eb9
ece1a9ae-ffd4-aa16-ba60-f4aaf994a432
f6669f7b-58ec-429f-30e4-b854d25735fa
6f77c1f5-b663-996c-c336-72c1d5493d4b
fb061221-316e-c954-1422-57bb4f6b9a46
a0bcc770-67eb-ddb1-2e42-b9b81a701feb
1933364a-bd6f-e0c0-752b-7c7f863d1df1
3f87d147-04c5-93fc-37f6-6343c972be35
6df3b9f5-dec6-d891-7ee6-e22e1cf34fad
fd40db72-259e-a2c9-ccee-db7522824e5b
e1982368-275b-97fc-4174-151084428a94
273e849a-dc05-a8c3-0281-c8a2e827318d
5cd8d703-abee-3948-b6a3-3b7f3232a166
bd155994-0316-6a21-8dae-5d670006ab46
2ff3093c-53e8-9814-d2a8-c58f6c866dbb","d24481dd-66b0-1408-8e57-e95689202eb9,ece1a9ae-ffd4-aa16-ba60-f4aaf994a432,f6669f7b-58ec-429f-30e4-b854d25735fa,6f77c1f5-b663-996c-c336-72c1d5493d4b,fb061221-316e-c954-1422-57bb4f6b9a46,a0bcc770-67eb-ddb1-2e42-b9b81a701feb,1933364a-bd6f-e0c0-752b-7c7f863d1df1,3f87d147-04c5-93fc-37f6-6343c972be35,6df3b9f5-dec6-d891-7ee6-e22e1cf34fad,fd40db72-259e-a2c9-ccee-db7522824e5b,e1982368-275b-97fc-4174-151084428a94,273e849a-dc05-a8c3-0281-c8a2e827318d,5cd8d703-abee-3948-b6a3-3b7f3232a166,bd155994-0316-6a21-8dae-5d670006ab46,2ff3093c-53e8-9814-d2a8-c58f6c866dbb"
"2026-05-20T06:05:07.000+0000",MASTERCARD,"VISA,MASTERCARD","1779257107.428",EXIT,"INFO,ERROR,EXIT","11/27","01/27,02/27,03/27,04/27,05/27,06/27,07/27,08/27,09/27,10/27,11/27,12/27",428,1779257107,"3f87d147-04c5-93fc-37f6-6343c972be35","d24481dd-66b0-1408-8e57-e95689202eb9
ece1a9ae-ffd4-aa16-ba60-f4aaf994a432
f6669f7b-58ec-429f-30e4-b854d25735fa
6f77c1f5-b663-996c-c336-72c1d5493d4b
fb061221-316e-c954-1422-57bb4f6b9a46
a0bcc770-67eb-ddb1-2e42-b9b81a701feb
1933364a-bd6f-e0c0-752b-7c7f863d1df1
3f87d147-04c5-93fc-37f6-6343c972be35
6df3b9f5-dec6-d891-7ee6-e22e1cf34fad
fd40db72-259e-a2c9-ccee-db7522824e5b
e1982368-275b-97fc-4174-151084428a94
273e849a-dc05-a8c3-0281-c8a2e827318d
5cd8d703-abee-3948-b6a3-3b7f3232a166
bd155994-0316-6a21-8dae-5d670006ab46
2ff3093c-53e8-9814-d2a8-c58f6c866dbb","d24481dd-66b0-1408-8e57-e95689202eb9,ece1a9ae-ffd4-aa16-ba60-f4aaf994a432,f6669f7b-58ec-429f-30e4-b854d25735fa,6f77c1f5-b663-996c-c336-72c1d5493d4b,fb061221-316e-c954-1422-57bb4f6b9a46,a0bcc770-67eb-ddb1-2e42-b9b81a701feb,1933364a-bd6f-e0c0-752b-7c7f863d1df1,3f87d147-04c5-93fc-37f6-6343c972be35,6df3b9f5-dec6-d891-7ee6-e22e1cf34fad,fd40db72-259e-a2c9-ccee-db7522824e5b,e1982368-275b-97fc-4174-151084428a94,273e849a-dc05-a8c3-0281-c8a2e827318d,5cd8d703-abee-3948-b6a3-3b7f3232a166,bd155994-0316-6a21-8dae-5d670006ab46,2ff3093c-53e8-9814-d2a8-c58f6c866dbb"
"2026-05-23T18:35:00.000+0000",VISA,"VISA,MASTERCARD","1779561301.114",INFO,"INFO,ERROR,EXIT","08/27","01/27,02/27,03/27,04/27,05/27,06/27,07/27,08/27,09/27,10/27,11/27,12/27",1114,1779561300,"3f87d147-04c5-93fc-37f6-6343c972be35","d24481dd-66b0-1408-8e57-e95689202eb9
ece1a9ae-ffd4-aa16-ba60-f4aaf994a432
f6669f7b-58ec-429f-30e4-b854d25735fa
6f77c1f5-b663-996c-c336-72c1d5493d4b
fb061221-316e-c954-1422-57bb4f6b9a46
a0bcc770-67eb-ddb1-2e42-b9b81a701feb
1933364a-bd6f-e0c0-752b-7c7f863d1df1
3f87d147-04c5-93fc-37f6-6343c972be35
6df3b9f5-dec6-d891-7ee6-e22e1cf34fad
fd40db72-259e-a2c9-ccee-db7522824e5b
e1982368-275b-97fc-4174-151084428a94
273e849a-dc05-a8c3-0281-c8a2e827318d
5cd8d703-abee-3948-b6a3-3b7f3232a166
bd155994-0316-6a21-8dae-5d670006ab46
2ff3093c-53e8-9814-d2a8-c58f6c866dbb","d24481dd-66b0-1408-8e57-e95689202eb9,ece1a9ae-ffd4-aa16-ba60-f4aaf994a432,f6669f7b-58ec-429f-30e4-b854d25735fa,6f77c1f5-b663-996c-c336-72c1d5493d4b,fb061221-316e-c954-1422-57bb4f6b9a46,a0bcc770-67eb-ddb1-2e42-b9b81a701feb,1933364a-bd6f-e0c0-752b-7c7f863d1df1,3f87d147-04c5-93fc-37f6-6343c972be35,6df3b9f5-dec6-d891-7ee6-e22e1cf34fad,fd40db72-259e-a2c9-ccee-db7522824e5b,e1982368-275b-97fc-4174-151084428a94,273e849a-dc05-a8c3-0281-c8a2e827318d,5cd8d703-abee-3948-b6a3-3b7f3232a166,bd155994-0316-6a21-8dae-5d670006ab46,2ff3093c-53e8-9814-d2a8-c58f6c866dbb"
"2026-05-23T13:50:30.000+0000",VISA,"VISA,MASTERCARD","1779544230.968",EXIT,"INFO,ERROR,EXIT","01/27","01/27,02/27,03/27,04/27,05/27,06/27,07/27,08/27,09/27,10/27,11/27,12/27",968,1779544230,"273e849a-dc05-a8c3-0281-c8a2e827318d","d24481dd-66b0-1408-8e57-e95689202eb9
ece1a9ae-ffd4-aa16-ba60-f4aaf994a432
f6669f7b-58ec-429f-30e4-b854d25735fa
6f77c1f5-b663-996c-c336-72c1d5493d4b
fb061221-316e-c954-1422-57bb4f6b9a46
a0bcc770-67eb-ddb1-2e42-b9b81a701feb
1933364a-bd6f-e0c0-752b-7c7f863d1df1
3f87d147-04c5-93fc-37f6-6343c972be35
6df3b9f5-dec6-d891-7ee6-e22e1cf34fad
fd40db72-259e-a2c9-ccee-db7522824e5b
e1982368-275b-97fc-4174-151084428a94
273e849a-dc05-a8c3-0281-c8a2e827318d
5cd8d703-abee-3948-b6a3-3b7f3232a166
bd155994-0316-6a21-8dae-5d670006ab46
2ff3093c-53e8-9814-d2a8-c58f6c866dbb","d24481dd-66b0-1408-8e57-e95689202eb9,ece1a9ae-ffd4-aa16-ba60-f4aaf994a432,f6669f7b-58ec-429f-30e4-b854d25735fa,6f77c1f5-b663-996c-c336-72c1d5493d4b,fb061221-316e-c954-1422-57bb4f6b9a46,a0bcc770-67eb-ddb1-2e42-b9b81a701feb,1933364a-bd6f-e0c0-752b-7c7f863d1df1,3f87d147-04c5-93fc-37f6-6343c972be35,6df3b9f5-dec6-d891-7ee6-e22e1cf34fad,fd40db72-259e-a2c9-ccee-db7522824e5b,e1982368-275b-97fc-4174-151084428a94,273e849a-dc05-a8c3-0281-c8a2e827318d,5cd8d703-abee-3948-b6a3-3b7f3232a166,bd155994-0316-6a21-8dae-5d670006ab46,2ff3093c-53e8-9814-d2a8-c58f6c866dbb"
"2026-05-23T00:06:41.000+0000",VISA,"VISA,MASTERCARD","1779494801.947",INFO,"INFO,ERROR,EXIT","07/27","01/27,02/27,03/27,04/27,05/27,06/27,07/27,08/27,09/27,10/27,11/27,12/27",947,1779494801,"3f87d147-04c5-93fc-37f6-6343c972be35","d24481dd-66b0-1408-8e57-e95689202eb9
ece1a9ae-ffd4-aa16-ba60-f4aaf994a432
f6669f7b-58ec-429f-30e4-b854d25735fa
6f77c1f5-b663-996c-c336-72c1d5493d4b
fb061221-316e-c954-1422-57bb4f6b9a46
a0bcc770-67eb-ddb1-2e42-b9b81a701feb
1933364a-bd6f-e0c0-752b-7c7f863d1df1
3f87d147-04c5-93fc-37f6-6343c972be35
6df3b9f5-dec6-d891-7ee6-e22e1cf34fad
fd40db72-259e-a2c9-ccee-db7522824e5b
e1982368-275b-97fc-4174-151084428a94
273e849a-dc05-a8c3-0281-c8a2e827318d
5cd8d703-abee-3948-b6a3-3b7f3232a166
bd155994-0316-6a21-8dae-5d670006ab46
2ff3093c-53e8-9814-d2a8-c58f6c866dbb","d24481dd-66b0-1408-8e57-e95689202eb9,ece1a9ae-ffd4-aa16-ba60-f4aaf994a432,f6669f7b-58ec-429f-30e4-b854d25735fa,6f77c1f5-b663-996c-c336-72c1d5493d4b,fb061221-316e-c954-1422-57bb4f6b9a46,a0bcc770-67eb-ddb1-2e42-b9b81a701feb,1933364a-bd6f-e0c0-752b-7c7f863d1df1,3f87d147-04c5-93fc-37f6-6343c972be35,6df3b9f5-dec6-d891-7ee6-e22e1cf34fad,fd40db72-259e-a2c9-ccee-db7522824e5b,e1982368-275b-97fc-4174-151084428a94,273e849a-dc05-a8c3-0281-c8a2e827318d,5cd8d703-abee-3948-b6a3-3b7f3232a166,bd155994-0316-6a21-8dae-5d670006ab46,2ff3093c-53e8-9814-d2a8-c58f6c866dbb"
"2026-05-23T04:31:29.000+0000",VISA,"VISA,MASTERCARD","1779510690.437",EXIT,"INFO,ERROR,EXIT","01/27","01/27,02/27,03/27,04/27,05/27,06/27,07/27,08/27,09/27,10/27,11/27,12/27",1437,1779510689,"6f77c1f5-b663-996c-c336-72c1d5493d4b","d24481dd-66b0-1408-8e57-e95689202eb9
ece1a9ae-ffd4-aa16-ba60-f4aaf994a432
f6669f7b-58ec-429f-30e4-b854d25735fa
6f77c1f5-b663-996c-c336-72c1d5493d4b
fb061221-316e-c954-1422-57bb4f6b9a46
a0bcc770-67eb-ddb1-2e42-b9b81a701feb
1933364a-bd6f-e0c0-752b-7c7f863d1df1
3f87d147-04c5-93fc-37f6-6343c972be35
6df3b9f5-dec6-d891-7ee6-e22e1cf34fad
fd40db72-259e-a2c9-ccee-db7522824e5b
e1982368-275b-97fc-4174-151084428a94
273e849a-dc05-a8c3-0281-c8a2e827318d
5cd8d703-abee-3948-b6a3-3b7f3232a166
bd155994-0316-6a21-8dae-5d670006ab46
2ff3093c-53e8-9814-d2a8-c58f6c866dbb","d24481dd-66b0-1408-8e57-e95689202eb9,ece1a9ae-ffd4-aa16-ba60-f4aaf994a432,f6669f7b-58ec-429f-30e4-b854d25735fa,6f77c1f5-b663-996c-c336-72c1d5493d4b,fb061221-316e-c954-1422-57bb4f6b9a46,a0bcc770-67eb-ddb1-2e42-b9b81a701feb,1933364a-bd6f-e0c0-752b-7c7f863d1df1,3f87d147-04c5-93fc-37f6-6343c972be35,6df3b9f5-dec6-d891-7ee6-e22e1cf34fad,fd40db72-259e-a2c9-ccee-db7522824e5b,e1982368-275b-97fc-4174-151084428a94,273e849a-dc05-a8c3-0281-c8a2e827318d,5cd8d703-abee-3948-b6a3-3b7f3232a166,bd155994-0316-6a21-8dae-5d670006ab46,2ff3093c-53e8-9814-d2a8-c58f6c866dbb"
"2026-05-20T19:10:24.000+0000",VISA,"VISA,MASTERCARD","1779304224.547",ERROR,"INFO,ERROR,EXIT","05/27","01/27,02/27,03/27,04/27,05/27,06/27,07/27,08/27,09/27,10/27,11/27,12/27",547,1779304224,"fd40db72-259e-a2c9-ccee-db7522824e5b","d24481dd-66b0-1408-8e57-e95689202eb9
ece1a9ae-ffd4-aa16-ba60-f4aaf994a432
f6669f7b-58ec-429f-30e4-b854d25735fa
6f77c1f5-b663-996c-c336-72c1d5493d4b
fb061221-316e-c954-1422-57bb4f6b9a46
a0bcc770-67eb-ddb1-2e42-b9b81a701feb
1933364a-bd6f-e0c0-752b-7c7f863d1df1
3f87d147-04c5-93fc-37f6-6343c972be35
6df3b9f5-dec6-d891-7ee6-e22e1cf34fad
fd40db72-259e-a2c9-ccee-db7522824e5b
e1982368-275b-97fc-4174-151084428a94
273e849a-dc05-a8c3-0281-c8a2e827318d
5cd8d703-abee-3948-b6a3-3b7f3232a166
bd155994-0316-6a21-8dae-5d670006ab46
2ff3093c-53e8-9814-d2a8-c58f6c866dbb","d24481dd-66b0-1408-8e57-e95689202eb9,ece1a9ae-ffd4-aa16-ba60-f4aaf994a432,f6669f7b-58ec-429f-30e4-b854d25735fa,6f77c1f5-b663-996c-c336-72c1d5493d4b,fb061221-316e-c954-1422-57bb4f6b9a46,a0bcc770-67eb-ddb1-2e42-b9b81a701feb,1933364a-bd6f-e0c0-752b-7c7f863d1df1,3f87d147-04c5-93fc-37f6-6343c972be35,6df3b9f5-dec6-d891-7ee6-e22e1cf34fad,fd40db72-259e-a2c9-ccee-db7522824e5b,e1982368-275b-97fc-4174-151084428a94,273e849a-dc05-a8c3-0281-c8a2e827318d,5cd8d703-abee-3948-b6a3-3b7f3232a166,bd155994-0316-6a21-8dae-5d670006ab46,2ff3093c-53e8-9814-d2a8-c58f6c866dbb"
"2026-05-20T13:48:11.000+0000",VISA,"VISA,MASTERCARD","1779284891.38",ERROR,"INFO,ERROR,EXIT","02/27","01/27,02/27,03/27,04/27,05/27,06/27,07/27,08/27,09/27,10/27,11/27,12/27",380,1779284891,"ece1a9ae-ffd4-aa16-ba60-f4aaf994a432","d24481dd-66b0-1408-8e57-e95689202eb9
ece1a9ae-ffd4-aa16-ba60-f4aaf994a432
f6669f7b-58ec-429f-30e4-b854d25735fa
6f77c1f5-b663-996c-c336-72c1d5493d4b
fb061221-316e-c954-1422-57bb4f6b9a46
a0bcc770-67eb-ddb1-2e42-b9b81a701feb
1933364a-bd6f-e0c0-752b-7c7f863d1df1
3f87d147-04c5-93fc-37f6-6343c972be35
6df3b9f5-dec6-d891-7ee6-e22e1cf34fad
fd40db72-259e-a2c9-ccee-db7522824e5b
e1982368-275b-97fc-4174-151084428a94
273e849a-dc05-a8c3-0281-c8a2e827318d
5cd8d703-abee-3948-b6a3-3b7f3232a166
bd155994-0316-6a21-8dae-5d670006ab46
2ff3093c-53e8-9814-d2a8-c58f6c866dbb","d24481dd-66b0-1408-8e57-e95689202eb9,ece1a9ae-ffd4-aa16-ba60-f4aaf994a432,f6669f7b-58ec-429f-30e4-b854d25735fa,6f77c1f5-b663-996c-c336-72c1d5493d4b,fb061221-316e-c954-1422-57bb4f6b9a46,a0bcc770-67eb-ddb1-2e42-b9b81a701feb,1933364a-bd6f-e0c0-752b-7c7f863d1df1,3f87d147-04c5-93fc-37f6-6343c972be35,6df3b9f5-dec6-d891-7ee6-e22e1cf34fad,fd40db72-259e-a2c9-ccee-db7522824e5b,e1982368-275b-97fc-4174-151084428a94,273e849a-dc05-a8c3-0281-c8a2e827318d,5cd8d703-abee-3948-b6a3-3b7f3232a166,bd155994-0316-6a21-8dae-5d670006ab46,2ff3093c-53e8-9814-d2a8-c58f6c866dbb"
"2026-05-24T10:45:24.000+0000",MASTERCARD,"VISA,MASTERCARD","1779619524.704",INFO,"INFO,ERROR,EXIT","12/27","01/27,02/27,03/27,04/27,05/27,06/27,07/27,08/27,09/27,10/27,11/27,12/27",704,1779619524,"a0bcc770-67eb-ddb1-2e42-b9b81a701feb","d24481dd-66b0-1408-8e57-e95689202eb9
ece1a9ae-ffd4-aa16-ba60-f4aaf994a432
f6669f7b-58ec-429f-30e4-b854d25735fa
6f77c1f5-b663-996c-c336-72c1d5493d4b
fb061221-316e-c954-1422-57bb4f6b9a46
a0bcc770-67eb-ddb1-2e42-b9b81a701feb
1933364a-bd6f-e0c0-752b-7c7f863d1df1
3f87d147-04c5-93fc-37f6-6343c972be35
6df3b9f5-dec6-d891-7ee6-e22e1cf34fad
fd40db72-259e-a2c9-ccee-db7522824e5b
e1982368-275b-97fc-4174-151084428a94
273e849a-dc05-a8c3-0281-c8a2e827318d
5cd8d703-abee-3948-b6a3-3b7f3232a166
bd155994-0316-6a21-8dae-5d670006ab46
2ff3093c-53e8-9814-d2a8-c58f6c866dbb","d24481dd-66b0-1408-8e57-e95689202eb9,ece1a9ae-ffd4-aa16-ba60-f4aaf994a432,f6669f7b-58ec-429f-30e4-b854d25735fa,6f77c1f5-b663-996c-c336-72c1d5493d4b,fb061221-316e-c954-1422-57bb4f6b9a46,a0bcc770-67eb-ddb1-2e42-b9b81a701feb,1933364a-bd6f-e0c0-752b-7c7f863d1df1,3f87d147-04c5-93fc-37f6-6343c972be35,6df3b9f5-dec6-d891-7ee6-e22e1cf34fad,fd40db72-259e-a2c9-ccee-db7522824e5b,e1982368-275b-97fc-4174-151084428a94,273e849a-dc05-a8c3-0281-c8a2e827318d,5cd8d703-abee-3948-b6a3-3b7f3232a166,bd155994-0316-6a21-8dae-5d670006ab46,2ff3093c-53e8-9814-d2a8-c58f6c866dbb"
"2026-05-20T00:53:11.000+0000",VISA,"VISA,MASTERCARD","1779238392.208",ERROR,"INFO,ERROR,EXIT","07/27","01/27,02/27,03/27,04/27,05/27,06/27,07/27,08/27,09/27,10/27,11/27,12/27",1208,1779238391,"1933364a-bd6f-e0c0-752b-7c7f863d1df1","d24481dd-66b0-1408-8e57-e95689202eb9
ece1a9ae-ffd4-aa16-ba60-f4aaf994a432
f6669f7b-58ec-429f-30e4-b854d25735fa
6f77c1f5-b663-996c-c336-72c1d5493d4b
fb061221-316e-c954-1422-57bb4f6b9a46
a0bcc770-67eb-ddb1-2e42-b9b81a701feb
1933364a-bd6f-e0c0-752b-7c7f863d1df1
3f87d147-04c5-93fc-37f6-6343c972be35
6df3b9f5-dec6-d891-7ee6-e22e1cf34fad
fd40db72-259e-a2c9-ccee-db7522824e5b
e1982368-275b-97fc-4174-151084428a94
273e849a-dc05-a8c3-0281-c8a2e827318d
5cd8d703-abee-3948-b6a3-3b7f3232a166
bd155994-0316-6a21-8dae-5d670006ab46
2ff3093c-53e8-9814-d2a8-c58f6c866dbb","d24481dd-66b0-1408-8e57-e95689202eb9,ece1a9ae-ffd4-aa16-ba60-f4aaf994a432,f6669f7b-58ec-429f-30e4-b854d25735fa,6f77c1f5-b663-996c-c336-72c1d5493d4b,fb061221-316e-c954-1422-57bb4f6b9a46,a0bcc770-67eb-ddb1-2e42-b9b81a701feb,1933364a-bd6f-e0c0-752b-7c7f863d1df1,3f87d147-04c5-93fc-37f6-6343c972be35,6df3b9f5-dec6-d891-7ee6-e22e1cf34fad,fd40db72-259e-a2c9-ccee-db7522824e5b,e1982368-275b-97fc-4174-151084428a94,273e849a-dc05-a8c3-0281-c8a2e827318d,5cd8d703-abee-3948-b6a3-3b7f3232a166,bd155994-0316-6a21-8dae-5d670006ab46,2ff3093c-53e8-9814-d2a8-c58f6c866dbb"
"2026-05-20T12:36:09.000+0000",MASTERCARD,"VISA,MASTERCARD","1779280569.33",ERROR,"INFO,ERROR,EXIT","12/27","01/27,02/27,03/27,04/27,05/27,06/27,07/27,08/27,09/27,10/27,11/27,12/27",330,1779280569,"bd155994-0316-6a21-8dae-5d670006ab46","d24481dd-66b0-1408-8e57-e95689202eb9
ece1a9ae-ffd4-aa16-ba60-f4aaf994a432
f6669f7b-58ec-429f-30e4-b854d25735fa
6f77c1f5-b663-996c-c336-72c1d5493d4b
fb061221-316e-c954-1422-57bb4f6b9a46
a0bcc770-67eb-ddb1-2e42-b9b81a701feb
1933364a-bd6f-e0c0-752b-7c7f863d1df1
3f87d147-04c5-93fc-37f6-6343c972be35
6df3b9f5-dec6-d891-7ee6-e22e1cf34fad
fd40db72-259e-a2c9-ccee-db7522824e5b
e1982368-275b-97fc-4174-151084428a94
273e849a-dc05-a8c3-0281-c8a2e827318d
5cd8d703-abee-3948-b6a3-3b7f3232a166
bd155994-0316-6a21-8dae-5d670006ab46
2ff3093c-53e8-9814-d2a8-c58f6c866dbb","d24481dd-66b0-1408-8e57-e95689202eb9,ece1a9ae-ffd4-aa16-ba60-f4aaf994a432,f6669f7b-58ec-429f-30e4-b854d25735fa,6f77c1f5-b663-996c-c336-72c1d5493d4b,fb061221-316e-c954-1422-57bb4f6b9a46,a0bcc770-67eb-ddb1-2e42-b9b81a701feb,1933364a-bd6f-e0c0-752b-7c7f863d1df1,3f87d147-04c5-93fc-37f6-6343c972be35,6df3b9f5-dec6-d891-7ee6-e22e1cf34fad,fd40db72-259e-a2c9-ccee-db7522824e5b,e1982368-275b-97fc-4174-151084428a94,273e849a-dc05-a8c3-0281-c8a2e827318d,5cd8d703-abee-3948-b6a3-3b7f3232a166,bd155994-0316-6a21-8dae-5d670006ab46,2ff3093c-53e8-9814-d2a8-c58f6c866dbb"
"2026-05-22T03:00:14.000+0000",MASTERCARD,"VISA,MASTERCARD","1779418815.482",EXIT,"INFO,ERROR,EXIT","10/27","01/27,02/27,03/27,04/27,05/27,06/27,07/27,08/27,09/27,10/27,11/27,12/27",1482,1779418814,"273e849a-dc05-a8c3-0281-c8a2e827318d","d24481dd-66b0-1408-8e57-e95689202eb9
ece1a9ae-ffd4-aa16-ba60-f4aaf994a432
f6669f7b-58ec-429f-30e4-b854d25735fa
6f77c1f5-b663-996c-c336-72c1d5493d4b
fb061221-316e-c954-1422-57bb4f6b9a46
a0bcc770-67eb-ddb1-2e42-b9b81a701feb
1933364a-bd6f-e0c0-752b-7c7f863d1df1
3f87d147-04c5-93fc-37f6-6343c972be35
6df3b9f5-dec6-d891-7ee6-e22e1cf34fad
fd40db72-259e-a2c9-ccee-db7522824e5b
e1982368-275b-97fc-4174-151084428a94
273e849a-dc05-a8c3-0281-c8a2e827318d
5cd8d703-abee-3948-b6a3-3b7f3232a166
bd155994-0316-6a21-8dae-5d670006ab46
2ff3093c-53e8-9814-d2a8-c58f6c866dbb","d24481dd-66b0-1408-8e57-e95689202eb9,ece1a9ae-ffd4-aa16-ba60-f4aaf994a432,f6669f7b-58ec-429f-30e4-b854d25735fa,6f77c1f5-b663-996c-c336-72c1d5493d4b,fb061221-316e-c954-1422-57bb4f6b9a46,a0bcc770-67eb-ddb1-2e42-b9b81a701feb,1933364a-bd6f-e0c0-752b-7c7f863d1df1,3f87d147-04c5-93fc-37f6-6343c972be35,6df3b9f5-dec6-d891-7ee6-e22e1cf34fad,fd40db72-259e-a2c9-ccee-db7522824e5b,e1982368-275b-97fc-4174-151084428a94,273e849a-dc05-a8c3-0281-c8a2e827318d,5cd8d703-abee-3948-b6a3-3b7f3232a166,bd155994-0316-6a21-8dae-5d670006ab46,2ff3093c-53e8-9814-d2a8-c58f6c866dbb"
"2026-05-19T07:39:29.000+0000",MASTERCARD,"VISA,MASTERCARD","1779176369.552",ERROR,"INFO,ERROR,EXIT","05/27","01/27,02/27,03/27,04/27,05/27,06/27,07/27,08/27,09/27,10/27,11/27,12/27",552,1779176369,"fd40db72-259e-a2c9-ccee-db7522824e5b","d24481dd-66b0-1408-8e57-e95689202eb9
ece1a9ae-ffd4-aa16-ba60-f4aaf994a432
f6669f7b-58ec-429f-30e4-b854d25735fa
6f77c1f5-b663-996c-c336-72c1d5493d4b
fb061221-316e-c954-1422-57bb4f6b9a46
a0bcc770-67eb-ddb1-2e42-b9b81a701feb
1933364a-bd6f-e0c0-752b-7c7f863d1df1
3f87d147-04c5-93fc-37f6-6343c972be35
6df3b9f5-dec6-d891-7ee6-e22e1cf34fad
fd40db72-259e-a2c9-ccee-db7522824e5b
e1982368-275b-97fc-4174-151084428a94
273e849a-dc05-a8c3-0281-c8a2e827318d
5cd8d703-abee-3948-b6a3-3b7f3232a166
bd155994-0316-6a21-8dae-5d670006ab46
2ff3093c-53e8-9814-d2a8-c58f6c866dbb","d24481dd-66b0-1408-8e57-e95689202eb9,ece1a9ae-ffd4-aa16-ba60-f4aaf994a432,f6669f7b-58ec-429f-30e4-b854d25735fa,6f77c1f5-b663-996c-c336-72c1d5493d4b,fb061221-316e-c954-1422-57bb4f6b9a46,a0bcc770-67eb-ddb1-2e42-b9b81a701feb,1933364a-bd6f-e0c0-752b-7c7f863d1df1,3f87d147-04c5-93fc-37f6-6343c972be35,6df3b9f5-dec6-d891-7ee6-e22e1cf34fad,fd40db72-259e-a2c9-ccee-db7522824e5b,e1982368-275b-97fc-4174-151084428a94,273e849a-dc05-a8c3-0281-c8a2e827318d,5cd8d703-abee-3948-b6a3-3b7f3232a166,bd155994-0316-6a21-8dae-5d670006ab46,2ff3093c-53e8-9814-d2a8-c58f6c866dbb"
"2026-05-23T20:55:49.000+0000",VISA,"VISA,MASTERCARD","1779569749.769",INFO,"INFO,ERROR,EXIT","03/27","01/27,02/27,03/27,04/27,05/27,06/27,07/27,08/27,09/27,10/27,11/27,12/27",769,1779569749,"ece1a9ae-ffd4-aa16-ba60-f4aaf994a432","d24481dd-66b0-1408-8e57-e95689202eb9
ece1a9ae-ffd4-aa16-ba60-f4aaf994a432
f6669f7b-58ec-429f-30e4-b854d25735fa
6f77c1f5-b663-996c-c336-72c1d5493d4b
fb061221-316e-c954-1422-57bb4f6b9a46
a0bcc770-67eb-ddb1-2e42-b9b81a701feb
1933364a-bd6f-e0c0-752b-7c7f863d1df1
3f87d147-04c5-93fc-37f6-6343c972be35
6df3b9f5-dec6-d891-7ee6-e22e1cf34fad
fd40db72-259e-a2c9-ccee-db7522824e5b
e1982368-275b-97fc-4174-151084428a94
273e849a-dc05-a8c3-0281-c8a2e827318d
5cd8d703-abee-3948-b6a3-3b7f3232a166
bd155994-0316-6a21-8dae-5d670006ab46
2ff3093c-53e8-9814-d2a8-c58f6c866dbb","d24481dd-66b0-1408-8e57-e95689202eb9,ece1a9ae-ffd4-aa16-ba60-f4aaf994a432,f6669f7b-58ec-429f-30e4-b854d25735fa,6f77c1f5-b663-996c-c336-72c1d5493d4b,fb061221-316e-c954-1422-57bb4f6b9a46,a0bcc770-67eb-ddb1-2e42-b9b81a701feb,1933364a-bd6f-e0c0-752b-7c7f863d1df1,3f87d147-04c5-93fc-37f6-6343c972be35,6df3b9f5-dec6-d891-7ee6-e22e1cf34fad,fd40db72-259e-a2c9-ccee-db7522824e5b,e1982368-275b-97fc-4174-151084428a94,273e849a-dc05-a8c3-0281-c8a2e827318d,5cd8d703-abee-3948-b6a3-3b7f3232a166,bd155994-0316-6a21-8dae-5d670006ab46,2ff3093c-53e8-9814-d2a8-c58f6c866dbb"
"2026-05-24T09:34:27.000+0000",MASTERCARD,"VISA,MASTERCARD","1779615267.18",EXIT,"INFO,ERROR,EXIT","06/27","01/27,02/27,03/27,04/27,05/27,06/27,07/27,08/27,09/27,10/27,11/27,12/27",180,1779615267,"a0bcc770-67eb-ddb1-2e42-b9b81a701feb","d24481dd-66b0-1408-8e57-e95689202eb9
ece1a9ae-ffd4-aa16-ba60-f4aaf994a432
f6669f7b-58ec-429f-30e4-b854d25735fa
6f77c1f5-b663-996c-c336-72c1d5493d4b
fb061221-316e-c954-1422-57bb4f6b9a46
a0bcc770-67eb-ddb1-2e42-b9b81a701feb
1933364a-bd6f-e0c0-752b-7c7f863d1df1
3f87d147-04c5-93fc-37f6-6343c972be35
6df3b9f5-dec6-d891-7ee6-e22e1cf34fad
fd40db72-259e-a2c9-ccee-db7522824e5b
e1982368-275b-97fc-4174-151084428a94
273e849a-dc05-a8c3-0281-c8a2e827318d
5cd8d703-abee-3948-b6a3-3b7f3232a166
bd155994-0316-6a21-8dae-5d670006ab46
2ff3093c-53e8-9814-d2a8-c58f6c866dbb","d24481dd-66b0-1408-8e57-e95689202eb9,ece1a9ae-ffd4-aa16-ba60-f4aaf994a432,f6669f7b-58ec-429f-30e4-b854d25735fa,6f77c1f5-b663-996c-c336-72c1d5493d4b,fb061221-316e-c954-1422-57bb4f6b9a46,a0bcc770-67eb-ddb1-2e42-b9b81a701feb,1933364a-bd6f-e0c0-752b-7c7f863d1df1,3f87d147-04c5-93fc-37f6-6343c972be35,6df3b9f5-dec6-d891-7ee6-e22e1cf34fad,fd40db72-259e-a2c9-ccee-db7522824e5b,e1982368-275b-97fc-4174-151084428a94,273e849a-dc05-a8c3-0281-c8a2e827318d,5cd8d703-abee-3948-b6a3-3b7f3232a166,bd155994-0316-6a21-8dae-5d670006ab46,2ff3093c-53e8-9814-d2a8-c58f6c866dbb"
"2026-05-19T08:39:34.000+0000",MASTERCARD,"VISA,MASTERCARD","1779179974.792",INFO,"INFO,ERROR,EXIT","07/27","01/27,02/27,03/27,04/27,05/27,06/27,07/27,08/27,09/27,10/27,11/27,12/27",792,1779179974,"ece1a9ae-ffd4-aa16-ba60-f4aaf994a432","d24481dd-66b0-1408-8e57-e95689202eb9
ece1a9ae-ffd4-aa16-ba60-f4aaf994a432
f6669f7b-58ec-429f-30e4-b854d25735fa
6f77c1f5-b663-996c-c336-72c1d5493d4b
fb061221-316e-c954-1422-57bb4f6b9a46
a0bcc770-67eb-ddb1-2e42-b9b81a701feb
1933364a-bd6f-e0c0-752b-7c7f863d1df1
3f87d147-04c5-93fc-37f6-6343c972be35
6df3b9f5-dec6-d891-7ee6-e22e1cf34fad
fd40db72-259e-a2c9-ccee-db7522824e5b
e1982368-275b-97fc-4174-151084428a94
273e849a-dc05-a8c3-0281-c8a2e827318d
5cd8d703-abee-3948-b6a3-3b7f3232a166
bd155994-0316-6a21-8dae-5d670006ab46
2ff3093c-53e8-9814-d2a8-c58f6c866dbb","d24481dd-66b0-1408-8e57-e95689202eb9,ece1a9ae-ffd4-aa16-ba60-f4aaf994a432,f6669f7b-58ec-429f-30e4-b854d25735fa,6f77c1f5-b663-996c-c336-72c1d5493d4b,fb061221-316e-c954-1422-57bb4f6b9a46,a0bcc770-67eb-ddb1-2e42-b9b81a701feb,1933364a-bd6f-e0c0-752b-7c7f863d1df1,3f87d147-04c5-93fc-37f6-6343c972be35,6df3b9f5-dec6-d891-7ee6-e22e1cf34fad,fd40db72-259e-a2c9-ccee-db7522824e5b,e1982368-275b-97fc-4174-151084428a94,273e849a-dc05-a8c3-0281-c8a2e827318d,5cd8d703-abee-3948-b6a3-3b7f3232a166,bd155994-0316-6a21-8dae-5d670006ab46,2ff3093c-53e8-9814-d2a8-c58f6c866dbb"
"2026-05-25T03:44:18.000+0000",MASTERCARD,"VISA,MASTERCARD","1779680658.573",INFO,"INFO,ERROR,EXIT","10/27","01/27,02/27,03/27,04/27,05/27,06/27,07/27,08/27,09/27,10/27,11/27,12/27",573,1779680658,"f6669f7b-58ec-429f-30e4-b854d25735fa","d24481dd-66b0-1408-8e57-e95689202eb9
ece1a9ae-ffd4-aa16-ba60-f4aaf994a432
f6669f7b-58ec-429f-30e4-b854d25735fa
6f77c1f5-b663-996c-c336-72c1d5493d4b
fb061221-316e-c954-1422-57bb4f6b9a46
a0bcc770-67eb-ddb1-2e42-b9b81a701feb
1933364a-bd6f-e0c0-752b-7c7f863d1df1
3f87d147-04c5-93fc-37f6-6343c972be35
6df3b9f5-dec6-d891-7ee6-e22e1cf34fad
fd40db72-259e-a2c9-ccee-db7522824e5b
e1982368-275b-97fc-4174-151084428a94
273e849a-dc05-a8c3-0281-c8a2e827318d
5cd8d703-abee-3948-b6a3-3b7f3232a166
bd155994-0316-6a21-8dae-5d670006ab46
2ff3093c-53e8-9814-d2a8-c58f6c866dbb","d24481dd-66b0-1408-8e57-e95689202eb9,ece1a9ae-ffd4-aa16-ba60-f4aaf994a432,f6669f7b-58ec-429f-30e4-b854d25735fa,6f77c1f5-b663-996c-c336-72c1d5493d4b,fb061221-316e-c954-1422-57bb4f6b9a46,a0bcc770-67eb-ddb1-2e42-b9b81a701feb,1933364a-bd6f-e0c0-752b-7c7f863d1df1,3f87d147-04c5-93fc-37f6-6343c972be35,6df3b9f5-dec6-d891-7ee6-e22e1cf34fad,fd40db72-259e-a2c9-ccee-db7522824e5b,e1982368-275b-97fc-4174-151084428a94,273e849a-dc05-a8c3-0281-c8a2e827318d,5cd8d703-abee-3948-b6a3-3b7f3232a166,bd155994-0316-6a21-8dae-5d670006ab46,2ff3093c-53e8-9814-d2a8-c58f6c866dbb"
"2026-05-22T04:54:56.000+0000",VISA,"VISA,MASTERCARD","1779425697.323",ERROR,"INFO,ERROR,EXIT","11/27","01/27,02/27,03/27,04/27,05/27,06/27,07/27,08/27,09/27,10/27,11/27,12/27",1323,1779425696,"d24481dd-66b0-1408-8e57-e95689202eb9","d24481dd-66b0-1408-8e57-e95689202eb9
ece1a9ae-ffd4-aa16-ba60-f4aaf994a432
f6669f7b-58ec-429f-30e4-b854d25735fa
6f77c1f5-b663-996c-c336-72c1d5493d4b
fb061221-316e-c954-1422-57bb4f6b9a46
a0bcc770-67eb-ddb1-2e42-b9b81a701feb
1933364a-bd6f-e0c0-752b-7c7f863d1df1
3f87d147-04c5-93fc-37f6-6343c972be35
6df3b9f5-dec6-d891-7ee6-e22e1cf34fad
fd40db72-259e-a2c9-ccee-db7522824e5b
e1982368-275b-97fc-4174-151084428a94
273e849a-dc05-a8c3-0281-c8a2e827318d
5cd8d703-abee-3948-b6a3-3b7f3232a166
bd155994-0316-6a21-8dae-5d670006ab46
2ff3093c-53e8-9814-d2a8-c58f6c866dbb","d24481dd-66b0-1408-8e57-e95689202eb9,ece1a9ae-ffd4-aa16-ba60-f4aaf994a432,f6669f7b-58ec-429f-30e4-b854d25735fa,6f77c1f5-b663-996c-c336-72c1d5493d4b,fb061221-316e-c954-1422-57bb4f6b9a46,a0bcc770-67eb-ddb1-2e42-b9b81a701feb,1933364a-bd6f-e0c0-752b-7c7f863d1df1,3f87d147-04c5-93fc-37f6-6343c972be35,6df3b9f5-dec6-d891-7ee6-e22e1cf34fad,fd40db72-259e-a2c9-ccee-db7522824e5b,e1982368-275b-97fc-4174-151084428a94,273e849a-dc05-a8c3-0281-c8a2e827318d,5cd8d703-abee-3948-b6a3-3b7f3232a166,bd155994-0316-6a21-8dae-5d670006ab46,2ff3093c-53e8-9814-d2a8-c58f6c866dbb"
"2026-05-25T11:42:50.000+0000",MASTERCARD,"VISA,MASTERCARD","1779709371.277",EXIT,"INFO,ERROR,EXIT","01/27","01/27,02/27,03/27,04/27,05/27,06/27,07/27,08/27,09/27,10/27,11/27,12/27",1277,1779709370,"6df3b9f5-dec6-d891-7ee6-e22e1cf34fad","d24481dd-66b0-1408-8e57-e95689202eb9
ece1a9ae-ffd4-aa16-ba60-f4aaf994a432
f6669f7b-58ec-429f-30e4-b854d25735fa
6f77c1f5-b663-996c-c336-72c1d5493d4b
fb061221-316e-c954-1422-57bb4f6b9a46
a0bcc770-67eb-ddb1-2e42-b9b81a701feb
1933364a-bd6f-e0c0-752b-7c7f863d1df1
3f87d147-04c5-93fc-37f6-6343c972be35
6df3b9f5-dec6-d891-7ee6-e22e1cf34fad
fd40db72-259e-a2c9-ccee-db7522824e5b
e1982368-275b-97fc-4174-151084428a94
273e849a-dc05-a8c3-0281-c8a2e827318d
5cd8d703-abee-3948-b6a3-3b7f3232a166
bd155994-0316-6a21-8dae-5d670006ab46
2ff3093c-53e8-9814-d2a8-c58f6c866dbb","d24481dd-66b0-1408-8e57-e95689202eb9,ece1a9ae-ffd4-aa16-ba60-f4aaf994a432,f6669f7b-58ec-429f-30e4-b854d25735fa,6f77c1f5-b663-996c-c336-72c1d5493d4b,fb061221-316e-c954-1422-57bb4f6b9a46,a0bcc770-67eb-ddb1-2e42-b9b81a701feb,1933364a-bd6f-e0c0-752b-7c7f863d1df1,3f87d147-04c5-93fc-37f6-6343c972be35,6df3b9f5-dec6-d891-7ee6-e22e1cf34fad,fd40db72-259e-a2c9-ccee-db7522824e5b,e1982368-275b-97fc-4174-151084428a94,273e849a-dc05-a8c3-0281-c8a2e827318d,5cd8d703-abee-3948-b6a3-3b7f3232a166,bd155994-0316-6a21-8dae-5d670006ab46,2ff3093c-53e8-9814-d2a8-c58f6c866dbb"
"2026-05-23T19:13:48.000+0000",VISA,"VISA,MASTERCARD","1779563628.267",EXIT,"INFO,ERROR,EXIT","05/27","01/27,02/27,03/27,04/27,05/27,06/27,07/27,08/27,09/27,10/27,11/27,12/27",267,1779563628,"ece1a9ae-ffd4-aa16-ba60-f4aaf994a432","d24481dd-66b0-1408-8e57-e95689202eb9
ece1a9ae-ffd4-aa16-ba60-f4aaf994a432
f6669f7b-58ec-429f-30e4-b854d25735fa
6f77c1f5-b663-996c-c336-72c1d5493d4b
fb061221-316e-c954-1422-57bb4f6b9a46
a0bcc770-67eb-ddb1-2e42-b9b81a701feb
1933364a-bd6f-e0c0-752b-7c7f863d1df1
3f87d147-04c5-93fc-37f6-6343c972be35
6df3b9f5-dec6-d891-7ee6-e22e1cf34fad
fd40db72-259e-a2c9-ccee-db7522824e5b
e1982368-275b-97fc-4174-151084428a94
273e849a-dc05-a8c3-0281-c8a2e827318d
5cd8d703-abee-3948-b6a3-3b7f3232a166
bd155994-0316-6a21-8dae-5d670006ab46
2ff3093c-53e8-9814-d2a8-c58f6c866dbb","d24481dd-66b0-1408-8e57-e95689202eb9,ece1a9ae-ffd4-aa16-ba60-f4aaf994a432,f6669f7b-58ec-429f-30e4-b854d25735fa,6f77c1f5-b663-996c-c336-72c1d5493d4b,fb061221-316e-c954-1422-57bb4f6b9a46,a0bcc770-67eb-ddb1-2e42-b9b81a701feb,1933364a-bd6f-e0c0-752b-7c7f863d1df1,3f87d147-04c5-93fc-37f6-6343c972be35,6df3b9f5-dec6-d891-7ee6-e22e1cf34fad,fd40db72-259e-a2c9-ccee-db7522824e5b,e1982368-275b-97fc-4174-151084428a94,273e849a-dc05-a8c3-0281-c8a2e827318d,5cd8d703-abee-3948-b6a3-3b7f3232a166,bd155994-0316-6a21-8dae-5d670006ab46,2ff3093c-53e8-9814-d2a8-c58f6c866dbb"
"2026-05-22T05:24:14.000+0000",MASTERCARD,"VISA,MASTERCARD","1779427454.746",INFO,"INFO,ERROR,EXIT","06/27","01/27,02/27,03/27,04/27,05/27,06/27,07/27,08/27,09/27,10/27,11/27,12/27",746,1779427454,"1933364a-bd6f-e0c0-752b-7c7f863d1df1","d24481dd-66b0-1408-8e57-e95689202eb9
ece1a9ae-ffd4-aa16-ba60-f4aaf994a432
f6669f7b-58ec-429f-30e4-b854d25735fa
6f77c1f5-b663-996c-c336-72c1d5493d4b
fb061221-316e-c954-1422-57bb4f6b9a46
a0bcc770-67eb-ddb1-2e42-b9b81a701feb
1933364a-bd6f-e0c0-752b-7c7f863d1df1
3f87d147-04c5-93fc-37f6-6343c972be35
6df3b9f5-dec6-d891-7ee6-e22e1cf34fad
fd40db72-259e-a2c9-ccee-db7522824e5b
e1982368-275b-97fc-4174-151084428a94
273e849a-dc05-a8c3-0281-c8a2e827318d
5cd8d703-abee-3948-b6a3-3b7f3232a166
bd155994-0316-6a21-8dae-5d670006ab46
2ff3093c-53e8-9814-d2a8-c58f6c866dbb","d24481dd-66b0-1408-8e57-e95689202eb9,ece1a9ae-ffd4-aa16-ba60-f4aaf994a432,f6669f7b-58ec-429f-30e4-b854d25735fa,6f77c1f5-b663-996c-c336-72c1d5493d4b,fb061221-316e-c954-1422-57bb4f6b9a46,a0bcc770-67eb-ddb1-2e42-b9b81a701feb,1933364a-bd6f-e0c0-752b-7c7f863d1df1,3f87d147-04c5-93fc-37f6-6343c972be35,6df3b9f5-dec6-d891-7ee6-e22e1cf34fad,fd40db72-259e-a2c9-ccee-db7522824e5b,e1982368-275b-97fc-4174-151084428a94,273e849a-dc05-a8c3-0281-c8a2e827318d,5cd8d703-abee-3948-b6a3-3b7f3232a166,bd155994-0316-6a21-8dae-5d670006ab46,2ff3093c-53e8-9814-d2a8-c58f6c866dbb"
"2026-05-22T19:39:23.000+0000",MASTERCARD,"VISA,MASTERCARD","1779478763.462",ERROR,"INFO,ERROR,EXIT","11/27","01/27,02/27,03/27,04/27,05/27,06/27,07/27,08/27,09/27,10/27,11/27,12/27",462,1779478763,"e1982368-275b-97fc-4174-151084428a94","d24481dd-66b0-1408-8e57-e95689202eb9
ece1a9ae-ffd4-aa16-ba60-f4aaf994a432
f6669f7b-58ec-429f-30e4-b854d25735fa
6f77c1f5-b663-996c-c336-72c1d5493d4b
fb061221-316e-c954-1422-57bb4f6b9a46
a0bcc770-67eb-ddb1-2e42-b9b81a701feb
1933364a-bd6f-e0c0-752b-7c7f863d1df1
3f87d147-04c5-93fc-37f6-6343c972be35
6df3b9f5-dec6-d891-7ee6-e22e1cf34fad
fd40db72-259e-a2c9-ccee-db7522824e5b
e1982368-275b-97fc-4174-151084428a94
273e849a-dc05-a8c3-0281-c8a2e827318d
5cd8d703-abee-3948-b6a3-3b7f3232a166
bd155994-0316-6a21-8dae-5d670006ab46
2ff3093c-53e8-9814-d2a8-c58f6c866dbb","d24481dd-66b0-1408-8e57-e95689202eb9,ece1a9ae-ffd4-aa16-ba60-f4aaf994a432,f6669f7b-58ec-429f-30e4-b854d25735fa,6f77c1f5-b663-996c-c336-72c1d5493d4b,fb061221-316e-c954-1422-57bb4f6b9a46,a0bcc770-67eb-ddb1-2e42-b9b81a701feb,1933364a-bd6f-e0c0-752b-7c7f863d1df1,3f87d147-04c5-93fc-37f6-6343c972be35,6df3b9f5-dec6-d891-7ee6-e22e1cf34fad,fd40db72-259e-a2c9-ccee-db7522824e5b,e1982368-275b-97fc-4174-151084428a94,273e849a-dc05-a8c3-0281-c8a2e827318d,5cd8d703-abee-3948-b6a3-3b7f3232a166,bd155994-0316-6a21-8dae-5d670006ab46,2ff3093c-53e8-9814-d2a8-c58f6c866dbb"
"2026-05-22T04:21:02.000+0000",VISA,"VISA,MASTERCARD","1779423662.151",ERROR,"INFO,ERROR,EXIT","01/27","01/27,02/27,03/27,04/27,05/27,06/27,07/27,08/27,09/27,10/27,11/27,12/27",151,1779423662,"ece1a9ae-ffd4-aa16-ba60-f4aaf994a432","d24481dd-66b0-1408-8e57-e95689202eb9
ece1a9ae-ffd4-aa16-ba60-f4aaf994a432
f6669f7b-58ec-429f-30e4-b854d25735fa
6f77c1f5-b663-996c-c336-72c1d5493d4b
fb061221-316e-c954-1422-57bb4f6b9a46
a0bcc770-67eb-ddb1-2e42-b9b81a701feb
1933364a-bd6f-e0c0-752b-7c7f863d1df1
3f87d147-04c5-93fc-37f6-6343c972be35
6df3b9f5-dec6-d891-7ee6-e22e1cf34fad
fd40db72-259e-a2c9-ccee-db7522824e5b
e1982368-275b-97fc-4174-151084428a94
273e849a-dc05-a8c3-0281-c8a2e827318d
5cd8d703-abee-3948-b6a3-3b7f3232a166
bd155994-0316-6a21-8dae-5d670006ab46
2ff3093c-53e8-9814-d2a8-c58f6c866dbb","d24481dd-66b0-1408-8e57-e95689202eb9,ece1a9ae-ffd4-aa16-ba60-f4aaf994a432,f6669f7b-58ec-429f-30e4-b854d25735fa,6f77c1f5-b663-996c-c336-72c1d5493d4b,fb061221-316e-c954-1422-57bb4f6b9a46,a0bcc770-67eb-ddb1-2e42-b9b81a701feb,1933364a-bd6f-e0c0-752b-7c7f863d1df1,3f87d147-04c5-93fc-37f6-6343c972be35,6df3b9f5-dec6-d891-7ee6-e22e1cf34fad,fd40db72-259e-a2c9-ccee-db7522824e5b,e1982368-275b-97fc-4174-151084428a94,273e849a-dc05-a8c3-0281-c8a2e827318d,5cd8d703-abee-3948-b6a3-3b7f3232a166,bd155994-0316-6a21-8dae-5d670006ab46,2ff3093c-53e8-9814-d2a8-c58f6c866dbb"
"2026-05-19T15:07:11.000+0000",MASTERCARD,"VISA,MASTERCARD","1779203232.146",EXIT,"INFO,ERROR,EXIT","05/27","01/27,02/27,03/27,04/27,05/27,06/27,07/27,08/27,09/27,10/27,11/27,12/27",1146,1779203231,"2ff3093c-53e8-9814-d2a8-c58f6c866dbb","d24481dd-66b0-1408-8e57-e95689202eb9
ece1a9ae-ffd4-aa16-ba60-f4aaf994a432
f6669f7b-58ec-429f-30e4-b854d25735fa
6f77c1f5-b663-996c-c336-72c1d5493d4b
fb061221-316e-c954-1422-57bb4f6b9a46
a0bcc770-67eb-ddb1-2e42-b9b81a701feb
1933364a-bd6f-e0c0-752b-7c7f863d1df1
3f87d147-04c5-93fc-37f6-6343c972be35
6df3b9f5-dec6-d891-7ee6-e22e1cf34fad
fd40db72-259e-a2c9-ccee-db7522824e5b
e1982368-275b-97fc-4174-151084428a94
273e849a-dc05-a8c3-0281-c8a2e827318d
5cd8d703-abee-3948-b6a3-3b7f3232a166
bd155994-0316-6a21-8dae-5d670006ab46
2ff3093c-53e8-9814-d2a8-c58f6c866dbb","d24481dd-66b0-1408-8e57-e95689202eb9,ece1a9ae-ffd4-aa16-ba60-f4aaf994a432,f6669f7b-58ec-429f-30e4-b854d25735fa,6f77c1f5-b663-996c-c336-72c1d5493d4b,fb061221-316e-c954-1422-57bb4f6b9a46,a0bcc770-67eb-ddb1-2e42-b9b81a701feb,1933364a-bd6f-e0c0-752b-7c7f863d1df1,3f87d147-04c5-93fc-37f6-6343c972be35,6df3b9f5-dec6-d891-7ee6-e22e1cf34fad,fd40db72-259e-a2c9-ccee-db7522824e5b,e1982368-275b-97fc-4174-151084428a94,273e849a-dc05-a8c3-0281-c8a2e827318d,5cd8d703-abee-3948-b6a3-3b7f3232a166,bd155994-0316-6a21-8dae-5d670006ab46,2ff3093c-53e8-9814-d2a8-c58f6c866dbb"
"2026-05-21T16:57:22.000+0000",MASTERCARD,"VISA,MASTERCARD","1779382643.123",INFO,"INFO,ERROR,EXIT","01/27","01/27,02/27,03/27,04/27,05/27,06/27,07/27,08/27,09/27,10/27,11/27,12/27",1123,1779382642,"5cd8d703-abee-3948-b6a3-3b7f3232a166","d24481dd-66b0-1408-8e57-e95689202eb9
ece1a9ae-ffd4-aa16-ba60-f4aaf994a432
f6669f7b-58ec-429f-30e4-b854d25735fa
6f77c1f5-b663-996c-c336-72c1d5493d4b
fb061221-316e-c954-1422-57bb4f6b9a46
a0bcc770-67eb-ddb1-2e42-b9b81a701feb
1933364a-bd6f-e0c0-752b-7c7f863d1df1
3f87d147-04c5-93fc-37f6-6343c972be35
6df3b9f5-dec6-d891-7ee6-e22e1cf34fad
fd40db72-259e-a2c9-ccee-db7522824e5b
e1982368-275b-97fc-4174-151084428a94
273e849a-dc05-a8c3-0281-c8a2e827318d
5cd8d703-abee-3948-b6a3-3b7f3232a166
bd155994-0316-6a21-8dae-5d670006ab46
2ff3093c-53e8-9814-d2a8-c58f6c866dbb","d24481dd-66b0-1408-8e57-e95689202eb9,ece1a9ae-ffd4-aa16-ba60-f4aaf994a432,f6669f7b-58ec-429f-30e4-b854d25735fa,6f77c1f5-b663-996c-c336-72c1d5493d4b,fb061221-316e-c954-1422-57bb4f6b9a46,a0bcc770-67eb-ddb1-2e42-b9b81a701feb,1933364a-bd6f-e0c0-752b-7c7f863d1df1,3f87d147-04c5-93fc-37f6-6343c972be35,6df3b9f5-dec6-d891-7ee6-e22e1cf34fad,fd40db72-259e-a2c9-ccee-db7522824e5b,e1982368-275b-97fc-4174-151084428a94,273e849a-dc05-a8c3-0281-c8a2e827318d,5cd8d703-abee-3948-b6a3-3b7f3232a166,bd155994-0316-6a21-8dae-5d670006ab46,2ff3093c-53e8-9814-d2a8-c58f6c866dbb"
"2026-05-22T11:50:59.000+0000",MASTERCARD,"VISA,MASTERCARD","1779450659.411",ERROR,"INFO,ERROR,EXIT","01/27","01/27,02/27,03/27,04/27,05/27,06/27,07/27,08/27,09/27,10/27,11/27,12/27",411,1779450659,"bd155994-0316-6a21-8dae-5d670006ab46","d24481dd-66b0-1408-8e57-e95689202eb9
ece1a9ae-ffd4-aa16-ba60-f4aaf994a432
f6669f7b-58ec-429f-30e4-b854d25735fa
6f77c1f5-b663-996c-c336-72c1d5493d4b
fb061221-316e-c954-1422-57bb4f6b9a46
a0bcc770-67eb-ddb1-2e42-b9b81a701feb
1933364a-bd6f-e0c0-752b-7c7f863d1df1
3f87d147-04c5-93fc-37f6-6343c972be35
6df3b9f5-dec6-d891-7ee6-e22e1cf34fad
fd40db72-259e-a2c9-ccee-db7522824e5b
e1982368-275b-97fc-4174-151084428a94
273e849a-dc05-a8c3-0281-c8a2e827318d
5cd8d703-abee-3948-b6a3-3b7f3232a166
bd155994-0316-6a21-8dae-5d670006ab46
2ff3093c-53e8-9814-d2a8-c58f6c866dbb","d24481dd-66b0-1408-8e57-e95689202eb9,ece1a9ae-ffd4-aa16-ba60-f4aaf994a432,f6669f7b-58ec-429f-30e4-b854d25735fa,6f77c1f5-b663-996c-c336-72c1d5493d4b,fb061221-316e-c954-1422-57bb4f6b9a46,a0bcc770-67eb-ddb1-2e42-b9b81a701feb,1933364a-bd6f-e0c0-752b-7c7f863d1df1,3f87d147-04c5-93fc-37f6-6343c972be35,6df3b9f5-dec6-d891-7ee6-e22e1cf34fad,fd40db72-259e-a2c9-ccee-db7522824e5b,e1982368-275b-97fc-4174-151084428a94,273e849a-dc05-a8c3-0281-c8a2e827318d,5cd8d703-abee-3948-b6a3-3b7f3232a166,bd155994-0316-6a21-8dae-5d670006ab46,2ff3093c-53e8-9814-d2a8-c58f6c866dbb"
"2026-05-24T10:39:03.000+0000",VISA,"VISA,MASTERCARD","1779619143.237",ERROR,"INFO,ERROR,EXIT","01/27","01/27,02/27,03/27,04/27,05/27,06/27,07/27,08/27,09/27,10/27,11/27,12/27",237,1779619143,"fb061221-316e-c954-1422-57bb4f6b9a46","d24481dd-66b0-1408-8e57-e95689202eb9
ece1a9ae-ffd4-aa16-ba60-f4aaf994a432
f6669f7b-58ec-429f-30e4-b854d25735fa
6f77c1f5-b663-996c-c336-72c1d5493d4b
fb061221-316e-c954-1422-57bb4f6b9a46
a0bcc770-67eb-ddb1-2e42-b9b81a701feb
1933364a-bd6f-e0c0-752b-7c7f863d1df1
3f87d147-04c5-93fc-37f6-6343c972be35
6df3b9f5-dec6-d891-7ee6-e22e1cf34fad
fd40db72-259e-a2c9-ccee-db7522824e5b
e1982368-275b-97fc-4174-151084428a94
273e849a-dc05-a8c3-0281-c8a2e827318d
5cd8d703-abee-3948-b6a3-3b7f3232a166
bd155994-0316-6a21-8dae-5d670006ab46
2ff3093c-53e8-9814-d2a8-c58f6c866dbb","d24481dd-66b0-1408-8e57-e95689202eb9,ece1a9ae-ffd4-aa16-ba60-f4aaf994a432,f6669f7b-58ec-429f-30e4-b854d25735fa,6f77c1f5-b663-996c-c336-72c1d5493d4b,fb061221-316e-c954-1422-57bb4f6b9a46,a0bcc770-67eb-ddb1-2e42-b9b81a701feb,1933364a-bd6f-e0c0-752b-7c7f863d1df1,3f87d147-04c5-93fc-37f6-6343c972be35,6df3b9f5-dec6-d891-7ee6-e22e1cf34fad,fd40db72-259e-a2c9-ccee-db7522824e5b,e1982368-275b-97fc-4174-151084428a94,273e849a-dc05-a8c3-0281-c8a2e827318d,5cd8d703-abee-3948-b6a3-3b7f3232a166,bd155994-0316-6a21-8dae-5d670006ab46,2ff3093c-53e8-9814-d2a8-c58f6c866dbb"
"2026-05-22T02:54:15.000+0000",MASTERCARD,"VISA,MASTERCARD","1779418455.852",EXIT,"INFO,ERROR,EXIT","02/27","01/27,02/27,03/27,04/27,05/27,06/27,07/27,08/27,09/27,10/27,11/27,12/27",852,1779418455,"6df3b9f5-dec6-d891-7ee6-e22e1cf34fad","d24481dd-66b0-1408-8e57-e95689202eb9
ece1a9ae-ffd4-aa16-ba60-f4aaf994a432
f6669f7b-58ec-429f-30e4-b854d25735fa
6f77c1f5-b663-996c-c336-72c1d5493d4b
fb061221-316e-c954-1422-57bb4f6b9a46
a0bcc770-67eb-ddb1-2e42-b9b81a701feb
1933364a-bd6f-e0c0-752b-7c7f863d1df1
3f87d147-04c5-93fc-37f6-6343c972be35
6df3b9f5-dec6-d891-7ee6-e22e1cf34fad
fd40db72-259e-a2c9-ccee-db7522824e5b
e1982368-275b-97fc-4174-151084428a94
273e849a-dc05-a8c3-0281-c8a2e827318d
5cd8d703-abee-3948-b6a3-3b7f3232a166
bd155994-0316-6a21-8dae-5d670006ab46
2ff3093c-53e8-9814-d2a8-c58f6c866dbb","d24481dd-66b0-1408-8e57-e95689202eb9,ece1a9ae-ffd4-aa16-ba60-f4aaf994a432,f6669f7b-58ec-429f-30e4-b854d25735fa,6f77c1f5-b663-996c-c336-72c1d5493d4b,fb061221-316e-c954-1422-57bb4f6b9a46,a0bcc770-67eb-ddb1-2e42-b9b81a701feb,1933364a-bd6f-e0c0-752b-7c7f863d1df1,3f87d147-04c5-93fc-37f6-6343c972be35,6df3b9f5-dec6-d891-7ee6-e22e1cf34fad,fd40db72-259e-a2c9-ccee-db7522824e5b,e1982368-275b-97fc-4174-151084428a94,273e849a-dc05-a8c3-0281-c8a2e827318d,5cd8d703-abee-3948-b6a3-3b7f3232a166,bd155994-0316-6a21-8dae-5d670006ab46,2ff3093c-53e8-9814-d2a8-c58f6c866dbb"
"2026-05-20T13:15:18.000+0000",VISA,"VISA,MASTERCARD","1779282918.716",INFO,"INFO,ERROR,EXIT","05/27","01/27,02/27,03/27,04/27,05/27,06/27,07/27,08/27,09/27,10/27,11/27,12/27",716,1779282918,"bd155994-0316-6a21-8dae-5d670006ab46","d24481dd-66b0-1408-8e57-e95689202eb9
ece1a9ae-ffd4-aa16-ba60-f4aaf994a432
f6669f7b-58ec-429f-30e4-b854d25735fa
6f77c1f5-b663-996c-c336-72c1d5493d4b
fb061221-316e-c954-1422-57bb4f6b9a46
a0bcc770-67eb-ddb1-2e42-b9b81a701feb
1933364a-bd6f-e0c0-752b-7c7f863d1df1
3f87d147-04c5-93fc-37f6-6343c972be35
6df3b9f5-dec6-d891-7ee6-e22e1cf34fad
fd40db72-259e-a2c9-ccee-db7522824e5b
e1982368-275b-97fc-4174-151084428a94
273e849a-dc05-a8c3-0281-c8a2e827318d
5cd8d703-abee-3948-b6a3-3b7f3232a166
bd155994-0316-6a21-8dae-5d670006ab46
2ff3093c-53e8-9814-d2a8-c58f6c866dbb","d24481dd-66b0-1408-8e57-e95689202eb9,ece1a9ae-ffd4-aa16-ba60-f4aaf994a432,f6669f7b-58ec-429f-30e4-b854d25735fa,6f77c1f5-b663-996c-c336-72c1d5493d4b,fb061221-316e-c954-1422-57bb4f6b9a46,a0bcc770-67eb-ddb1-2e42-b9b81a701feb,1933364a-bd6f-e0c0-752b-7c7f863d1df1,3f87d147-04c5-93fc-37f6-6343c972be35,6df3b9f5-dec6-d891-7ee6-e22e1cf34fad,fd40db72-259e-a2c9-ccee-db7522824e5b,e1982368-275b-97fc-4174-151084428a94,273e849a-dc05-a8c3-0281-c8a2e827318d,5cd8d703-abee-3948-b6a3-3b7f3232a166,bd155994-0316-6a21-8dae-5d670006ab46,2ff3093c-53e8-9814-d2a8-c58f6c866dbb"
"2026-05-21T03:06:12.000+0000",MASTERCARD,"VISA,MASTERCARD","1779332772.455",EXIT,"INFO,ERROR,EXIT","06/27","01/27,02/27,03/27,04/27,05/27,06/27,07/27,08/27,09/27,10/27,11/27,12/27",455,1779332772,"f6669f7b-58ec-429f-30e4-b854d25735fa","d24481dd-66b0-1408-8e57-e95689202eb9
ece1a9ae-ffd4-aa16-ba60-f4aaf994a432
f6669f7b-58ec-429f-30e4-b854d25735fa
6f77c1f5-b663-996c-c336-72c1d5493d4b
fb061221-316e-c954-1422-57bb4f6b9a46
a0bcc770-67eb-ddb1-2e42-b9b81a701feb
1933364a-bd6f-e0c0-752b-7c7f863d1df1
3f87d147-04c5-93fc-37f6-6343c972be35
6df3b9f5-dec6-d891-7ee6-e22e1cf34fad
fd40db72-259e-a2c9-ccee-db7522824e5b
e1982368-275b-97fc-4174-151084428a94
273e849a-dc05-a8c3-0281-c8a2e827318d
5cd8d703-abee-3948-b6a3-3b7f3232a166
bd155994-0316-6a21-8dae-5d670006ab46
2ff3093c-53e8-9814-d2a8-c58f6c866dbb","d24481dd-66b0-1408-8e57-e95689202eb9,ece1a9ae-ffd4-aa16-ba60-f4aaf994a432,f6669f7b-58ec-429f-30e4-b854d25735fa,6f77c1f5-b663-996c-c336-72c1d5493d4b,fb061221-316e-c954-1422-57bb4f6b9a46,a0bcc770-67eb-ddb1-2e42-b9b81a701feb,1933364a-bd6f-e0c0-752b-7c7f863d1df1,3f87d147-04c5-93fc-37f6-6343c972be35,6df3b9f5-dec6-d891-7ee6-e22e1cf34fad,fd40db72-259e-a2c9-ccee-db7522824e5b,e1982368-275b-97fc-4174-151084428a94,273e849a-dc05-a8c3-0281-c8a2e827318d,5cd8d703-abee-3948-b6a3-3b7f3232a166,bd155994-0316-6a21-8dae-5d670006ab46,2ff3093c-53e8-9814-d2a8-c58f6c866dbb"
"2026-05-22T22:23:08.000+0000",VISA,"VISA,MASTERCARD","1779488588.425",ERROR,"INFO,ERROR,EXIT","04/27","01/27,02/27,03/27,04/27,05/27,06/27,07/27,08/27,09/27,10/27,11/27,12/27",425,1779488588,"6f77c1f5-b663-996c-c336-72c1d5493d4b","d24481dd-66b0-1408-8e57-e95689202eb9
ece1a9ae-ffd4-aa16-ba60-f4aaf994a432
f6669f7b-58ec-429f-30e4-b854d25735fa
6f77c1f5-b663-996c-c336-72c1d5493d4b
fb061221-316e-c954-1422-57bb4f6b9a46
a0bcc770-67eb-ddb1-2e42-b9b81a701feb
1933364a-bd6f-e0c0-752b-7c7f863d1df1
3f87d147-04c5-93fc-37f6-6343c972be35
6df3b9f5-dec6-d891-7ee6-e22e1cf34fad
fd40db72-259e-a2c9-ccee-db7522824e5b
e1982368-275b-97fc-4174-151084428a94
273e849a-dc05-a8c3-0281-c8a2e827318d
5cd8d703-abee-3948-b6a3-3b7f3232a166
bd155994-0316-6a21-8dae-5d670006ab46
2ff3093c-53e8-9814-d2a8-c58f6c866dbb","d24481dd-66b0-1408-8e57-e95689202eb9,ece1a9ae-ffd4-aa16-ba60-f4aaf994a432,f6669f7b-58ec-429f-30e4-b854d25735fa,6f77c1f5-b663-996c-c336-72c1d5493d4b,fb061221-316e-c954-1422-57bb4f6b9a46,a0bcc770-67eb-ddb1-2e42-b9b81a701feb,1933364a-bd6f-e0c0-752b-7c7f863d1df1,3f87d147-04c5-93fc-37f6-6343c972be35,6df3b9f5-dec6-d891-7ee6-e22e1cf34fad,fd40db72-259e-a2c9-ccee-db7522824e5b,e1982368-275b-97fc-4174-151084428a94,273e849a-dc05-a8c3-0281-c8a2e827318d,5cd8d703-abee-3948-b6a3-3b7f3232a166,bd155994-0316-6a21-8dae-5d670006ab46,2ff3093c-53e8-9814-d2a8-c58f6c866dbb"
"2026-05-25T23:56:39.000+0000",MASTERCARD,"VISA,MASTERCARD","1779753399.249",INFO,"INFO,ERROR,EXIT","09/27","01/27,02/27,03/27,04/27,05/27,06/27,07/27,08/27,09/27,10/27,11/27,12/27",249,1779753399,"fb061221-316e-c954-1422-57bb4f6b9a46","d24481dd-66b0-1408-8e57-e95689202eb9
ece1a9ae-ffd4-aa16-ba60-f4aaf994a432
f6669f7b-58ec-429f-30e4-b854d25735fa
6f77c1f5-b663-996c-c336-72c1d5493d4b
fb061221-316e-c954-1422-57bb4f6b9a46
a0bcc770-67eb-ddb1-2e42-b9b81a701feb
1933364a-bd6f-e0c0-752b-7c7f863d1df1
3f87d147-04c5-93fc-37f6-6343c972be35
6df3b9f5-dec6-d891-7ee6-e22e1cf34fad
fd40db72-259e-a2c9-ccee-db7522824e5b
e1982368-275b-97fc-4174-151084428a94
273e849a-dc05-a8c3-0281-c8a2e827318d
5cd8d703-abee-3948-b6a3-3b7f3232a166
bd155994-0316-6a21-8dae-5d670006ab46
2ff3093c-53e8-9814-d2a8-c58f6c866dbb","d24481dd-66b0-1408-8e57-e95689202eb9,ece1a9ae-ffd4-aa16-ba60-f4aaf994a432,f6669f7b-58ec-429f-30e4-b854d25735fa,6f77c1f5-b663-996c-c336-72c1d5493d4b,fb061221-316e-c954-1422-57bb4f6b9a46,a0bcc770-67eb-ddb1-2e42-b9b81a701feb,1933364a-bd6f-e0c0-752b-7c7f863d1df1,3f87d147-04c5-93fc-37f6-6343c972be35,6df3b9f5-dec6-d891-7ee6-e22e1cf34fad,fd40db72-259e-a2c9-ccee-db7522824e5b,e1982368-275b-97fc-4174-151084428a94,273e849a-dc05-a8c3-0281-c8a2e827318d,5cd8d703-abee-3948-b6a3-3b7f3232a166,bd155994-0316-6a21-8dae-5d670006ab46,2ff3093c-53e8-9814-d2a8-c58f6c866dbb"
"2026-05-23T09:33:36.000+0000",MASTERCARD,"VISA,MASTERCARD","1779528816.716",INFO,"INFO,ERROR,EXIT","01/27","01/27,02/27,03/27,04/27,05/27,06/27,07/27,08/27,09/27,10/27,11/27,12/27",716,1779528816,"bd155994-0316-6a21-8dae-5d670006ab46","d24481dd-66b0-1408-8e57-e95689202eb9
ece1a9ae-ffd4-aa16-ba60-f4aaf994a432
f6669f7b-58ec-429f-30e4-b854d25735fa
6f77c1f5-b663-996c-c336-72c1d5493d4b
fb061221-316e-c954-1422-57bb4f6b9a46
a0bcc770-67eb-ddb1-2e42-b9b81a701feb
1933364a-bd6f-e0c0-752b-7c7f863d1df1
3f87d147-04c5-93fc-37f6-6343c972be35
6df3b9f5-dec6-d891-7ee6-e22e1cf34fad
fd40db72-259e-a2c9-ccee-db7522824e5b
e1982368-275b-97fc-4174-151084428a94
273e849a-dc05-a8c3-0281-c8a2e827318d
5cd8d703-abee-3948-b6a3-3b7f3232a166
bd155994-0316-6a21-8dae-5d670006ab46
2ff3093c-53e8-9814-d2a8-c58f6c866dbb","d24481dd-66b0-1408-8e57-e95689202eb9,ece1a9ae-ffd4-aa16-ba60-f4aaf994a432,f6669f7b-58ec-429f-30e4-b854d25735fa,6f77c1f5-b663-996c-c336-72c1d5493d4b,fb061221-316e-c954-1422-57bb4f6b9a46,a0bcc770-67eb-ddb1-2e42-b9b81a701feb,1933364a-bd6f-e0c0-752b-7c7f863d1df1,3f87d147-04c5-93fc-37f6-6343c972be35,6df3b9f5-dec6-d891-7ee6-e22e1cf34fad,fd40db72-259e-a2c9-ccee-db7522824e5b,e1982368-275b-97fc-4174-151084428a94,273e849a-dc05-a8c3-0281-c8a2e827318d,5cd8d703-abee-3948-b6a3-3b7f3232a166,bd155994-0316-6a21-8dae-5d670006ab46,2ff3093c-53e8-9814-d2a8-c58f6c866dbb"
"2026-05-23T04:19:02.000+0000",MASTERCARD,"VISA,MASTERCARD","1779509942.394",INFO,"INFO,ERROR,EXIT","11/27","01/27,02/27,03/27,04/27,05/27,06/27,07/27,08/27,09/27,10/27,11/27,12/27",394,1779509942,"2ff3093c-53e8-9814-d2a8-c58f6c866dbb","d24481dd-66b0-1408-8e57-e95689202eb9
ece1a9ae-ffd4-aa16-ba60-f4aaf994a432
f6669f7b-58ec-429f-30e4-b854d25735fa
6f77c1f5-b663-996c-c336-72c1d5493d4b
fb061221-316e-c954-1422-57bb4f6b9a46
a0bcc770-67eb-ddb1-2e42-b9b81a701feb
1933364a-bd6f-e0c0-752b-7c7f863d1df1
3f87d147-04c5-93fc-37f6-6343c972be35
6df3b9f5-dec6-d891-7ee6-e22e1cf34fad
fd40db72-259e-a2c9-ccee-db7522824e5b
e1982368-275b-97fc-4174-151084428a94
273e849a-dc05-a8c3-0281-c8a2e827318d
5cd8d703-abee-3948-b6a3-3b7f3232a166
bd155994-0316-6a21-8dae-5d670006ab46
2ff3093c-53e8-9814-d2a8-c58f6c866dbb","d24481dd-66b0-1408-8e57-e95689202eb9,ece1a9ae-ffd4-aa16-ba60-f4aaf994a432,f6669f7b-58ec-429f-30e4-b854d25735fa,6f77c1f5-b663-996c-c336-72c1d5493d4b,fb061221-316e-c954-1422-57bb4f6b9a46,a0bcc770-67eb-ddb1-2e42-b9b81a701feb,1933364a-bd6f-e0c0-752b-7c7f863d1df1,3f87d147-04c5-93fc-37f6-6343c972be35,6df3b9f5-dec6-d891-7ee6-e22e1cf34fad,fd40db72-259e-a2c9-ccee-db7522824e5b,e1982368-275b-97fc-4174-151084428a94,273e849a-dc05-a8c3-0281-c8a2e827318d,5cd8d703-abee-3948-b6a3-3b7f3232a166,bd155994-0316-6a21-8dae-5d670006ab46,2ff3093c-53e8-9814-d2a8-c58f6c866dbb"
"2026-05-25T08:28:20.000+0000",VISA,"VISA,MASTERCARD","1779697701.071",ERROR,"INFO,ERROR,EXIT","10/27","01/27,02/27,03/27,04/27,05/27,06/27,07/27,08/27,09/27,10/27,11/27,12/27",1071,1779697700,"a0bcc770-67eb-ddb1-2e42-b9b81a701feb","d24481dd-66b0-1408-8e57-e95689202eb9
ece1a9ae-ffd4-aa16-ba60-f4aaf994a432
f6669f7b-58ec-429f-30e4-b854d25735fa
6f77c1f5-b663-996c-c336-72c1d5493d4b
fb061221-316e-c954-1422-57bb4f6b9a46
a0bcc770-67eb-ddb1-2e42-b9b81a701feb
1933364a-bd6f-e0c0-752b-7c7f863d1df1
3f87d147-04c5-93fc-37f6-6343c972be35
6df3b9f5-dec6-d891-7ee6-e22e1cf34fad
fd40db72-259e-a2c9-ccee-db7522824e5b
e1982368-275b-97fc-4174-151084428a94
273e849a-dc05-a8c3-0281-c8a2e827318d
5cd8d703-abee-3948-b6a3-3b7f3232a166
bd155994-0316-6a21-8dae-5d670006ab46
2ff3093c-53e8-9814-d2a8-c58f6c866dbb","d24481dd-66b0-1408-8e57-e95689202eb9,ece1a9ae-ffd4-aa16-ba60-f4aaf994a432,f6669f7b-58ec-429f-30e4-b854d25735fa,6f77c1f5-b663-996c-c336-72c1d5493d4b,fb061221-316e-c954-1422-57bb4f6b9a46,a0bcc770-67eb-ddb1-2e42-b9b81a701feb,1933364a-bd6f-e0c0-752b-7c7f863d1df1,3f87d147-04c5-93fc-37f6-6343c972be35,6df3b9f5-dec6-d891-7ee6-e22e1cf34fad,fd40db72-259e-a2c9-ccee-db7522824e5b,e1982368-275b-97fc-4174-151084428a94,273e849a-dc05-a8c3-0281-c8a2e827318d,5cd8d703-abee-3948-b6a3-3b7f3232a166,bd155994-0316-6a21-8dae-5d670006ab46,2ff3093c-53e8-9814-d2a8-c58f6c866dbb"
"2026-05-24T14:34:50.000+0000",VISA,"VISA,MASTERCARD","1779633290.183",INFO,"INFO,ERROR,EXIT","06/27","01/27,02/27,03/27,04/27,05/27,06/27,07/27,08/27,09/27,10/27,11/27,12/27",183,1779633290,"3f87d147-04c5-93fc-37f6-6343c972be35","d24481dd-66b0-1408-8e57-e95689202eb9
ece1a9ae-ffd4-aa16-ba60-f4aaf994a432
f6669f7b-58ec-429f-30e4-b854d25735fa
6f77c1f5-b663-996c-c336-72c1d5493d4b
fb061221-316e-c954-1422-57bb4f6b9a46
a0bcc770-67eb-ddb1-2e42-b9b81a701feb
1933364a-bd6f-e0c0-752b-7c7f863d1df1
3f87d147-04c5-93fc-37f6-6343c972be35
6df3b9f5-dec6-d891-7ee6-e22e1cf34fad
fd40db72-259e-a2c9-ccee-db7522824e5b
e1982368-275b-97fc-4174-151084428a94
273e849a-dc05-a8c3-0281-c8a2e827318d
5cd8d703-abee-3948-b6a3-3b7f3232a166
bd155994-0316-6a21-8dae-5d670006ab46
2ff3093c-53e8-9814-d2a8-c58f6c866dbb","d24481dd-66b0-1408-8e57-e95689202eb9,ece1a9ae-ffd4-aa16-ba60-f4aaf994a432,f6669f7b-58ec-429f-30e4-b854d25735fa,6f77c1f5-b663-996c-c336-72c1d5493d4b,fb061221-316e-c954-1422-57bb4f6b9a46,a0bcc770-67eb-ddb1-2e42-b9b81a701feb,1933364a-bd6f-e0c0-752b-7c7f863d1df1,3f87d147-04c5-93fc-37f6-6343c972be35,6df3b9f5-dec6-d891-7ee6-e22e1cf34fad,fd40db72-259e-a2c9-ccee-db7522824e5b,e1982368-275b-97fc-4174-151084428a94,273e849a-dc05-a8c3-0281-c8a2e827318d,5cd8d703-abee-3948-b6a3-3b7f3232a166,bd155994-0316-6a21-8dae-5d670006ab46,2ff3093c-53e8-9814-d2a8-c58f6c866dbb"
"2026-05-20T12:55:34.000+0000",MASTERCARD,"VISA,MASTERCARD","1779281735.106",EXIT,"INFO,ERROR,EXIT","02/27","01/27,02/27,03/27,04/27,05/27,06/27,07/27,08/27,09/27,10/27,11/27,12/27",1106,1779281734,"bd155994-0316-6a21-8dae-5d670006ab46","d24481dd-66b0-1408-8e57-e95689202eb9
ece1a9ae-ffd4-aa16-ba60-f4aaf994a432
f6669f7b-58ec-429f-30e4-b854d25735fa
6f77c1f5-b663-996c-c336-72c1d5493d4b
fb061221-316e-c954-1422-57bb4f6b9a46
a0bcc770-67eb-ddb1-2e42-b9b81a701feb
1933364a-bd6f-e0c0-752b-7c7f863d1df1
3f87d147-04c5-93fc-37f6-6343c972be35
6df3b9f5-dec6-d891-7ee6-e22e1cf34fad
fd40db72-259e-a2c9-ccee-db7522824e5b
e1982368-275b-97fc-4174-151084428a94
273e849a-dc05-a8c3-0281-c8a2e827318d
5cd8d703-abee-3948-b6a3-3b7f3232a166
bd155994-0316-6a21-8dae-5d670006ab46
2ff3093c-53e8-9814-d2a8-c58f6c866dbb","d24481dd-66b0-1408-8e57-e95689202eb9,ece1a9ae-ffd4-aa16-ba60-f4aaf994a432,f6669f7b-58ec-429f-30e4-b854d25735fa,6f77c1f5-b663-996c-c336-72c1d5493d4b,fb061221-316e-c954-1422-57bb4f6b9a46,a0bcc770-67eb-ddb1-2e42-b9b81a701feb,1933364a-bd6f-e0c0-752b-7c7f863d1df1,3f87d147-04c5-93fc-37f6-6343c972be35,6df3b9f5-dec6-d891-7ee6-e22e1cf34fad,fd40db72-259e-a2c9-ccee-db7522824e5b,e1982368-275b-97fc-4174-151084428a94,273e849a-dc05-a8c3-0281-c8a2e827318d,5cd8d703-abee-3948-b6a3-3b7f3232a166,bd155994-0316-6a21-8dae-5d670006ab46,2ff3093c-53e8-9814-d2a8-c58f6c866dbb"
"2026-05-25T04:21:56.000+0000",MASTERCARD,"VISA,MASTERCARD","1779682916.265",EXIT,"INFO,ERROR,EXIT","09/27","01/27,02/27,03/27,04/27,05/27,06/27,07/27,08/27,09/27,10/27,11/27,12/27",265,1779682916,"ece1a9ae-ffd4-aa16-ba60-f4aaf994a432","d24481dd-66b0-1408-8e57-e95689202eb9
ece1a9ae-ffd4-aa16-ba60-f4aaf994a432
f6669f7b-58ec-429f-30e4-b854d25735fa
6f77c1f5-b663-996c-c336-72c1d5493d4b
fb061221-316e-c954-1422-57bb4f6b9a46
a0bcc770-67eb-ddb1-2e42-b9b81a701feb
1933364a-bd6f-e0c0-752b-7c7f863d1df1
3f87d147-04c5-93fc-37f6-6343c972be35
6df3b9f5-dec6-d891-7ee6-e22e1cf34fad
fd40db72-259e-a2c9-ccee-db7522824e5b
e1982368-275b-97fc-4174-151084428a94
273e849a-dc05-a8c3-0281-c8a2e827318d
5cd8d703-abee-3948-b6a3-3b7f3232a166
bd155994-0316-6a21-8dae-5d670006ab46
2ff3093c-53e8-9814-d2a8-c58f6c866dbb","d24481dd-66b0-1408-8e57-e95689202eb9,ece1a9ae-ffd4-aa16-ba60-f4aaf994a432,f6669f7b-58ec-429f-30e4-b854d25735fa,6f77c1f5-b663-996c-c336-72c1d5493d4b,fb061221-316e-c954-1422-57bb4f6b9a46,a0bcc770-67eb-ddb1-2e42-b9b81a701feb,1933364a-bd6f-e0c0-752b-7c7f863d1df1,3f87d147-04c5-93fc-37f6-6343c972be35,6df3b9f5-dec6-d891-7ee6-e22e1cf34fad,fd40db72-259e-a2c9-ccee-db7522824e5b,e1982368-275b-97fc-4174-151084428a94,273e849a-dc05-a8c3-0281-c8a2e827318d,5cd8d703-abee-3948-b6a3-3b7f3232a166,bd155994-0316-6a21-8dae-5d670006ab46,2ff3093c-53e8-9814-d2a8-c58f6c866dbb"
"2026-05-24T07:58:44.000+0000",MASTERCARD,"VISA,MASTERCARD","1779609525.179",ERROR,"INFO,ERROR,EXIT","02/27","01/27,02/27,03/27,04/27,05/27,06/27,07/27,08/27,09/27,10/27,11/27,12/27",1179,1779609524,"6f77c1f5-b663-996c-c336-72c1d5493d4b","d24481dd-66b0-1408-8e57-e95689202eb9
ece1a9ae-ffd4-aa16-ba60-f4aaf994a432
f6669f7b-58ec-429f-30e4-b854d25735fa
6f77c1f5-b663-996c-c336-72c1d5493d4b
fb061221-316e-c954-1422-57bb4f6b9a46
a0bcc770-67eb-ddb1-2e42-b9b81a701feb
1933364a-bd6f-e0c0-752b-7c7f863d1df1
3f87d147-04c5-93fc-37f6-6343c972be35
6df3b9f5-dec6-d891-7ee6-e22e1cf34fad
fd40db72-259e-a2c9-ccee-db7522824e5b
e1982368-275b-97fc-4174-151084428a94
273e849a-dc05-a8c3-0281-c8a2e827318d
5cd8d703-abee-3948-b6a3-3b7f3232a166
bd155994-0316-6a21-8dae-5d670006ab46
2ff3093c-53e8-9814-d2a8-c58f6c866dbb","d24481dd-66b0-1408-8e57-e95689202eb9,ece1a9ae-ffd4-aa16-ba60-f4aaf994a432,f6669f7b-58ec-429f-30e4-b854d25735fa,6f77c1f5-b663-996c-c336-72c1d5493d4b,fb061221-316e-c954-1422-57bb4f6b9a46,a0bcc770-67eb-ddb1-2e42-b9b81a701feb,1933364a-bd6f-e0c0-752b-7c7f863d1df1,3f87d147-04c5-93fc-37f6-6343c972be35,6df3b9f5-dec6-d891-7ee6-e22e1cf34fad,fd40db72-259e-a2c9-ccee-db7522824e5b,e1982368-275b-97fc-4174-151084428a94,273e849a-dc05-a8c3-0281-c8a2e827318d,5cd8d703-abee-3948-b6a3-3b7f3232a166,bd155994-0316-6a21-8dae-5d670006ab46,2ff3093c-53e8-9814-d2a8-c58f6c866dbb"
"2026-05-23T04:53:43.000+0000",MASTERCARD,"VISA,MASTERCARD","1779512024.318",ERROR,"INFO,ERROR,EXIT","01/27","01/27,02/27,03/27,04/27,05/27,06/27,07/27,08/27,09/27,10/27,11/27,12/27",1318,1779512023,"fb061221-316e-c954-1422-57bb4f6b9a46","d24481dd-66b0-1408-8e57-e95689202eb9
ece1a9ae-ffd4-aa16-ba60-f4aaf994a432
f6669f7b-58ec-429f-30e4-b854d25735fa
6f77c1f5-b663-996c-c336-72c1d5493d4b
fb061221-316e-c954-1422-57bb4f6b9a46
a0bcc770-67eb-ddb1-2e42-b9b81a701feb
1933364a-bd6f-e0c0-752b-7c7f863d1df1
3f87d147-04c5-93fc-37f6-6343c972be35
6df3b9f5-dec6-d891-7ee6-e22e1cf34fad
fd40db72-259e-a2c9-ccee-db7522824e5b
e1982368-275b-97fc-4174-151084428a94
273e849a-dc05-a8c3-0281-c8a2e827318d
5cd8d703-abee-3948-b6a3-3b7f3232a166
bd155994-0316-6a21-8dae-5d670006ab46
2ff3093c-53e8-9814-d2a8-c58f6c866dbb","d24481dd-66b0-1408-8e57-e95689202eb9,ece1a9ae-ffd4-aa16-ba60-f4aaf994a432,f6669f7b-58ec-429f-30e4-b854d25735fa,6f77c1f5-b663-996c-c336-72c1d5493d4b,fb061221-316e-c954-1422-57bb4f6b9a46,a0bcc770-67eb-ddb1-2e42-b9b81a701feb,1933364a-bd6f-e0c0-752b-7c7f863d1df1,3f87d147-04c5-93fc-37f6-6343c972be35,6df3b9f5-dec6-d891-7ee6-e22e1cf34fad,fd40db72-259e-a2c9-ccee-db7522824e5b,e1982368-275b-97fc-4174-151084428a94,273e849a-dc05-a8c3-0281-c8a2e827318d,5cd8d703-abee-3948-b6a3-3b7f3232a166,bd155994-0316-6a21-8dae-5d670006ab46,2ff3093c-53e8-9814-d2a8-c58f6c866dbb"
"2026-05-22T15:07:05.000+0000",MASTERCARD,"VISA,MASTERCARD","1779462425.819",EXIT,"INFO,ERROR,EXIT","01/27","01/27,02/27,03/27,04/27,05/27,06/27,07/27,08/27,09/27,10/27,11/27,12/27",819,1779462425,"1933364a-bd6f-e0c0-752b-7c7f863d1df1","d24481dd-66b0-1408-8e57-e95689202eb9
ece1a9ae-ffd4-aa16-ba60-f4aaf994a432
f6669f7b-58ec-429f-30e4-b854d25735fa
6f77c1f5-b663-996c-c336-72c1d5493d4b
fb061221-316e-c954-1422-57bb4f6b9a46
a0bcc770-67eb-ddb1-2e42-b9b81a701feb
1933364a-bd6f-e0c0-752b-7c7f863d1df1
3f87d147-04c5-93fc-37f6-6343c972be35
6df3b9f5-dec6-d891-7ee6-e22e1cf34fad
fd40db72-259e-a2c9-ccee-db7522824e5b
e1982368-275b-97fc-4174-151084428a94
273e849a-dc05-a8c3-0281-c8a2e827318d
5cd8d703-abee-3948-b6a3-3b7f3232a166
bd155994-0316-6a21-8dae-5d670006ab46
2ff3093c-53e8-9814-d2a8-c58f6c866dbb","d24481dd-66b0-1408-8e57-e95689202eb9,ece1a9ae-ffd4-aa16-ba60-f4aaf994a432,f6669f7b-58ec-429f-30e4-b854d25735fa,6f77c1f5-b663-996c-c336-72c1d5493d4b,fb061221-316e-c954-1422-57bb4f6b9a46,a0bcc770-67eb-ddb1-2e42-b9b81a701feb,1933364a-bd6f-e0c0-752b-7c7f863d1df1,3f87d147-04c5-93fc-37f6-6343c972be35,6df3b9f5-dec6-d891-7ee6-e22e1cf34fad,fd40db72-259e-a2c9-ccee-db7522824e5b,e1982368-275b-97fc-4174-151084428a94,273e849a-dc05-a8c3-0281-c8a2e827318d,5cd8d703-abee-3948-b6a3-3b7f3232a166,bd155994-0316-6a21-8dae-5d670006ab46,2ff3093c-53e8-9814-d2a8-c58f6c866dbb"
"2026-05-22T11:30:32.000+0000",VISA,"VISA,MASTERCARD","1779449432.58",ERROR,"INFO,ERROR,EXIT","08/27","01/27,02/27,03/27,04/27,05/27,06/27,07/27,08/27,09/27,10/27,11/27,12/27",580,1779449432,"d24481dd-66b0-1408-8e57-e95689202eb9","d24481dd-66b0-1408-8e57-e95689202eb9
ece1a9ae-ffd4-aa16-ba60-f4aaf994a432
f6669f7b-58ec-429f-30e4-b854d25735fa
6f77c1f5-b663-996c-c336-72c1d5493d4b
fb061221-316e-c954-1422-57bb4f6b9a46
a0bcc770-67eb-ddb1-2e42-b9b81a701feb
1933364a-bd6f-e0c0-752b-7c7f863d1df1
3f87d147-04c5-93fc-37f6-6343c972be35
6df3b9f5-dec6-d891-7ee6-e22e1cf34fad
fd40db72-259e-a2c9-ccee-db7522824e5b
e1982368-275b-97fc-4174-151084428a94
273e849a-dc05-a8c3-0281-c8a2e827318d
5cd8d703-abee-3948-b6a3-3b7f3232a166
bd155994-0316-6a21-8dae-5d670006ab46
2ff3093c-53e8-9814-d2a8-c58f6c866dbb","d24481dd-66b0-1408-8e57-e95689202eb9,ece1a9ae-ffd4-aa16-ba60-f4aaf994a432,f6669f7b-58ec-429f-30e4-b854d25735fa,6f77c1f5-b663-996c-c336-72c1d5493d4b,fb061221-316e-c954-1422-57bb4f6b9a46,a0bcc770-67eb-ddb1-2e42-b9b81a701feb,1933364a-bd6f-e0c0-752b-7c7f863d1df1,3f87d147-04c5-93fc-37f6-6343c972be35,6df3b9f5-dec6-d891-7ee6-e22e1cf34fad,fd40db72-259e-a2c9-ccee-db7522824e5b,e1982368-275b-97fc-4174-151084428a94,273e849a-dc05-a8c3-0281-c8a2e827318d,5cd8d703-abee-3948-b6a3-3b7f3232a166,bd155994-0316-6a21-8dae-5d670006ab46,2ff3093c-53e8-9814-d2a8-c58f6c866dbb"
"2026-05-23T15:11:20.000+0000",VISA,"VISA,MASTERCARD","1779549081.172",ERROR,"INFO,ERROR,EXIT","03/27","01/27,02/27,03/27,04/27,05/27,06/27,07/27,08/27,09/27,10/27,11/27,12/27",1172,1779549080,"d24481dd-66b0-1408-8e57-e95689202eb9","d24481dd-66b0-1408-8e57-e95689202eb9
ece1a9ae-ffd4-aa16-ba60-f4aaf994a432
f6669f7b-58ec-429f-30e4-b854d25735fa
6f77c1f5-b663-996c-c336-72c1d5493d4b
fb061221-316e-c954-1422-57bb4f6b9a46
a0bcc770-67eb-ddb1-2e42-b9b81a701feb
1933364a-bd6f-e0c0-752b-7c7f863d1df1
3f87d147-04c5-93fc-37f6-6343c972be35
6df3b9f5-dec6-d891-7ee6-e22e1cf34fad
fd40db72-259e-a2c9-ccee-db7522824e5b
e1982368-275b-97fc-4174-151084428a94
273e849a-dc05-a8c3-0281-c8a2e827318d
5cd8d703-abee-3948-b6a3-3b7f3232a166
bd155994-0316-6a21-8dae-5d670006ab46
2ff3093c-53e8-9814-d2a8-c58f6c866dbb","d24481dd-66b0-1408-8e57-e95689202eb9,ece1a9ae-ffd4-aa16-ba60-f4aaf994a432,f6669f7b-58ec-429f-30e4-b854d25735fa,6f77c1f5-b663-996c-c336-72c1d5493d4b,fb061221-316e-c954-1422-57bb4f6b9a46,a0bcc770-67eb-ddb1-2e42-b9b81a701feb,1933364a-bd6f-e0c0-752b-7c7f863d1df1,3f87d147-04c5-93fc-37f6-6343c972be35,6df3b9f5-dec6-d891-7ee6-e22e1cf34fad,fd40db72-259e-a2c9-ccee-db7522824e5b,e1982368-275b-97fc-4174-151084428a94,273e849a-dc05-a8c3-0281-c8a2e827318d,5cd8d703-abee-3948-b6a3-3b7f3232a166,bd155994-0316-6a21-8dae-5d670006ab46,2ff3093c-53e8-9814-d2a8-c58f6c866dbb"
"2026-05-23T14:19:22.000+0000",MASTERCARD,"VISA,MASTERCARD","1779545962.137",EXIT,"INFO,ERROR,EXIT","12/27","01/27,02/27,03/27,04/27,05/27,06/27,07/27,08/27,09/27,10/27,11/27,12/27",137,1779545962,"273e849a-dc05-a8c3-0281-c8a2e827318d","d24481dd-66b0-1408-8e57-e95689202eb9
ece1a9ae-ffd4-aa16-ba60-f4aaf994a432
f6669f7b-58ec-429f-30e4-b854d25735fa
6f77c1f5-b663-996c-c336-72c1d5493d4b
fb061221-316e-c954-1422-57bb4f6b9a46
a0bcc770-67eb-ddb1-2e42-b9b81a701feb
1933364a-bd6f-e0c0-752b-7c7f863d1df1
3f87d147-04c5-93fc-37f6-6343c972be35
6df3b9f5-dec6-d891-7ee6-e22e1cf34fad
fd40db72-259e-a2c9-ccee-db7522824e5b
e1982368-275b-97fc-4174-151084428a94
273e849a-dc05-a8c3-0281-c8a2e827318d
5cd8d703-abee-3948-b6a3-3b7f3232a166
bd155994-0316-6a21-8dae-5d670006ab46
2ff3093c-53e8-9814-d2a8-c58f6c866dbb","d24481dd-66b0-1408-8e57-e95689202eb9,ece1a9ae-ffd4-aa16-ba60-f4aaf994a432,f6669f7b-58ec-429f-30e4-b854d25735fa,6f77c1f5-b663-996c-c336-72c1d5493d4b,fb061221-316e-c954-1422-57bb4f6b9a46,a0bcc770-67eb-ddb1-2e42-b9b81a701feb,1933364a-bd6f-e0c0-752b-7c7f863d1df1,3f87d147-04c5-93fc-37f6-6343c972be35,6df3b9f5-dec6-d891-7ee6-e22e1cf34fad,fd40db72-259e-a2c9-ccee-db7522824e5b,e1982368-275b-97fc-4174-151084428a94,273e849a-dc05-a8c3-0281-c8a2e827318d,5cd8d703-abee-3948-b6a3-3b7f3232a166,bd155994-0316-6a21-8dae-5d670006ab46,2ff3093c-53e8-9814-d2a8-c58f6c866dbb"
"2026-05-21T20:48:36.000+0000",VISA,"VISA,MASTERCARD","1779396516.062",ERROR,"INFO,ERROR,EXIT","02/27","01/27,02/27,03/27,04/27,05/27,06/27,07/27,08/27,09/27,10/27,11/27,12/27",62,1779396516,"ece1a9ae-ffd4-aa16-ba60-f4aaf994a432","d24481dd-66b0-1408-8e57-e95689202eb9
ece1a9ae-ffd4-aa16-ba60-f4aaf994a432
f6669f7b-58ec-429f-30e4-b854d25735fa
6f77c1f5-b663-996c-c336-72c1d5493d4b
fb061221-316e-c954-1422-57bb4f6b9a46
a0bcc770-67eb-ddb1-2e42-b9b81a701feb
1933364a-bd6f-e0c0-752b-7c7f863d1df1
3f87d147-04c5-93fc-37f6-6343c972be35
6df3b9f5-dec6-d891-7ee6-e22e1cf34fad
fd40db72-259e-a2c9-ccee-db7522824e5b
e1982368-275b-97fc-4174-151084428a94
273e849a-dc05-a8c3-0281-c8a2e827318d
5cd8d703-abee-3948-b6a3-3b7f3232a166
bd155994-0316-6a21-8dae-5d670006ab46
2ff3093c-53e8-9814-d2a8-c58f6c866dbb","d24481dd-66b0-1408-8e57-e95689202eb9,ece1a9ae-ffd4-aa16-ba60-f4aaf994a432,f6669f7b-58ec-429f-30e4-b854d25735fa,6f77c1f5-b663-996c-c336-72c1d5493d4b,fb061221-316e-c954-1422-57bb4f6b9a46,a0bcc770-67eb-ddb1-2e42-b9b81a701feb,1933364a-bd6f-e0c0-752b-7c7f863d1df1,3f87d147-04c5-93fc-37f6-6343c972be35,6df3b9f5-dec6-d891-7ee6-e22e1cf34fad,fd40db72-259e-a2c9-ccee-db7522824e5b,e1982368-275b-97fc-4174-151084428a94,273e849a-dc05-a8c3-0281-c8a2e827318d,5cd8d703-abee-3948-b6a3-3b7f3232a166,bd155994-0316-6a21-8dae-5d670006ab46,2ff3093c-53e8-9814-d2a8-c58f6c866dbb"
"2026-05-25T22:32:29.000+0000",VISA,"VISA,MASTERCARD","1779748349.759",INFO,"INFO,ERROR,EXIT","07/27","01/27,02/27,03/27,04/27,05/27,06/27,07/27,08/27,09/27,10/27,11/27,12/27",759,1779748349,"3f87d147-04c5-93fc-37f6-6343c972be35","d24481dd-66b0-1408-8e57-e95689202eb9
ece1a9ae-ffd4-aa16-ba60-f4aaf994a432
f6669f7b-58ec-429f-30e4-b854d25735fa
6f77c1f5-b663-996c-c336-72c1d5493d4b
fb061221-316e-c954-1422-57bb4f6b9a46
a0bcc770-67eb-ddb1-2e42-b9b81a701feb
1933364a-bd6f-e0c0-752b-7c7f863d1df1
3f87d147-04c5-93fc-37f6-6343c972be35
6df3b9f5-dec6-d891-7ee6-e22e1cf34fad
fd40db72-259e-a2c9-ccee-db7522824e5b
e1982368-275b-97fc-4174-151084428a94
273e849a-dc05-a8c3-0281-c8a2e827318d
5cd8d703-abee-3948-b6a3-3b7f3232a166
bd155994-0316-6a21-8dae-5d670006ab46
2ff3093c-53e8-9814-d2a8-c58f6c866dbb","d24481dd-66b0-1408-8e57-e95689202eb9,ece1a9ae-ffd4-aa16-ba60-f4aaf994a432,f6669f7b-58ec-429f-30e4-b854d25735fa,6f77c1f5-b663-996c-c336-72c1d5493d4b,fb061221-316e-c954-1422-57bb4f6b9a46,a0bcc770-67eb-ddb1-2e42-b9b81a701feb,1933364a-bd6f-e0c0-752b-7c7f863d1df1,3f87d147-04c5-93fc-37f6-6343c972be35,6df3b9f5-dec6-d891-7ee6-e22e1cf34fad,fd40db72-259e-a2c9-ccee-db7522824e5b,e1982368-275b-97fc-4174-151084428a94,273e849a-dc05-a8c3-0281-c8a2e827318d,5cd8d703-abee-3948-b6a3-3b7f3232a166,bd155994-0316-6a21-8dae-5d670006ab46,2ff3093c-53e8-9814-d2a8-c58f6c866dbb"
"2026-05-25T09:33:00.000+0000",MASTERCARD,"VISA,MASTERCARD","1779701580.478",INFO,"INFO,ERROR,EXIT","07/27","01/27,02/27,03/27,04/27,05/27,06/27,07/27,08/27,09/27,10/27,11/27,12/27",478,1779701580,"fd40db72-259e-a2c9-ccee-db7522824e5b","d24481dd-66b0-1408-8e57-e95689202eb9
ece1a9ae-ffd4-aa16-ba60-f4aaf994a432
f6669f7b-58ec-429f-30e4-b854d25735fa
6f77c1f5-b663-996c-c336-72c1d5493d4b
fb061221-316e-c954-1422-57bb4f6b9a46
a0bcc770-67eb-ddb1-2e42-b9b81a701feb
1933364a-bd6f-e0c0-752b-7c7f863d1df1
3f87d147-04c5-93fc-37f6-6343c972be35
6df3b9f5-dec6-d891-7ee6-e22e1cf34fad
fd40db72-259e-a2c9-ccee-db7522824e5b
e1982368-275b-97fc-4174-151084428a94
273e849a-dc05-a8c3-0281-c8a2e827318d
5cd8d703-abee-3948-b6a3-3b7f3232a166
bd155994-0316-6a21-8dae-5d670006ab46
2ff3093c-53e8-9814-d2a8-c58f6c866dbb","d24481dd-66b0-1408-8e57-e95689202eb9,ece1a9ae-ffd4-aa16-ba60-f4aaf994a432,f6669f7b-58ec-429f-30e4-b854d25735fa,6f77c1f5-b663-996c-c336-72c1d5493d4b,fb061221-316e-c954-1422-57bb4f6b9a46,a0bcc770-67eb-ddb1-2e42-b9b81a701feb,1933364a-bd6f-e0c0-752b-7c7f863d1df1,3f87d147-04c5-93fc-37f6-6343c972be35,6df3b9f5-dec6-d891-7ee6-e22e1cf34fad,fd40db72-259e-a2c9-ccee-db7522824e5b,e1982368-275b-97fc-4174-151084428a94,273e849a-dc05-a8c3-0281-c8a2e827318d,5cd8d703-abee-3948-b6a3-3b7f3232a166,bd155994-0316-6a21-8dae-5d670006ab46,2ff3093c-53e8-9814-d2a8-c58f6c866dbb"
"2026-05-22T21:32:37.000+0000",MASTERCARD,"VISA,MASTERCARD","1779485558.474",ERROR,"INFO,ERROR,EXIT","10/27","01/27,02/27,03/27,04/27,05/27,06/27,07/27,08/27,09/27,10/27,11/27,12/27",1474,1779485557,"273e849a-dc05-a8c3-0281-c8a2e827318d","d24481dd-66b0-1408-8e57-e95689202eb9
ece1a9ae-ffd4-aa16-ba60-f4aaf994a432
f6669f7b-58ec-429f-30e4-b854d25735fa
6f77c1f5-b663-996c-c336-72c1d5493d4b
fb061221-316e-c954-1422-57bb4f6b9a46
a0bcc770-67eb-ddb1-2e42-b9b81a701feb
1933364a-bd6f-e0c0-752b-7c7f863d1df1
3f87d147-04c5-93fc-37f6-6343c972be35
6df3b9f5-dec6-d891-7ee6-e22e1cf34fad
fd40db72-259e-a2c9-ccee-db7522824e5b
e1982368-275b-97fc-4174-151084428a94
273e849a-dc05-a8c3-0281-c8a2e827318d
5cd8d703-abee-3948-b6a3-3b7f3232a166
bd155994-0316-6a21-8dae-5d670006ab46
2ff3093c-53e8-9814-d2a8-c58f6c866dbb","d24481dd-66b0-1408-8e57-e95689202eb9,ece1a9ae-ffd4-aa16-ba60-f4aaf994a432,f6669f7b-58ec-429f-30e4-b854d25735fa,6f77c1f5-b663-996c-c336-72c1d5493d4b,fb061221-316e-c954-1422-57bb4f6b9a46,a0bcc770-67eb-ddb1-2e42-b9b81a701feb,1933364a-bd6f-e0c0-752b-7c7f863d1df1,3f87d147-04c5-93fc-37f6-6343c972be35,6df3b9f5-dec6-d891-7ee6-e22e1cf34fad,fd40db72-259e-a2c9-ccee-db7522824e5b,e1982368-275b-97fc-4174-151084428a94,273e849a-dc05-a8c3-0281-c8a2e827318d,5cd8d703-abee-3948-b6a3-3b7f3232a166,bd155994-0316-6a21-8dae-5d670006ab46,2ff3093c-53e8-9814-d2a8-c58f6c866dbb"
"2026-05-24T23:14:13.000+0000",MASTERCARD,"VISA,MASTERCARD","1779664453.288",INFO,"INFO,ERROR,EXIT","08/27","01/27,02/27,03/27,04/27,05/27,06/27,07/27,08/27,09/27,10/27,11/27,12/27",288,1779664453,"5cd8d703-abee-3948-b6a3-3b7f3232a166","d24481dd-66b0-1408-8e57-e95689202eb9
ece1a9ae-ffd4-aa16-ba60-f4aaf994a432
f6669f7b-58ec-429f-30e4-b854d25735fa
6f77c1f5-b663-996c-c336-72c1d5493d4b
fb061221-316e-c954-1422-57bb4f6b9a46
a0bcc770-67eb-ddb1-2e42-b9b81a701feb
1933364a-bd6f-e0c0-752b-7c7f863d1df1
3f87d147-04c5-93fc-37f6-6343c972be35
6df3b9f5-dec6-d891-7ee6-e22e1cf34fad
fd40db72-259e-a2c9-ccee-db7522824e5b
e1982368-275b-97fc-4174-151084428a94
273e849a-dc05-a8c3-0281-c8a2e827318d
5cd8d703-abee-3948-b6a3-3b7f3232a166
bd155994-0316-6a21-8dae-5d670006ab46
2ff3093c-53e8-9814-d2a8-c58f6c866dbb","d24481dd-66b0-1408-8e57-e95689202eb9,ece1a9ae-ffd4-aa16-ba60-f4aaf994a432,f6669f7b-58ec-429f-30e4-b854d25735fa,6f77c1f5-b663-996c-c336-72c1d5493d4b,fb061221-316e-c954-1422-57bb4f6b9a46,a0bcc770-67eb-ddb1-2e42-b9b81a701feb,1933364a-bd6f-e0c0-752b-7c7f863d1df1,3f87d147-04c5-93fc-37f6-6343c972be35,6df3b9f5-dec6-d891-7ee6-e22e1cf34fad,fd40db72-259e-a2c9-ccee-db7522824e5b,e1982368-275b-97fc-4174-151084428a94,273e849a-dc05-a8c3-0281-c8a2e827318d,5cd8d703-abee-3948-b6a3-3b7f3232a166,bd155994-0316-6a21-8dae-5d670006ab46,2ff3093c-53e8-9814-d2a8-c58f6c866dbb"
"2026-05-23T18:05:15.000+0000",VISA,"VISA,MASTERCARD","1779559515.983",INFO,"INFO,ERROR,EXIT","06/27","01/27,02/27,03/27,04/27,05/27,06/27,07/27,08/27,09/27,10/27,11/27,12/27",983,1779559515,"6f77c1f5-b663-996c-c336-72c1d5493d4b","d24481dd-66b0-1408-8e57-e95689202eb9
ece1a9ae-ffd4-aa16-ba60-f4aaf994a432
f6669f7b-58ec-429f-30e4-b854d25735fa
6f77c1f5-b663-996c-c336-72c1d5493d4b
fb061221-316e-c954-1422-57bb4f6b9a46
a0bcc770-67eb-ddb1-2e42-b9b81a701feb
1933364a-bd6f-e0c0-752b-7c7f863d1df1
3f87d147-04c5-93fc-37f6-6343c972be35
6df3b9f5-dec6-d891-7ee6-e22e1cf34fad
fd40db72-259e-a2c9-ccee-db7522824e5b
e1982368-275b-97fc-4174-151084428a94
273e849a-dc05-a8c3-0281-c8a2e827318d
5cd8d703-abee-3948-b6a3-3b7f3232a166
bd155994-0316-6a21-8dae-5d670006ab46
2ff3093c-53e8-9814-d2a8-c58f6c866dbb","d24481dd-66b0-1408-8e57-e95689202eb9,ece1a9ae-ffd4-aa16-ba60-f4aaf994a432,f6669f7b-58ec-429f-30e4-b854d25735fa,6f77c1f5-b663-996c-c336-72c1d5493d4b,fb061221-316e-c954-1422-57bb4f6b9a46,a0bcc770-67eb-ddb1-2e42-b9b81a701feb,1933364a-bd6f-e0c0-752b-7c7f863d1df1,3f87d147-04c5-93fc-37f6-6343c972be35,6df3b9f5-dec6-d891-7ee6-e22e1cf34fad,fd40db72-259e-a2c9-ccee-db7522824e5b,e1982368-275b-97fc-4174-151084428a94,273e849a-dc05-a8c3-0281-c8a2e827318d,5cd8d703-abee-3948-b6a3-3b7f3232a166,bd155994-0316-6a21-8dae-5d670006ab46,2ff3093c-53e8-9814-d2a8-c58f6c866dbb"
"2026-05-25T16:13:10.000+0000",VISA,"VISA,MASTERCARD","1779725590.721",EXIT,"INFO,ERROR,EXIT","05/27","01/27,02/27,03/27,04/27,05/27,06/27,07/27,08/27,09/27,10/27,11/27,12/27",721,1779725590,"6f77c1f5-b663-996c-c336-72c1d5493d4b","d24481dd-66b0-1408-8e57-e95689202eb9
ece1a9ae-ffd4-aa16-ba60-f4aaf994a432
f6669f7b-58ec-429f-30e4-b854d25735fa
6f77c1f5-b663-996c-c336-72c1d5493d4b
fb061221-316e-c954-1422-57bb4f6b9a46
a0bcc770-67eb-ddb1-2e42-b9b81a701feb
1933364a-bd6f-e0c0-752b-7c7f863d1df1
3f87d147-04c5-93fc-37f6-6343c972be35
6df3b9f5-dec6-d891-7ee6-e22e1cf34fad
fd40db72-259e-a2c9-ccee-db7522824e5b
e1982368-275b-97fc-4174-151084428a94
273e849a-dc05-a8c3-0281-c8a2e827318d
5cd8d703-abee-3948-b6a3-3b7f3232a166
bd155994-0316-6a21-8dae-5d670006ab46
2ff3093c-53e8-9814-d2a8-c58f6c866dbb","d24481dd-66b0-1408-8e57-e95689202eb9,ece1a9ae-ffd4-aa16-ba60-f4aaf994a432,f6669f7b-58ec-429f-30e4-b854d25735fa,6f77c1f5-b663-996c-c336-72c1d5493d4b,fb061221-316e-c954-1422-57bb4f6b9a46,a0bcc770-67eb-ddb1-2e42-b9b81a701feb,1933364a-bd6f-e0c0-752b-7c7f863d1df1,3f87d147-04c5-93fc-37f6-6343c972be35,6df3b9f5-dec6-d891-7ee6-e22e1cf34fad,fd40db72-259e-a2c9-ccee-db7522824e5b,e1982368-275b-97fc-4174-151084428a94,273e849a-dc05-a8c3-0281-c8a2e827318d,5cd8d703-abee-3948-b6a3-3b7f3232a166,bd155994-0316-6a21-8dae-5d670006ab46,2ff3093c-53e8-9814-d2a8-c58f6c866dbb"
"2026-05-23T14:38:12.000+0000",MASTERCARD,"VISA,MASTERCARD","1779547092.34",EXIT,"INFO,ERROR,EXIT","07/27","01/27,02/27,03/27,04/27,05/27,06/27,07/27,08/27,09/27,10/27,11/27,12/27",340,1779547092,"ece1a9ae-ffd4-aa16-ba60-f4aaf994a432","d24481dd-66b0-1408-8e57-e95689202eb9
ece1a9ae-ffd4-aa16-ba60-f4aaf994a432
f6669f7b-58ec-429f-30e4-b854d25735fa
6f77c1f5-b663-996c-c336-72c1d5493d4b
fb061221-316e-c954-1422-57bb4f6b9a46
a0bcc770-67eb-ddb1-2e42-b9b81a701feb
1933364a-bd6f-e0c0-752b-7c7f863d1df1
3f87d147-04c5-93fc-37f6-6343c972be35
6df3b9f5-dec6-d891-7ee6-e22e1cf34fad
fd40db72-259e-a2c9-ccee-db7522824e5b
e1982368-275b-97fc-4174-151084428a94
273e849a-dc05-a8c3-0281-c8a2e827318d
5cd8d703-abee-3948-b6a3-3b7f3232a166
bd155994-0316-6a21-8dae-5d670006ab46
2ff3093c-53e8-9814-d2a8-c58f6c866dbb","d24481dd-66b0-1408-8e57-e95689202eb9,ece1a9ae-ffd4-aa16-ba60-f4aaf994a432,f6669f7b-58ec-429f-30e4-b854d25735fa,6f77c1f5-b663-996c-c336-72c1d5493d4b,fb061221-316e-c954-1422-57bb4f6b9a46,a0bcc770-67eb-ddb1-2e42-b9b81a701feb,1933364a-bd6f-e0c0-752b-7c7f863d1df1,3f87d147-04c5-93fc-37f6-6343c972be35,6df3b9f5-dec6-d891-7ee6-e22e1cf34fad,fd40db72-259e-a2c9-ccee-db7522824e5b,e1982368-275b-97fc-4174-151084428a94,273e849a-dc05-a8c3-0281-c8a2e827318d,5cd8d703-abee-3948-b6a3-3b7f3232a166,bd155994-0316-6a21-8dae-5d670006ab46,2ff3093c-53e8-9814-d2a8-c58f6c866dbb"
"2026-05-24T15:23:45.000+0000",MASTERCARD,"VISA,MASTERCARD","1779636225.084",ERROR,"INFO,ERROR,EXIT","11/27","01/27,02/27,03/27,04/27,05/27,06/27,07/27,08/27,09/27,10/27,11/27,12/27",84,1779636225,"2ff3093c-53e8-9814-d2a8-c58f6c866dbb","d24481dd-66b0-1408-8e57-e95689202eb9
ece1a9ae-ffd4-aa16-ba60-f4aaf994a432
f6669f7b-58ec-429f-30e4-b854d25735fa
6f77c1f5-b663-996c-c336-72c1d5493d4b
fb061221-316e-c954-1422-57bb4f6b9a46
a0bcc770-67eb-ddb1-2e42-b9b81a701feb
1933364a-bd6f-e0c0-752b-7c7f863d1df1
3f87d147-04c5-93fc-37f6-6343c972be35
6df3b9f5-dec6-d891-7ee6-e22e1cf34fad
fd40db72-259e-a2c9-ccee-db7522824e5b
e1982368-275b-97fc-4174-151084428a94
273e849a-dc05-a8c3-0281-c8a2e827318d
5cd8d703-abee-3948-b6a3-3b7f3232a166
bd155994-0316-6a21-8dae-5d670006ab46
2ff3093c-53e8-9814-d2a8-c58f6c866dbb","d24481dd-66b0-1408-8e57-e95689202eb9,ece1a9ae-ffd4-aa16-ba60-f4aaf994a432,f6669f7b-58ec-429f-30e4-b854d25735fa,6f77c1f5-b663-996c-c336-72c1d5493d4b,fb061221-316e-c954-1422-57bb4f6b9a46,a0bcc770-67eb-ddb1-2e42-b9b81a701feb,1933364a-bd6f-e0c0-752b-7c7f863d1df1,3f87d147-04c5-93fc-37f6-6343c972be35,6df3b9f5-dec6-d891-7ee6-e22e1cf34fad,fd40db72-259e-a2c9-ccee-db7522824e5b,e1982368-275b-97fc-4174-151084428a94,273e849a-dc05-a8c3-0281-c8a2e827318d,5cd8d703-abee-3948-b6a3-3b7f3232a166,bd155994-0316-6a21-8dae-5d670006ab46,2ff3093c-53e8-9814-d2a8-c58f6c866dbb"
"2026-05-23T10:39:04.000+0000",VISA,"VISA,MASTERCARD","1779532745.54",EXIT,"INFO,ERROR,EXIT","08/27","01/27,02/27,03/27,04/27,05/27,06/27,07/27,08/27,09/27,10/27,11/27,12/27",1540,1779532744,"d24481dd-66b0-1408-8e57-e95689202eb9","d24481dd-66b0-1408-8e57-e95689202eb9
ece1a9ae-ffd4-aa16-ba60-f4aaf994a432
f6669f7b-58ec-429f-30e4-b854d25735fa
6f77c1f5-b663-996c-c336-72c1d5493d4b
fb061221-316e-c954-1422-57bb4f6b9a46
a0bcc770-67eb-ddb1-2e42-b9b81a701feb
1933364a-bd6f-e0c0-752b-7c7f863d1df1
3f87d147-04c5-93fc-37f6-6343c972be35
6df3b9f5-dec6-d891-7ee6-e22e1cf34fad
fd40db72-259e-a2c9-ccee-db7522824e5b
e1982368-275b-97fc-4174-151084428a94
273e849a-dc05-a8c3-0281-c8a2e827318d
5cd8d703-abee-3948-b6a3-3b7f3232a166
bd155994-0316-6a21-8dae-5d670006ab46
2ff3093c-53e8-9814-d2a8-c58f6c866dbb","d24481dd-66b0-1408-8e57-e95689202eb9,ece1a9ae-ffd4-aa16-ba60-f4aaf994a432,f6669f7b-58ec-429f-30e4-b854d25735fa,6f77c1f5-b663-996c-c336-72c1d5493d4b,fb061221-316e-c954-1422-57bb4f6b9a46,a0bcc770-67eb-ddb1-2e42-b9b81a701feb,1933364a-bd6f-e0c0-752b-7c7f863d1df1,3f87d147-04c5-93fc-37f6-6343c972be35,6df3b9f5-dec6-d891-7ee6-e22e1cf34fad,fd40db72-259e-a2c9-ccee-db7522824e5b,e1982368-275b-97fc-4174-151084428a94,273e849a-dc05-a8c3-0281-c8a2e827318d,5cd8d703-abee-3948-b6a3-3b7f3232a166,bd155994-0316-6a21-8dae-5d670006ab46,2ff3093c-53e8-9814-d2a8-c58f6c866dbb"
"2026-05-24T06:18:50.000+0000",VISA,"VISA,MASTERCARD","1779603530.311",ERROR,"INFO,ERROR,EXIT","01/27","01/27,02/27,03/27,04/27,05/27,06/27,07/27,08/27,09/27,10/27,11/27,12/27",311,1779603530,"a0bcc770-67eb-ddb1-2e42-b9b81a701feb","d24481dd-66b0-1408-8e57-e95689202eb9
ece1a9ae-ffd4-aa16-ba60-f4aaf994a432
f6669f7b-58ec-429f-30e4-b854d25735fa
6f77c1f5-b663-996c-c336-72c1d5493d4b
fb061221-316e-c954-1422-57bb4f6b9a46
a0bcc770-67eb-ddb1-2e42-b9b81a701feb
1933364a-bd6f-e0c0-752b-7c7f863d1df1
3f87d147-04c5-93fc-37f6-6343c972be35
6df3b9f5-dec6-d891-7ee6-e22e1cf34fad
fd40db72-259e-a2c9-ccee-db7522824e5b
e1982368-275b-97fc-4174-151084428a94
273e849a-dc05-a8c3-0281-c8a2e827318d
5cd8d703-abee-3948-b6a3-3b7f3232a166
bd155994-0316-6a21-8dae-5d670006ab46
2ff3093c-53e8-9814-d2a8-c58f6c866dbb","d24481dd-66b0-1408-8e57-e95689202eb9,ece1a9ae-ffd4-aa16-ba60-f4aaf994a432,f6669f7b-58ec-429f-30e4-b854d25735fa,6f77c1f5-b663-996c-c336-72c1d5493d4b,fb061221-316e-c954-1422-57bb4f6b9a46,a0bcc770-67eb-ddb1-2e42-b9b81a701feb,1933364a-bd6f-e0c0-752b-7c7f863d1df1,3f87d147-04c5-93fc-37f6-6343c972be35,6df3b9f5-dec6-d891-7ee6-e22e1cf34fad,fd40db72-259e-a2c9-ccee-db7522824e5b,e1982368-275b-97fc-4174-151084428a94,273e849a-dc05-a8c3-0281-c8a2e827318d,5cd8d703-abee-3948-b6a3-3b7f3232a166,bd155994-0316-6a21-8dae-5d670006ab46,2ff3093c-53e8-9814-d2a8-c58f6c866dbb"
"2026-05-22T21:30:16.000+0000",VISA,"VISA,MASTERCARD","1779485416.883",EXIT,"INFO,ERROR,EXIT","09/27","01/27,02/27,03/27,04/27,05/27,06/27,07/27,08/27,09/27,10/27,11/27,12/27",883,1779485416,"bd155994-0316-6a21-8dae-5d670006ab46","d24481dd-66b0-1408-8e57-e95689202eb9
ece1a9ae-ffd4-aa16-ba60-f4aaf994a432
f6669f7b-58ec-429f-30e4-b854d25735fa
6f77c1f5-b663-996c-c336-72c1d5493d4b
fb061221-316e-c954-1422-57bb4f6b9a46
a0bcc770-67eb-ddb1-2e42-b9b81a701feb
1933364a-bd6f-e0c0-752b-7c7f863d1df1
3f87d147-04c5-93fc-37f6-6343c972be35
6df3b9f5-dec6-d891-7ee6-e22e1cf34fad
fd40db72-259e-a2c9-ccee-db7522824e5b
e1982368-275b-97fc-4174-151084428a94
273e849a-dc05-a8c3-0281-c8a2e827318d
5cd8d703-abee-3948-b6a3-3b7f3232a166
bd155994-0316-6a21-8dae-5d670006ab46
2ff3093c-53e8-9814-d2a8-c58f6c866dbb","d24481dd-66b0-1408-8e57-e95689202eb9,ece1a9ae-ffd4-aa16-ba60-f4aaf994a432,f6669f7b-58ec-429f-30e4-b854d25735fa,6f77c1f5-b663-996c-c336-72c1d5493d4b,fb061221-316e-c954-1422-57bb4f6b9a46,a0bcc770-67eb-ddb1-2e42-b9b81a701feb,1933364a-bd6f-e0c0-752b-7c7f863d1df1,3f87d147-04c5-93fc-37f6-6343c972be35,6df3b9f5-dec6-d891-7ee6-e22e1cf34fad,fd40db72-259e-a2c9-ccee-db7522824e5b,e1982368-275b-97fc-4174-151084428a94,273e849a-dc05-a8c3-0281-c8a2e827318d,5cd8d703-abee-3948-b6a3-3b7f3232a166,bd155994-0316-6a21-8dae-5d670006ab46,2ff3093c-53e8-9814-d2a8-c58f6c866dbb"
"2026-05-23T12:50:21.000+0000",VISA,"VISA,MASTERCARD","1779540622.546",INFO,"INFO,ERROR,EXIT","07/27","01/27,02/27,03/27,04/27,05/27,06/27,07/27,08/27,09/27,10/27,11/27,12/27",1546,1779540621,"1933364a-bd6f-e0c0-752b-7c7f863d1df1","d24481dd-66b0-1408-8e57-e95689202eb9
ece1a9ae-ffd4-aa16-ba60-f4aaf994a432
f6669f7b-58ec-429f-30e4-b854d25735fa
6f77c1f5-b663-996c-c336-72c1d5493d4b
fb061221-316e-c954-1422-57bb4f6b9a46
a0bcc770-67eb-ddb1-2e42-b9b81a701feb
1933364a-bd6f-e0c0-752b-7c7f863d1df1
3f87d147-04c5-93fc-37f6-6343c972be35
6df3b9f5-dec6-d891-7ee6-e22e1cf34fad
fd40db72-259e-a2c9-ccee-db7522824e5b
e1982368-275b-97fc-4174-151084428a94
273e849a-dc05-a8c3-0281-c8a2e827318d
5cd8d703-abee-3948-b6a3-3b7f3232a166
bd155994-0316-6a21-8dae-5d670006ab46
2ff3093c-53e8-9814-d2a8-c58f6c866dbb","d24481dd-66b0-1408-8e57-e95689202eb9,ece1a9ae-ffd4-aa16-ba60-f4aaf994a432,f6669f7b-58ec-429f-30e4-b854d25735fa,6f77c1f5-b663-996c-c336-72c1d5493d4b,fb061221-316e-c954-1422-57bb4f6b9a46,a0bcc770-67eb-ddb1-2e42-b9b81a701feb,1933364a-bd6f-e0c0-752b-7c7f863d1df1,3f87d147-04c5-93fc-37f6-6343c972be35,6df3b9f5-dec6-d891-7ee6-e22e1cf34fad,fd40db72-259e-a2c9-ccee-db7522824e5b,e1982368-275b-97fc-4174-151084428a94,273e849a-dc05-a8c3-0281-c8a2e827318d,5cd8d703-abee-3948-b6a3-3b7f3232a166,bd155994-0316-6a21-8dae-5d670006ab46,2ff3093c-53e8-9814-d2a8-c58f6c866dbb"
"2026-05-22T21:41:49.000+0000",MASTERCARD,"VISA,MASTERCARD","1779486109.152",ERROR,"INFO,ERROR,EXIT","12/27","01/27,02/27,03/27,04/27,05/27,06/27,07/27,08/27,09/27,10/27,11/27,12/27",152,1779486109,"f6669f7b-58ec-429f-30e4-b854d25735fa","d24481dd-66b0-1408-8e57-e95689202eb9
ece1a9ae-ffd4-aa16-ba60-f4aaf994a432
f6669f7b-58ec-429f-30e4-b854d25735fa
6f77c1f5-b663-996c-c336-72c1d5493d4b
fb061221-316e-c954-1422-57bb4f6b9a46
a0bcc770-67eb-ddb1-2e42-b9b81a701feb
1933364a-bd6f-e0c0-752b-7c7f863d1df1
3f87d147-04c5-93fc-37f6-6343c972be35
6df3b9f5-dec6-d891-7ee6-e22e1cf34fad
fd40db72-259e-a2c9-ccee-db7522824e5b
e1982368-275b-97fc-4174-151084428a94
273e849a-dc05-a8c3-0281-c8a2e827318d
5cd8d703-abee-3948-b6a3-3b7f3232a166
bd155994-0316-6a21-8dae-5d670006ab46
2ff3093c-53e8-9814-d2a8-c58f6c866dbb","d24481dd-66b0-1408-8e57-e95689202eb9,ece1a9ae-ffd4-aa16-ba60-f4aaf994a432,f6669f7b-58ec-429f-30e4-b854d25735fa,6f77c1f5-b663-996c-c336-72c1d5493d4b,fb061221-316e-c954-1422-57bb4f6b9a46,a0bcc770-67eb-ddb1-2e42-b9b81a701feb,1933364a-bd6f-e0c0-752b-7c7f863d1df1,3f87d147-04c5-93fc-37f6-6343c972be35,6df3b9f5-dec6-d891-7ee6-e22e1cf34fad,fd40db72-259e-a2c9-ccee-db7522824e5b,e1982368-275b-97fc-4174-151084428a94,273e849a-dc05-a8c3-0281-c8a2e827318d,5cd8d703-abee-3948-b6a3-3b7f3232a166,bd155994-0316-6a21-8dae-5d670006ab46,2ff3093c-53e8-9814-d2a8-c58f6c866dbb"
"2026-05-22T11:01:35.000+0000",MASTERCARD,"VISA,MASTERCARD","1779447696.308",EXIT,"INFO,ERROR,EXIT","09/27","01/27,02/27,03/27,04/27,05/27,06/27,07/27,08/27,09/27,10/27,11/27,12/27",1308,1779447695,"6f77c1f5-b663-996c-c336-72c1d5493d4b","d24481dd-66b0-1408-8e57-e95689202eb9
ece1a9ae-ffd4-aa16-ba60-f4aaf994a432
f6669f7b-58ec-429f-30e4-b854d25735fa
6f77c1f5-b663-996c-c336-72c1d5493d4b
fb061221-316e-c954-1422-57bb4f6b9a46
a0bcc770-67eb-ddb1-2e42-b9b81a701feb
1933364a-bd6f-e0c0-752b-7c7f863d1df1
3f87d147-04c5-93fc-37f6-6343c972be35
6df3b9f5-dec6-d891-7ee6-e22e1cf34fad
fd40db72-259e-a2c9-ccee-db7522824e5b
e1982368-275b-97fc-4174-151084428a94
273e849a-dc05-a8c3-0281-c8a2e827318d
5cd8d703-abee-3948-b6a3-3b7f3232a166
bd155994-0316-6a21-8dae-5d670006ab46
2ff3093c-53e8-9814-d2a8-c58f6c866dbb","d24481dd-66b0-1408-8e57-e95689202eb9,ece1a9ae-ffd4-aa16-ba60-f4aaf994a432,f6669f7b-58ec-429f-30e4-b854d25735fa,6f77c1f5-b663-996c-c336-72c1d5493d4b,fb061221-316e-c954-1422-57bb4f6b9a46,a0bcc770-67eb-ddb1-2e42-b9b81a701feb,1933364a-bd6f-e0c0-752b-7c7f863d1df1,3f87d147-04c5-93fc-37f6-6343c972be35,6df3b9f5-dec6-d891-7ee6-e22e1cf34fad,fd40db72-259e-a2c9-ccee-db7522824e5b,e1982368-275b-97fc-4174-151084428a94,273e849a-dc05-a8c3-0281-c8a2e827318d,5cd8d703-abee-3948-b6a3-3b7f3232a166,bd155994-0316-6a21-8dae-5d670006ab46,2ff3093c-53e8-9814-d2a8-c58f6c866dbb"
"2026-05-24T05:04:33.000+0000",MASTERCARD,"VISA,MASTERCARD","1779599073.72",INFO,"INFO,ERROR,EXIT","06/27","01/27,02/27,03/27,04/27,05/27,06/27,07/27,08/27,09/27,10/27,11/27,12/27",720,1779599073,"e1982368-275b-97fc-4174-151084428a94","d24481dd-66b0-1408-8e57-e95689202eb9
ece1a9ae-ffd4-aa16-ba60-f4aaf994a432
f6669f7b-58ec-429f-30e4-b854d25735fa
6f77c1f5-b663-996c-c336-72c1d5493d4b
fb061221-316e-c954-1422-57bb4f6b9a46
a0bcc770-67eb-ddb1-2e42-b9b81a701feb
1933364a-bd6f-e0c0-752b-7c7f863d1df1
3f87d147-04c5-93fc-37f6-6343c972be35
6df3b9f5-dec6-d891-7ee6-e22e1cf34fad
fd40db72-259e-a2c9-ccee-db7522824e5b
e1982368-275b-97fc-4174-151084428a94
273e849a-dc05-a8c3-0281-c8a2e827318d
5cd8d703-abee-3948-b6a3-3b7f3232a166
bd155994-0316-6a21-8dae-5d670006ab46
2ff3093c-53e8-9814-d2a8-c58f6c866dbb","d24481dd-66b0-1408-8e57-e95689202eb9,ece1a9ae-ffd4-aa16-ba60-f4aaf994a432,f6669f7b-58ec-429f-30e4-b854d25735fa,6f77c1f5-b663-996c-c336-72c1d5493d4b,fb061221-316e-c954-1422-57bb4f6b9a46,a0bcc770-67eb-ddb1-2e42-b9b81a701feb,1933364a-bd6f-e0c0-752b-7c7f863d1df1,3f87d147-04c5-93fc-37f6-6343c972be35,6df3b9f5-dec6-d891-7ee6-e22e1cf34fad,fd40db72-259e-a2c9-ccee-db7522824e5b,e1982368-275b-97fc-4174-151084428a94,273e849a-dc05-a8c3-0281-c8a2e827318d,5cd8d703-abee-3948-b6a3-3b7f3232a166,bd155994-0316-6a21-8dae-5d670006ab46,2ff3093c-53e8-9814-d2a8-c58f6c866dbb"
"2026-05-23T15:33:51.000+0000",MASTERCARD,"VISA,MASTERCARD","1779550431.342",EXIT,"INFO,ERROR,EXIT","02/27","01/27,02/27,03/27,04/27,05/27,06/27,07/27,08/27,09/27,10/27,11/27,12/27",342,1779550431,"6df3b9f5-dec6-d891-7ee6-e22e1cf34fad","d24481dd-66b0-1408-8e57-e95689202eb9
ece1a9ae-ffd4-aa16-ba60-f4aaf994a432
f6669f7b-58ec-429f-30e4-b854d25735fa
6f77c1f5-b663-996c-c336-72c1d5493d4b
fb061221-316e-c954-1422-57bb4f6b9a46
a0bcc770-67eb-ddb1-2e42-b9b81a701feb
1933364a-bd6f-e0c0-752b-7c7f863d1df1
3f87d147-04c5-93fc-37f6-6343c972be35
6df3b9f5-dec6-d891-7ee6-e22e1cf34fad
fd40db72-259e-a2c9-ccee-db7522824e5b
e1982368-275b-97fc-4174-151084428a94
273e849a-dc05-a8c3-0281-c8a2e827318d
5cd8d703-abee-3948-b6a3-3b7f3232a166
bd155994-0316-6a21-8dae-5d670006ab46
2ff3093c-53e8-9814-d2a8-c58f6c866dbb","d24481dd-66b0-1408-8e57-e95689202eb9,ece1a9ae-ffd4-aa16-ba60-f4aaf994a432,f6669f7b-58ec-429f-30e4-b854d25735fa,6f77c1f5-b663-996c-c336-72c1d5493d4b,fb061221-316e-c954-1422-57bb4f6b9a46,a0bcc770-67eb-ddb1-2e42-b9b81a701feb,1933364a-bd6f-e0c0-752b-7c7f863d1df1,3f87d147-04c5-93fc-37f6-6343c972be35,6df3b9f5-dec6-d891-7ee6-e22e1cf34fad,fd40db72-259e-a2c9-ccee-db7522824e5b,e1982368-275b-97fc-4174-151084428a94,273e849a-dc05-a8c3-0281-c8a2e827318d,5cd8d703-abee-3948-b6a3-3b7f3232a166,bd155994-0316-6a21-8dae-5d670006ab46,2ff3093c-53e8-9814-d2a8-c58f6c866dbb"
"2026-05-25T15:32:17.000+0000",MASTERCARD,"VISA,MASTERCARD","1779723138.029",EXIT,"INFO,ERROR,EXIT","06/27","01/27,02/27,03/27,04/27,05/27,06/27,07/27,08/27,09/27,10/27,11/27,12/27",1029,1779723137,"d24481dd-66b0-1408-8e57-e95689202eb9","d24481dd-66b0-1408-8e57-e95689202eb9
ece1a9ae-ffd4-aa16-ba60-f4aaf994a432
f6669f7b-58ec-429f-30e4-b854d25735fa
6f77c1f5-b663-996c-c336-72c1d5493d4b
fb061221-316e-c954-1422-57bb4f6b9a46
a0bcc770-67eb-ddb1-2e42-b9b81a701feb
1933364a-bd6f-e0c0-752b-7c7f863d1df1
3f87d147-04c5-93fc-37f6-6343c972be35
6df3b9f5-dec6-d891-7ee6-e22e1cf34fad
fd40db72-259e-a2c9-ccee-db7522824e5b
e1982368-275b-97fc-4174-151084428a94
273e849a-dc05-a8c3-0281-c8a2e827318d
5cd8d703-abee-3948-b6a3-3b7f3232a166
bd155994-0316-6a21-8dae-5d670006ab46
2ff3093c-53e8-9814-d2a8-c58f6c866dbb","d24481dd-66b0-1408-8e57-e95689202eb9,ece1a9ae-ffd4-aa16-ba60-f4aaf994a432,f6669f7b-58ec-429f-30e4-b854d25735fa,6f77c1f5-b663-996c-c336-72c1d5493d4b,fb061221-316e-c954-1422-57bb4f6b9a46,a0bcc770-67eb-ddb1-2e42-b9b81a701feb,1933364a-bd6f-e0c0-752b-7c7f863d1df1,3f87d147-04c5-93fc-37f6-6343c972be35,6df3b9f5-dec6-d891-7ee6-e22e1cf34fad,fd40db72-259e-a2c9-ccee-db7522824e5b,e1982368-275b-97fc-4174-151084428a94,273e849a-dc05-a8c3-0281-c8a2e827318d,5cd8d703-abee-3948-b6a3-3b7f3232a166,bd155994-0316-6a21-8dae-5d670006ab46,2ff3093c-53e8-9814-d2a8-c58f6c866dbb"
"2026-05-23T05:54:09.000+0000",VISA,"VISA,MASTERCARD","1779515649.184",EXIT,"INFO,ERROR,EXIT","04/27","01/27,02/27,03/27,04/27,05/27,06/27,07/27,08/27,09/27,10/27,11/27,12/27",184,1779515649,"6f77c1f5-b663-996c-c336-72c1d5493d4b","d24481dd-66b0-1408-8e57-e95689202eb9
ece1a9ae-ffd4-aa16-ba60-f4aaf994a432
f6669f7b-58ec-429f-30e4-b854d25735fa
6f77c1f5-b663-996c-c336-72c1d5493d4b
fb061221-316e-c954-1422-57bb4f6b9a46
a0bcc770-67eb-ddb1-2e42-b9b81a701feb
1933364a-bd6f-e0c0-752b-7c7f863d1df1
3f87d147-04c5-93fc-37f6-6343c972be35
6df3b9f5-dec6-d891-7ee6-e22e1cf34fad
fd40db72-259e-a2c9-ccee-db7522824e5b
e1982368-275b-97fc-4174-151084428a94
273e849a-dc05-a8c3-0281-c8a2e827318d
5cd8d703-abee-3948-b6a3-3b7f3232a166
bd155994-0316-6a21-8dae-5d670006ab46
2ff3093c-53e8-9814-d2a8-c58f6c866dbb","d24481dd-66b0-1408-8e57-e95689202eb9,ece1a9ae-ffd4-aa16-ba60-f4aaf994a432,f6669f7b-58ec-429f-30e4-b854d25735fa,6f77c1f5-b663-996c-c336-72c1d5493d4b,fb061221-316e-c954-1422-57bb4f6b9a46,a0bcc770-67eb-ddb1-2e42-b9b81a701feb,1933364a-bd6f-e0c0-752b-7c7f863d1df1,3f87d147-04c5-93fc-37f6-6343c972be35,6df3b9f5-dec6-d891-7ee6-e22e1cf34fad,fd40db72-259e-a2c9-ccee-db7522824e5b,e1982368-275b-97fc-4174-151084428a94,273e849a-dc05-a8c3-0281-c8a2e827318d,5cd8d703-abee-3948-b6a3-3b7f3232a166,bd155994-0316-6a21-8dae-5d670006ab46,2ff3093c-53e8-9814-d2a8-c58f6c866dbb"
"2026-05-21T22:43:49.000+0000",VISA,"VISA,MASTERCARD","1779403429.71",INFO,"INFO,ERROR,EXIT","06/27","01/27,02/27,03/27,04/27,05/27,06/27,07/27,08/27,09/27,10/27,11/27,12/27",710,1779403429,"a0bcc770-67eb-ddb1-2e42-b9b81a701feb","d24481dd-66b0-1408-8e57-e95689202eb9
ece1a9ae-ffd4-aa16-ba60-f4aaf994a432
f6669f7b-58ec-429f-30e4-b854d25735fa
6f77c1f5-b663-996c-c336-72c1d5493d4b
fb061221-316e-c954-1422-57bb4f6b9a46
a0bcc770-67eb-ddb1-2e42-b9b81a701feb
1933364a-bd6f-e0c0-752b-7c7f863d1df1
3f87d147-04c5-93fc-37f6-6343c972be35
6df3b9f5-dec6-d891-7ee6-e22e1cf34fad
fd40db72-259e-a2c9-ccee-db7522824e5b
e1982368-275b-97fc-4174-151084428a94
273e849a-dc05-a8c3-0281-c8a2e827318d
5cd8d703-abee-3948-b6a3-3b7f3232a166
bd155994-0316-6a21-8dae-5d670006ab46
2ff3093c-53e8-9814-d2a8-c58f6c866dbb","d24481dd-66b0-1408-8e57-e95689202eb9,ece1a9ae-ffd4-aa16-ba60-f4aaf994a432,f6669f7b-58ec-429f-30e4-b854d25735fa,6f77c1f5-b663-996c-c336-72c1d5493d4b,fb061221-316e-c954-1422-57bb4f6b9a46,a0bcc770-67eb-ddb1-2e42-b9b81a701feb,1933364a-bd6f-e0c0-752b-7c7f863d1df1,3f87d147-04c5-93fc-37f6-6343c972be35,6df3b9f5-dec6-d891-7ee6-e22e1cf34fad,fd40db72-259e-a2c9-ccee-db7522824e5b,e1982368-275b-97fc-4174-151084428a94,273e849a-dc05-a8c3-0281-c8a2e827318d,5cd8d703-abee-3948-b6a3-3b7f3232a166,bd155994-0316-6a21-8dae-5d670006ab46,2ff3093c-53e8-9814-d2a8-c58f6c866dbb"
"2026-05-20T02:45:53.000+0000",MASTERCARD,"VISA,MASTERCARD","1779245153.993",INFO,"INFO,ERROR,EXIT","05/27","01/27,02/27,03/27,04/27,05/27,06/27,07/27,08/27,09/27,10/27,11/27,12/27",993,1779245153,"fb061221-316e-c954-1422-57bb4f6b9a46","d24481dd-66b0-1408-8e57-e95689202eb9
ece1a9ae-ffd4-aa16-ba60-f4aaf994a432
f6669f7b-58ec-429f-30e4-b854d25735fa
6f77c1f5-b663-996c-c336-72c1d5493d4b
fb061221-316e-c954-1422-57bb4f6b9a46
a0bcc770-67eb-ddb1-2e42-b9b81a701feb
1933364a-bd6f-e0c0-752b-7c7f863d1df1
3f87d147-04c5-93fc-37f6-6343c972be35
6df3b9f5-dec6-d891-7ee6-e22e1cf34fad
fd40db72-259e-a2c9-ccee-db7522824e5b
e1982368-275b-97fc-4174-151084428a94
273e849a-dc05-a8c3-0281-c8a2e827318d
5cd8d703-abee-3948-b6a3-3b7f3232a166
bd155994-0316-6a21-8dae-5d670006ab46
2ff3093c-53e8-9814-d2a8-c58f6c866dbb","d24481dd-66b0-1408-8e57-e95689202eb9,ece1a9ae-ffd4-aa16-ba60-f4aaf994a432,f6669f7b-58ec-429f-30e4-b854d25735fa,6f77c1f5-b663-996c-c336-72c1d5493d4b,fb061221-316e-c954-1422-57bb4f6b9a46,a0bcc770-67eb-ddb1-2e42-b9b81a701feb,1933364a-bd6f-e0c0-752b-7c7f863d1df1,3f87d147-04c5-93fc-37f6-6343c972be35,6df3b9f5-dec6-d891-7ee6-e22e1cf34fad,fd40db72-259e-a2c9-ccee-db7522824e5b,e1982368-275b-97fc-4174-151084428a94,273e849a-dc05-a8c3-0281-c8a2e827318d,5cd8d703-abee-3948-b6a3-3b7f3232a166,bd155994-0316-6a21-8dae-5d670006ab46,2ff3093c-53e8-9814-d2a8-c58f6c866dbb"
"2026-05-23T03:25:01.000+0000",VISA,"VISA,MASTERCARD","1779506702.092",EXIT,"INFO,ERROR,EXIT","04/27","01/27,02/27,03/27,04/27,05/27,06/27,07/27,08/27,09/27,10/27,11/27,12/27",1092,1779506701,"1933364a-bd6f-e0c0-752b-7c7f863d1df1","d24481dd-66b0-1408-8e57-e95689202eb9
ece1a9ae-ffd4-aa16-ba60-f4aaf994a432
f6669f7b-58ec-429f-30e4-b854d25735fa
6f77c1f5-b663-996c-c336-72c1d5493d4b
fb061221-316e-c954-1422-57bb4f6b9a46
a0bcc770-67eb-ddb1-2e42-b9b81a701feb
1933364a-bd6f-e0c0-752b-7c7f863d1df1
3f87d147-04c5-93fc-37f6-6343c972be35
6df3b9f5-dec6-d891-7ee6-e22e1cf34fad
fd40db72-259e-a2c9-ccee-db7522824e5b
e1982368-275b-97fc-4174-151084428a94
273e849a-dc05-a8c3-0281-c8a2e827318d
5cd8d703-abee-3948-b6a3-3b7f3232a166
bd155994-0316-6a21-8dae-5d670006ab46
2ff3093c-53e8-9814-d2a8-c58f6c866dbb","d24481dd-66b0-1408-8e57-e95689202eb9,ece1a9ae-ffd4-aa16-ba60-f4aaf994a432,f6669f7b-58ec-429f-30e4-b854d25735fa,6f77c1f5-b663-996c-c336-72c1d5493d4b,fb061221-316e-c954-1422-57bb4f6b9a46,a0bcc770-67eb-ddb1-2e42-b9b81a701feb,1933364a-bd6f-e0c0-752b-7c7f863d1df1,3f87d147-04c5-93fc-37f6-6343c972be35,6df3b9f5-dec6-d891-7ee6-e22e1cf34fad,fd40db72-259e-a2c9-ccee-db7522824e5b,e1982368-275b-97fc-4174-151084428a94,273e849a-dc05-a8c3-0281-c8a2e827318d,5cd8d703-abee-3948-b6a3-3b7f3232a166,bd155994-0316-6a21-8dae-5d670006ab46,2ff3093c-53e8-9814-d2a8-c58f6c866dbb"
"2026-05-20T18:43:39.000+0000",MASTERCARD,"VISA,MASTERCARD","1779302619.206",EXIT,"INFO,ERROR,EXIT","03/27","01/27,02/27,03/27,04/27,05/27,06/27,07/27,08/27,09/27,10/27,11/27,12/27",206,1779302619,"ece1a9ae-ffd4-aa16-ba60-f4aaf994a432","d24481dd-66b0-1408-8e57-e95689202eb9
ece1a9ae-ffd4-aa16-ba60-f4aaf994a432
f6669f7b-58ec-429f-30e4-b854d25735fa
6f77c1f5-b663-996c-c336-72c1d5493d4b
fb061221-316e-c954-1422-57bb4f6b9a46
a0bcc770-67eb-ddb1-2e42-b9b81a701feb
1933364a-bd6f-e0c0-752b-7c7f863d1df1
3f87d147-04c5-93fc-37f6-6343c972be35
6df3b9f5-dec6-d891-7ee6-e22e1cf34fad
fd40db72-259e-a2c9-ccee-db7522824e5b
e1982368-275b-97fc-4174-151084428a94
273e849a-dc05-a8c3-0281-c8a2e827318d
5cd8d703-abee-3948-b6a3-3b7f3232a166
bd155994-0316-6a21-8dae-5d670006ab46
2ff3093c-53e8-9814-d2a8-c58f6c866dbb","d24481dd-66b0-1408-8e57-e95689202eb9,ece1a9ae-ffd4-aa16-ba60-f4aaf994a432,f6669f7b-58ec-429f-30e4-b854d25735fa,6f77c1f5-b663-996c-c336-72c1d5493d4b,fb061221-316e-c954-1422-57bb4f6b9a46,a0bcc770-67eb-ddb1-2e42-b9b81a701feb,1933364a-bd6f-e0c0-752b-7c7f863d1df1,3f87d147-04c5-93fc-37f6-6343c972be35,6df3b9f5-dec6-d891-7ee6-e22e1cf34fad,fd40db72-259e-a2c9-ccee-db7522824e5b,e1982368-275b-97fc-4174-151084428a94,273e849a-dc05-a8c3-0281-c8a2e827318d,5cd8d703-abee-3948-b6a3-3b7f3232a166,bd155994-0316-6a21-8dae-5d670006ab46,2ff3093c-53e8-9814-d2a8-c58f6c866dbb"
"2026-05-21T08:09:48.000+0000",VISA,"VISA,MASTERCARD","1779350988.694",ERROR,"INFO,ERROR,EXIT","08/27","01/27,02/27,03/27,04/27,05/27,06/27,07/27,08/27,09/27,10/27,11/27,12/27",694,1779350988,"3f87d147-04c5-93fc-37f6-6343c972be35","d24481dd-66b0-1408-8e57-e95689202eb9
ece1a9ae-ffd4-aa16-ba60-f4aaf994a432
f6669f7b-58ec-429f-30e4-b854d25735fa
6f77c1f5-b663-996c-c336-72c1d5493d4b
fb061221-316e-c954-1422-57bb4f6b9a46
a0bcc770-67eb-ddb1-2e42-b9b81a701feb
1933364a-bd6f-e0c0-752b-7c7f863d1df1
3f87d147-04c5-93fc-37f6-6343c972be35
6df3b9f5-dec6-d891-7ee6-e22e1cf34fad
fd40db72-259e-a2c9-ccee-db7522824e5b
e1982368-275b-97fc-4174-151084428a94
273e849a-dc05-a8c3-0281-c8a2e827318d
5cd8d703-abee-3948-b6a3-3b7f3232a166
bd155994-0316-6a21-8dae-5d670006ab46
2ff3093c-53e8-9814-d2a8-c58f6c866dbb","d24481dd-66b0-1408-8e57-e95689202eb9,ece1a9ae-ffd4-aa16-ba60-f4aaf994a432,f6669f7b-58ec-429f-30e4-b854d25735fa,6f77c1f5-b663-996c-c336-72c1d5493d4b,fb061221-316e-c954-1422-57bb4f6b9a46,a0bcc770-67eb-ddb1-2e42-b9b81a701feb,1933364a-bd6f-e0c0-752b-7c7f863d1df1,3f87d147-04c5-93fc-37f6-6343c972be35,6df3b9f5-dec6-d891-7ee6-e22e1cf34fad,fd40db72-259e-a2c9-ccee-db7522824e5b,e1982368-275b-97fc-4174-151084428a94,273e849a-dc05-a8c3-0281-c8a2e827318d,5cd8d703-abee-3948-b6a3-3b7f3232a166,bd155994-0316-6a21-8dae-5d670006ab46,2ff3093c-53e8-9814-d2a8-c58f6c866dbb"
"2026-05-24T02:57:32.000+0000",MASTERCARD,"VISA,MASTERCARD","1779591452.23",EXIT,"INFO,ERROR,EXIT","12/27","01/27,02/27,03/27,04/27,05/27,06/27,07/27,08/27,09/27,10/27,11/27,12/27",230,1779591452,"a0bcc770-67eb-ddb1-2e42-b9b81a701feb","d24481dd-66b0-1408-8e57-e95689202eb9
ece1a9ae-ffd4-aa16-ba60-f4aaf994a432
f6669f7b-58ec-429f-30e4-b854d25735fa
6f77c1f5-b663-996c-c336-72c1d5493d4b
fb061221-316e-c954-1422-57bb4f6b9a46
a0bcc770-67eb-ddb1-2e42-b9b81a701feb
1933364a-bd6f-e0c0-752b-7c7f863d1df1
3f87d147-04c5-93fc-37f6-6343c972be35
6df3b9f5-dec6-d891-7ee6-e22e1cf34fad
fd40db72-259e-a2c9-ccee-db7522824e5b
e1982368-275b-97fc-4174-151084428a94
273e849a-dc05-a8c3-0281-c8a2e827318d
5cd8d703-abee-3948-b6a3-3b7f3232a166
bd155994-0316-6a21-8dae-5d670006ab46
2ff3093c-53e8-9814-d2a8-c58f6c866dbb","d24481dd-66b0-1408-8e57-e95689202eb9,ece1a9ae-ffd4-aa16-ba60-f4aaf994a432,f6669f7b-58ec-429f-30e4-b854d25735fa,6f77c1f5-b663-996c-c336-72c1d5493d4b,fb061221-316e-c954-1422-57bb4f6b9a46,a0bcc770-67eb-ddb1-2e42-b9b81a701feb,1933364a-bd6f-e0c0-752b-7c7f863d1df1,3f87d147-04c5-93fc-37f6-6343c972be35,6df3b9f5-dec6-d891-7ee6-e22e1cf34fad,fd40db72-259e-a2c9-ccee-db7522824e5b,e1982368-275b-97fc-4174-151084428a94,273e849a-dc05-a8c3-0281-c8a2e827318d,5cd8d703-abee-3948-b6a3-3b7f3232a166,bd155994-0316-6a21-8dae-5d670006ab46,2ff3093c-53e8-9814-d2a8-c58f6c866dbb"
"2026-05-23T20:05:40.000+0000",MASTERCARD,"VISA,MASTERCARD","1779566741.485",INFO,"INFO,ERROR,EXIT","05/27","01/27,02/27,03/27,04/27,05/27,06/27,07/27,08/27,09/27,10/27,11/27,12/27",1485,1779566740,"e1982368-275b-97fc-4174-151084428a94","d24481dd-66b0-1408-8e57-e95689202eb9
ece1a9ae-ffd4-aa16-ba60-f4aaf994a432
f6669f7b-58ec-429f-30e4-b854d25735fa
6f77c1f5-b663-996c-c336-72c1d5493d4b
fb061221-316e-c954-1422-57bb4f6b9a46
a0bcc770-67eb-ddb1-2e42-b9b81a701feb
1933364a-bd6f-e0c0-752b-7c7f863d1df1
3f87d147-04c5-93fc-37f6-6343c972be35
6df3b9f5-dec6-d891-7ee6-e22e1cf34fad
fd40db72-259e-a2c9-ccee-db7522824e5b
e1982368-275b-97fc-4174-151084428a94
273e849a-dc05-a8c3-0281-c8a2e827318d
5cd8d703-abee-3948-b6a3-3b7f3232a166
bd155994-0316-6a21-8dae-5d670006ab46
2ff3093c-53e8-9814-d2a8-c58f6c866dbb","d24481dd-66b0-1408-8e57-e95689202eb9,ece1a9ae-ffd4-aa16-ba60-f4aaf994a432,f6669f7b-58ec-429f-30e4-b854d25735fa,6f77c1f5-b663-996c-c336-72c1d5493d4b,fb061221-316e-c954-1422-57bb4f6b9a46,a0bcc770-67eb-ddb1-2e42-b9b81a701feb,1933364a-bd6f-e0c0-752b-7c7f863d1df1,3f87d147-04c5-93fc-37f6-6343c972be35,6df3b9f5-dec6-d891-7ee6-e22e1cf34fad,fd40db72-259e-a2c9-ccee-db7522824e5b,e1982368-275b-97fc-4174-151084428a94,273e849a-dc05-a8c3-0281-c8a2e827318d,5cd8d703-abee-3948-b6a3-3b7f3232a166,bd155994-0316-6a21-8dae-5d670006ab46,2ff3093c-53e8-9814-d2a8-c58f6c866dbb"
"2026-05-19T14:25:56.000+0000",MASTERCARD,"VISA,MASTERCARD","1779200757.231",EXIT,"INFO,ERROR,EXIT","11/27","01/27,02/27,03/27,04/27,05/27,06/27,07/27,08/27,09/27,10/27,11/27,12/27",1231,1779200756,"6f77c1f5-b663-996c-c336-72c1d5493d4b","d24481dd-66b0-1408-8e57-e95689202eb9
ece1a9ae-ffd4-aa16-ba60-f4aaf994a432
f6669f7b-58ec-429f-30e4-b854d25735fa
6f77c1f5-b663-996c-c336-72c1d5493d4b
fb061221-316e-c954-1422-57bb4f6b9a46
a0bcc770-67eb-ddb1-2e42-b9b81a701feb
1933364a-bd6f-e0c0-752b-7c7f863d1df1
3f87d147-04c5-93fc-37f6-6343c972be35
6df3b9f5-dec6-d891-7ee6-e22e1cf34fad
fd40db72-259e-a2c9-ccee-db7522824e5b
e1982368-275b-97fc-4174-151084428a94
273e849a-dc05-a8c3-0281-c8a2e827318d
5cd8d703-abee-3948-b6a3-3b7f3232a166
bd155994-0316-6a21-8dae-5d670006ab46
2ff3093c-53e8-9814-d2a8-c58f6c866dbb","d24481dd-66b0-1408-8e57-e95689202eb9,ece1a9ae-ffd4-aa16-ba60-f4aaf994a432,f6669f7b-58ec-429f-30e4-b854d25735fa,6f77c1f5-b663-996c-c336-72c1d5493d4b,fb061221-316e-c954-1422-57bb4f6b9a46,a0bcc770-67eb-ddb1-2e42-b9b81a701feb,1933364a-bd6f-e0c0-752b-7c7f863d1df1,3f87d147-04c5-93fc-37f6-6343c972be35,6df3b9f5-dec6-d891-7ee6-e22e1cf34fad,fd40db72-259e-a2c9-ccee-db7522824e5b,e1982368-275b-97fc-4174-151084428a94,273e849a-dc05-a8c3-0281-c8a2e827318d,5cd8d703-abee-3948-b6a3-3b7f3232a166,bd155994-0316-6a21-8dae-5d670006ab46,2ff3093c-53e8-9814-d2a8-c58f6c866dbb"
"2026-05-24T18:21:12.000+0000",VISA,"VISA,MASTERCARD","1779646872.374",INFO,"INFO,ERROR,EXIT","06/27","01/27,02/27,03/27,04/27,05/27,06/27,07/27,08/27,09/27,10/27,11/27,12/27",374,1779646872,"d24481dd-66b0-1408-8e57-e95689202eb9","d24481dd-66b0-1408-8e57-e95689202eb9
ece1a9ae-ffd4-aa16-ba60-f4aaf994a432
f6669f7b-58ec-429f-30e4-b854d25735fa
6f77c1f5-b663-996c-c336-72c1d5493d4b
fb061221-316e-c954-1422-57bb4f6b9a46
a0bcc770-67eb-ddb1-2e42-b9b81a701feb
1933364a-bd6f-e0c0-752b-7c7f863d1df1
3f87d147-04c5-93fc-37f6-6343c972be35
6df3b9f5-dec6-d891-7ee6-e22e1cf34fad
fd40db72-259e-a2c9-ccee-db7522824e5b
e1982368-275b-97fc-4174-151084428a94
273e849a-dc05-a8c3-0281-c8a2e827318d
5cd8d703-abee-3948-b6a3-3b7f3232a166
bd155994-0316-6a21-8dae-5d670006ab46
2ff3093c-53e8-9814-d2a8-c58f6c866dbb","d24481dd-66b0-1408-8e57-e95689202eb9,ece1a9ae-ffd4-aa16-ba60-f4aaf994a432,f6669f7b-58ec-429f-30e4-b854d25735fa,6f77c1f5-b663-996c-c336-72c1d5493d4b,fb061221-316e-c954-1422-57bb4f6b9a46,a0bcc770-67eb-ddb1-2e42-b9b81a701feb,1933364a-bd6f-e0c0-752b-7c7f863d1df1,3f87d147-04c5-93fc-37f6-6343c972be35,6df3b9f5-dec6-d891-7ee6-e22e1cf34fad,fd40db72-259e-a2c9-ccee-db7522824e5b,e1982368-275b-97fc-4174-151084428a94,273e849a-dc05-a8c3-0281-c8a2e827318d,5cd8d703-abee-3948-b6a3-3b7f3232a166,bd155994-0316-6a21-8dae-5d670006ab46,2ff3093c-53e8-9814-d2a8-c58f6c866dbb"
"2026-05-22T12:08:54.000+0000",VISA,"VISA,MASTERCARD","1779451734.306",INFO,"INFO,ERROR,EXIT","11/27","01/27,02/27,03/27,04/27,05/27,06/27,07/27,08/27,09/27,10/27,11/27,12/27",306,1779451734,"a0bcc770-67eb-ddb1-2e42-b9b81a701feb","d24481dd-66b0-1408-8e57-e95689202eb9
ece1a9ae-ffd4-aa16-ba60-f4aaf994a432
f6669f7b-58ec-429f-30e4-b854d25735fa
6f77c1f5-b663-996c-c336-72c1d5493d4b
fb061221-316e-c954-1422-57bb4f6b9a46
a0bcc770-67eb-ddb1-2e42-b9b81a701feb
1933364a-bd6f-e0c0-752b-7c7f863d1df1
3f87d147-04c5-93fc-37f6-6343c972be35
6df3b9f5-dec6-d891-7ee6-e22e1cf34fad
fd40db72-259e-a2c9-ccee-db7522824e5b
e1982368-275b-97fc-4174-151084428a94
273e849a-dc05-a8c3-0281-c8a2e827318d
5cd8d703-abee-3948-b6a3-3b7f3232a166
bd155994-0316-6a21-8dae-5d670006ab46
2ff3093c-53e8-9814-d2a8-c58f6c866dbb","d24481dd-66b0-1408-8e57-e95689202eb9,ece1a9ae-ffd4-aa16-ba60-f4aaf994a432,f6669f7b-58ec-429f-30e4-b854d25735fa,6f77c1f5-b663-996c-c336-72c1d5493d4b,fb061221-316e-c954-1422-57bb4f6b9a46,a0bcc770-67eb-ddb1-2e42-b9b81a701feb,1933364a-bd6f-e0c0-752b-7c7f863d1df1,3f87d147-04c5-93fc-37f6-6343c972be35,6df3b9f5-dec6-d891-7ee6-e22e1cf34fad,fd40db72-259e-a2c9-ccee-db7522824e5b,e1982368-275b-97fc-4174-151084428a94,273e849a-dc05-a8c3-0281-c8a2e827318d,5cd8d703-abee-3948-b6a3-3b7f3232a166,bd155994-0316-6a21-8dae-5d670006ab46,2ff3093c-53e8-9814-d2a8-c58f6c866dbb"
"2026-05-19T22:15:44.000+0000",VISA,"VISA,MASTERCARD","1779228944.866",INFO,"INFO,ERROR,EXIT","08/27","01/27,02/27,03/27,04/27,05/27,06/27,07/27,08/27,09/27,10/27,11/27,12/27",866,1779228944,"5cd8d703-abee-3948-b6a3-3b7f3232a166","d24481dd-66b0-1408-8e57-e95689202eb9
ece1a9ae-ffd4-aa16-ba60-f4aaf994a432
f6669f7b-58ec-429f-30e4-b854d25735fa
6f77c1f5-b663-996c-c336-72c1d5493d4b
fb061221-316e-c954-1422-57bb4f6b9a46
a0bcc770-67eb-ddb1-2e42-b9b81a701feb
1933364a-bd6f-e0c0-752b-7c7f863d1df1
3f87d147-04c5-93fc-37f6-6343c972be35
6df3b9f5-dec6-d891-7ee6-e22e1cf34fad
fd40db72-259e-a2c9-ccee-db7522824e5b
e1982368-275b-97fc-4174-151084428a94
273e849a-dc05-a8c3-0281-c8a2e827318d
5cd8d703-abee-3948-b6a3-3b7f3232a166
bd155994-0316-6a21-8dae-5d670006ab46
2ff3093c-53e8-9814-d2a8-c58f6c866dbb","d24481dd-66b0-1408-8e57-e95689202eb9,ece1a9ae-ffd4-aa16-ba60-f4aaf994a432,f6669f7b-58ec-429f-30e4-b854d25735fa,6f77c1f5-b663-996c-c336-72c1d5493d4b,fb061221-316e-c954-1422-57bb4f6b9a46,a0bcc770-67eb-ddb1-2e42-b9b81a701feb,1933364a-bd6f-e0c0-752b-7c7f863d1df1,3f87d147-04c5-93fc-37f6-6343c972be35,6df3b9f5-dec6-d891-7ee6-e22e1cf34fad,fd40db72-259e-a2c9-ccee-db7522824e5b,e1982368-275b-97fc-4174-151084428a94,273e849a-dc05-a8c3-0281-c8a2e827318d,5cd8d703-abee-3948-b6a3-3b7f3232a166,bd155994-0316-6a21-8dae-5d670006ab46,2ff3093c-53e8-9814-d2a8-c58f6c866dbb"
"2026-05-23T13:43:45.000+0000",VISA,"VISA,MASTERCARD","1779543825.821",INFO,"INFO,ERROR,EXIT","05/27","01/27,02/27,03/27,04/27,05/27,06/27,07/27,08/27,09/27,10/27,11/27,12/27",821,1779543825,"5cd8d703-abee-3948-b6a3-3b7f3232a166","d24481dd-66b0-1408-8e57-e95689202eb9
ece1a9ae-ffd4-aa16-ba60-f4aaf994a432
f6669f7b-58ec-429f-30e4-b854d25735fa
6f77c1f5-b663-996c-c336-72c1d5493d4b
fb061221-316e-c954-1422-57bb4f6b9a46
a0bcc770-67eb-ddb1-2e42-b9b81a701feb
1933364a-bd6f-e0c0-752b-7c7f863d1df1
3f87d147-04c5-93fc-37f6-6343c972be35
6df3b9f5-dec6-d891-7ee6-e22e1cf34fad
fd40db72-259e-a2c9-ccee-db7522824e5b
e1982368-275b-97fc-4174-151084428a94
273e849a-dc05-a8c3-0281-c8a2e827318d
5cd8d703-abee-3948-b6a3-3b7f3232a166
bd155994-0316-6a21-8dae-5d670006ab46
2ff3093c-53e8-9814-d2a8-c58f6c866dbb","d24481dd-66b0-1408-8e57-e95689202eb9,ece1a9ae-ffd4-aa16-ba60-f4aaf994a432,f6669f7b-58ec-429f-30e4-b854d25735fa,6f77c1f5-b663-996c-c336-72c1d5493d4b,fb061221-316e-c954-1422-57bb4f6b9a46,a0bcc770-67eb-ddb1-2e42-b9b81a701feb,1933364a-bd6f-e0c0-752b-7c7f863d1df1,3f87d147-04c5-93fc-37f6-6343c972be35,6df3b9f5-dec6-d891-7ee6-e22e1cf34fad,fd40db72-259e-a2c9-ccee-db7522824e5b,e1982368-275b-97fc-4174-151084428a94,273e849a-dc05-a8c3-0281-c8a2e827318d,5cd8d703-abee-3948-b6a3-3b7f3232a166,bd155994-0316-6a21-8dae-5d670006ab46,2ff3093c-53e8-9814-d2a8-c58f6c866dbb"
"2026-05-20T18:50:04.000+0000",VISA,"VISA,MASTERCARD","1779303005.54",INFO,"INFO,ERROR,EXIT","07/27","01/27,02/27,03/27,04/27,05/27,06/27,07/27,08/27,09/27,10/27,11/27,12/27",1540,1779303004,"6df3b9f5-dec6-d891-7ee6-e22e1cf34fad","d24481dd-66b0-1408-8e57-e95689202eb9
ece1a9ae-ffd4-aa16-ba60-f4aaf994a432
f6669f7b-58ec-429f-30e4-b854d25735fa
6f77c1f5-b663-996c-c336-72c1d5493d4b
fb061221-316e-c954-1422-57bb4f6b9a46
a0bcc770-67eb-ddb1-2e42-b9b81a701feb
1933364a-bd6f-e0c0-752b-7c7f863d1df1
3f87d147-04c5-93fc-37f6-6343c972be35
6df3b9f5-dec6-d891-7ee6-e22e1cf34fad
fd40db72-259e-a2c9-ccee-db7522824e5b
e1982368-275b-97fc-4174-151084428a94
273e849a-dc05-a8c3-0281-c8a2e827318d
5cd8d703-abee-3948-b6a3-3b7f3232a166
bd155994-0316-6a21-8dae-5d670006ab46
2ff3093c-53e8-9814-d2a8-c58f6c866dbb","d24481dd-66b0-1408-8e57-e95689202eb9,ece1a9ae-ffd4-aa16-ba60-f4aaf994a432,f6669f7b-58ec-429f-30e4-b854d25735fa,6f77c1f5-b663-996c-c336-72c1d5493d4b,fb061221-316e-c954-1422-57bb4f6b9a46,a0bcc770-67eb-ddb1-2e42-b9b81a701feb,1933364a-bd6f-e0c0-752b-7c7f863d1df1,3f87d147-04c5-93fc-37f6-6343c972be35,6df3b9f5-dec6-d891-7ee6-e22e1cf34fad,fd40db72-259e-a2c9-ccee-db7522824e5b,e1982368-275b-97fc-4174-151084428a94,273e849a-dc05-a8c3-0281-c8a2e827318d,5cd8d703-abee-3948-b6a3-3b7f3232a166,bd155994-0316-6a21-8dae-5d670006ab46,2ff3093c-53e8-9814-d2a8-c58f6c866dbb"
"2026-05-23T07:30:06.000+0000",MASTERCARD,"VISA,MASTERCARD","1779521407.1",INFO,"INFO,ERROR,EXIT","05/27","01/27,02/27,03/27,04/27,05/27,06/27,07/27,08/27,09/27,10/27,11/27,12/27",1100,1779521406,"fd40db72-259e-a2c9-ccee-db7522824e5b","d24481dd-66b0-1408-8e57-e95689202eb9
ece1a9ae-ffd4-aa16-ba60-f4aaf994a432
f6669f7b-58ec-429f-30e4-b854d25735fa
6f77c1f5-b663-996c-c336-72c1d5493d4b
fb061221-316e-c954-1422-57bb4f6b9a46
a0bcc770-67eb-ddb1-2e42-b9b81a701feb
1933364a-bd6f-e0c0-752b-7c7f863d1df1
3f87d147-04c5-93fc-37f6-6343c972be35
6df3b9f5-dec6-d891-7ee6-e22e1cf34fad
fd40db72-259e-a2c9-ccee-db7522824e5b
e1982368-275b-97fc-4174-151084428a94
273e849a-dc05-a8c3-0281-c8a2e827318d
5cd8d703-abee-3948-b6a3-3b7f3232a166
bd155994-0316-6a21-8dae-5d670006ab46
2ff3093c-53e8-9814-d2a8-c58f6c866dbb","d24481dd-66b0-1408-8e57-e95689202eb9,ece1a9ae-ffd4-aa16-ba60-f4aaf994a432,f6669f7b-58ec-429f-30e4-b854d25735fa,6f77c1f5-b663-996c-c336-72c1d5493d4b,fb061221-316e-c954-1422-57bb4f6b9a46,a0bcc770-67eb-ddb1-2e42-b9b81a701feb,1933364a-bd6f-e0c0-752b-7c7f863d1df1,3f87d147-04c5-93fc-37f6-6343c972be35,6df3b9f5-dec6-d891-7ee6-e22e1cf34fad,fd40db72-259e-a2c9-ccee-db7522824e5b,e1982368-275b-97fc-4174-151084428a94,273e849a-dc05-a8c3-0281-c8a2e827318d,5cd8d703-abee-3948-b6a3-3b7f3232a166,bd155994-0316-6a21-8dae-5d670006ab46,2ff3093c-53e8-9814-d2a8-c58f6c866dbb"
"2026-05-26T00:53:14.000+0000",MASTERCARD,"VISA,MASTERCARD","1779756794.977",INFO,"INFO,ERROR,EXIT","01/27","01/27,02/27,03/27,04/27,05/27,06/27,07/27,08/27,09/27,10/27,11/27,12/27",977,1779756794,"2ff3093c-53e8-9814-d2a8-c58f6c866dbb","d24481dd-66b0-1408-8e57-e95689202eb9
ece1a9ae-ffd4-aa16-ba60-f4aaf994a432
f6669f7b-58ec-429f-30e4-b854d25735fa
6f77c1f5-b663-996c-c336-72c1d5493d4b
fb061221-316e-c954-1422-57bb4f6b9a46
a0bcc770-67eb-ddb1-2e42-b9b81a701feb
1933364a-bd6f-e0c0-752b-7c7f863d1df1
3f87d147-04c5-93fc-37f6-6343c972be35
6df3b9f5-dec6-d891-7ee6-e22e1cf34fad
fd40db72-259e-a2c9-ccee-db7522824e5b
e1982368-275b-97fc-4174-151084428a94
273e849a-dc05-a8c3-0281-c8a2e827318d
5cd8d703-abee-3948-b6a3-3b7f3232a166
bd155994-0316-6a21-8dae-5d670006ab46
2ff3093c-53e8-9814-d2a8-c58f6c866dbb","d24481dd-66b0-1408-8e57-e95689202eb9,ece1a9ae-ffd4-aa16-ba60-f4aaf994a432,f6669f7b-58ec-429f-30e4-b854d25735fa,6f77c1f5-b663-996c-c336-72c1d5493d4b,fb061221-316e-c954-1422-57bb4f6b9a46,a0bcc770-67eb-ddb1-2e42-b9b81a701feb,1933364a-bd6f-e0c0-752b-7c7f863d1df1,3f87d147-04c5-93fc-37f6-6343c972be35,6df3b9f5-dec6-d891-7ee6-e22e1cf34fad,fd40db72-259e-a2c9-ccee-db7522824e5b,e1982368-275b-97fc-4174-151084428a94,273e849a-dc05-a8c3-0281-c8a2e827318d,5cd8d703-abee-3948-b6a3-3b7f3232a166,bd155994-0316-6a21-8dae-5d670006ab46,2ff3093c-53e8-9814-d2a8-c58f6c866dbb"
"2026-05-25T11:42:47.000+0000",MASTERCARD,"VISA,MASTERCARD","1779709367.145",INFO,"INFO,ERROR,EXIT","08/27","01/27,02/27,03/27,04/27,05/27,06/27,07/27,08/27,09/27,10/27,11/27,12/27",145,1779709367,"2ff3093c-53e8-9814-d2a8-c58f6c866dbb","d24481dd-66b0-1408-8e57-e95689202eb9
ece1a9ae-ffd4-aa16-ba60-f4aaf994a432
f6669f7b-58ec-429f-30e4-b854d25735fa
6f77c1f5-b663-996c-c336-72c1d5493d4b
fb061221-316e-c954-1422-57bb4f6b9a46
a0bcc770-67eb-ddb1-2e42-b9b81a701feb
1933364a-bd6f-e0c0-752b-7c7f863d1df1
3f87d147-04c5-93fc-37f6-6343c972be35
6df3b9f5-dec6-d891-7ee6-e22e1cf34fad
fd40db72-259e-a2c9-ccee-db7522824e5b
e1982368-275b-97fc-4174-151084428a94
273e849a-dc05-a8c3-0281-c8a2e827318d
5cd8d703-abee-3948-b6a3-3b7f3232a166
bd155994-0316-6a21-8dae-5d670006ab46
2ff3093c-53e8-9814-d2a8-c58f6c866dbb","d24481dd-66b0-1408-8e57-e95689202eb9,ece1a9ae-ffd4-aa16-ba60-f4aaf994a432,f6669f7b-58ec-429f-30e4-b854d25735fa,6f77c1f5-b663-996c-c336-72c1d5493d4b,fb061221-316e-c954-1422-57bb4f6b9a46,a0bcc770-67eb-ddb1-2e42-b9b81a701feb,1933364a-bd6f-e0c0-752b-7c7f863d1df1,3f87d147-04c5-93fc-37f6-6343c972be35,6df3b9f5-dec6-d891-7ee6-e22e1cf34fad,fd40db72-259e-a2c9-ccee-db7522824e5b,e1982368-275b-97fc-4174-151084428a94,273e849a-dc05-a8c3-0281-c8a2e827318d,5cd8d703-abee-3948-b6a3-3b7f3232a166,bd155994-0316-6a21-8dae-5d670006ab46,2ff3093c-53e8-9814-d2a8-c58f6c866dbb"
"2026-05-24T21:03:48.000+0000",VISA,"VISA,MASTERCARD","1779656628.877",EXIT,"INFO,ERROR,EXIT","02/27","01/27,02/27,03/27,04/27,05/27,06/27,07/27,08/27,09/27,10/27,11/27,12/27",877,1779656628,"6df3b9f5-dec6-d891-7ee6-e22e1cf34fad","d24481dd-66b0-1408-8e57-e95689202eb9
ece1a9ae-ffd4-aa16-ba60-f4aaf994a432
f6669f7b-58ec-429f-30e4-b854d25735fa
6f77c1f5-b663-996c-c336-72c1d5493d4b
fb061221-316e-c954-1422-57bb4f6b9a46
a0bcc770-67eb-ddb1-2e42-b9b81a701feb
1933364a-bd6f-e0c0-752b-7c7f863d1df1
3f87d147-04c5-93fc-37f6-6343c972be35
6df3b9f5-dec6-d891-7ee6-e22e1cf34fad
fd40db72-259e-a2c9-ccee-db7522824e5b
e1982368-275b-97fc-4174-151084428a94
273e849a-dc05-a8c3-0281-c8a2e827318d
5cd8d703-abee-3948-b6a3-3b7f3232a166
bd155994-0316-6a21-8dae-5d670006ab46
2ff3093c-53e8-9814-d2a8-c58f6c866dbb","d24481dd-66b0-1408-8e57-e95689202eb9,ece1a9ae-ffd4-aa16-ba60-f4aaf994a432,f6669f7b-58ec-429f-30e4-b854d25735fa,6f77c1f5-b663-996c-c336-72c1d5493d4b,fb061221-316e-c954-1422-57bb4f6b9a46,a0bcc770-67eb-ddb1-2e42-b9b81a701feb,1933364a-bd6f-e0c0-752b-7c7f863d1df1,3f87d147-04c5-93fc-37f6-6343c972be35,6df3b9f5-dec6-d891-7ee6-e22e1cf34fad,fd40db72-259e-a2c9-ccee-db7522824e5b,e1982368-275b-97fc-4174-151084428a94,273e849a-dc05-a8c3-0281-c8a2e827318d,5cd8d703-abee-3948-b6a3-3b7f3232a166,bd155994-0316-6a21-8dae-5d670006ab46,2ff3093c-53e8-9814-d2a8-c58f6c866dbb"
"2026-05-23T18:33:41.000+0000",VISA,"VISA,MASTERCARD","1779561222.412",ERROR,"INFO,ERROR,EXIT","04/27","01/27,02/27,03/27,04/27,05/27,06/27,07/27,08/27,09/27,10/27,11/27,12/27",1412,1779561221,"ece1a9ae-ffd4-aa16-ba60-f4aaf994a432","d24481dd-66b0-1408-8e57-e95689202eb9
ece1a9ae-ffd4-aa16-ba60-f4aaf994a432
f6669f7b-58ec-429f-30e4-b854d25735fa
6f77c1f5-b663-996c-c336-72c1d5493d4b
fb061221-316e-c954-1422-57bb4f6b9a46
a0bcc770-67eb-ddb1-2e42-b9b81a701feb
1933364a-bd6f-e0c0-752b-7c7f863d1df1
3f87d147-04c5-93fc-37f6-6343c972be35
6df3b9f5-dec6-d891-7ee6-e22e1cf34fad
fd40db72-259e-a2c9-ccee-db7522824e5b
e1982368-275b-97fc-4174-151084428a94
273e849a-dc05-a8c3-0281-c8a2e827318d
5cd8d703-abee-3948-b6a3-3b7f3232a166
bd155994-0316-6a21-8dae-5d670006ab46
2ff3093c-53e8-9814-d2a8-c58f6c866dbb","d24481dd-66b0-1408-8e57-e95689202eb9,ece1a9ae-ffd4-aa16-ba60-f4aaf994a432,f6669f7b-58ec-429f-30e4-b854d25735fa,6f77c1f5-b663-996c-c336-72c1d5493d4b,fb061221-316e-c954-1422-57bb4f6b9a46,a0bcc770-67eb-ddb1-2e42-b9b81a701feb,1933364a-bd6f-e0c0-752b-7c7f863d1df1,3f87d147-04c5-93fc-37f6-6343c972be35,6df3b9f5-dec6-d891-7ee6-e22e1cf34fad,fd40db72-259e-a2c9-ccee-db7522824e5b,e1982368-275b-97fc-4174-151084428a94,273e849a-dc05-a8c3-0281-c8a2e827318d,5cd8d703-abee-3948-b6a3-3b7f3232a166,bd155994-0316-6a21-8dae-5d670006ab46,2ff3093c-53e8-9814-d2a8-c58f6c866dbb"
"2026-05-19T22:00:52.000+0000",VISA,"VISA,MASTERCARD","1779228052.089",INFO,"INFO,ERROR,EXIT","11/27","01/27,02/27,03/27,04/27,05/27,06/27,07/27,08/27,09/27,10/27,11/27,12/27",89,1779228052,"1933364a-bd6f-e0c0-752b-7c7f863d1df1","d24481dd-66b0-1408-8e57-e95689202eb9
ece1a9ae-ffd4-aa16-ba60-f4aaf994a432
f6669f7b-58ec-429f-30e4-b854d25735fa
6f77c1f5-b663-996c-c336-72c1d5493d4b
fb061221-316e-c954-1422-57bb4f6b9a46
a0bcc770-67eb-ddb1-2e42-b9b81a701feb
1933364a-bd6f-e0c0-752b-7c7f863d1df1
3f87d147-04c5-93fc-37f6-6343c972be35
6df3b9f5-dec6-d891-7ee6-e22e1cf34fad
fd40db72-259e-a2c9-ccee-db7522824e5b
e1982368-275b-97fc-4174-151084428a94
273e849a-dc05-a8c3-0281-c8a2e827318d
5cd8d703-abee-3948-b6a3-3b7f3232a166
bd155994-0316-6a21-8dae-5d670006ab46
2ff3093c-53e8-9814-d2a8-c58f6c866dbb","d24481dd-66b0-1408-8e57-e95689202eb9,ece1a9ae-ffd4-aa16-ba60-f4aaf994a432,f6669f7b-58ec-429f-30e4-b854d25735fa,6f77c1f5-b663-996c-c336-72c1d5493d4b,fb061221-316e-c954-1422-57bb4f6b9a46,a0bcc770-67eb-ddb1-2e42-b9b81a701feb,1933364a-bd6f-e0c0-752b-7c7f863d1df1,3f87d147-04c5-93fc-37f6-6343c972be35,6df3b9f5-dec6-d891-7ee6-e22e1cf34fad,fd40db72-259e-a2c9-ccee-db7522824e5b,e1982368-275b-97fc-4174-151084428a94,273e849a-dc05-a8c3-0281-c8a2e827318d,5cd8d703-abee-3948-b6a3-3b7f3232a166,bd155994-0316-6a21-8dae-5d670006ab46,2ff3093c-53e8-9814-d2a8-c58f6c866dbb"
"2026-05-25T08:22:42.000+0000",MASTERCARD,"VISA,MASTERCARD","1779697362.97",ERROR,"INFO,ERROR,EXIT","08/27","01/27,02/27,03/27,04/27,05/27,06/27,07/27,08/27,09/27,10/27,11/27,12/27",970,1779697362,"6df3b9f5-dec6-d891-7ee6-e22e1cf34fad","d24481dd-66b0-1408-8e57-e95689202eb9
ece1a9ae-ffd4-aa16-ba60-f4aaf994a432
f6669f7b-58ec-429f-30e4-b854d25735fa
6f77c1f5-b663-996c-c336-72c1d5493d4b
fb061221-316e-c954-1422-57bb4f6b9a46
a0bcc770-67eb-ddb1-2e42-b9b81a701feb
1933364a-bd6f-e0c0-752b-7c7f863d1df1
3f87d147-04c5-93fc-37f6-6343c972be35
6df3b9f5-dec6-d891-7ee6-e22e1cf34fad
fd40db72-259e-a2c9-ccee-db7522824e5b
e1982368-275b-97fc-4174-151084428a94
273e849a-dc05-a8c3-0281-c8a2e827318d
5cd8d703-abee-3948-b6a3-3b7f3232a166
bd155994-0316-6a21-8dae-5d670006ab46
2ff3093c-53e8-9814-d2a8-c58f6c866dbb","d24481dd-66b0-1408-8e57-e95689202eb9,ece1a9ae-ffd4-aa16-ba60-f4aaf994a432,f6669f7b-58ec-429f-30e4-b854d25735fa,6f77c1f5-b663-996c-c336-72c1d5493d4b,fb061221-316e-c954-1422-57bb4f6b9a46,a0bcc770-67eb-ddb1-2e42-b9b81a701feb,1933364a-bd6f-e0c0-752b-7c7f863d1df1,3f87d147-04c5-93fc-37f6-6343c972be35,6df3b9f5-dec6-d891-7ee6-e22e1cf34fad,fd40db72-259e-a2c9-ccee-db7522824e5b,e1982368-275b-97fc-4174-151084428a94,273e849a-dc05-a8c3-0281-c8a2e827318d,5cd8d703-abee-3948-b6a3-3b7f3232a166,bd155994-0316-6a21-8dae-5d670006ab46,2ff3093c-53e8-9814-d2a8-c58f6c866dbb"
"2026-05-26T03:24:57.000+0000",VISA,"VISA,MASTERCARD","1779765898.454",ERROR,"INFO,ERROR,EXIT","06/27","01/27,02/27,03/27,04/27,05/27,06/27,07/27,08/27,09/27,10/27,11/27,12/27",1454,1779765897,"273e849a-dc05-a8c3-0281-c8a2e827318d","d24481dd-66b0-1408-8e57-e95689202eb9
ece1a9ae-ffd4-aa16-ba60-f4aaf994a432
f6669f7b-58ec-429f-30e4-b854d25735fa
6f77c1f5-b663-996c-c336-72c1d5493d4b
fb061221-316e-c954-1422-57bb4f6b9a46
a0bcc770-67eb-ddb1-2e42-b9b81a701feb
1933364a-bd6f-e0c0-752b-7c7f863d1df1
3f87d147-04c5-93fc-37f6-6343c972be35
6df3b9f5-dec6-d891-7ee6-e22e1cf34fad
fd40db72-259e-a2c9-ccee-db7522824e5b
e1982368-275b-97fc-4174-151084428a94
273e849a-dc05-a8c3-0281-c8a2e827318d
5cd8d703-abee-3948-b6a3-3b7f3232a166
bd155994-0316-6a21-8dae-5d670006ab46
2ff3093c-53e8-9814-d2a8-c58f6c866dbb","d24481dd-66b0-1408-8e57-e95689202eb9,ece1a9ae-ffd4-aa16-ba60-f4aaf994a432,f6669f7b-58ec-429f-30e4-b854d25735fa,6f77c1f5-b663-996c-c336-72c1d5493d4b,fb061221-316e-c954-1422-57bb4f6b9a46,a0bcc770-67eb-ddb1-2e42-b9b81a701feb,1933364a-bd6f-e0c0-752b-7c7f863d1df1,3f87d147-04c5-93fc-37f6-6343c972be35,6df3b9f5-dec6-d891-7ee6-e22e1cf34fad,fd40db72-259e-a2c9-ccee-db7522824e5b,e1982368-275b-97fc-4174-151084428a94,273e849a-dc05-a8c3-0281-c8a2e827318d,5cd8d703-abee-3948-b6a3-3b7f3232a166,bd155994-0316-6a21-8dae-5d670006ab46,2ff3093c-53e8-9814-d2a8-c58f6c866dbb"
"2026-05-23T15:45:13.000+0000",VISA,"VISA,MASTERCARD","1779551113.336",ERROR,"INFO,ERROR,EXIT","11/27","01/27,02/27,03/27,04/27,05/27,06/27,07/27,08/27,09/27,10/27,11/27,12/27",336,1779551113,"6f77c1f5-b663-996c-c336-72c1d5493d4b","d24481dd-66b0-1408-8e57-e95689202eb9
ece1a9ae-ffd4-aa16-ba60-f4aaf994a432
f6669f7b-58ec-429f-30e4-b854d25735fa
6f77c1f5-b663-996c-c336-72c1d5493d4b
fb061221-316e-c954-1422-57bb4f6b9a46
a0bcc770-67eb-ddb1-2e42-b9b81a701feb
1933364a-bd6f-e0c0-752b-7c7f863d1df1
3f87d147-04c5-93fc-37f6-6343c972be35
6df3b9f5-dec6-d891-7ee6-e22e1cf34fad
fd40db72-259e-a2c9-ccee-db7522824e5b
e1982368-275b-97fc-4174-151084428a94
273e849a-dc05-a8c3-0281-c8a2e827318d
5cd8d703-abee-3948-b6a3-3b7f3232a166
bd155994-0316-6a21-8dae-5d670006ab46
2ff3093c-53e8-9814-d2a8-c58f6c866dbb","d24481dd-66b0-1408-8e57-e95689202eb9,ece1a9ae-ffd4-aa16-ba60-f4aaf994a432,f6669f7b-58ec-429f-30e4-b854d25735fa,6f77c1f5-b663-996c-c336-72c1d5493d4b,fb061221-316e-c954-1422-57bb4f6b9a46,a0bcc770-67eb-ddb1-2e42-b9b81a701feb,1933364a-bd6f-e0c0-752b-7c7f863d1df1,3f87d147-04c5-93fc-37f6-6343c972be35,6df3b9f5-dec6-d891-7ee6-e22e1cf34fad,fd40db72-259e-a2c9-ccee-db7522824e5b,e1982368-275b-97fc-4174-151084428a94,273e849a-dc05-a8c3-0281-c8a2e827318d,5cd8d703-abee-3948-b6a3-3b7f3232a166,bd155994-0316-6a21-8dae-5d670006ab46,2ff3093c-53e8-9814-d2a8-c58f6c866dbb"
"2026-05-24T00:11:10.000+0000",MASTERCARD,"VISA,MASTERCARD","1779581471.391",EXIT,"INFO,ERROR,EXIT","11/27","01/27,02/27,03/27,04/27,05/27,06/27,07/27,08/27,09/27,10/27,11/27,12/27",1391,1779581470,"fd40db72-259e-a2c9-ccee-db7522824e5b","d24481dd-66b0-1408-8e57-e95689202eb9
ece1a9ae-ffd4-aa16-ba60-f4aaf994a432
f6669f7b-58ec-429f-30e4-b854d25735fa
6f77c1f5-b663-996c-c336-72c1d5493d4b
fb061221-316e-c954-1422-57bb4f6b9a46
a0bcc770-67eb-ddb1-2e42-b9b81a701feb
1933364a-bd6f-e0c0-752b-7c7f863d1df1
3f87d147-04c5-93fc-37f6-6343c972be35
6df3b9f5-dec6-d891-7ee6-e22e1cf34fad
fd40db72-259e-a2c9-ccee-db7522824e5b
e1982368-275b-97fc-4174-151084428a94
273e849a-dc05-a8c3-0281-c8a2e827318d
5cd8d703-abee-3948-b6a3-3b7f3232a166
bd155994-0316-6a21-8dae-5d670006ab46
2ff3093c-53e8-9814-d2a8-c58f6c866dbb","d24481dd-66b0-1408-8e57-e95689202eb9,ece1a9ae-ffd4-aa16-ba60-f4aaf994a432,f6669f7b-58ec-429f-30e4-b854d25735fa,6f77c1f5-b663-996c-c336-72c1d5493d4b,fb061221-316e-c954-1422-57bb4f6b9a46,a0bcc770-67eb-ddb1-2e42-b9b81a701feb,1933364a-bd6f-e0c0-752b-7c7f863d1df1,3f87d147-04c5-93fc-37f6-6343c972be35,6df3b9f5-dec6-d891-7ee6-e22e1cf34fad,fd40db72-259e-a2c9-ccee-db7522824e5b,e1982368-275b-97fc-4174-151084428a94,273e849a-dc05-a8c3-0281-c8a2e827318d,5cd8d703-abee-3948-b6a3-3b7f3232a166,bd155994-0316-6a21-8dae-5d670006ab46,2ff3093c-53e8-9814-d2a8-c58f6c866dbb"
"2026-05-25T08:45:13.000+0000",VISA,"VISA,MASTERCARD","1779698713.592",ERROR,"INFO,ERROR,EXIT","02/27","01/27,02/27,03/27,04/27,05/27,06/27,07/27,08/27,09/27,10/27,11/27,12/27",592,1779698713,"f6669f7b-58ec-429f-30e4-b854d25735fa","d24481dd-66b0-1408-8e57-e95689202eb9
ece1a9ae-ffd4-aa16-ba60-f4aaf994a432
f6669f7b-58ec-429f-30e4-b854d25735fa
6f77c1f5-b663-996c-c336-72c1d5493d4b
fb061221-316e-c954-1422-57bb4f6b9a46
a0bcc770-67eb-ddb1-2e42-b9b81a701feb
1933364a-bd6f-e0c0-752b-7c7f863d1df1
3f87d147-04c5-93fc-37f6-6343c972be35
6df3b9f5-dec6-d891-7ee6-e22e1cf34fad
fd40db72-259e-a2c9-ccee-db7522824e5b
e1982368-275b-97fc-4174-151084428a94
273e849a-dc05-a8c3-0281-c8a2e827318d
5cd8d703-abee-3948-b6a3-3b7f3232a166
bd155994-0316-6a21-8dae-5d670006ab46
2ff3093c-53e8-9814-d2a8-c58f6c866dbb","d24481dd-66b0-1408-8e57-e95689202eb9,ece1a9ae-ffd4-aa16-ba60-f4aaf994a432,f6669f7b-58ec-429f-30e4-b854d25735fa,6f77c1f5-b663-996c-c336-72c1d5493d4b,fb061221-316e-c954-1422-57bb4f6b9a46,a0bcc770-67eb-ddb1-2e42-b9b81a701feb,1933364a-bd6f-e0c0-752b-7c7f863d1df1,3f87d147-04c5-93fc-37f6-6343c972be35,6df3b9f5-dec6-d891-7ee6-e22e1cf34fad,fd40db72-259e-a2c9-ccee-db7522824e5b,e1982368-275b-97fc-4174-151084428a94,273e849a-dc05-a8c3-0281-c8a2e827318d,5cd8d703-abee-3948-b6a3-3b7f3232a166,bd155994-0316-6a21-8dae-5d670006ab46,2ff3093c-53e8-9814-d2a8-c58f6c866dbb"
"2026-05-19T14:50:58.000+0000",MASTERCARD,"VISA,MASTERCARD","1779202258.298",ERROR,"INFO,ERROR,EXIT","08/27","01/27,02/27,03/27,04/27,05/27,06/27,07/27,08/27,09/27,10/27,11/27,12/27",298,1779202258,"273e849a-dc05-a8c3-0281-c8a2e827318d","d24481dd-66b0-1408-8e57-e95689202eb9
ece1a9ae-ffd4-aa16-ba60-f4aaf994a432
f6669f7b-58ec-429f-30e4-b854d25735fa
6f77c1f5-b663-996c-c336-72c1d5493d4b
fb061221-316e-c954-1422-57bb4f6b9a46
a0bcc770-67eb-ddb1-2e42-b9b81a701feb
1933364a-bd6f-e0c0-752b-7c7f863d1df1
3f87d147-04c5-93fc-37f6-6343c972be35
6df3b9f5-dec6-d891-7ee6-e22e1cf34fad
fd40db72-259e-a2c9-ccee-db7522824e5b
e1982368-275b-97fc-4174-151084428a94
273e849a-dc05-a8c3-0281-c8a2e827318d
5cd8d703-abee-3948-b6a3-3b7f3232a166
bd155994-0316-6a21-8dae-5d670006ab46
2ff3093c-53e8-9814-d2a8-c58f6c866dbb","d24481dd-66b0-1408-8e57-e95689202eb9,ece1a9ae-ffd4-aa16-ba60-f4aaf994a432,f6669f7b-58ec-429f-30e4-b854d25735fa,6f77c1f5-b663-996c-c336-72c1d5493d4b,fb061221-316e-c954-1422-57bb4f6b9a46,a0bcc770-67eb-ddb1-2e42-b9b81a701feb,1933364a-bd6f-e0c0-752b-7c7f863d1df1,3f87d147-04c5-93fc-37f6-6343c972be35,6df3b9f5-dec6-d891-7ee6-e22e1cf34fad,fd40db72-259e-a2c9-ccee-db7522824e5b,e1982368-275b-97fc-4174-151084428a94,273e849a-dc05-a8c3-0281-c8a2e827318d,5cd8d703-abee-3948-b6a3-3b7f3232a166,bd155994-0316-6a21-8dae-5d670006ab46,2ff3093c-53e8-9814-d2a8-c58f6c866dbb"
"2026-05-25T21:12:11.000+0000",MASTERCARD,"VISA,MASTERCARD","1779743531.476",ERROR,"INFO,ERROR,EXIT","07/27","01/27,02/27,03/27,04/27,05/27,06/27,07/27,08/27,09/27,10/27,11/27,12/27",476,1779743531,"f6669f7b-58ec-429f-30e4-b854d25735fa","d24481dd-66b0-1408-8e57-e95689202eb9
ece1a9ae-ffd4-aa16-ba60-f4aaf994a432
f6669f7b-58ec-429f-30e4-b854d25735fa
6f77c1f5-b663-996c-c336-72c1d5493d4b
fb061221-316e-c954-1422-57bb4f6b9a46
a0bcc770-67eb-ddb1-2e42-b9b81a701feb
1933364a-bd6f-e0c0-752b-7c7f863d1df1
3f87d147-04c5-93fc-37f6-6343c972be35
6df3b9f5-dec6-d891-7ee6-e22e1cf34fad
fd40db72-259e-a2c9-ccee-db7522824e5b
e1982368-275b-97fc-4174-151084428a94
273e849a-dc05-a8c3-0281-c8a2e827318d
5cd8d703-abee-3948-b6a3-3b7f3232a166
bd155994-0316-6a21-8dae-5d670006ab46
2ff3093c-53e8-9814-d2a8-c58f6c866dbb","d24481dd-66b0-1408-8e57-e95689202eb9,ece1a9ae-ffd4-aa16-ba60-f4aaf994a432,f6669f7b-58ec-429f-30e4-b854d25735fa,6f77c1f5-b663-996c-c336-72c1d5493d4b,fb061221-316e-c954-1422-57bb4f6b9a46,a0bcc770-67eb-ddb1-2e42-b9b81a701feb,1933364a-bd6f-e0c0-752b-7c7f863d1df1,3f87d147-04c5-93fc-37f6-6343c972be35,6df3b9f5-dec6-d891-7ee6-e22e1cf34fad,fd40db72-259e-a2c9-ccee-db7522824e5b,e1982368-275b-97fc-4174-151084428a94,273e849a-dc05-a8c3-0281-c8a2e827318d,5cd8d703-abee-3948-b6a3-3b7f3232a166,bd155994-0316-6a21-8dae-5d670006ab46,2ff3093c-53e8-9814-d2a8-c58f6c866dbb"
"2026-05-21T17:41:36.000+0000",VISA,"VISA,MASTERCARD","1779385296.775",EXIT,"INFO,ERROR,EXIT","05/27","01/27,02/27,03/27,04/27,05/27,06/27,07/27,08/27,09/27,10/27,11/27,12/27",775,1779385296,"fd40db72-259e-a2c9-ccee-db7522824e5b","d24481dd-66b0-1408-8e57-e95689202eb9
ece1a9ae-ffd4-aa16-ba60-f4aaf994a432
f6669f7b-58ec-429f-30e4-b854d25735fa
6f77c1f5-b663-996c-c336-72c1d5493d4b
fb061221-316e-c954-1422-57bb4f6b9a46
a0bcc770-67eb-ddb1-2e42-b9b81a701feb
1933364a-bd6f-e0c0-752b-7c7f863d1df1
3f87d147-04c5-93fc-37f6-6343c972be35
6df3b9f5-dec6-d891-7ee6-e22e1cf34fad
fd40db72-259e-a2c9-ccee-db7522824e5b
e1982368-275b-97fc-4174-151084428a94
273e849a-dc05-a8c3-0281-c8a2e827318d
5cd8d703-abee-3948-b6a3-3b7f3232a166
bd155994-0316-6a21-8dae-5d670006ab46
2ff3093c-53e8-9814-d2a8-c58f6c866dbb","d24481dd-66b0-1408-8e57-e95689202eb9,ece1a9ae-ffd4-aa16-ba60-f4aaf994a432,f6669f7b-58ec-429f-30e4-b854d25735fa,6f77c1f5-b663-996c-c336-72c1d5493d4b,fb061221-316e-c954-1422-57bb4f6b9a46,a0bcc770-67eb-ddb1-2e42-b9b81a701feb,1933364a-bd6f-e0c0-752b-7c7f863d1df1,3f87d147-04c5-93fc-37f6-6343c972be35,6df3b9f5-dec6-d891-7ee6-e22e1cf34fad,fd40db72-259e-a2c9-ccee-db7522824e5b,e1982368-275b-97fc-4174-151084428a94,273e849a-dc05-a8c3-0281-c8a2e827318d,5cd8d703-abee-3948-b6a3-3b7f3232a166,bd155994-0316-6a21-8dae-5d670006ab46,2ff3093c-53e8-9814-d2a8-c58f6c866dbb"
"2026-05-25T05:01:59.000+0000",VISA,"VISA,MASTERCARD","1779685319.371",ERROR,"INFO,ERROR,EXIT","11/27","01/27,02/27,03/27,04/27,05/27,06/27,07/27,08/27,09/27,10/27,11/27,12/27",371,1779685319,"5cd8d703-abee-3948-b6a3-3b7f3232a166","d24481dd-66b0-1408-8e57-e95689202eb9
ece1a9ae-ffd4-aa16-ba60-f4aaf994a432
f6669f7b-58ec-429f-30e4-b854d25735fa
6f77c1f5-b663-996c-c336-72c1d5493d4b
fb061221-316e-c954-1422-57bb4f6b9a46
a0bcc770-67eb-ddb1-2e42-b9b81a701feb
1933364a-bd6f-e0c0-752b-7c7f863d1df1
3f87d147-04c5-93fc-37f6-6343c972be35
6df3b9f5-dec6-d891-7ee6-e22e1cf34fad
fd40db72-259e-a2c9-ccee-db7522824e5b
e1982368-275b-97fc-4174-151084428a94
273e849a-dc05-a8c3-0281-c8a2e827318d
5cd8d703-abee-3948-b6a3-3b7f3232a166
bd155994-0316-6a21-8dae-5d670006ab46
2ff3093c-53e8-9814-d2a8-c58f6c866dbb","d24481dd-66b0-1408-8e57-e95689202eb9,ece1a9ae-ffd4-aa16-ba60-f4aaf994a432,f6669f7b-58ec-429f-30e4-b854d25735fa,6f77c1f5-b663-996c-c336-72c1d5493d4b,fb061221-316e-c954-1422-57bb4f6b9a46,a0bcc770-67eb-ddb1-2e42-b9b81a701feb,1933364a-bd6f-e0c0-752b-7c7f863d1df1,3f87d147-04c5-93fc-37f6-6343c972be35,6df3b9f5-dec6-d891-7ee6-e22e1cf34fad,fd40db72-259e-a2c9-ccee-db7522824e5b,e1982368-275b-97fc-4174-151084428a94,273e849a-dc05-a8c3-0281-c8a2e827318d,5cd8d703-abee-3948-b6a3-3b7f3232a166,bd155994-0316-6a21-8dae-5d670006ab46,2ff3093c-53e8-9814-d2a8-c58f6c866dbb"
"2026-05-22T21:42:49.000+0000",VISA,"VISA,MASTERCARD","1779486169.868",ERROR,"INFO,ERROR,EXIT","06/27","01/27,02/27,03/27,04/27,05/27,06/27,07/27,08/27,09/27,10/27,11/27,12/27",868,1779486169,"fb061221-316e-c954-1422-57bb4f6b9a46","d24481dd-66b0-1408-8e57-e95689202eb9
ece1a9ae-ffd4-aa16-ba60-f4aaf994a432
f6669f7b-58ec-429f-30e4-b854d25735fa
6f77c1f5-b663-996c-c336-72c1d5493d4b
fb061221-316e-c954-1422-57bb4f6b9a46
a0bcc770-67eb-ddb1-2e42-b9b81a701feb
1933364a-bd6f-e0c0-752b-7c7f863d1df1
3f87d147-04c5-93fc-37f6-6343c972be35
6df3b9f5-dec6-d891-7ee6-e22e1cf34fad
fd40db72-259e-a2c9-ccee-db7522824e5b
e1982368-275b-97fc-4174-151084428a94
273e849a-dc05-a8c3-0281-c8a2e827318d
5cd8d703-abee-3948-b6a3-3b7f3232a166
bd155994-0316-6a21-8dae-5d670006ab46
2ff3093c-53e8-9814-d2a8-c58f6c866dbb","d24481dd-66b0-1408-8e57-e95689202eb9,ece1a9ae-ffd4-aa16-ba60-f4aaf994a432,f6669f7b-58ec-429f-30e4-b854d25735fa,6f77c1f5-b663-996c-c336-72c1d5493d4b,fb061221-316e-c954-1422-57bb4f6b9a46,a0bcc770-67eb-ddb1-2e42-b9b81a701feb,1933364a-bd6f-e0c0-752b-7c7f863d1df1,3f87d147-04c5-93fc-37f6-6343c972be35,6df3b9f5-dec6-d891-7ee6-e22e1cf34fad,fd40db72-259e-a2c9-ccee-db7522824e5b,e1982368-275b-97fc-4174-151084428a94,273e849a-dc05-a8c3-0281-c8a2e827318d,5cd8d703-abee-3948-b6a3-3b7f3232a166,bd155994-0316-6a21-8dae-5d670006ab46,2ff3093c-53e8-9814-d2a8-c58f6c866dbb"
"2026-05-26T06:50:41.000+0000",VISA,"VISA,MASTERCARD","1779778241.944",INFO,"INFO,ERROR,EXIT","03/27","01/27,02/27,03/27,04/27,05/27,06/27,07/27,08/27,09/27,10/27,11/27,12/27",944,1779778241,"e1982368-275b-97fc-4174-151084428a94","d24481dd-66b0-1408-8e57-e95689202eb9
ece1a9ae-ffd4-aa16-ba60-f4aaf994a432
f6669f7b-58ec-429f-30e4-b854d25735fa
6f77c1f5-b663-996c-c336-72c1d5493d4b
fb061221-316e-c954-1422-57bb4f6b9a46
a0bcc770-67eb-ddb1-2e42-b9b81a701feb
1933364a-bd6f-e0c0-752b-7c7f863d1df1
3f87d147-04c5-93fc-37f6-6343c972be35
6df3b9f5-dec6-d891-7ee6-e22e1cf34fad
fd40db72-259e-a2c9-ccee-db7522824e5b
e1982368-275b-97fc-4174-151084428a94
273e849a-dc05-a8c3-0281-c8a2e827318d
5cd8d703-abee-3948-b6a3-3b7f3232a166
bd155994-0316-6a21-8dae-5d670006ab46
2ff3093c-53e8-9814-d2a8-c58f6c866dbb","d24481dd-66b0-1408-8e57-e95689202eb9,ece1a9ae-ffd4-aa16-ba60-f4aaf994a432,f6669f7b-58ec-429f-30e4-b854d25735fa,6f77c1f5-b663-996c-c336-72c1d5493d4b,fb061221-316e-c954-1422-57bb4f6b9a46,a0bcc770-67eb-ddb1-2e42-b9b81a701feb,1933364a-bd6f-e0c0-752b-7c7f863d1df1,3f87d147-04c5-93fc-37f6-6343c972be35,6df3b9f5-dec6-d891-7ee6-e22e1cf34fad,fd40db72-259e-a2c9-ccee-db7522824e5b,e1982368-275b-97fc-4174-151084428a94,273e849a-dc05-a8c3-0281-c8a2e827318d,5cd8d703-abee-3948-b6a3-3b7f3232a166,bd155994-0316-6a21-8dae-5d670006ab46,2ff3093c-53e8-9814-d2a8-c58f6c866dbb"
"2026-05-24T07:26:22.000+0000",MASTERCARD,"VISA,MASTERCARD","1779607583.208",EXIT,"INFO,ERROR,EXIT","11/27","01/27,02/27,03/27,04/27,05/27,06/27,07/27,08/27,09/27,10/27,11/27,12/27",1208,1779607582,"bd155994-0316-6a21-8dae-5d670006ab46","d24481dd-66b0-1408-8e57-e95689202eb9
ece1a9ae-ffd4-aa16-ba60-f4aaf994a432
f6669f7b-58ec-429f-30e4-b854d25735fa
6f77c1f5-b663-996c-c336-72c1d5493d4b
fb061221-316e-c954-1422-57bb4f6b9a46
a0bcc770-67eb-ddb1-2e42-b9b81a701feb
1933364a-bd6f-e0c0-752b-7c7f863d1df1
3f87d147-04c5-93fc-37f6-6343c972be35
6df3b9f5-dec6-d891-7ee6-e22e1cf34fad
fd40db72-259e-a2c9-ccee-db7522824e5b
e1982368-275b-97fc-4174-151084428a94
273e849a-dc05-a8c3-0281-c8a2e827318d
5cd8d703-abee-3948-b6a3-3b7f3232a166
bd155994-0316-6a21-8dae-5d670006ab46
2ff3093c-53e8-9814-d2a8-c58f6c866dbb","d24481dd-66b0-1408-8e57-e95689202eb9,ece1a9ae-ffd4-aa16-ba60-f4aaf994a432,f6669f7b-58ec-429f-30e4-b854d25735fa,6f77c1f5-b663-996c-c336-72c1d5493d4b,fb061221-316e-c954-1422-57bb4f6b9a46,a0bcc770-67eb-ddb1-2e42-b9b81a701feb,1933364a-bd6f-e0c0-752b-7c7f863d1df1,3f87d147-04c5-93fc-37f6-6343c972be35,6df3b9f5-dec6-d891-7ee6-e22e1cf34fad,fd40db72-259e-a2c9-ccee-db7522824e5b,e1982368-275b-97fc-4174-151084428a94,273e849a-dc05-a8c3-0281-c8a2e827318d,5cd8d703-abee-3948-b6a3-3b7f3232a166,bd155994-0316-6a21-8dae-5d670006ab46,2ff3093c-53e8-9814-d2a8-c58f6c866dbb"
"2026-05-22T17:03:47.000+0000",MASTERCARD,"VISA,MASTERCARD","1779469427.245",ERROR,"INFO,ERROR,EXIT","02/27","01/27,02/27,03/27,04/27,05/27,06/27,07/27,08/27,09/27,10/27,11/27,12/27",245,1779469427,"273e849a-dc05-a8c3-0281-c8a2e827318d","d24481dd-66b0-1408-8e57-e95689202eb9
ece1a9ae-ffd4-aa16-ba60-f4aaf994a432
f6669f7b-58ec-429f-30e4-b854d25735fa
6f77c1f5-b663-996c-c336-72c1d5493d4b
fb061221-316e-c954-1422-57bb4f6b9a46
a0bcc770-67eb-ddb1-2e42-b9b81a701feb
1933364a-bd6f-e0c0-752b-7c7f863d1df1
3f87d147-04c5-93fc-37f6-6343c972be35
6df3b9f5-dec6-d891-7ee6-e22e1cf34fad
fd40db72-259e-a2c9-ccee-db7522824e5b
e1982368-275b-97fc-4174-151084428a94
273e849a-dc05-a8c3-0281-c8a2e827318d
5cd8d703-abee-3948-b6a3-3b7f3232a166
bd155994-0316-6a21-8dae-5d670006ab46
2ff3093c-53e8-9814-d2a8-c58f6c866dbb","d24481dd-66b0-1408-8e57-e95689202eb9,ece1a9ae-ffd4-aa16-ba60-f4aaf994a432,f6669f7b-58ec-429f-30e4-b854d25735fa,6f77c1f5-b663-996c-c336-72c1d5493d4b,fb061221-316e-c954-1422-57bb4f6b9a46,a0bcc770-67eb-ddb1-2e42-b9b81a701feb,1933364a-bd6f-e0c0-752b-7c7f863d1df1,3f87d147-04c5-93fc-37f6-6343c972be35,6df3b9f5-dec6-d891-7ee6-e22e1cf34fad,fd40db72-259e-a2c9-ccee-db7522824e5b,e1982368-275b-97fc-4174-151084428a94,273e849a-dc05-a8c3-0281-c8a2e827318d,5cd8d703-abee-3948-b6a3-3b7f3232a166,bd155994-0316-6a21-8dae-5d670006ab46,2ff3093c-53e8-9814-d2a8-c58f6c866dbb"
"2026-05-23T17:33:38.000+0000",VISA,"VISA,MASTERCARD","1779557618.162",EXIT,"INFO,ERROR,EXIT","02/27","01/27,02/27,03/27,04/27,05/27,06/27,07/27,08/27,09/27,10/27,11/27,12/27",162,1779557618,"e1982368-275b-97fc-4174-151084428a94","d24481dd-66b0-1408-8e57-e95689202eb9
ece1a9ae-ffd4-aa16-ba60-f4aaf994a432
f6669f7b-58ec-429f-30e4-b854d25735fa
6f77c1f5-b663-996c-c336-72c1d5493d4b
fb061221-316e-c954-1422-57bb4f6b9a46
a0bcc770-67eb-ddb1-2e42-b9b81a701feb
1933364a-bd6f-e0c0-752b-7c7f863d1df1
3f87d147-04c5-93fc-37f6-6343c972be35
6df3b9f5-dec6-d891-7ee6-e22e1cf34fad
fd40db72-259e-a2c9-ccee-db7522824e5b
e1982368-275b-97fc-4174-151084428a94
273e849a-dc05-a8c3-0281-c8a2e827318d
5cd8d703-abee-3948-b6a3-3b7f3232a166
bd155994-0316-6a21-8dae-5d670006ab46
2ff3093c-53e8-9814-d2a8-c58f6c866dbb","d24481dd-66b0-1408-8e57-e95689202eb9,ece1a9ae-ffd4-aa16-ba60-f4aaf994a432,f6669f7b-58ec-429f-30e4-b854d25735fa,6f77c1f5-b663-996c-c336-72c1d5493d4b,fb061221-316e-c954-1422-57bb4f6b9a46,a0bcc770-67eb-ddb1-2e42-b9b81a701feb,1933364a-bd6f-e0c0-752b-7c7f863d1df1,3f87d147-04c5-93fc-37f6-6343c972be35,6df3b9f5-dec6-d891-7ee6-e22e1cf34fad,fd40db72-259e-a2c9-ccee-db7522824e5b,e1982368-275b-97fc-4174-151084428a94,273e849a-dc05-a8c3-0281-c8a2e827318d,5cd8d703-abee-3948-b6a3-3b7f3232a166,bd155994-0316-6a21-8dae-5d670006ab46,2ff3093c-53e8-9814-d2a8-c58f6c866dbb"
"2026-05-23T20:18:35.000+0000",VISA,"VISA,MASTERCARD","1779567515.849",ERROR,"INFO,ERROR,EXIT","03/27","01/27,02/27,03/27,04/27,05/27,06/27,07/27,08/27,09/27,10/27,11/27,12/27",849,1779567515,"bd155994-0316-6a21-8dae-5d670006ab46","d24481dd-66b0-1408-8e57-e95689202eb9
ece1a9ae-ffd4-aa16-ba60-f4aaf994a432
f6669f7b-58ec-429f-30e4-b854d25735fa
6f77c1f5-b663-996c-c336-72c1d5493d4b
fb061221-316e-c954-1422-57bb4f6b9a46
a0bcc770-67eb-ddb1-2e42-b9b81a701feb
1933364a-bd6f-e0c0-752b-7c7f863d1df1
3f87d147-04c5-93fc-37f6-6343c972be35
6df3b9f5-dec6-d891-7ee6-e22e1cf34fad
fd40db72-259e-a2c9-ccee-db7522824e5b
e1982368-275b-97fc-4174-151084428a94
273e849a-dc05-a8c3-0281-c8a2e827318d
5cd8d703-abee-3948-b6a3-3b7f3232a166
bd155994-0316-6a21-8dae-5d670006ab46
2ff3093c-53e8-9814-d2a8-c58f6c866dbb","d24481dd-66b0-1408-8e57-e95689202eb9,ece1a9ae-ffd4-aa16-ba60-f4aaf994a432,f6669f7b-58ec-429f-30e4-b854d25735fa,6f77c1f5-b663-996c-c336-72c1d5493d4b,fb061221-316e-c954-1422-57bb4f6b9a46,a0bcc770-67eb-ddb1-2e42-b9b81a701feb,1933364a-bd6f-e0c0-752b-7c7f863d1df1,3f87d147-04c5-93fc-37f6-6343c972be35,6df3b9f5-dec6-d891-7ee6-e22e1cf34fad,fd40db72-259e-a2c9-ccee-db7522824e5b,e1982368-275b-97fc-4174-151084428a94,273e849a-dc05-a8c3-0281-c8a2e827318d,5cd8d703-abee-3948-b6a3-3b7f3232a166,bd155994-0316-6a21-8dae-5d670006ab46,2ff3093c-53e8-9814-d2a8-c58f6c866dbb"
"2026-05-19T12:24:04.000+0000",VISA,"VISA,MASTERCARD","1779193444.315",EXIT,"INFO,ERROR,EXIT","06/27","01/27,02/27,03/27,04/27,05/27,06/27,07/27,08/27,09/27,10/27,11/27,12/27",315,1779193444,"f6669f7b-58ec-429f-30e4-b854d25735fa","d24481dd-66b0-1408-8e57-e95689202eb9
ece1a9ae-ffd4-aa16-ba60-f4aaf994a432
f6669f7b-58ec-429f-30e4-b854d25735fa
6f77c1f5-b663-996c-c336-72c1d5493d4b
fb061221-316e-c954-1422-57bb4f6b9a46
a0bcc770-67eb-ddb1-2e42-b9b81a701feb
1933364a-bd6f-e0c0-752b-7c7f863d1df1
3f87d147-04c5-93fc-37f6-6343c972be35
6df3b9f5-dec6-d891-7ee6-e22e1cf34fad
fd40db72-259e-a2c9-ccee-db7522824e5b
e1982368-275b-97fc-4174-151084428a94
273e849a-dc05-a8c3-0281-c8a2e827318d
5cd8d703-abee-3948-b6a3-3b7f3232a166
bd155994-0316-6a21-8dae-5d670006ab46
2ff3093c-53e8-9814-d2a8-c58f6c866dbb","d24481dd-66b0-1408-8e57-e95689202eb9,ece1a9ae-ffd4-aa16-ba60-f4aaf994a432,f6669f7b-58ec-429f-30e4-b854d25735fa,6f77c1f5-b663-996c-c336-72c1d5493d4b,fb061221-316e-c954-1422-57bb4f6b9a46,a0bcc770-67eb-ddb1-2e42-b9b81a701feb,1933364a-bd6f-e0c0-752b-7c7f863d1df1,3f87d147-04c5-93fc-37f6-6343c972be35,6df3b9f5-dec6-d891-7ee6-e22e1cf34fad,fd40db72-259e-a2c9-ccee-db7522824e5b,e1982368-275b-97fc-4174-151084428a94,273e849a-dc05-a8c3-0281-c8a2e827318d,5cd8d703-abee-3948-b6a3-3b7f3232a166,bd155994-0316-6a21-8dae-5d670006ab46,2ff3093c-53e8-9814-d2a8-c58f6c866dbb"
"2026-05-23T17:24:07.000+0000",VISA,"VISA,MASTERCARD","1779557047.914",INFO,"INFO,ERROR,EXIT","08/27","01/27,02/27,03/27,04/27,05/27,06/27,07/27,08/27,09/27,10/27,11/27,12/27",914,1779557047,"d24481dd-66b0-1408-8e57-e95689202eb9","d24481dd-66b0-1408-8e57-e95689202eb9
ece1a9ae-ffd4-aa16-ba60-f4aaf994a432
f6669f7b-58ec-429f-30e4-b854d25735fa
6f77c1f5-b663-996c-c336-72c1d5493d4b
fb061221-316e-c954-1422-57bb4f6b9a46
a0bcc770-67eb-ddb1-2e42-b9b81a701feb
1933364a-bd6f-e0c0-752b-7c7f863d1df1
3f87d147-04c5-93fc-37f6-6343c972be35
6df3b9f5-dec6-d891-7ee6-e22e1cf34fad
fd40db72-259e-a2c9-ccee-db7522824e5b
e1982368-275b-97fc-4174-151084428a94
273e849a-dc05-a8c3-0281-c8a2e827318d
5cd8d703-abee-3948-b6a3-3b7f3232a166
bd155994-0316-6a21-8dae-5d670006ab46
2ff3093c-53e8-9814-d2a8-c58f6c866dbb","d24481dd-66b0-1408-8e57-e95689202eb9,ece1a9ae-ffd4-aa16-ba60-f4aaf994a432,f6669f7b-58ec-429f-30e4-b854d25735fa,6f77c1f5-b663-996c-c336-72c1d5493d4b,fb061221-316e-c954-1422-57bb4f6b9a46,a0bcc770-67eb-ddb1-2e42-b9b81a701feb,1933364a-bd6f-e0c0-752b-7c7f863d1df1,3f87d147-04c5-93fc-37f6-6343c972be35,6df3b9f5-dec6-d891-7ee6-e22e1cf34fad,fd40db72-259e-a2c9-ccee-db7522824e5b,e1982368-275b-97fc-4174-151084428a94,273e849a-dc05-a8c3-0281-c8a2e827318d,5cd8d703-abee-3948-b6a3-3b7f3232a166,bd155994-0316-6a21-8dae-5d670006ab46,2ff3093c-53e8-9814-d2a8-c58f6c866dbb"
"2026-05-23T06:56:24.000+0000",MASTERCARD,"VISA,MASTERCARD","1779519385.243",INFO,"INFO,ERROR,EXIT","09/27","01/27,02/27,03/27,04/27,05/27,06/27,07/27,08/27,09/27,10/27,11/27,12/27",1243,1779519384,"fb061221-316e-c954-1422-57bb4f6b9a46","d24481dd-66b0-1408-8e57-e95689202eb9
ece1a9ae-ffd4-aa16-ba60-f4aaf994a432
f6669f7b-58ec-429f-30e4-b854d25735fa
6f77c1f5-b663-996c-c336-72c1d5493d4b
fb061221-316e-c954-1422-57bb4f6b9a46
a0bcc770-67eb-ddb1-2e42-b9b81a701feb
1933364a-bd6f-e0c0-752b-7c7f863d1df1
3f87d147-04c5-93fc-37f6-6343c972be35
6df3b9f5-dec6-d891-7ee6-e22e1cf34fad
fd40db72-259e-a2c9-ccee-db7522824e5b
e1982368-275b-97fc-4174-151084428a94
273e849a-dc05-a8c3-0281-c8a2e827318d
5cd8d703-abee-3948-b6a3-3b7f3232a166
bd155994-0316-6a21-8dae-5d670006ab46
2ff3093c-53e8-9814-d2a8-c58f6c866dbb","d24481dd-66b0-1408-8e57-e95689202eb9,ece1a9ae-ffd4-aa16-ba60-f4aaf994a432,f6669f7b-58ec-429f-30e4-b854d25735fa,6f77c1f5-b663-996c-c336-72c1d5493d4b,fb061221-316e-c954-1422-57bb4f6b9a46,a0bcc770-67eb-ddb1-2e42-b9b81a701feb,1933364a-bd6f-e0c0-752b-7c7f863d1df1,3f87d147-04c5-93fc-37f6-6343c972be35,6df3b9f5-dec6-d891-7ee6-e22e1cf34fad,fd40db72-259e-a2c9-ccee-db7522824e5b,e1982368-275b-97fc-4174-151084428a94,273e849a-dc05-a8c3-0281-c8a2e827318d,5cd8d703-abee-3948-b6a3-3b7f3232a166,bd155994-0316-6a21-8dae-5d670006ab46,2ff3093c-53e8-9814-d2a8-c58f6c866dbb"
"2026-05-19T18:49:09.000+0000",MASTERCARD,"VISA,MASTERCARD","1779216549.479",EXIT,"INFO,ERROR,EXIT","10/27","01/27,02/27,03/27,04/27,05/27,06/27,07/27,08/27,09/27,10/27,11/27,12/27",479,1779216549,"6f77c1f5-b663-996c-c336-72c1d5493d4b","d24481dd-66b0-1408-8e57-e95689202eb9
ece1a9ae-ffd4-aa16-ba60-f4aaf994a432
f6669f7b-58ec-429f-30e4-b854d25735fa
6f77c1f5-b663-996c-c336-72c1d5493d4b
fb061221-316e-c954-1422-57bb4f6b9a46
a0bcc770-67eb-ddb1-2e42-b9b81a701feb
1933364a-bd6f-e0c0-752b-7c7f863d1df1
3f87d147-04c5-93fc-37f6-6343c972be35
6df3b9f5-dec6-d891-7ee6-e22e1cf34fad
fd40db72-259e-a2c9-ccee-db7522824e5b
e1982368-275b-97fc-4174-151084428a94
273e849a-dc05-a8c3-0281-c8a2e827318d
5cd8d703-abee-3948-b6a3-3b7f3232a166
bd155994-0316-6a21-8dae-5d670006ab46
2ff3093c-53e8-9814-d2a8-c58f6c866dbb","d24481dd-66b0-1408-8e57-e95689202eb9,ece1a9ae-ffd4-aa16-ba60-f4aaf994a432,f6669f7b-58ec-429f-30e4-b854d25735fa,6f77c1f5-b663-996c-c336-72c1d5493d4b,fb061221-316e-c954-1422-57bb4f6b9a46,a0bcc770-67eb-ddb1-2e42-b9b81a701feb,1933364a-bd6f-e0c0-752b-7c7f863d1df1,3f87d147-04c5-93fc-37f6-6343c972be35,6df3b9f5-dec6-d891-7ee6-e22e1cf34fad,fd40db72-259e-a2c9-ccee-db7522824e5b,e1982368-275b-97fc-4174-151084428a94,273e849a-dc05-a8c3-0281-c8a2e827318d,5cd8d703-abee-3948-b6a3-3b7f3232a166,bd155994-0316-6a21-8dae-5d670006ab46,2ff3093c-53e8-9814-d2a8-c58f6c866dbb"
"2026-05-24T07:14:11.000+0000",MASTERCARD,"VISA,MASTERCARD","1779606851.885",INFO,"INFO,ERROR,EXIT","11/27","01/27,02/27,03/27,04/27,05/27,06/27,07/27,08/27,09/27,10/27,11/27,12/27",885,1779606851,"e1982368-275b-97fc-4174-151084428a94","d24481dd-66b0-1408-8e57-e95689202eb9
ece1a9ae-ffd4-aa16-ba60-f4aaf994a432
f6669f7b-58ec-429f-30e4-b854d25735fa
6f77c1f5-b663-996c-c336-72c1d5493d4b
fb061221-316e-c954-1422-57bb4f6b9a46
a0bcc770-67eb-ddb1-2e42-b9b81a701feb
1933364a-bd6f-e0c0-752b-7c7f863d1df1
3f87d147-04c5-93fc-37f6-6343c972be35
6df3b9f5-dec6-d891-7ee6-e22e1cf34fad
fd40db72-259e-a2c9-ccee-db7522824e5b
e1982368-275b-97fc-4174-151084428a94
273e849a-dc05-a8c3-0281-c8a2e827318d
5cd8d703-abee-3948-b6a3-3b7f3232a166
bd155994-0316-6a21-8dae-5d670006ab46
2ff3093c-53e8-9814-d2a8-c58f6c866dbb","d24481dd-66b0-1408-8e57-e95689202eb9,ece1a9ae-ffd4-aa16-ba60-f4aaf994a432,f6669f7b-58ec-429f-30e4-b854d25735fa,6f77c1f5-b663-996c-c336-72c1d5493d4b,fb061221-316e-c954-1422-57bb4f6b9a46,a0bcc770-67eb-ddb1-2e42-b9b81a701feb,1933364a-bd6f-e0c0-752b-7c7f863d1df1,3f87d147-04c5-93fc-37f6-6343c972be35,6df3b9f5-dec6-d891-7ee6-e22e1cf34fad,fd40db72-259e-a2c9-ccee-db7522824e5b,e1982368-275b-97fc-4174-151084428a94,273e849a-dc05-a8c3-0281-c8a2e827318d,5cd8d703-abee-3948-b6a3-3b7f3232a166,bd155994-0316-6a21-8dae-5d670006ab46,2ff3093c-53e8-9814-d2a8-c58f6c866dbb"
"2026-05-25T04:17:16.000+0000",MASTERCARD,"VISA,MASTERCARD","1779682636.48",ERROR,"INFO,ERROR,EXIT","10/27","01/27,02/27,03/27,04/27,05/27,06/27,07/27,08/27,09/27,10/27,11/27,12/27",480,1779682636,"273e849a-dc05-a8c3-0281-c8a2e827318d","d24481dd-66b0-1408-8e57-e95689202eb9
ece1a9ae-ffd4-aa16-ba60-f4aaf994a432
f6669f7b-58ec-429f-30e4-b854d25735fa
6f77c1f5-b663-996c-c336-72c1d5493d4b
fb061221-316e-c954-1422-57bb4f6b9a46
a0bcc770-67eb-ddb1-2e42-b9b81a701feb
1933364a-bd6f-e0c0-752b-7c7f863d1df1
3f87d147-04c5-93fc-37f6-6343c972be35
6df3b9f5-dec6-d891-7ee6-e22e1cf34fad
fd40db72-259e-a2c9-ccee-db7522824e5b
e1982368-275b-97fc-4174-151084428a94
273e849a-dc05-a8c3-0281-c8a2e827318d
5cd8d703-abee-3948-b6a3-3b7f3232a166
bd155994-0316-6a21-8dae-5d670006ab46
2ff3093c-53e8-9814-d2a8-c58f6c866dbb","d24481dd-66b0-1408-8e57-e95689202eb9,ece1a9ae-ffd4-aa16-ba60-f4aaf994a432,f6669f7b-58ec-429f-30e4-b854d25735fa,6f77c1f5-b663-996c-c336-72c1d5493d4b,fb061221-316e-c954-1422-57bb4f6b9a46,a0bcc770-67eb-ddb1-2e42-b9b81a701feb,1933364a-bd6f-e0c0-752b-7c7f863d1df1,3f87d147-04c5-93fc-37f6-6343c972be35,6df3b9f5-dec6-d891-7ee6-e22e1cf34fad,fd40db72-259e-a2c9-ccee-db7522824e5b,e1982368-275b-97fc-4174-151084428a94,273e849a-dc05-a8c3-0281-c8a2e827318d,5cd8d703-abee-3948-b6a3-3b7f3232a166,bd155994-0316-6a21-8dae-5d670006ab46,2ff3093c-53e8-9814-d2a8-c58f6c866dbb"
"2026-05-20T08:15:42.000+0000",VISA,"VISA,MASTERCARD","1779264942.442",ERROR,"INFO,ERROR,EXIT","05/27","01/27,02/27,03/27,04/27,05/27,06/27,07/27,08/27,09/27,10/27,11/27,12/27",442,1779264942,"fd40db72-259e-a2c9-ccee-db7522824e5b","d24481dd-66b0-1408-8e57-e95689202eb9
ece1a9ae-ffd4-aa16-ba60-f4aaf994a432
f6669f7b-58ec-429f-30e4-b854d25735fa
6f77c1f5-b663-996c-c336-72c1d5493d4b
fb061221-316e-c954-1422-57bb4f6b9a46
a0bcc770-67eb-ddb1-2e42-b9b81a701feb
1933364a-bd6f-e0c0-752b-7c7f863d1df1
3f87d147-04c5-93fc-37f6-6343c972be35
6df3b9f5-dec6-d891-7ee6-e22e1cf34fad
fd40db72-259e-a2c9-ccee-db7522824e5b
e1982368-275b-97fc-4174-151084428a94
273e849a-dc05-a8c3-0281-c8a2e827318d
5cd8d703-abee-3948-b6a3-3b7f3232a166
bd155994-0316-6a21-8dae-5d670006ab46
2ff3093c-53e8-9814-d2a8-c58f6c866dbb","d24481dd-66b0-1408-8e57-e95689202eb9,ece1a9ae-ffd4-aa16-ba60-f4aaf994a432,f6669f7b-58ec-429f-30e4-b854d25735fa,6f77c1f5-b663-996c-c336-72c1d5493d4b,fb061221-316e-c954-1422-57bb4f6b9a46,a0bcc770-67eb-ddb1-2e42-b9b81a701feb,1933364a-bd6f-e0c0-752b-7c7f863d1df1,3f87d147-04c5-93fc-37f6-6343c972be35,6df3b9f5-dec6-d891-7ee6-e22e1cf34fad,fd40db72-259e-a2c9-ccee-db7522824e5b,e1982368-275b-97fc-4174-151084428a94,273e849a-dc05-a8c3-0281-c8a2e827318d,5cd8d703-abee-3948-b6a3-3b7f3232a166,bd155994-0316-6a21-8dae-5d670006ab46,2ff3093c-53e8-9814-d2a8-c58f6c866dbb"
"2026-05-23T05:37:42.000+0000",VISA,"VISA,MASTERCARD","1779514662.952",INFO,"INFO,ERROR,EXIT","12/27","01/27,02/27,03/27,04/27,05/27,06/27,07/27,08/27,09/27,10/27,11/27,12/27",952,1779514662,"1933364a-bd6f-e0c0-752b-7c7f863d1df1","d24481dd-66b0-1408-8e57-e95689202eb9
ece1a9ae-ffd4-aa16-ba60-f4aaf994a432
f6669f7b-58ec-429f-30e4-b854d25735fa
6f77c1f5-b663-996c-c336-72c1d5493d4b
fb061221-316e-c954-1422-57bb4f6b9a46
a0bcc770-67eb-ddb1-2e42-b9b81a701feb
1933364a-bd6f-e0c0-752b-7c7f863d1df1
3f87d147-04c5-93fc-37f6-6343c972be35
6df3b9f5-dec6-d891-7ee6-e22e1cf34fad
fd40db72-259e-a2c9-ccee-db7522824e5b
e1982368-275b-97fc-4174-151084428a94
273e849a-dc05-a8c3-0281-c8a2e827318d
5cd8d703-abee-3948-b6a3-3b7f3232a166
bd155994-0316-6a21-8dae-5d670006ab46
2ff3093c-53e8-9814-d2a8-c58f6c866dbb","d24481dd-66b0-1408-8e57-e95689202eb9,ece1a9ae-ffd4-aa16-ba60-f4aaf994a432,f6669f7b-58ec-429f-30e4-b854d25735fa,6f77c1f5-b663-996c-c336-72c1d5493d4b,fb061221-316e-c954-1422-57bb4f6b9a46,a0bcc770-67eb-ddb1-2e42-b9b81a701feb,1933364a-bd6f-e0c0-752b-7c7f863d1df1,3f87d147-04c5-93fc-37f6-6343c972be35,6df3b9f5-dec6-d891-7ee6-e22e1cf34fad,fd40db72-259e-a2c9-ccee-db7522824e5b,e1982368-275b-97fc-4174-151084428a94,273e849a-dc05-a8c3-0281-c8a2e827318d,5cd8d703-abee-3948-b6a3-3b7f3232a166,bd155994-0316-6a21-8dae-5d670006ab46,2ff3093c-53e8-9814-d2a8-c58f6c866dbb"
"2026-05-24T13:12:21.000+0000",MASTERCARD,"VISA,MASTERCARD","1779628341.693",ERROR,"INFO,ERROR,EXIT","06/27","01/27,02/27,03/27,04/27,05/27,06/27,07/27,08/27,09/27,10/27,11/27,12/27",693,1779628341,"3f87d147-04c5-93fc-37f6-6343c972be35","d24481dd-66b0-1408-8e57-e95689202eb9
ece1a9ae-ffd4-aa16-ba60-f4aaf994a432
f6669f7b-58ec-429f-30e4-b854d25735fa
6f77c1f5-b663-996c-c336-72c1d5493d4b
fb061221-316e-c954-1422-57bb4f6b9a46
a0bcc770-67eb-ddb1-2e42-b9b81a701feb
1933364a-bd6f-e0c0-752b-7c7f863d1df1
3f87d147-04c5-93fc-37f6-6343c972be35
6df3b9f5-dec6-d891-7ee6-e22e1cf34fad
fd40db72-259e-a2c9-ccee-db7522824e5b
e1982368-275b-97fc-4174-151084428a94
273e849a-dc05-a8c3-0281-c8a2e827318d
5cd8d703-abee-3948-b6a3-3b7f3232a166
bd155994-0316-6a21-8dae-5d670006ab46
2ff3093c-53e8-9814-d2a8-c58f6c866dbb","d24481dd-66b0-1408-8e57-e95689202eb9,ece1a9ae-ffd4-aa16-ba60-f4aaf994a432,f6669f7b-58ec-429f-30e4-b854d25735fa,6f77c1f5-b663-996c-c336-72c1d5493d4b,fb061221-316e-c954-1422-57bb4f6b9a46,a0bcc770-67eb-ddb1-2e42-b9b81a701feb,1933364a-bd6f-e0c0-752b-7c7f863d1df1,3f87d147-04c5-93fc-37f6-6343c972be35,6df3b9f5-dec6-d891-7ee6-e22e1cf34fad,fd40db72-259e-a2c9-ccee-db7522824e5b,e1982368-275b-97fc-4174-151084428a94,273e849a-dc05-a8c3-0281-c8a2e827318d,5cd8d703-abee-3948-b6a3-3b7f3232a166,bd155994-0316-6a21-8dae-5d670006ab46,2ff3093c-53e8-9814-d2a8-c58f6c866dbb"
"2026-05-25T22:24:56.000+0000",VISA,"VISA,MASTERCARD","1779747896.35",EXIT,"INFO,ERROR,EXIT","05/27","01/27,02/27,03/27,04/27,05/27,06/27,07/27,08/27,09/27,10/27,11/27,12/27",350,1779747896,"2ff3093c-53e8-9814-d2a8-c58f6c866dbb","d24481dd-66b0-1408-8e57-e95689202eb9
ece1a9ae-ffd4-aa16-ba60-f4aaf994a432
f6669f7b-58ec-429f-30e4-b854d25735fa
6f77c1f5-b663-996c-c336-72c1d5493d4b
fb061221-316e-c954-1422-57bb4f6b9a46
a0bcc770-67eb-ddb1-2e42-b9b81a701feb
1933364a-bd6f-e0c0-752b-7c7f863d1df1
3f87d147-04c5-93fc-37f6-6343c972be35
6df3b9f5-dec6-d891-7ee6-e22e1cf34fad
fd40db72-259e-a2c9-ccee-db7522824e5b
e1982368-275b-97fc-4174-151084428a94
273e849a-dc05-a8c3-0281-c8a2e827318d
5cd8d703-abee-3948-b6a3-3b7f3232a166
bd155994-0316-6a21-8dae-5d670006ab46
2ff3093c-53e8-9814-d2a8-c58f6c866dbb","d24481dd-66b0-1408-8e57-e95689202eb9,ece1a9ae-ffd4-aa16-ba60-f4aaf994a432,f6669f7b-58ec-429f-30e4-b854d25735fa,6f77c1f5-b663-996c-c336-72c1d5493d4b,fb061221-316e-c954-1422-57bb4f6b9a46,a0bcc770-67eb-ddb1-2e42-b9b81a701feb,1933364a-bd6f-e0c0-752b-7c7f863d1df1,3f87d147-04c5-93fc-37f6-6343c972be35,6df3b9f5-dec6-d891-7ee6-e22e1cf34fad,fd40db72-259e-a2c9-ccee-db7522824e5b,e1982368-275b-97fc-4174-151084428a94,273e849a-dc05-a8c3-0281-c8a2e827318d,5cd8d703-abee-3948-b6a3-3b7f3232a166,bd155994-0316-6a21-8dae-5d670006ab46,2ff3093c-53e8-9814-d2a8-c58f6c866dbb"
"2026-05-23T22:58:39.000+0000",VISA,"VISA,MASTERCARD","1779577119.489",EXIT,"INFO,ERROR,EXIT","04/27","01/27,02/27,03/27,04/27,05/27,06/27,07/27,08/27,09/27,10/27,11/27,12/27",489,1779577119,"3f87d147-04c5-93fc-37f6-6343c972be35","d24481dd-66b0-1408-8e57-e95689202eb9
ece1a9ae-ffd4-aa16-ba60-f4aaf994a432
f6669f7b-58ec-429f-30e4-b854d25735fa
6f77c1f5-b663-996c-c336-72c1d5493d4b
fb061221-316e-c954-1422-57bb4f6b9a46
a0bcc770-67eb-ddb1-2e42-b9b81a701feb
1933364a-bd6f-e0c0-752b-7c7f863d1df1
3f87d147-04c5-93fc-37f6-6343c972be35
6df3b9f5-dec6-d891-7ee6-e22e1cf34fad
fd40db72-259e-a2c9-ccee-db7522824e5b
e1982368-275b-97fc-4174-151084428a94
273e849a-dc05-a8c3-0281-c8a2e827318d
5cd8d703-abee-3948-b6a3-3b7f3232a166
bd155994-0316-6a21-8dae-5d670006ab46
2ff3093c-53e8-9814-d2a8-c58f6c866dbb","d24481dd-66b0-1408-8e57-e95689202eb9,ece1a9ae-ffd4-aa16-ba60-f4aaf994a432,f6669f7b-58ec-429f-30e4-b854d25735fa,6f77c1f5-b663-996c-c336-72c1d5493d4b,fb061221-316e-c954-1422-57bb4f6b9a46,a0bcc770-67eb-ddb1-2e42-b9b81a701feb,1933364a-bd6f-e0c0-752b-7c7f863d1df1,3f87d147-04c5-93fc-37f6-6343c972be35,6df3b9f5-dec6-d891-7ee6-e22e1cf34fad,fd40db72-259e-a2c9-ccee-db7522824e5b,e1982368-275b-97fc-4174-151084428a94,273e849a-dc05-a8c3-0281-c8a2e827318d,5cd8d703-abee-3948-b6a3-3b7f3232a166,bd155994-0316-6a21-8dae-5d670006ab46,2ff3093c-53e8-9814-d2a8-c58f6c866dbb"
"2026-05-22T16:06:31.000+0000",MASTERCARD,"VISA,MASTERCARD","1779465992.498",ERROR,"INFO,ERROR,EXIT","06/27","01/27,02/27,03/27,04/27,05/27,06/27,07/27,08/27,09/27,10/27,11/27,12/27",1498,1779465991,"2ff3093c-53e8-9814-d2a8-c58f6c866dbb","d24481dd-66b0-1408-8e57-e95689202eb9
ece1a9ae-ffd4-aa16-ba60-f4aaf994a432
f6669f7b-58ec-429f-30e4-b854d25735fa
6f77c1f5-b663-996c-c336-72c1d5493d4b
fb061221-316e-c954-1422-57bb4f6b9a46
a0bcc770-67eb-ddb1-2e42-b9b81a701feb
1933364a-bd6f-e0c0-752b-7c7f863d1df1
3f87d147-04c5-93fc-37f6-6343c972be35
6df3b9f5-dec6-d891-7ee6-e22e1cf34fad
fd40db72-259e-a2c9-ccee-db7522824e5b
e1982368-275b-97fc-4174-151084428a94
273e849a-dc05-a8c3-0281-c8a2e827318d
5cd8d703-abee-3948-b6a3-3b7f3232a166
bd155994-0316-6a21-8dae-5d670006ab46
2ff3093c-53e8-9814-d2a8-c58f6c866dbb","d24481dd-66b0-1408-8e57-e95689202eb9,ece1a9ae-ffd4-aa16-ba60-f4aaf994a432,f6669f7b-58ec-429f-30e4-b854d25735fa,6f77c1f5-b663-996c-c336-72c1d5493d4b,fb061221-316e-c954-1422-57bb4f6b9a46,a0bcc770-67eb-ddb1-2e42-b9b81a701feb,1933364a-bd6f-e0c0-752b-7c7f863d1df1,3f87d147-04c5-93fc-37f6-6343c972be35,6df3b9f5-dec6-d891-7ee6-e22e1cf34fad,fd40db72-259e-a2c9-ccee-db7522824e5b,e1982368-275b-97fc-4174-151084428a94,273e849a-dc05-a8c3-0281-c8a2e827318d,5cd8d703-abee-3948-b6a3-3b7f3232a166,bd155994-0316-6a21-8dae-5d670006ab46,2ff3093c-53e8-9814-d2a8-c58f6c866dbb"
"2026-05-20T07:42:09.000+0000",VISA,"VISA,MASTERCARD","1779262929.076",ERROR,"INFO,ERROR,EXIT","10/27","01/27,02/27,03/27,04/27,05/27,06/27,07/27,08/27,09/27,10/27,11/27,12/27",76,1779262929,"d24481dd-66b0-1408-8e57-e95689202eb9","d24481dd-66b0-1408-8e57-e95689202eb9
ece1a9ae-ffd4-aa16-ba60-f4aaf994a432
f6669f7b-58ec-429f-30e4-b854d25735fa
6f77c1f5-b663-996c-c336-72c1d5493d4b
fb061221-316e-c954-1422-57bb4f6b9a46
a0bcc770-67eb-ddb1-2e42-b9b81a701feb
1933364a-bd6f-e0c0-752b-7c7f863d1df1
3f87d147-04c5-93fc-37f6-6343c972be35
6df3b9f5-dec6-d891-7ee6-e22e1cf34fad
fd40db72-259e-a2c9-ccee-db7522824e5b
e1982368-275b-97fc-4174-151084428a94
273e849a-dc05-a8c3-0281-c8a2e827318d
5cd8d703-abee-3948-b6a3-3b7f3232a166
bd155994-0316-6a21-8dae-5d670006ab46
2ff3093c-53e8-9814-d2a8-c58f6c866dbb","d24481dd-66b0-1408-8e57-e95689202eb9,ece1a9ae-ffd4-aa16-ba60-f4aaf994a432,f6669f7b-58ec-429f-30e4-b854d25735fa,6f77c1f5-b663-996c-c336-72c1d5493d4b,fb061221-316e-c954-1422-57bb4f6b9a46,a0bcc770-67eb-ddb1-2e42-b9b81a701feb,1933364a-bd6f-e0c0-752b-7c7f863d1df1,3f87d147-04c5-93fc-37f6-6343c972be35,6df3b9f5-dec6-d891-7ee6-e22e1cf34fad,fd40db72-259e-a2c9-ccee-db7522824e5b,e1982368-275b-97fc-4174-151084428a94,273e849a-dc05-a8c3-0281-c8a2e827318d,5cd8d703-abee-3948-b6a3-3b7f3232a166,bd155994-0316-6a21-8dae-5d670006ab46,2ff3093c-53e8-9814-d2a8-c58f6c866dbb"
"2026-05-19T22:24:15.000+0000",MASTERCARD,"VISA,MASTERCARD","1779229456.509",ERROR,"INFO,ERROR,EXIT","05/27","01/27,02/27,03/27,04/27,05/27,06/27,07/27,08/27,09/27,10/27,11/27,12/27",1509,1779229455,"fb061221-316e-c954-1422-57bb4f6b9a46","d24481dd-66b0-1408-8e57-e95689202eb9
ece1a9ae-ffd4-aa16-ba60-f4aaf994a432
f6669f7b-58ec-429f-30e4-b854d25735fa
6f77c1f5-b663-996c-c336-72c1d5493d4b
fb061221-316e-c954-1422-57bb4f6b9a46
a0bcc770-67eb-ddb1-2e42-b9b81a701feb
1933364a-bd6f-e0c0-752b-7c7f863d1df1
3f87d147-04c5-93fc-37f6-6343c972be35
6df3b9f5-dec6-d891-7ee6-e22e1cf34fad
fd40db72-259e-a2c9-ccee-db7522824e5b
e1982368-275b-97fc-4174-151084428a94
273e849a-dc05-a8c3-0281-c8a2e827318d
5cd8d703-abee-3948-b6a3-3b7f3232a166
bd155994-0316-6a21-8dae-5d670006ab46
2ff3093c-53e8-9814-d2a8-c58f6c866dbb","d24481dd-66b0-1408-8e57-e95689202eb9,ece1a9ae-ffd4-aa16-ba60-f4aaf994a432,f6669f7b-58ec-429f-30e4-b854d25735fa,6f77c1f5-b663-996c-c336-72c1d5493d4b,fb061221-316e-c954-1422-57bb4f6b9a46,a0bcc770-67eb-ddb1-2e42-b9b81a701feb,1933364a-bd6f-e0c0-752b-7c7f863d1df1,3f87d147-04c5-93fc-37f6-6343c972be35,6df3b9f5-dec6-d891-7ee6-e22e1cf34fad,fd40db72-259e-a2c9-ccee-db7522824e5b,e1982368-275b-97fc-4174-151084428a94,273e849a-dc05-a8c3-0281-c8a2e827318d,5cd8d703-abee-3948-b6a3-3b7f3232a166,bd155994-0316-6a21-8dae-5d670006ab46,2ff3093c-53e8-9814-d2a8-c58f6c866dbb"
"2026-05-25T08:10:42.000+0000",VISA,"VISA,MASTERCARD","1779696642.369",EXIT,"INFO,ERROR,EXIT","11/27","01/27,02/27,03/27,04/27,05/27,06/27,07/27,08/27,09/27,10/27,11/27,12/27",369,1779696642,"e1982368-275b-97fc-4174-151084428a94","d24481dd-66b0-1408-8e57-e95689202eb9
ece1a9ae-ffd4-aa16-ba60-f4aaf994a432
f6669f7b-58ec-429f-30e4-b854d25735fa
6f77c1f5-b663-996c-c336-72c1d5493d4b
fb061221-316e-c954-1422-57bb4f6b9a46
a0bcc770-67eb-ddb1-2e42-b9b81a701feb
1933364a-bd6f-e0c0-752b-7c7f863d1df1
3f87d147-04c5-93fc-37f6-6343c972be35
6df3b9f5-dec6-d891-7ee6-e22e1cf34fad
fd40db72-259e-a2c9-ccee-db7522824e5b
e1982368-275b-97fc-4174-151084428a94
273e849a-dc05-a8c3-0281-c8a2e827318d
5cd8d703-abee-3948-b6a3-3b7f3232a166
bd155994-0316-6a21-8dae-5d670006ab46
2ff3093c-53e8-9814-d2a8-c58f6c866dbb","d24481dd-66b0-1408-8e57-e95689202eb9,ece1a9ae-ffd4-aa16-ba60-f4aaf994a432,f6669f7b-58ec-429f-30e4-b854d25735fa,6f77c1f5-b663-996c-c336-72c1d5493d4b,fb061221-316e-c954-1422-57bb4f6b9a46,a0bcc770-67eb-ddb1-2e42-b9b81a701feb,1933364a-bd6f-e0c0-752b-7c7f863d1df1,3f87d147-04c5-93fc-37f6-6343c972be35,6df3b9f5-dec6-d891-7ee6-e22e1cf34fad,fd40db72-259e-a2c9-ccee-db7522824e5b,e1982368-275b-97fc-4174-151084428a94,273e849a-dc05-a8c3-0281-c8a2e827318d,5cd8d703-abee-3948-b6a3-3b7f3232a166,bd155994-0316-6a21-8dae-5d670006ab46,2ff3093c-53e8-9814-d2a8-c58f6c866dbb"
"2026-05-19T21:39:39.000+0000",VISA,"VISA,MASTERCARD","1779226779.459",ERROR,"INFO,ERROR,EXIT","06/27","01/27,02/27,03/27,04/27,05/27,06/27,07/27,08/27,09/27,10/27,11/27,12/27",459,1779226779,"6df3b9f5-dec6-d891-7ee6-e22e1cf34fad","d24481dd-66b0-1408-8e57-e95689202eb9
ece1a9ae-ffd4-aa16-ba60-f4aaf994a432
f6669f7b-58ec-429f-30e4-b854d25735fa
6f77c1f5-b663-996c-c336-72c1d5493d4b
fb061221-316e-c954-1422-57bb4f6b9a46
a0bcc770-67eb-ddb1-2e42-b9b81a701feb
1933364a-bd6f-e0c0-752b-7c7f863d1df1
3f87d147-04c5-93fc-37f6-6343c972be35
6df3b9f5-dec6-d891-7ee6-e22e1cf34fad
fd40db72-259e-a2c9-ccee-db7522824e5b
e1982368-275b-97fc-4174-151084428a94
273e849a-dc05-a8c3-0281-c8a2e827318d
5cd8d703-abee-3948-b6a3-3b7f3232a166
bd155994-0316-6a21-8dae-5d670006ab46
2ff3093c-53e8-9814-d2a8-c58f6c866dbb","d24481dd-66b0-1408-8e57-e95689202eb9,ece1a9ae-ffd4-aa16-ba60-f4aaf994a432,f6669f7b-58ec-429f-30e4-b854d25735fa,6f77c1f5-b663-996c-c336-72c1d5493d4b,fb061221-316e-c954-1422-57bb4f6b9a46,a0bcc770-67eb-ddb1-2e42-b9b81a701feb,1933364a-bd6f-e0c0-752b-7c7f863d1df1,3f87d147-04c5-93fc-37f6-6343c972be35,6df3b9f5-dec6-d891-7ee6-e22e1cf34fad,fd40db72-259e-a2c9-ccee-db7522824e5b,e1982368-275b-97fc-4174-151084428a94,273e849a-dc05-a8c3-0281-c8a2e827318d,5cd8d703-abee-3948-b6a3-3b7f3232a166,bd155994-0316-6a21-8dae-5d670006ab46,2ff3093c-53e8-9814-d2a8-c58f6c866dbb"
"2026-05-25T02:49:43.000+0000",MASTERCARD,"VISA,MASTERCARD","1779677384.281",EXIT,"INFO,ERROR,EXIT","02/27","01/27,02/27,03/27,04/27,05/27,06/27,07/27,08/27,09/27,10/27,11/27,12/27",1281,1779677383,"fb061221-316e-c954-1422-57bb4f6b9a46","d24481dd-66b0-1408-8e57-e95689202eb9
ece1a9ae-ffd4-aa16-ba60-f4aaf994a432
f6669f7b-58ec-429f-30e4-b854d25735fa
6f77c1f5-b663-996c-c336-72c1d5493d4b
fb061221-316e-c954-1422-57bb4f6b9a46
a0bcc770-67eb-ddb1-2e42-b9b81a701feb
1933364a-bd6f-e0c0-752b-7c7f863d1df1
3f87d147-04c5-93fc-37f6-6343c972be35
6df3b9f5-dec6-d891-7ee6-e22e1cf34fad
fd40db72-259e-a2c9-ccee-db7522824e5b
e1982368-275b-97fc-4174-151084428a94
273e849a-dc05-a8c3-0281-c8a2e827318d
5cd8d703-abee-3948-b6a3-3b7f3232a166
bd155994-0316-6a21-8dae-5d670006ab46
2ff3093c-53e8-9814-d2a8-c58f6c866dbb","d24481dd-66b0-1408-8e57-e95689202eb9,ece1a9ae-ffd4-aa16-ba60-f4aaf994a432,f6669f7b-58ec-429f-30e4-b854d25735fa,6f77c1f5-b663-996c-c336-72c1d5493d4b,fb061221-316e-c954-1422-57bb4f6b9a46,a0bcc770-67eb-ddb1-2e42-b9b81a701feb,1933364a-bd6f-e0c0-752b-7c7f863d1df1,3f87d147-04c5-93fc-37f6-6343c972be35,6df3b9f5-dec6-d891-7ee6-e22e1cf34fad,fd40db72-259e-a2c9-ccee-db7522824e5b,e1982368-275b-97fc-4174-151084428a94,273e849a-dc05-a8c3-0281-c8a2e827318d,5cd8d703-abee-3948-b6a3-3b7f3232a166,bd155994-0316-6a21-8dae-5d670006ab46,2ff3093c-53e8-9814-d2a8-c58f6c866dbb"
"2026-05-19T13:35:28.000+0000",MASTERCARD,"VISA,MASTERCARD","1779197728.457",INFO,"INFO,ERROR,EXIT","10/27","01/27,02/27,03/27,04/27,05/27,06/27,07/27,08/27,09/27,10/27,11/27,12/27",457,1779197728,"1933364a-bd6f-e0c0-752b-7c7f863d1df1","d24481dd-66b0-1408-8e57-e95689202eb9
ece1a9ae-ffd4-aa16-ba60-f4aaf994a432
f6669f7b-58ec-429f-30e4-b854d25735fa
6f77c1f5-b663-996c-c336-72c1d5493d4b
fb061221-316e-c954-1422-57bb4f6b9a46
a0bcc770-67eb-ddb1-2e42-b9b81a701feb
1933364a-bd6f-e0c0-752b-7c7f863d1df1
3f87d147-04c5-93fc-37f6-6343c972be35
6df3b9f5-dec6-d891-7ee6-e22e1cf34fad
fd40db72-259e-a2c9-ccee-db7522824e5b
e1982368-275b-97fc-4174-151084428a94
273e849a-dc05-a8c3-0281-c8a2e827318d
5cd8d703-abee-3948-b6a3-3b7f3232a166
bd155994-0316-6a21-8dae-5d670006ab46
2ff3093c-53e8-9814-d2a8-c58f6c866dbb","d24481dd-66b0-1408-8e57-e95689202eb9,ece1a9ae-ffd4-aa16-ba60-f4aaf994a432,f6669f7b-58ec-429f-30e4-b854d25735fa,6f77c1f5-b663-996c-c336-72c1d5493d4b,fb061221-316e-c954-1422-57bb4f6b9a46,a0bcc770-67eb-ddb1-2e42-b9b81a701feb,1933364a-bd6f-e0c0-752b-7c7f863d1df1,3f87d147-04c5-93fc-37f6-6343c972be35,6df3b9f5-dec6-d891-7ee6-e22e1cf34fad,fd40db72-259e-a2c9-ccee-db7522824e5b,e1982368-275b-97fc-4174-151084428a94,273e849a-dc05-a8c3-0281-c8a2e827318d,5cd8d703-abee-3948-b6a3-3b7f3232a166,bd155994-0316-6a21-8dae-5d670006ab46,2ff3093c-53e8-9814-d2a8-c58f6c866dbb"
"2026-05-25T17:41:08.000+0000",VISA,"VISA,MASTERCARD","1779730868.212",ERROR,"INFO,ERROR,EXIT","12/27","01/27,02/27,03/27,04/27,05/27,06/27,07/27,08/27,09/27,10/27,11/27,12/27",212,1779730868,"fb061221-316e-c954-1422-57bb4f6b9a46","d24481dd-66b0-1408-8e57-e95689202eb9
ece1a9ae-ffd4-aa16-ba60-f4aaf994a432
f6669f7b-58ec-429f-30e4-b854d25735fa
6f77c1f5-b663-996c-c336-72c1d5493d4b
fb061221-316e-c954-1422-57bb4f6b9a46
a0bcc770-67eb-ddb1-2e42-b9b81a701feb
1933364a-bd6f-e0c0-752b-7c7f863d1df1
3f87d147-04c5-93fc-37f6-6343c972be35
6df3b9f5-dec6-d891-7ee6-e22e1cf34fad
fd40db72-259e-a2c9-ccee-db7522824e5b
e1982368-275b-97fc-4174-151084428a94
273e849a-dc05-a8c3-0281-c8a2e827318d
5cd8d703-abee-3948-b6a3-3b7f3232a166
bd155994-0316-6a21-8dae-5d670006ab46
2ff3093c-53e8-9814-d2a8-c58f6c866dbb","d24481dd-66b0-1408-8e57-e95689202eb9,ece1a9ae-ffd4-aa16-ba60-f4aaf994a432,f6669f7b-58ec-429f-30e4-b854d25735fa,6f77c1f5-b663-996c-c336-72c1d5493d4b,fb061221-316e-c954-1422-57bb4f6b9a46,a0bcc770-67eb-ddb1-2e42-b9b81a701feb,1933364a-bd6f-e0c0-752b-7c7f863d1df1,3f87d147-04c5-93fc-37f6-6343c972be35,6df3b9f5-dec6-d891-7ee6-e22e1cf34fad,fd40db72-259e-a2c9-ccee-db7522824e5b,e1982368-275b-97fc-4174-151084428a94,273e849a-dc05-a8c3-0281-c8a2e827318d,5cd8d703-abee-3948-b6a3-3b7f3232a166,bd155994-0316-6a21-8dae-5d670006ab46,2ff3093c-53e8-9814-d2a8-c58f6c866dbb"
"2026-05-19T12:05:59.000+0000",MASTERCARD,"VISA,MASTERCARD","1779192360.26",EXIT,"INFO,ERROR,EXIT","06/27","01/27,02/27,03/27,04/27,05/27,06/27,07/27,08/27,09/27,10/27,11/27,12/27",1260,1779192359,"273e849a-dc05-a8c3-0281-c8a2e827318d","d24481dd-66b0-1408-8e57-e95689202eb9
ece1a9ae-ffd4-aa16-ba60-f4aaf994a432
f6669f7b-58ec-429f-30e4-b854d25735fa
6f77c1f5-b663-996c-c336-72c1d5493d4b
fb061221-316e-c954-1422-57bb4f6b9a46
a0bcc770-67eb-ddb1-2e42-b9b81a701feb
1933364a-bd6f-e0c0-752b-7c7f863d1df1
3f87d147-04c5-93fc-37f6-6343c972be35
6df3b9f5-dec6-d891-7ee6-e22e1cf34fad
fd40db72-259e-a2c9-ccee-db7522824e5b
e1982368-275b-97fc-4174-151084428a94
273e849a-dc05-a8c3-0281-c8a2e827318d
5cd8d703-abee-3948-b6a3-3b7f3232a166
bd155994-0316-6a21-8dae-5d670006ab46
2ff3093c-53e8-9814-d2a8-c58f6c866dbb","d24481dd-66b0-1408-8e57-e95689202eb9,ece1a9ae-ffd4-aa16-ba60-f4aaf994a432,f6669f7b-58ec-429f-30e4-b854d25735fa,6f77c1f5-b663-996c-c336-72c1d5493d4b,fb061221-316e-c954-1422-57bb4f6b9a46,a0bcc770-67eb-ddb1-2e42-b9b81a701feb,1933364a-bd6f-e0c0-752b-7c7f863d1df1,3f87d147-04c5-93fc-37f6-6343c972be35,6df3b9f5-dec6-d891-7ee6-e22e1cf34fad,fd40db72-259e-a2c9-ccee-db7522824e5b,e1982368-275b-97fc-4174-151084428a94,273e849a-dc05-a8c3-0281-c8a2e827318d,5cd8d703-abee-3948-b6a3-3b7f3232a166,bd155994-0316-6a21-8dae-5d670006ab46,2ff3093c-53e8-9814-d2a8-c58f6c866dbb"
"2026-05-22T04:03:19.000+0000",MASTERCARD,"VISA,MASTERCARD","1779422599.743",EXIT,"INFO,ERROR,EXIT","07/27","01/27,02/27,03/27,04/27,05/27,06/27,07/27,08/27,09/27,10/27,11/27,12/27",743,1779422599,"2ff3093c-53e8-9814-d2a8-c58f6c866dbb","d24481dd-66b0-1408-8e57-e95689202eb9
ece1a9ae-ffd4-aa16-ba60-f4aaf994a432
f6669f7b-58ec-429f-30e4-b854d25735fa
6f77c1f5-b663-996c-c336-72c1d5493d4b
fb061221-316e-c954-1422-57bb4f6b9a46
a0bcc770-67eb-ddb1-2e42-b9b81a701feb
1933364a-bd6f-e0c0-752b-7c7f863d1df1
3f87d147-04c5-93fc-37f6-6343c972be35
6df3b9f5-dec6-d891-7ee6-e22e1cf34fad
fd40db72-259e-a2c9-ccee-db7522824e5b
e1982368-275b-97fc-4174-151084428a94
273e849a-dc05-a8c3-0281-c8a2e827318d
5cd8d703-abee-3948-b6a3-3b7f3232a166
bd155994-0316-6a21-8dae-5d670006ab46
2ff3093c-53e8-9814-d2a8-c58f6c866dbb","d24481dd-66b0-1408-8e57-e95689202eb9,ece1a9ae-ffd4-aa16-ba60-f4aaf994a432,f6669f7b-58ec-429f-30e4-b854d25735fa,6f77c1f5-b663-996c-c336-72c1d5493d4b,fb061221-316e-c954-1422-57bb4f6b9a46,a0bcc770-67eb-ddb1-2e42-b9b81a701feb,1933364a-bd6f-e0c0-752b-7c7f863d1df1,3f87d147-04c5-93fc-37f6-6343c972be35,6df3b9f5-dec6-d891-7ee6-e22e1cf34fad,fd40db72-259e-a2c9-ccee-db7522824e5b,e1982368-275b-97fc-4174-151084428a94,273e849a-dc05-a8c3-0281-c8a2e827318d,5cd8d703-abee-3948-b6a3-3b7f3232a166,bd155994-0316-6a21-8dae-5d670006ab46,2ff3093c-53e8-9814-d2a8-c58f6c866dbb"
"2026-05-19T17:22:52.000+0000",VISA,"VISA,MASTERCARD","1779211373.5",INFO,"INFO,ERROR,EXIT","10/27","01/27,02/27,03/27,04/27,05/27,06/27,07/27,08/27,09/27,10/27,11/27,12/27",1500,1779211372,"fb061221-316e-c954-1422-57bb4f6b9a46","d24481dd-66b0-1408-8e57-e95689202eb9
ece1a9ae-ffd4-aa16-ba60-f4aaf994a432
f6669f7b-58ec-429f-30e4-b854d25735fa
6f77c1f5-b663-996c-c336-72c1d5493d4b
fb061221-316e-c954-1422-57bb4f6b9a46
a0bcc770-67eb-ddb1-2e42-b9b81a701feb
1933364a-bd6f-e0c0-752b-7c7f863d1df1
3f87d147-04c5-93fc-37f6-6343c972be35
6df3b9f5-dec6-d891-7ee6-e22e1cf34fad
fd40db72-259e-a2c9-ccee-db7522824e5b
e1982368-275b-97fc-4174-151084428a94
273e849a-dc05-a8c3-0281-c8a2e827318d
5cd8d703-abee-3948-b6a3-3b7f3232a166
bd155994-0316-6a21-8dae-5d670006ab46
2ff3093c-53e8-9814-d2a8-c58f6c866dbb","d24481dd-66b0-1408-8e57-e95689202eb9,ece1a9ae-ffd4-aa16-ba60-f4aaf994a432,f6669f7b-58ec-429f-30e4-b854d25735fa,6f77c1f5-b663-996c-c336-72c1d5493d4b,fb061221-316e-c954-1422-57bb4f6b9a46,a0bcc770-67eb-ddb1-2e42-b9b81a701feb,1933364a-bd6f-e0c0-752b-7c7f863d1df1,3f87d147-04c5-93fc-37f6-6343c972be35,6df3b9f5-dec6-d891-7ee6-e22e1cf34fad,fd40db72-259e-a2c9-ccee-db7522824e5b,e1982368-275b-97fc-4174-151084428a94,273e849a-dc05-a8c3-0281-c8a2e827318d,5cd8d703-abee-3948-b6a3-3b7f3232a166,bd155994-0316-6a21-8dae-5d670006ab46,2ff3093c-53e8-9814-d2a8-c58f6c866dbb"
"2026-05-19T21:49:33.000+0000",MASTERCARD,"VISA,MASTERCARD","1779227374.223",INFO,"INFO,ERROR,EXIT","11/27","01/27,02/27,03/27,04/27,05/27,06/27,07/27,08/27,09/27,10/27,11/27,12/27",1223,1779227373,"fb061221-316e-c954-1422-57bb4f6b9a46","d24481dd-66b0-1408-8e57-e95689202eb9
ece1a9ae-ffd4-aa16-ba60-f4aaf994a432
f6669f7b-58ec-429f-30e4-b854d25735fa
6f77c1f5-b663-996c-c336-72c1d5493d4b
fb061221-316e-c954-1422-57bb4f6b9a46
a0bcc770-67eb-ddb1-2e42-b9b81a701feb
1933364a-bd6f-e0c0-752b-7c7f863d1df1
3f87d147-04c5-93fc-37f6-6343c972be35
6df3b9f5-dec6-d891-7ee6-e22e1cf34fad
fd40db72-259e-a2c9-ccee-db7522824e5b
e1982368-275b-97fc-4174-151084428a94
273e849a-dc05-a8c3-0281-c8a2e827318d
5cd8d703-abee-3948-b6a3-3b7f3232a166
bd155994-0316-6a21-8dae-5d670006ab46
2ff3093c-53e8-9814-d2a8-c58f6c866dbb","d24481dd-66b0-1408-8e57-e95689202eb9,ece1a9ae-ffd4-aa16-ba60-f4aaf994a432,f6669f7b-58ec-429f-30e4-b854d25735fa,6f77c1f5-b663-996c-c336-72c1d5493d4b,fb061221-316e-c954-1422-57bb4f6b9a46,a0bcc770-67eb-ddb1-2e42-b9b81a701feb,1933364a-bd6f-e0c0-752b-7c7f863d1df1,3f87d147-04c5-93fc-37f6-6343c972be35,6df3b9f5-dec6-d891-7ee6-e22e1cf34fad,fd40db72-259e-a2c9-ccee-db7522824e5b,e1982368-275b-97fc-4174-151084428a94,273e849a-dc05-a8c3-0281-c8a2e827318d,5cd8d703-abee-3948-b6a3-3b7f3232a166,bd155994-0316-6a21-8dae-5d670006ab46,2ff3093c-53e8-9814-d2a8-c58f6c866dbb"
"2026-05-25T08:39:08.000+0000",MASTERCARD,"VISA,MASTERCARD","1779698348.799",INFO,"INFO,ERROR,EXIT","07/27","01/27,02/27,03/27,04/27,05/27,06/27,07/27,08/27,09/27,10/27,11/27,12/27",799,1779698348,"fd40db72-259e-a2c9-ccee-db7522824e5b","d24481dd-66b0-1408-8e57-e95689202eb9
ece1a9ae-ffd4-aa16-ba60-f4aaf994a432
f6669f7b-58ec-429f-30e4-b854d25735fa
6f77c1f5-b663-996c-c336-72c1d5493d4b
fb061221-316e-c954-1422-57bb4f6b9a46
a0bcc770-67eb-ddb1-2e42-b9b81a701feb
1933364a-bd6f-e0c0-752b-7c7f863d1df1
3f87d147-04c5-93fc-37f6-6343c972be35
6df3b9f5-dec6-d891-7ee6-e22e1cf34fad
fd40db72-259e-a2c9-ccee-db7522824e5b
e1982368-275b-97fc-4174-151084428a94
273e849a-dc05-a8c3-0281-c8a2e827318d
5cd8d703-abee-3948-b6a3-3b7f3232a166
bd155994-0316-6a21-8dae-5d670006ab46
2ff3093c-53e8-9814-d2a8-c58f6c866dbb","d24481dd-66b0-1408-8e57-e95689202eb9,ece1a9ae-ffd4-aa16-ba60-f4aaf994a432,f6669f7b-58ec-429f-30e4-b854d25735fa,6f77c1f5-b663-996c-c336-72c1d5493d4b,fb061221-316e-c954-1422-57bb4f6b9a46,a0bcc770-67eb-ddb1-2e42-b9b81a701feb,1933364a-bd6f-e0c0-752b-7c7f863d1df1,3f87d147-04c5-93fc-37f6-6343c972be35,6df3b9f5-dec6-d891-7ee6-e22e1cf34fad,fd40db72-259e-a2c9-ccee-db7522824e5b,e1982368-275b-97fc-4174-151084428a94,273e849a-dc05-a8c3-0281-c8a2e827318d,5cd8d703-abee-3948-b6a3-3b7f3232a166,bd155994-0316-6a21-8dae-5d670006ab46,2ff3093c-53e8-9814-d2a8-c58f6c866dbb"
"2026-05-21T00:27:15.000+0000",VISA,"VISA,MASTERCARD","1779323235.168",ERROR,"INFO,ERROR,EXIT","08/27","01/27,02/27,03/27,04/27,05/27,06/27,07/27,08/27,09/27,10/27,11/27,12/27",168,1779323235,"6f77c1f5-b663-996c-c336-72c1d5493d4b","d24481dd-66b0-1408-8e57-e95689202eb9
ece1a9ae-ffd4-aa16-ba60-f4aaf994a432
f6669f7b-58ec-429f-30e4-b854d25735fa
6f77c1f5-b663-996c-c336-72c1d5493d4b
fb061221-316e-c954-1422-57bb4f6b9a46
a0bcc770-67eb-ddb1-2e42-b9b81a701feb
1933364a-bd6f-e0c0-752b-7c7f863d1df1
3f87d147-04c5-93fc-37f6-6343c972be35
6df3b9f5-dec6-d891-7ee6-e22e1cf34fad
fd40db72-259e-a2c9-ccee-db7522824e5b
e1982368-275b-97fc-4174-151084428a94
273e849a-dc05-a8c3-0281-c8a2e827318d
5cd8d703-abee-3948-b6a3-3b7f3232a166
bd155994-0316-6a21-8dae-5d670006ab46
2ff3093c-53e8-9814-d2a8-c58f6c866dbb","d24481dd-66b0-1408-8e57-e95689202eb9,ece1a9ae-ffd4-aa16-ba60-f4aaf994a432,f6669f7b-58ec-429f-30e4-b854d25735fa,6f77c1f5-b663-996c-c336-72c1d5493d4b,fb061221-316e-c954-1422-57bb4f6b9a46,a0bcc770-67eb-ddb1-2e42-b9b81a701feb,1933364a-bd6f-e0c0-752b-7c7f863d1df1,3f87d147-04c5-93fc-37f6-6343c972be35,6df3b9f5-dec6-d891-7ee6-e22e1cf34fad,fd40db72-259e-a2c9-ccee-db7522824e5b,e1982368-275b-97fc-4174-151084428a94,273e849a-dc05-a8c3-0281-c8a2e827318d,5cd8d703-abee-3948-b6a3-3b7f3232a166,bd155994-0316-6a21-8dae-5d670006ab46,2ff3093c-53e8-9814-d2a8-c58f6c866dbb"
"2026-05-25T06:14:06.000+0000",MASTERCARD,"VISA,MASTERCARD","1779689647.082",EXIT,"INFO,ERROR,EXIT","04/27","01/27,02/27,03/27,04/27,05/27,06/27,07/27,08/27,09/27,10/27,11/27,12/27",1082,1779689646,"fb061221-316e-c954-1422-57bb4f6b9a46","d24481dd-66b0-1408-8e57-e95689202eb9
ece1a9ae-ffd4-aa16-ba60-f4aaf994a432
f6669f7b-58ec-429f-30e4-b854d25735fa
6f77c1f5-b663-996c-c336-72c1d5493d4b
fb061221-316e-c954-1422-57bb4f6b9a46
a0bcc770-67eb-ddb1-2e42-b9b81a701feb
1933364a-bd6f-e0c0-752b-7c7f863d1df1
3f87d147-04c5-93fc-37f6-6343c972be35
6df3b9f5-dec6-d891-7ee6-e22e1cf34fad
fd40db72-259e-a2c9-ccee-db7522824e5b
e1982368-275b-97fc-4174-151084428a94
273e849a-dc05-a8c3-0281-c8a2e827318d
5cd8d703-abee-3948-b6a3-3b7f3232a166
bd155994-0316-6a21-8dae-5d670006ab46
2ff3093c-53e8-9814-d2a8-c58f6c866dbb","d24481dd-66b0-1408-8e57-e95689202eb9,ece1a9ae-ffd4-aa16-ba60-f4aaf994a432,f6669f7b-58ec-429f-30e4-b854d25735fa,6f77c1f5-b663-996c-c336-72c1d5493d4b,fb061221-316e-c954-1422-57bb4f6b9a46,a0bcc770-67eb-ddb1-2e42-b9b81a701feb,1933364a-bd6f-e0c0-752b-7c7f863d1df1,3f87d147-04c5-93fc-37f6-6343c972be35,6df3b9f5-dec6-d891-7ee6-e22e1cf34fad,fd40db72-259e-a2c9-ccee-db7522824e5b,e1982368-275b-97fc-4174-151084428a94,273e849a-dc05-a8c3-0281-c8a2e827318d,5cd8d703-abee-3948-b6a3-3b7f3232a166,bd155994-0316-6a21-8dae-5d670006ab46,2ff3093c-53e8-9814-d2a8-c58f6c866dbb"
"2026-05-21T07:36:38.000+0000",MASTERCARD,"VISA,MASTERCARD","1779348998.176",ERROR,"INFO,ERROR,EXIT","06/27","01/27,02/27,03/27,04/27,05/27,06/27,07/27,08/27,09/27,10/27,11/27,12/27",176,1779348998,"a0bcc770-67eb-ddb1-2e42-b9b81a701feb","d24481dd-66b0-1408-8e57-e95689202eb9
ece1a9ae-ffd4-aa16-ba60-f4aaf994a432
f6669f7b-58ec-429f-30e4-b854d25735fa
6f77c1f5-b663-996c-c336-72c1d5493d4b
fb061221-316e-c954-1422-57bb4f6b9a46
a0bcc770-67eb-ddb1-2e42-b9b81a701feb
1933364a-bd6f-e0c0-752b-7c7f863d1df1
3f87d147-04c5-93fc-37f6-6343c972be35
6df3b9f5-dec6-d891-7ee6-e22e1cf34fad
fd40db72-259e-a2c9-ccee-db7522824e5b
e1982368-275b-97fc-4174-151084428a94
273e849a-dc05-a8c3-0281-c8a2e827318d
5cd8d703-abee-3948-b6a3-3b7f3232a166
bd155994-0316-6a21-8dae-5d670006ab46
2ff3093c-53e8-9814-d2a8-c58f6c866dbb","d24481dd-66b0-1408-8e57-e95689202eb9,ece1a9ae-ffd4-aa16-ba60-f4aaf994a432,f6669f7b-58ec-429f-30e4-b854d25735fa,6f77c1f5-b663-996c-c336-72c1d5493d4b,fb061221-316e-c954-1422-57bb4f6b9a46,a0bcc770-67eb-ddb1-2e42-b9b81a701feb,1933364a-bd6f-e0c0-752b-7c7f863d1df1,3f87d147-04c5-93fc-37f6-6343c972be35,6df3b9f5-dec6-d891-7ee6-e22e1cf34fad,fd40db72-259e-a2c9-ccee-db7522824e5b,e1982368-275b-97fc-4174-151084428a94,273e849a-dc05-a8c3-0281-c8a2e827318d,5cd8d703-abee-3948-b6a3-3b7f3232a166,bd155994-0316-6a21-8dae-5d670006ab46,2ff3093c-53e8-9814-d2a8-c58f6c866dbb"
"2026-05-21T08:08:07.000+0000",MASTERCARD,"VISA,MASTERCARD","1779350888.241",INFO,"INFO,ERROR,EXIT","09/27","01/27,02/27,03/27,04/27,05/27,06/27,07/27,08/27,09/27,10/27,11/27,12/27",1241,1779350887,"fd40db72-259e-a2c9-ccee-db7522824e5b","d24481dd-66b0-1408-8e57-e95689202eb9
ece1a9ae-ffd4-aa16-ba60-f4aaf994a432
f6669f7b-58ec-429f-30e4-b854d25735fa
6f77c1f5-b663-996c-c336-72c1d5493d4b
fb061221-316e-c954-1422-57bb4f6b9a46
a0bcc770-67eb-ddb1-2e42-b9b81a701feb
1933364a-bd6f-e0c0-752b-7c7f863d1df1
3f87d147-04c5-93fc-37f6-6343c972be35
6df3b9f5-dec6-d891-7ee6-e22e1cf34fad
fd40db72-259e-a2c9-ccee-db7522824e5b
e1982368-275b-97fc-4174-151084428a94
273e849a-dc05-a8c3-0281-c8a2e827318d
5cd8d703-abee-3948-b6a3-3b7f3232a166
bd155994-0316-6a21-8dae-5d670006ab46
2ff3093c-53e8-9814-d2a8-c58f6c866dbb","d24481dd-66b0-1408-8e57-e95689202eb9,ece1a9ae-ffd4-aa16-ba60-f4aaf994a432,f6669f7b-58ec-429f-30e4-b854d25735fa,6f77c1f5-b663-996c-c336-72c1d5493d4b,fb061221-316e-c954-1422-57bb4f6b9a46,a0bcc770-67eb-ddb1-2e42-b9b81a701feb,1933364a-bd6f-e0c0-752b-7c7f863d1df1,3f87d147-04c5-93fc-37f6-6343c972be35,6df3b9f5-dec6-d891-7ee6-e22e1cf34fad,fd40db72-259e-a2c9-ccee-db7522824e5b,e1982368-275b-97fc-4174-151084428a94,273e849a-dc05-a8c3-0281-c8a2e827318d,5cd8d703-abee-3948-b6a3-3b7f3232a166,bd155994-0316-6a21-8dae-5d670006ab46,2ff3093c-53e8-9814-d2a8-c58f6c866dbb"
"2026-05-21T08:05:07.000+0000",MASTERCARD,"VISA,MASTERCARD","1779350707.629",EXIT,"INFO,ERROR,EXIT","02/27","01/27,02/27,03/27,04/27,05/27,06/27,07/27,08/27,09/27,10/27,11/27,12/27",629,1779350707,"bd155994-0316-6a21-8dae-5d670006ab46","d24481dd-66b0-1408-8e57-e95689202eb9
ece1a9ae-ffd4-aa16-ba60-f4aaf994a432
f6669f7b-58ec-429f-30e4-b854d25735fa
6f77c1f5-b663-996c-c336-72c1d5493d4b
fb061221-316e-c954-1422-57bb4f6b9a46
a0bcc770-67eb-ddb1-2e42-b9b81a701feb
1933364a-bd6f-e0c0-752b-7c7f863d1df1
3f87d147-04c5-93fc-37f6-6343c972be35
6df3b9f5-dec6-d891-7ee6-e22e1cf34fad
fd40db72-259e-a2c9-ccee-db7522824e5b
e1982368-275b-97fc-4174-151084428a94
273e849a-dc05-a8c3-0281-c8a2e827318d
5cd8d703-abee-3948-b6a3-3b7f3232a166
bd155994-0316-6a21-8dae-5d670006ab46
2ff3093c-53e8-9814-d2a8-c58f6c866dbb","d24481dd-66b0-1408-8e57-e95689202eb9,ece1a9ae-ffd4-aa16-ba60-f4aaf994a432,f6669f7b-58ec-429f-30e4-b854d25735fa,6f77c1f5-b663-996c-c336-72c1d5493d4b,fb061221-316e-c954-1422-57bb4f6b9a46,a0bcc770-67eb-ddb1-2e42-b9b81a701feb,1933364a-bd6f-e0c0-752b-7c7f863d1df1,3f87d147-04c5-93fc-37f6-6343c972be35,6df3b9f5-dec6-d891-7ee6-e22e1cf34fad,fd40db72-259e-a2c9-ccee-db7522824e5b,e1982368-275b-97fc-4174-151084428a94,273e849a-dc05-a8c3-0281-c8a2e827318d,5cd8d703-abee-3948-b6a3-3b7f3232a166,bd155994-0316-6a21-8dae-5d670006ab46,2ff3093c-53e8-9814-d2a8-c58f6c866dbb"
"2026-05-19T10:20:16.000+0000",VISA,"VISA,MASTERCARD","1779186016.894",INFO,"INFO,ERROR,EXIT","01/27","01/27,02/27,03/27,04/27,05/27,06/27,07/27,08/27,09/27,10/27,11/27,12/27",894,1779186016,"2ff3093c-53e8-9814-d2a8-c58f6c866dbb","d24481dd-66b0-1408-8e57-e95689202eb9
ece1a9ae-ffd4-aa16-ba60-f4aaf994a432
f6669f7b-58ec-429f-30e4-b854d25735fa
6f77c1f5-b663-996c-c336-72c1d5493d4b
fb061221-316e-c954-1422-57bb4f6b9a46
a0bcc770-67eb-ddb1-2e42-b9b81a701feb
1933364a-bd6f-e0c0-752b-7c7f863d1df1
3f87d147-04c5-93fc-37f6-6343c972be35
6df3b9f5-dec6-d891-7ee6-e22e1cf34fad
fd40db72-259e-a2c9-ccee-db7522824e5b
e1982368-275b-97fc-4174-151084428a94
273e849a-dc05-a8c3-0281-c8a2e827318d
5cd8d703-abee-3948-b6a3-3b7f3232a166
bd155994-0316-6a21-8dae-5d670006ab46
2ff3093c-53e8-9814-d2a8-c58f6c866dbb","d24481dd-66b0-1408-8e57-e95689202eb9,ece1a9ae-ffd4-aa16-ba60-f4aaf994a432,f6669f7b-58ec-429f-30e4-b854d25735fa,6f77c1f5-b663-996c-c336-72c1d5493d4b,fb061221-316e-c954-1422-57bb4f6b9a46,a0bcc770-67eb-ddb1-2e42-b9b81a701feb,1933364a-bd6f-e0c0-752b-7c7f863d1df1,3f87d147-04c5-93fc-37f6-6343c972be35,6df3b9f5-dec6-d891-7ee6-e22e1cf34fad,fd40db72-259e-a2c9-ccee-db7522824e5b,e1982368-275b-97fc-4174-151084428a94,273e849a-dc05-a8c3-0281-c8a2e827318d,5cd8d703-abee-3948-b6a3-3b7f3232a166,bd155994-0316-6a21-8dae-5d670006ab46,2ff3093c-53e8-9814-d2a8-c58f6c866dbb"
"2026-05-20T12:39:07.000+0000",MASTERCARD,"VISA,MASTERCARD","1779280747.484",INFO,"INFO,ERROR,EXIT","02/27","01/27,02/27,03/27,04/27,05/27,06/27,07/27,08/27,09/27,10/27,11/27,12/27",484,1779280747,"f6669f7b-58ec-429f-30e4-b854d25735fa","d24481dd-66b0-1408-8e57-e95689202eb9
ece1a9ae-ffd4-aa16-ba60-f4aaf994a432
f6669f7b-58ec-429f-30e4-b854d25735fa
6f77c1f5-b663-996c-c336-72c1d5493d4b
fb061221-316e-c954-1422-57bb4f6b9a46
a0bcc770-67eb-ddb1-2e42-b9b81a701feb
1933364a-bd6f-e0c0-752b-7c7f863d1df1
3f87d147-04c5-93fc-37f6-6343c972be35
6df3b9f5-dec6-d891-7ee6-e22e1cf34fad
fd40db72-259e-a2c9-ccee-db7522824e5b
e1982368-275b-97fc-4174-151084428a94
273e849a-dc05-a8c3-0281-c8a2e827318d
5cd8d703-abee-3948-b6a3-3b7f3232a166
bd155994-0316-6a21-8dae-5d670006ab46
2ff3093c-53e8-9814-d2a8-c58f6c866dbb","d24481dd-66b0-1408-8e57-e95689202eb9,ece1a9ae-ffd4-aa16-ba60-f4aaf994a432,f6669f7b-58ec-429f-30e4-b854d25735fa,6f77c1f5-b663-996c-c336-72c1d5493d4b,fb061221-316e-c954-1422-57bb4f6b9a46,a0bcc770-67eb-ddb1-2e42-b9b81a701feb,1933364a-bd6f-e0c0-752b-7c7f863d1df1,3f87d147-04c5-93fc-37f6-6343c972be35,6df3b9f5-dec6-d891-7ee6-e22e1cf34fad,fd40db72-259e-a2c9-ccee-db7522824e5b,e1982368-275b-97fc-4174-151084428a94,273e849a-dc05-a8c3-0281-c8a2e827318d,5cd8d703-abee-3948-b6a3-3b7f3232a166,bd155994-0316-6a21-8dae-5d670006ab46,2ff3093c-53e8-9814-d2a8-c58f6c866dbb"
"2026-05-23T03:55:05.000+0000",VISA,"VISA,MASTERCARD","1779508505.076",EXIT,"INFO,ERROR,EXIT","10/27","01/27,02/27,03/27,04/27,05/27,06/27,07/27,08/27,09/27,10/27,11/27,12/27",76,1779508505,"5cd8d703-abee-3948-b6a3-3b7f3232a166","d24481dd-66b0-1408-8e57-e95689202eb9
ece1a9ae-ffd4-aa16-ba60-f4aaf994a432
f6669f7b-58ec-429f-30e4-b854d25735fa
6f77c1f5-b663-996c-c336-72c1d5493d4b
fb061221-316e-c954-1422-57bb4f6b9a46
a0bcc770-67eb-ddb1-2e42-b9b81a701feb
1933364a-bd6f-e0c0-752b-7c7f863d1df1
3f87d147-04c5-93fc-37f6-6343c972be35
6df3b9f5-dec6-d891-7ee6-e22e1cf34fad
fd40db72-259e-a2c9-ccee-db7522824e5b
e1982368-275b-97fc-4174-151084428a94
273e849a-dc05-a8c3-0281-c8a2e827318d
5cd8d703-abee-3948-b6a3-3b7f3232a166
bd155994-0316-6a21-8dae-5d670006ab46
2ff3093c-53e8-9814-d2a8-c58f6c866dbb","d24481dd-66b0-1408-8e57-e95689202eb9,ece1a9ae-ffd4-aa16-ba60-f4aaf994a432,f6669f7b-58ec-429f-30e4-b854d25735fa,6f77c1f5-b663-996c-c336-72c1d5493d4b,fb061221-316e-c954-1422-57bb4f6b9a46,a0bcc770-67eb-ddb1-2e42-b9b81a701feb,1933364a-bd6f-e0c0-752b-7c7f863d1df1,3f87d147-04c5-93fc-37f6-6343c972be35,6df3b9f5-dec6-d891-7ee6-e22e1cf34fad,fd40db72-259e-a2c9-ccee-db7522824e5b,e1982368-275b-97fc-4174-151084428a94,273e849a-dc05-a8c3-0281-c8a2e827318d,5cd8d703-abee-3948-b6a3-3b7f3232a166,bd155994-0316-6a21-8dae-5d670006ab46,2ff3093c-53e8-9814-d2a8-c58f6c866dbb"
"2026-05-21T21:28:40.000+0000",MASTERCARD,"VISA,MASTERCARD","1779398920.694",ERROR,"INFO,ERROR,EXIT","06/27","01/27,02/27,03/27,04/27,05/27,06/27,07/27,08/27,09/27,10/27,11/27,12/27",694,1779398920,"e1982368-275b-97fc-4174-151084428a94","d24481dd-66b0-1408-8e57-e95689202eb9
ece1a9ae-ffd4-aa16-ba60-f4aaf994a432
f6669f7b-58ec-429f-30e4-b854d25735fa
6f77c1f5-b663-996c-c336-72c1d5493d4b
fb061221-316e-c954-1422-57bb4f6b9a46
a0bcc770-67eb-ddb1-2e42-b9b81a701feb
1933364a-bd6f-e0c0-752b-7c7f863d1df1
3f87d147-04c5-93fc-37f6-6343c972be35
6df3b9f5-dec6-d891-7ee6-e22e1cf34fad
fd40db72-259e-a2c9-ccee-db7522824e5b
e1982368-275b-97fc-4174-151084428a94
273e849a-dc05-a8c3-0281-c8a2e827318d
5cd8d703-abee-3948-b6a3-3b7f3232a166
bd155994-0316-6a21-8dae-5d670006ab46
2ff3093c-53e8-9814-d2a8-c58f6c866dbb","d24481dd-66b0-1408-8e57-e95689202eb9,ece1a9ae-ffd4-aa16-ba60-f4aaf994a432,f6669f7b-58ec-429f-30e4-b854d25735fa,6f77c1f5-b663-996c-c336-72c1d5493d4b,fb061221-316e-c954-1422-57bb4f6b9a46,a0bcc770-67eb-ddb1-2e42-b9b81a701feb,1933364a-bd6f-e0c0-752b-7c7f863d1df1,3f87d147-04c5-93fc-37f6-6343c972be35,6df3b9f5-dec6-d891-7ee6-e22e1cf34fad,fd40db72-259e-a2c9-ccee-db7522824e5b,e1982368-275b-97fc-4174-151084428a94,273e849a-dc05-a8c3-0281-c8a2e827318d,5cd8d703-abee-3948-b6a3-3b7f3232a166,bd155994-0316-6a21-8dae-5d670006ab46,2ff3093c-53e8-9814-d2a8-c58f6c866dbb"
"2026-05-21T07:22:46.000+0000",MASTERCARD,"VISA,MASTERCARD","1779348167.253",ERROR,"INFO,ERROR,EXIT","02/27","01/27,02/27,03/27,04/27,05/27,06/27,07/27,08/27,09/27,10/27,11/27,12/27",1253,1779348166,"ece1a9ae-ffd4-aa16-ba60-f4aaf994a432","d24481dd-66b0-1408-8e57-e95689202eb9
ece1a9ae-ffd4-aa16-ba60-f4aaf994a432
f6669f7b-58ec-429f-30e4-b854d25735fa
6f77c1f5-b663-996c-c336-72c1d5493d4b
fb061221-316e-c954-1422-57bb4f6b9a46
a0bcc770-67eb-ddb1-2e42-b9b81a701feb
1933364a-bd6f-e0c0-752b-7c7f863d1df1
3f87d147-04c5-93fc-37f6-6343c972be35
6df3b9f5-dec6-d891-7ee6-e22e1cf34fad
fd40db72-259e-a2c9-ccee-db7522824e5b
e1982368-275b-97fc-4174-151084428a94
273e849a-dc05-a8c3-0281-c8a2e827318d
5cd8d703-abee-3948-b6a3-3b7f3232a166
bd155994-0316-6a21-8dae-5d670006ab46
2ff3093c-53e8-9814-d2a8-c58f6c866dbb","d24481dd-66b0-1408-8e57-e95689202eb9,ece1a9ae-ffd4-aa16-ba60-f4aaf994a432,f6669f7b-58ec-429f-30e4-b854d25735fa,6f77c1f5-b663-996c-c336-72c1d5493d4b,fb061221-316e-c954-1422-57bb4f6b9a46,a0bcc770-67eb-ddb1-2e42-b9b81a701feb,1933364a-bd6f-e0c0-752b-7c7f863d1df1,3f87d147-04c5-93fc-37f6-6343c972be35,6df3b9f5-dec6-d891-7ee6-e22e1cf34fad,fd40db72-259e-a2c9-ccee-db7522824e5b,e1982368-275b-97fc-4174-151084428a94,273e849a-dc05-a8c3-0281-c8a2e827318d,5cd8d703-abee-3948-b6a3-3b7f3232a166,bd155994-0316-6a21-8dae-5d670006ab46,2ff3093c-53e8-9814-d2a8-c58f6c866dbb"
"2026-05-22T16:44:48.000+0000",VISA,"VISA,MASTERCARD","1779468288.997",EXIT,"INFO,ERROR,EXIT","09/27","01/27,02/27,03/27,04/27,05/27,06/27,07/27,08/27,09/27,10/27,11/27,12/27",997,1779468288,"f6669f7b-58ec-429f-30e4-b854d25735fa","d24481dd-66b0-1408-8e57-e95689202eb9
ece1a9ae-ffd4-aa16-ba60-f4aaf994a432
f6669f7b-58ec-429f-30e4-b854d25735fa
6f77c1f5-b663-996c-c336-72c1d5493d4b
fb061221-316e-c954-1422-57bb4f6b9a46
a0bcc770-67eb-ddb1-2e42-b9b81a701feb
1933364a-bd6f-e0c0-752b-7c7f863d1df1
3f87d147-04c5-93fc-37f6-6343c972be35
6df3b9f5-dec6-d891-7ee6-e22e1cf34fad
fd40db72-259e-a2c9-ccee-db7522824e5b
e1982368-275b-97fc-4174-151084428a94
273e849a-dc05-a8c3-0281-c8a2e827318d
5cd8d703-abee-3948-b6a3-3b7f3232a166
bd155994-0316-6a21-8dae-5d670006ab46
2ff3093c-53e8-9814-d2a8-c58f6c866dbb","d24481dd-66b0-1408-8e57-e95689202eb9,ece1a9ae-ffd4-aa16-ba60-f4aaf994a432,f6669f7b-58ec-429f-30e4-b854d25735fa,6f77c1f5-b663-996c-c336-72c1d5493d4b,fb061221-316e-c954-1422-57bb4f6b9a46,a0bcc770-67eb-ddb1-2e42-b9b81a701feb,1933364a-bd6f-e0c0-752b-7c7f863d1df1,3f87d147-04c5-93fc-37f6-6343c972be35,6df3b9f5-dec6-d891-7ee6-e22e1cf34fad,fd40db72-259e-a2c9-ccee-db7522824e5b,e1982368-275b-97fc-4174-151084428a94,273e849a-dc05-a8c3-0281-c8a2e827318d,5cd8d703-abee-3948-b6a3-3b7f3232a166,bd155994-0316-6a21-8dae-5d670006ab46,2ff3093c-53e8-9814-d2a8-c58f6c866dbb"
"2026-05-23T09:20:05.000+0000",MASTERCARD,"VISA,MASTERCARD","1779528005.938",ERROR,"INFO,ERROR,EXIT","02/27","01/27,02/27,03/27,04/27,05/27,06/27,07/27,08/27,09/27,10/27,11/27,12/27",938,1779528005,"fb061221-316e-c954-1422-57bb4f6b9a46","d24481dd-66b0-1408-8e57-e95689202eb9
ece1a9ae-ffd4-aa16-ba60-f4aaf994a432
f6669f7b-58ec-429f-30e4-b854d25735fa
6f77c1f5-b663-996c-c336-72c1d5493d4b
fb061221-316e-c954-1422-57bb4f6b9a46
a0bcc770-67eb-ddb1-2e42-b9b81a701feb
1933364a-bd6f-e0c0-752b-7c7f863d1df1
3f87d147-04c5-93fc-37f6-6343c972be35
6df3b9f5-dec6-d891-7ee6-e22e1cf34fad
fd40db72-259e-a2c9-ccee-db7522824e5b
e1982368-275b-97fc-4174-151084428a94
273e849a-dc05-a8c3-0281-c8a2e827318d
5cd8d703-abee-3948-b6a3-3b7f3232a166
bd155994-0316-6a21-8dae-5d670006ab46
2ff3093c-53e8-9814-d2a8-c58f6c866dbb","d24481dd-66b0-1408-8e57-e95689202eb9,ece1a9ae-ffd4-aa16-ba60-f4aaf994a432,f6669f7b-58ec-429f-30e4-b854d25735fa,6f77c1f5-b663-996c-c336-72c1d5493d4b,fb061221-316e-c954-1422-57bb4f6b9a46,a0bcc770-67eb-ddb1-2e42-b9b81a701feb,1933364a-bd6f-e0c0-752b-7c7f863d1df1,3f87d147-04c5-93fc-37f6-6343c972be35,6df3b9f5-dec6-d891-7ee6-e22e1cf34fad,fd40db72-259e-a2c9-ccee-db7522824e5b,e1982368-275b-97fc-4174-151084428a94,273e849a-dc05-a8c3-0281-c8a2e827318d,5cd8d703-abee-3948-b6a3-3b7f3232a166,bd155994-0316-6a21-8dae-5d670006ab46,2ff3093c-53e8-9814-d2a8-c58f6c866dbb"
"2026-05-21T13:18:01.000+0000",VISA,"VISA,MASTERCARD","1779369482.161",EXIT,"INFO,ERROR,EXIT","03/27","01/27,02/27,03/27,04/27,05/27,06/27,07/27,08/27,09/27,10/27,11/27,12/27",1161,1779369481,"5cd8d703-abee-3948-b6a3-3b7f3232a166","d24481dd-66b0-1408-8e57-e95689202eb9
ece1a9ae-ffd4-aa16-ba60-f4aaf994a432
f6669f7b-58ec-429f-30e4-b854d25735fa
6f77c1f5-b663-996c-c336-72c1d5493d4b
fb061221-316e-c954-1422-57bb4f6b9a46
a0bcc770-67eb-ddb1-2e42-b9b81a701feb
1933364a-bd6f-e0c0-752b-7c7f863d1df1
3f87d147-04c5-93fc-37f6-6343c972be35
6df3b9f5-dec6-d891-7ee6-e22e1cf34fad
fd40db72-259e-a2c9-ccee-db7522824e5b
e1982368-275b-97fc-4174-151084428a94
273e849a-dc05-a8c3-0281-c8a2e827318d
5cd8d703-abee-3948-b6a3-3b7f3232a166
bd155994-0316-6a21-8dae-5d670006ab46
2ff3093c-53e8-9814-d2a8-c58f6c866dbb","d24481dd-66b0-1408-8e57-e95689202eb9,ece1a9ae-ffd4-aa16-ba60-f4aaf994a432,f6669f7b-58ec-429f-30e4-b854d25735fa,6f77c1f5-b663-996c-c336-72c1d5493d4b,fb061221-316e-c954-1422-57bb4f6b9a46,a0bcc770-67eb-ddb1-2e42-b9b81a701feb,1933364a-bd6f-e0c0-752b-7c7f863d1df1,3f87d147-04c5-93fc-37f6-6343c972be35,6df3b9f5-dec6-d891-7ee6-e22e1cf34fad,fd40db72-259e-a2c9-ccee-db7522824e5b,e1982368-275b-97fc-4174-151084428a94,273e849a-dc05-a8c3-0281-c8a2e827318d,5cd8d703-abee-3948-b6a3-3b7f3232a166,bd155994-0316-6a21-8dae-5d670006ab46,2ff3093c-53e8-9814-d2a8-c58f6c866dbb"
"2026-05-24T05:45:52.000+0000",MASTERCARD,"VISA,MASTERCARD","1779601552.52",INFO,"INFO,ERROR,EXIT","11/27","01/27,02/27,03/27,04/27,05/27,06/27,07/27,08/27,09/27,10/27,11/27,12/27",520,1779601552,"6df3b9f5-dec6-d891-7ee6-e22e1cf34fad","d24481dd-66b0-1408-8e57-e95689202eb9
ece1a9ae-ffd4-aa16-ba60-f4aaf994a432
f6669f7b-58ec-429f-30e4-b854d25735fa
6f77c1f5-b663-996c-c336-72c1d5493d4b
fb061221-316e-c954-1422-57bb4f6b9a46
a0bcc770-67eb-ddb1-2e42-b9b81a701feb
1933364a-bd6f-e0c0-752b-7c7f863d1df1
3f87d147-04c5-93fc-37f6-6343c972be35
6df3b9f5-dec6-d891-7ee6-e22e1cf34fad
fd40db72-259e-a2c9-ccee-db7522824e5b
e1982368-275b-97fc-4174-151084428a94
273e849a-dc05-a8c3-0281-c8a2e827318d
5cd8d703-abee-3948-b6a3-3b7f3232a166
bd155994-0316-6a21-8dae-5d670006ab46
2ff3093c-53e8-9814-d2a8-c58f6c866dbb","d24481dd-66b0-1408-8e57-e95689202eb9,ece1a9ae-ffd4-aa16-ba60-f4aaf994a432,f6669f7b-58ec-429f-30e4-b854d25735fa,6f77c1f5-b663-996c-c336-72c1d5493d4b,fb061221-316e-c954-1422-57bb4f6b9a46,a0bcc770-67eb-ddb1-2e42-b9b81a701feb,1933364a-bd6f-e0c0-752b-7c7f863d1df1,3f87d147-04c5-93fc-37f6-6343c972be35,6df3b9f5-dec6-d891-7ee6-e22e1cf34fad,fd40db72-259e-a2c9-ccee-db7522824e5b,e1982368-275b-97fc-4174-151084428a94,273e849a-dc05-a8c3-0281-c8a2e827318d,5cd8d703-abee-3948-b6a3-3b7f3232a166,bd155994-0316-6a21-8dae-5d670006ab46,2ff3093c-53e8-9814-d2a8-c58f6c866dbb"
"2026-05-20T21:03:00.000+0000",MASTERCARD,"VISA,MASTERCARD","1779310981.296",INFO,"INFO,ERROR,EXIT","04/27","01/27,02/27,03/27,04/27,05/27,06/27,07/27,08/27,09/27,10/27,11/27,12/27",1296,1779310980,"fb061221-316e-c954-1422-57bb4f6b9a46","d24481dd-66b0-1408-8e57-e95689202eb9
ece1a9ae-ffd4-aa16-ba60-f4aaf994a432
f6669f7b-58ec-429f-30e4-b854d25735fa
6f77c1f5-b663-996c-c336-72c1d5493d4b
fb061221-316e-c954-1422-57bb4f6b9a46
a0bcc770-67eb-ddb1-2e42-b9b81a701feb
1933364a-bd6f-e0c0-752b-7c7f863d1df1
3f87d147-04c5-93fc-37f6-6343c972be35
6df3b9f5-dec6-d891-7ee6-e22e1cf34fad
fd40db72-259e-a2c9-ccee-db7522824e5b
e1982368-275b-97fc-4174-151084428a94
273e849a-dc05-a8c3-0281-c8a2e827318d
5cd8d703-abee-3948-b6a3-3b7f3232a166
bd155994-0316-6a21-8dae-5d670006ab46
2ff3093c-53e8-9814-d2a8-c58f6c866dbb","d24481dd-66b0-1408-8e57-e95689202eb9,ece1a9ae-ffd4-aa16-ba60-f4aaf994a432,f6669f7b-58ec-429f-30e4-b854d25735fa,6f77c1f5-b663-996c-c336-72c1d5493d4b,fb061221-316e-c954-1422-57bb4f6b9a46,a0bcc770-67eb-ddb1-2e42-b9b81a701feb,1933364a-bd6f-e0c0-752b-7c7f863d1df1,3f87d147-04c5-93fc-37f6-6343c972be35,6df3b9f5-dec6-d891-7ee6-e22e1cf34fad,fd40db72-259e-a2c9-ccee-db7522824e5b,e1982368-275b-97fc-4174-151084428a94,273e849a-dc05-a8c3-0281-c8a2e827318d,5cd8d703-abee-3948-b6a3-3b7f3232a166,bd155994-0316-6a21-8dae-5d670006ab46,2ff3093c-53e8-9814-d2a8-c58f6c866dbb"
"2026-05-21T04:34:50.000+0000",VISA,"VISA,MASTERCARD","1779338091.318",INFO,"INFO,ERROR,EXIT","09/27","01/27,02/27,03/27,04/27,05/27,06/27,07/27,08/27,09/27,10/27,11/27,12/27",1318,1779338090,"e1982368-275b-97fc-4174-151084428a94","d24481dd-66b0-1408-8e57-e95689202eb9
ece1a9ae-ffd4-aa16-ba60-f4aaf994a432
f6669f7b-58ec-429f-30e4-b854d25735fa
6f77c1f5-b663-996c-c336-72c1d5493d4b
fb061221-316e-c954-1422-57bb4f6b9a46
a0bcc770-67eb-ddb1-2e42-b9b81a701feb
1933364a-bd6f-e0c0-752b-7c7f863d1df1
3f87d147-04c5-93fc-37f6-6343c972be35
6df3b9f5-dec6-d891-7ee6-e22e1cf34fad
fd40db72-259e-a2c9-ccee-db7522824e5b
e1982368-275b-97fc-4174-151084428a94
273e849a-dc05-a8c3-0281-c8a2e827318d
5cd8d703-abee-3948-b6a3-3b7f3232a166
bd155994-0316-6a21-8dae-5d670006ab46
2ff3093c-53e8-9814-d2a8-c58f6c866dbb","d24481dd-66b0-1408-8e57-e95689202eb9,ece1a9ae-ffd4-aa16-ba60-f4aaf994a432,f6669f7b-58ec-429f-30e4-b854d25735fa,6f77c1f5-b663-996c-c336-72c1d5493d4b,fb061221-316e-c954-1422-57bb4f6b9a46,a0bcc770-67eb-ddb1-2e42-b9b81a701feb,1933364a-bd6f-e0c0-752b-7c7f863d1df1,3f87d147-04c5-93fc-37f6-6343c972be35,6df3b9f5-dec6-d891-7ee6-e22e1cf34fad,fd40db72-259e-a2c9-ccee-db7522824e5b,e1982368-275b-97fc-4174-151084428a94,273e849a-dc05-a8c3-0281-c8a2e827318d,5cd8d703-abee-3948-b6a3-3b7f3232a166,bd155994-0316-6a21-8dae-5d670006ab46,2ff3093c-53e8-9814-d2a8-c58f6c866dbb"
"2026-05-22T22:00:25.000+0000",MASTERCARD,"VISA,MASTERCARD","1779487226.032",EXIT,"INFO,ERROR,EXIT","05/27","01/27,02/27,03/27,04/27,05/27,06/27,07/27,08/27,09/27,10/27,11/27,12/27",1032,1779487225,"6f77c1f5-b663-996c-c336-72c1d5493d4b","d24481dd-66b0-1408-8e57-e95689202eb9
ece1a9ae-ffd4-aa16-ba60-f4aaf994a432
f6669f7b-58ec-429f-30e4-b854d25735fa
6f77c1f5-b663-996c-c336-72c1d5493d4b
fb061221-316e-c954-1422-57bb4f6b9a46
a0bcc770-67eb-ddb1-2e42-b9b81a701feb
1933364a-bd6f-e0c0-752b-7c7f863d1df1
3f87d147-04c5-93fc-37f6-6343c972be35
6df3b9f5-dec6-d891-7ee6-e22e1cf34fad
fd40db72-259e-a2c9-ccee-db7522824e5b
e1982368-275b-97fc-4174-151084428a94
273e849a-dc05-a8c3-0281-c8a2e827318d
5cd8d703-abee-3948-b6a3-3b7f3232a166
bd155994-0316-6a21-8dae-5d670006ab46
2ff3093c-53e8-9814-d2a8-c58f6c866dbb","d24481dd-66b0-1408-8e57-e95689202eb9,ece1a9ae-ffd4-aa16-ba60-f4aaf994a432,f6669f7b-58ec-429f-30e4-b854d25735fa,6f77c1f5-b663-996c-c336-72c1d5493d4b,fb061221-316e-c954-1422-57bb4f6b9a46,a0bcc770-67eb-ddb1-2e42-b9b81a701feb,1933364a-bd6f-e0c0-752b-7c7f863d1df1,3f87d147-04c5-93fc-37f6-6343c972be35,6df3b9f5-dec6-d891-7ee6-e22e1cf34fad,fd40db72-259e-a2c9-ccee-db7522824e5b,e1982368-275b-97fc-4174-151084428a94,273e849a-dc05-a8c3-0281-c8a2e827318d,5cd8d703-abee-3948-b6a3-3b7f3232a166,bd155994-0316-6a21-8dae-5d670006ab46,2ff3093c-53e8-9814-d2a8-c58f6c866dbb"
"2026-05-21T21:57:36.000+0000",VISA,"VISA,MASTERCARD","1779400657.085",INFO,"INFO,ERROR,EXIT","03/27","01/27,02/27,03/27,04/27,05/27,06/27,07/27,08/27,09/27,10/27,11/27,12/27",1085,1779400656,"6f77c1f5-b663-996c-c336-72c1d5493d4b","d24481dd-66b0-1408-8e57-e95689202eb9
ece1a9ae-ffd4-aa16-ba60-f4aaf994a432
f6669f7b-58ec-429f-30e4-b854d25735fa
6f77c1f5-b663-996c-c336-72c1d5493d4b
fb061221-316e-c954-1422-57bb4f6b9a46
a0bcc770-67eb-ddb1-2e42-b9b81a701feb
1933364a-bd6f-e0c0-752b-7c7f863d1df1
3f87d147-04c5-93fc-37f6-6343c972be35
6df3b9f5-dec6-d891-7ee6-e22e1cf34fad
fd40db72-259e-a2c9-ccee-db7522824e5b
e1982368-275b-97fc-4174-151084428a94
273e849a-dc05-a8c3-0281-c8a2e827318d
5cd8d703-abee-3948-b6a3-3b7f3232a166
bd155994-0316-6a21-8dae-5d670006ab46
2ff3093c-53e8-9814-d2a8-c58f6c866dbb","d24481dd-66b0-1408-8e57-e95689202eb9,ece1a9ae-ffd4-aa16-ba60-f4aaf994a432,f6669f7b-58ec-429f-30e4-b854d25735fa,6f77c1f5-b663-996c-c336-72c1d5493d4b,fb061221-316e-c954-1422-57bb4f6b9a46,a0bcc770-67eb-ddb1-2e42-b9b81a701feb,1933364a-bd6f-e0c0-752b-7c7f863d1df1,3f87d147-04c5-93fc-37f6-6343c972be35,6df3b9f5-dec6-d891-7ee6-e22e1cf34fad,fd40db72-259e-a2c9-ccee-db7522824e5b,e1982368-275b-97fc-4174-151084428a94,273e849a-dc05-a8c3-0281-c8a2e827318d,5cd8d703-abee-3948-b6a3-3b7f3232a166,bd155994-0316-6a21-8dae-5d670006ab46,2ff3093c-53e8-9814-d2a8-c58f6c866dbb"
"2026-05-25T09:21:47.000+0000",VISA,"VISA,MASTERCARD","1779700908.02",ERROR,"INFO,ERROR,EXIT","05/27","01/27,02/27,03/27,04/27,05/27,06/27,07/27,08/27,09/27,10/27,11/27,12/27",1020,1779700907,"fb061221-316e-c954-1422-57bb4f6b9a46","d24481dd-66b0-1408-8e57-e95689202eb9
ece1a9ae-ffd4-aa16-ba60-f4aaf994a432
f6669f7b-58ec-429f-30e4-b854d25735fa
6f77c1f5-b663-996c-c336-72c1d5493d4b
fb061221-316e-c954-1422-57bb4f6b9a46
a0bcc770-67eb-ddb1-2e42-b9b81a701feb
1933364a-bd6f-e0c0-752b-7c7f863d1df1
3f87d147-04c5-93fc-37f6-6343c972be35
6df3b9f5-dec6-d891-7ee6-e22e1cf34fad
fd40db72-259e-a2c9-ccee-db7522824e5b
e1982368-275b-97fc-4174-151084428a94
273e849a-dc05-a8c3-0281-c8a2e827318d
5cd8d703-abee-3948-b6a3-3b7f3232a166
bd155994-0316-6a21-8dae-5d670006ab46
2ff3093c-53e8-9814-d2a8-c58f6c866dbb","d24481dd-66b0-1408-8e57-e95689202eb9,ece1a9ae-ffd4-aa16-ba60-f4aaf994a432,f6669f7b-58ec-429f-30e4-b854d25735fa,6f77c1f5-b663-996c-c336-72c1d5493d4b,fb061221-316e-c954-1422-57bb4f6b9a46,a0bcc770-67eb-ddb1-2e42-b9b81a701feb,1933364a-bd6f-e0c0-752b-7c7f863d1df1,3f87d147-04c5-93fc-37f6-6343c972be35,6df3b9f5-dec6-d891-7ee6-e22e1cf34fad,fd40db72-259e-a2c9-ccee-db7522824e5b,e1982368-275b-97fc-4174-151084428a94,273e849a-dc05-a8c3-0281-c8a2e827318d,5cd8d703-abee-3948-b6a3-3b7f3232a166,bd155994-0316-6a21-8dae-5d670006ab46,2ff3093c-53e8-9814-d2a8-c58f6c866dbb"
"2026-05-25T07:20:44.000+0000",MASTERCARD,"VISA,MASTERCARD","1779693645.043",ERROR,"INFO,ERROR,EXIT","03/27","01/27,02/27,03/27,04/27,05/27,06/27,07/27,08/27,09/27,10/27,11/27,12/27",1043,1779693644,"3f87d147-04c5-93fc-37f6-6343c972be35","d24481dd-66b0-1408-8e57-e95689202eb9
ece1a9ae-ffd4-aa16-ba60-f4aaf994a432
f6669f7b-58ec-429f-30e4-b854d25735fa
6f77c1f5-b663-996c-c336-72c1d5493d4b
fb061221-316e-c954-1422-57bb4f6b9a46
a0bcc770-67eb-ddb1-2e42-b9b81a701feb
1933364a-bd6f-e0c0-752b-7c7f863d1df1
3f87d147-04c5-93fc-37f6-6343c972be35
6df3b9f5-dec6-d891-7ee6-e22e1cf34fad
fd40db72-259e-a2c9-ccee-db7522824e5b
e1982368-275b-97fc-4174-151084428a94
273e849a-dc05-a8c3-0281-c8a2e827318d
5cd8d703-abee-3948-b6a3-3b7f3232a166
bd155994-0316-6a21-8dae-5d670006ab46
2ff3093c-53e8-9814-d2a8-c58f6c866dbb","d24481dd-66b0-1408-8e57-e95689202eb9,ece1a9ae-ffd4-aa16-ba60-f4aaf994a432,f6669f7b-58ec-429f-30e4-b854d25735fa,6f77c1f5-b663-996c-c336-72c1d5493d4b,fb061221-316e-c954-1422-57bb4f6b9a46,a0bcc770-67eb-ddb1-2e42-b9b81a701feb,1933364a-bd6f-e0c0-752b-7c7f863d1df1,3f87d147-04c5-93fc-37f6-6343c972be35,6df3b9f5-dec6-d891-7ee6-e22e1cf34fad,fd40db72-259e-a2c9-ccee-db7522824e5b,e1982368-275b-97fc-4174-151084428a94,273e849a-dc05-a8c3-0281-c8a2e827318d,5cd8d703-abee-3948-b6a3-3b7f3232a166,bd155994-0316-6a21-8dae-5d670006ab46,2ff3093c-53e8-9814-d2a8-c58f6c866dbb"
"2026-05-20T08:19:08.000+0000",VISA,"VISA,MASTERCARD","1779265148.569",EXIT,"INFO,ERROR,EXIT","01/27","01/27,02/27,03/27,04/27,05/27,06/27,07/27,08/27,09/27,10/27,11/27,12/27",569,1779265148,"fb061221-316e-c954-1422-57bb4f6b9a46","d24481dd-66b0-1408-8e57-e95689202eb9
ece1a9ae-ffd4-aa16-ba60-f4aaf994a432
f6669f7b-58ec-429f-30e4-b854d25735fa
6f77c1f5-b663-996c-c336-72c1d5493d4b
fb061221-316e-c954-1422-57bb4f6b9a46
a0bcc770-67eb-ddb1-2e42-b9b81a701feb
1933364a-bd6f-e0c0-752b-7c7f863d1df1
3f87d147-04c5-93fc-37f6-6343c972be35
6df3b9f5-dec6-d891-7ee6-e22e1cf34fad
fd40db72-259e-a2c9-ccee-db7522824e5b
e1982368-275b-97fc-4174-151084428a94
273e849a-dc05-a8c3-0281-c8a2e827318d
5cd8d703-abee-3948-b6a3-3b7f3232a166
bd155994-0316-6a21-8dae-5d670006ab46
2ff3093c-53e8-9814-d2a8-c58f6c866dbb","d24481dd-66b0-1408-8e57-e95689202eb9,ece1a9ae-ffd4-aa16-ba60-f4aaf994a432,f6669f7b-58ec-429f-30e4-b854d25735fa,6f77c1f5-b663-996c-c336-72c1d5493d4b,fb061221-316e-c954-1422-57bb4f6b9a46,a0bcc770-67eb-ddb1-2e42-b9b81a701feb,1933364a-bd6f-e0c0-752b-7c7f863d1df1,3f87d147-04c5-93fc-37f6-6343c972be35,6df3b9f5-dec6-d891-7ee6-e22e1cf34fad,fd40db72-259e-a2c9-ccee-db7522824e5b,e1982368-275b-97fc-4174-151084428a94,273e849a-dc05-a8c3-0281-c8a2e827318d,5cd8d703-abee-3948-b6a3-3b7f3232a166,bd155994-0316-6a21-8dae-5d670006ab46,2ff3093c-53e8-9814-d2a8-c58f6c866dbb"
"2026-05-24T10:40:33.000+0000",MASTERCARD,"VISA,MASTERCARD","1779619233.958",INFO,"INFO,ERROR,EXIT","10/27","01/27,02/27,03/27,04/27,05/27,06/27,07/27,08/27,09/27,10/27,11/27,12/27",958,1779619233,"3f87d147-04c5-93fc-37f6-6343c972be35","d24481dd-66b0-1408-8e57-e95689202eb9
ece1a9ae-ffd4-aa16-ba60-f4aaf994a432
f6669f7b-58ec-429f-30e4-b854d25735fa
6f77c1f5-b663-996c-c336-72c1d5493d4b
fb061221-316e-c954-1422-57bb4f6b9a46
a0bcc770-67eb-ddb1-2e42-b9b81a701feb
1933364a-bd6f-e0c0-752b-7c7f863d1df1
3f87d147-04c5-93fc-37f6-6343c972be35
6df3b9f5-dec6-d891-7ee6-e22e1cf34fad
fd40db72-259e-a2c9-ccee-db7522824e5b
e1982368-275b-97fc-4174-151084428a94
273e849a-dc05-a8c3-0281-c8a2e827318d
5cd8d703-abee-3948-b6a3-3b7f3232a166
bd155994-0316-6a21-8dae-5d670006ab46
2ff3093c-53e8-9814-d2a8-c58f6c866dbb","d24481dd-66b0-1408-8e57-e95689202eb9,ece1a9ae-ffd4-aa16-ba60-f4aaf994a432,f6669f7b-58ec-429f-30e4-b854d25735fa,6f77c1f5-b663-996c-c336-72c1d5493d4b,fb061221-316e-c954-1422-57bb4f6b9a46,a0bcc770-67eb-ddb1-2e42-b9b81a701feb,1933364a-bd6f-e0c0-752b-7c7f863d1df1,3f87d147-04c5-93fc-37f6-6343c972be35,6df3b9f5-dec6-d891-7ee6-e22e1cf34fad,fd40db72-259e-a2c9-ccee-db7522824e5b,e1982368-275b-97fc-4174-151084428a94,273e849a-dc05-a8c3-0281-c8a2e827318d,5cd8d703-abee-3948-b6a3-3b7f3232a166,bd155994-0316-6a21-8dae-5d670006ab46,2ff3093c-53e8-9814-d2a8-c58f6c866dbb"
"2026-05-19T17:45:16.000+0000",MASTERCARD,"VISA,MASTERCARD","1779212717.467",ERROR,"INFO,ERROR,EXIT","06/27","01/27,02/27,03/27,04/27,05/27,06/27,07/27,08/27,09/27,10/27,11/27,12/27",1467,1779212716,"fd40db72-259e-a2c9-ccee-db7522824e5b","d24481dd-66b0-1408-8e57-e95689202eb9
ece1a9ae-ffd4-aa16-ba60-f4aaf994a432
f6669f7b-58ec-429f-30e4-b854d25735fa
6f77c1f5-b663-996c-c336-72c1d5493d4b
fb061221-316e-c954-1422-57bb4f6b9a46
a0bcc770-67eb-ddb1-2e42-b9b81a701feb
1933364a-bd6f-e0c0-752b-7c7f863d1df1
3f87d147-04c5-93fc-37f6-6343c972be35
6df3b9f5-dec6-d891-7ee6-e22e1cf34fad
fd40db72-259e-a2c9-ccee-db7522824e5b
e1982368-275b-97fc-4174-151084428a94
273e849a-dc05-a8c3-0281-c8a2e827318d
5cd8d703-abee-3948-b6a3-3b7f3232a166
bd155994-0316-6a21-8dae-5d670006ab46
2ff3093c-53e8-9814-d2a8-c58f6c866dbb","d24481dd-66b0-1408-8e57-e95689202eb9,ece1a9ae-ffd4-aa16-ba60-f4aaf994a432,f6669f7b-58ec-429f-30e4-b854d25735fa,6f77c1f5-b663-996c-c336-72c1d5493d4b,fb061221-316e-c954-1422-57bb4f6b9a46,a0bcc770-67eb-ddb1-2e42-b9b81a701feb,1933364a-bd6f-e0c0-752b-7c7f863d1df1,3f87d147-04c5-93fc-37f6-6343c972be35,6df3b9f5-dec6-d891-7ee6-e22e1cf34fad,fd40db72-259e-a2c9-ccee-db7522824e5b,e1982368-275b-97fc-4174-151084428a94,273e849a-dc05-a8c3-0281-c8a2e827318d,5cd8d703-abee-3948-b6a3-3b7f3232a166,bd155994-0316-6a21-8dae-5d670006ab46,2ff3093c-53e8-9814-d2a8-c58f6c866dbb"
"2026-05-21T05:30:52.000+0000",MASTERCARD,"VISA,MASTERCARD","1779341452.235",ERROR,"INFO,ERROR,EXIT","08/27","01/27,02/27,03/27,04/27,05/27,06/27,07/27,08/27,09/27,10/27,11/27,12/27",235,1779341452,"fb061221-316e-c954-1422-57bb4f6b9a46","d24481dd-66b0-1408-8e57-e95689202eb9
ece1a9ae-ffd4-aa16-ba60-f4aaf994a432
f6669f7b-58ec-429f-30e4-b854d25735fa
6f77c1f5-b663-996c-c336-72c1d5493d4b
fb061221-316e-c954-1422-57bb4f6b9a46
a0bcc770-67eb-ddb1-2e42-b9b81a701feb
1933364a-bd6f-e0c0-752b-7c7f863d1df1
3f87d147-04c5-93fc-37f6-6343c972be35
6df3b9f5-dec6-d891-7ee6-e22e1cf34fad
fd40db72-259e-a2c9-ccee-db7522824e5b
e1982368-275b-97fc-4174-151084428a94
273e849a-dc05-a8c3-0281-c8a2e827318d
5cd8d703-abee-3948-b6a3-3b7f3232a166
bd155994-0316-6a21-8dae-5d670006ab46
2ff3093c-53e8-9814-d2a8-c58f6c866dbb","d24481dd-66b0-1408-8e57-e95689202eb9,ece1a9ae-ffd4-aa16-ba60-f4aaf994a432,f6669f7b-58ec-429f-30e4-b854d25735fa,6f77c1f5-b663-996c-c336-72c1d5493d4b,fb061221-316e-c954-1422-57bb4f6b9a46,a0bcc770-67eb-ddb1-2e42-b9b81a701feb,1933364a-bd6f-e0c0-752b-7c7f863d1df1,3f87d147-04c5-93fc-37f6-6343c972be35,6df3b9f5-dec6-d891-7ee6-e22e1cf34fad,fd40db72-259e-a2c9-ccee-db7522824e5b,e1982368-275b-97fc-4174-151084428a94,273e849a-dc05-a8c3-0281-c8a2e827318d,5cd8d703-abee-3948-b6a3-3b7f3232a166,bd155994-0316-6a21-8dae-5d670006ab46,2ff3093c-53e8-9814-d2a8-c58f6c866dbb"
"2026-05-20T08:42:58.000+0000",MASTERCARD,"VISA,MASTERCARD","1779266578.838",ERROR,"INFO,ERROR,EXIT","01/27","01/27,02/27,03/27,04/27,05/27,06/27,07/27,08/27,09/27,10/27,11/27,12/27",838,1779266578,"6df3b9f5-dec6-d891-7ee6-e22e1cf34fad","d24481dd-66b0-1408-8e57-e95689202eb9
ece1a9ae-ffd4-aa16-ba60-f4aaf994a432
f6669f7b-58ec-429f-30e4-b854d25735fa
6f77c1f5-b663-996c-c336-72c1d5493d4b
fb061221-316e-c954-1422-57bb4f6b9a46
a0bcc770-67eb-ddb1-2e42-b9b81a701feb
1933364a-bd6f-e0c0-752b-7c7f863d1df1
3f87d147-04c5-93fc-37f6-6343c972be35
6df3b9f5-dec6-d891-7ee6-e22e1cf34fad
fd40db72-259e-a2c9-ccee-db7522824e5b
e1982368-275b-97fc-4174-151084428a94
273e849a-dc05-a8c3-0281-c8a2e827318d
5cd8d703-abee-3948-b6a3-3b7f3232a166
bd155994-0316-6a21-8dae-5d670006ab46
2ff3093c-53e8-9814-d2a8-c58f6c866dbb","d24481dd-66b0-1408-8e57-e95689202eb9,ece1a9ae-ffd4-aa16-ba60-f4aaf994a432,f6669f7b-58ec-429f-30e4-b854d25735fa,6f77c1f5-b663-996c-c336-72c1d5493d4b,fb061221-316e-c954-1422-57bb4f6b9a46,a0bcc770-67eb-ddb1-2e42-b9b81a701feb,1933364a-bd6f-e0c0-752b-7c7f863d1df1,3f87d147-04c5-93fc-37f6-6343c972be35,6df3b9f5-dec6-d891-7ee6-e22e1cf34fad,fd40db72-259e-a2c9-ccee-db7522824e5b,e1982368-275b-97fc-4174-151084428a94,273e849a-dc05-a8c3-0281-c8a2e827318d,5cd8d703-abee-3948-b6a3-3b7f3232a166,bd155994-0316-6a21-8dae-5d670006ab46,2ff3093c-53e8-9814-d2a8-c58f6c866dbb"
"2026-05-21T08:35:44.000+0000",MASTERCARD,"VISA,MASTERCARD","1779352545.344",ERROR,"INFO,ERROR,EXIT","07/27","01/27,02/27,03/27,04/27,05/27,06/27,07/27,08/27,09/27,10/27,11/27,12/27",1344,1779352544,"bd155994-0316-6a21-8dae-5d670006ab46","d24481dd-66b0-1408-8e57-e95689202eb9
ece1a9ae-ffd4-aa16-ba60-f4aaf994a432
f6669f7b-58ec-429f-30e4-b854d25735fa
6f77c1f5-b663-996c-c336-72c1d5493d4b
fb061221-316e-c954-1422-57bb4f6b9a46
a0bcc770-67eb-ddb1-2e42-b9b81a701feb
1933364a-bd6f-e0c0-752b-7c7f863d1df1
3f87d147-04c5-93fc-37f6-6343c972be35
6df3b9f5-dec6-d891-7ee6-e22e1cf34fad
fd40db72-259e-a2c9-ccee-db7522824e5b
e1982368-275b-97fc-4174-151084428a94
273e849a-dc05-a8c3-0281-c8a2e827318d
5cd8d703-abee-3948-b6a3-3b7f3232a166
bd155994-0316-6a21-8dae-5d670006ab46
2ff3093c-53e8-9814-d2a8-c58f6c866dbb","d24481dd-66b0-1408-8e57-e95689202eb9,ece1a9ae-ffd4-aa16-ba60-f4aaf994a432,f6669f7b-58ec-429f-30e4-b854d25735fa,6f77c1f5-b663-996c-c336-72c1d5493d4b,fb061221-316e-c954-1422-57bb4f6b9a46,a0bcc770-67eb-ddb1-2e42-b9b81a701feb,1933364a-bd6f-e0c0-752b-7c7f863d1df1,3f87d147-04c5-93fc-37f6-6343c972be35,6df3b9f5-dec6-d891-7ee6-e22e1cf34fad,fd40db72-259e-a2c9-ccee-db7522824e5b,e1982368-275b-97fc-4174-151084428a94,273e849a-dc05-a8c3-0281-c8a2e827318d,5cd8d703-abee-3948-b6a3-3b7f3232a166,bd155994-0316-6a21-8dae-5d670006ab46,2ff3093c-53e8-9814-d2a8-c58f6c866dbb"
"2026-05-20T15:53:28.000+0000",VISA,"VISA,MASTERCARD","1779292408.903",EXIT,"INFO,ERROR,EXIT","12/27","01/27,02/27,03/27,04/27,05/27,06/27,07/27,08/27,09/27,10/27,11/27,12/27",903,1779292408,"a0bcc770-67eb-ddb1-2e42-b9b81a701feb","d24481dd-66b0-1408-8e57-e95689202eb9
ece1a9ae-ffd4-aa16-ba60-f4aaf994a432
f6669f7b-58ec-429f-30e4-b854d25735fa
6f77c1f5-b663-996c-c336-72c1d5493d4b
fb061221-316e-c954-1422-57bb4f6b9a46
a0bcc770-67eb-ddb1-2e42-b9b81a701feb
1933364a-bd6f-e0c0-752b-7c7f863d1df1
3f87d147-04c5-93fc-37f6-6343c972be35
6df3b9f5-dec6-d891-7ee6-e22e1cf34fad
fd40db72-259e-a2c9-ccee-db7522824e5b
e1982368-275b-97fc-4174-151084428a94
273e849a-dc05-a8c3-0281-c8a2e827318d
5cd8d703-abee-3948-b6a3-3b7f3232a166
bd155994-0316-6a21-8dae-5d670006ab46
2ff3093c-53e8-9814-d2a8-c58f6c866dbb","d24481dd-66b0-1408-8e57-e95689202eb9,ece1a9ae-ffd4-aa16-ba60-f4aaf994a432,f6669f7b-58ec-429f-30e4-b854d25735fa,6f77c1f5-b663-996c-c336-72c1d5493d4b,fb061221-316e-c954-1422-57bb4f6b9a46,a0bcc770-67eb-ddb1-2e42-b9b81a701feb,1933364a-bd6f-e0c0-752b-7c7f863d1df1,3f87d147-04c5-93fc-37f6-6343c972be35,6df3b9f5-dec6-d891-7ee6-e22e1cf34fad,fd40db72-259e-a2c9-ccee-db7522824e5b,e1982368-275b-97fc-4174-151084428a94,273e849a-dc05-a8c3-0281-c8a2e827318d,5cd8d703-abee-3948-b6a3-3b7f3232a166,bd155994-0316-6a21-8dae-5d670006ab46,2ff3093c-53e8-9814-d2a8-c58f6c866dbb"
